item,zone,word,RT,prev_word,prev2_word,surprisal
1,3,were,368.18390804597703,you,<UNK>,5.697093486505405
1,4,to,344.3181818181818,were,you,5.271288694160117
1,5,journey,354.63953488372096,to,were,5.676753802268282
1,6,to,349.6741573033708,journey,to,5.675040005790547
1,7,the,376.3707865168539,to,journey,5.675040005790547
1,8,<UNK>,327.3103448275862,the,to,3.5900336194773037
1,9,of,365.4943820224719,<UNK>,the,3.1234656400635425
1,10,<UNK>,344.9310344827586,of,<UNK>,2.6560549059838294
1,11,you,400.2696629213483,<UNK>,of,5.7745515455444085
1,12,would,372.59090909090907,you,<UNK>,5.29162837839724
1,13,come,350.37931034482756,would,you,5.678464666671911
1,14,to,319.08045977011494,come,would,5.675040005790547
1,15,a,355.9310344827586,to,come,5.675040005790547
1,16,valley,343.8588235294118,a,to,5.683579767338681
1,17,that,330.7325581395349,valley,a,5.675040005790547
1,18,is,346.77906976744185,that,valley,5.675040005790547
1,19,surrounded,360.28735632183907,is,that,5.675040005790547
1,20,by,337.04651162790697,surrounded,is,5.675040005790547
1,21,<UNK>,359.36470588235295,by,surrounded,4.985317486111966
1,22,as,395.43023255813955,<UNK>,by,5.697093486505405
1,23,high,414.5977011494253,as,<UNK>,5.326256735237278
1,24,as,390.95348837209303,high,as,5.271288694160117
1,25,<UNK>,434.03614457831327,as,high,5.271288694160117
1,26,It,457.3452380952381,<UNK>,as,5.7120812774708964
1,27,is,399.92857142857144,It,<UNK>,4.62333748994354
1,28,in,325.2470588235294,is,It,5.683579767338681
1,29,this,318.2674418604651,in,is,5.676753802268282
1,30,valley,341.22352941176473,this,in,5.678464666671911
1,31,where,375.8,valley,this,5.675040005790547
1,32,you,363.1294117647059,where,valley,5.675040005790547
1,33,would,365.4367816091954,you,where,5.675040005790547
1,34,find,323.5581395348837,would,you,5.678464666671911
1,35,the,305.32941176470587,find,would,5.675040005790547
1,36,city,355.85714285714283,the,find,5.675040005790547
1,37,of,320.2988505747126,city,the,5.676753802268282
1,38,"Bradford,",418.4367816091954,of,city,5.675040005790547
1,39,where,440.5764705882353,"Bradford,",of,5.678464666671911
1,40,<UNK>,377.3095238095238,where,"Bradford,",5.675040005790547
1,41,a,353.95402298850576,<UNK>,where,5.676753802268282
1,42,<UNK>,397.41379310344826,a,<UNK>,3.132268406680267
1,43,<UNK>,455.13953488372096,<UNK>,a,2.4548907538477347
1,44,<UNK>,459.0238095238095,<UNK>,<UNK>,1.8561512659871076
1,45,that,539.3176470588236,<UNK>,<UNK>,4.17292099397311
1,46,<UNK>,538.5348837209302,that,<UNK>,3.693556001997838
1,47,and,432.3139534883721,<UNK>,that,5.717027701406222
1,48,<UNK>,407.40697674418607,and,<UNK>,2.3632097148104805
1,49,<UNK>,414.81176470588235,<UNK>,and,3.355735007585398
1,50,<UNK>,453.9647058823529,<UNK>,<UNK>,1.8561512659871076
1,51,into,426.8720930232558,<UNK>,<UNK>,6.524296251136588
1,52,<UNK>,392.5595238095238,into,<UNK>,4.447680604895319
1,53,for,384.2068965517241,<UNK>,into,5.685279003091641
1,54,the,385.4712643678161,for,<UNK>,4.633109554677333
1,55,<UNK>,462.6470588235294,the,for,4.440969170307332
1,56,mill,441.19767441860466,<UNK>,the,6.119197913617533
1,57,<UNK>,476.8690476190476,mill,<UNK>,5.272999558563747
1,58,That,480.58620689655174,<UNK>,mill,5.678464666671911
1,59,all,415.6896551724138,That,<UNK>,5.688668836846153
1,60,mill,439.01149425287355,all,That,5.675040005790547
1,61,<UNK>,429.5287356321839,mill,all,5.675040005790547
1,62,were,381.5287356321839,<UNK>,mill,5.678464666671911
1,63,generally,387.19767441860466,were,<UNK>,5.703782474656201
1,64,busy,378.5402298850575,generally,were,5.675040005790547
1,65,as,369.51190476190476,busy,generally,5.675040005790547
1,66,<UNK>,388.72093023255815,as,busy,5.675040005790547
1,67,and,359.7906976744186,<UNK>,as,5.306616169362732
1,68,quite,362.5057471264368,and,<UNK>,5.94672865326659
1,69,pleased,385.735632183908,quite,and,5.675040005790547
1,70,with,343.93023255813955,pleased,quite,5.675040005790547
1,71,themselves,370.37931034482756,with,pleased,5.676753802268282
1,72,for,371.47058823529414,themselves,with,5.675040005790547
1,73,being,349.0581395348837,for,themselves,5.675040005790547
1,74,so,339.4651162790698,being,for,5.675040005790547
1,75,<UNK>,345.9647058823529,so,being,5.675040005790547
1,76,and,380.4767441860465,<UNK>,so,5.69035945432406
1,77,well,362.9529411764706,and,<UNK>,5.94672865326659
1,78,off,361.2738095238095,well,and,5.675040005790547
1,79,was,357.0919540229885,off,well,5.675040005790547
1,80,known,353.41379310344826,was,off,5.675040005790547
1,81,to,357.0232558139535,known,was,5.675040005790547
1,82,the,344.45348837209303,to,known,5.676753802268282
1,83,<UNK>,381.80232558139534,the,to,3.5900336194773037
1,84,of,365.5,<UNK>,the,3.1234656400635425
1,85,"Bradford,",388.9651162790698,of,<UNK>,5.87493073085203
1,86,and,399.61176470588236,"Bradford,",of,5.678464666671911
1,87,if,367.6309523809524,and,"Bradford,",5.675040005790547
1,88,you,328.6860465116279,if,and,5.675040005790547
1,89,were,329.86206896551727,you,if,5.676753802268282
1,90,to,331.6046511627907,were,you,5.271288694160117
1,91,go,315.4186046511628,to,were,5.676753802268282
1,92,into,344.7931034482759,go,to,5.681877639268151
1,93,the,332.2823529411765,into,go,5.675040005790547
1,94,city,326.1294117647059,the,into,5.688668836846153
1,95,to,319.5833333333333,city,the,5.676753802268282
1,96,<UNK>,319.0813953488372,to,city,5.676753802268282
1,97,the,330.9186046511628,<UNK>,to,3.951243718581427
1,98,<UNK>,370.7325581395349,the,<UNK>,2.5031016933792296
1,99,City,393.69767441860466,<UNK>,the,6.119197913617533
1,100,<UNK>,385.6279069767442,City,<UNK>,5.675040005790547
1,101,you,395.39080459770116,<UNK>,City,5.675040005790547
1,102,would,334.367816091954,you,<UNK>,5.29162837839724
1,103,see,327.7931034482759,would,you,5.678464666671911
1,104,there,333.4418604651163,see,would,5.675040005790547
1,105,the,341.1162790697674,there,see,5.675040005790547
1,106,<UNK>,391.2298850574713,the,there,5.675040005790547
1,107,of,381.24418604651163,<UNK>,the,3.1234656400635425
1,108,the,333.6385542168675,of,<UNK>,3.0417173867958143
1,109,City,341.7142857142857,the,of,5.791488055075306
1,110,of,353.95348837209303,City,the,5.271288694160117
1,111,"Bradford,",357.91764705882355,of,City,5.676753802268282
1,112,which,387.5882352941176,"Bradford,",of,5.678464666671911
1,113,those,374.15294117647056,which,"Bradford,",5.675040005790547
1,114,<UNK>,356.63529411764705,those,which,5.675040005790547
1,115,mill,394.0919540229885,<UNK>,those,5.676753802268282
1,116,<UNK>,350.5,mill,<UNK>,5.272999558563747
1,117,<UNK>,380.0581395348837,<UNK>,mill,5.678464666671911
1,118,to,360.83720930232556,<UNK>,<UNK>,4.081949215767383
1,119,<UNK>,371.52941176470586,to,<UNK>,2.8452074908420353
1,120,their,342.9529411764706,<UNK>,to,5.417580787374854
1,121,<UNK>,400.26190476190476,their,<UNK>,4.586666714423532
1,122,It,419.1860465116279,<UNK>,their,5.697093486505405
1,123,<UNK>,388.62068965517244,It,<UNK>,5.316484670503486
1,124,a,338.9080459770115,<UNK>,It,5.678464666671911
1,125,<UNK>,380.2906976744186,a,<UNK>,3.132268406680267
1,126,looking,426.8837209302326,<UNK>,a,5.8888779583328805
1,127,boar's,407.5176470588235,looking,<UNK>,5.676753802268282
1,128,head,406.3837209302326,boar's,looking,5.675040005790547
1,129,sitting,424.8390804597701,head,boar's,5.676753802268282
1,130,on,356.8488372093023,sitting,head,5.675040005790547
1,131,top,340.74418604651163,on,sitting,5.675040005790547
1,132,of,349.91954022988506,top,on,5.675040005790547
1,133,a,350.04597701149424,of,top,5.678464666671911
1,134,well,343.13953488372096,a,of,5.68697535633982
1,135,which,375.66279069767444,well,a,5.675040005790547
1,136,<UNK>,423.2352941176471,which,well,5.675040005790547
1,137,<UNK>,425.9647058823529,<UNK>,which,4.775756486563625
1,138,at,375.2068965517241,<UNK>,<UNK>,5.27153328264122
1,139,"first,",353.5176470588235,at,<UNK>,5.705447753975262
1,140,but,343.74418604651163,"first,",at,5.271288694160117
1,141,the,331.1046511627907,but,"first,",5.271288694160117
1,142,<UNK>,358.85057471264366,the,but,4.995521656286208
1,143,for,340.8735632183908,<UNK>,the,5.202907181743378
1,144,this,341.3103448275862,for,<UNK>,5.326256735237278
1,145,<UNK>,340.5581395348837,this,for,5.676753802268282
1,146,is,348.88505747126436,<UNK>,this,5.69204721843778
1,147,a,328.1511627906977,is,<UNK>,5.697093486505405
1,148,<UNK>,355.44827586206895,a,is,5.276412531159987
1,149,of,327.264367816092,<UNK>,a,3.6916533809966614
1,150,<UNK>,372.4117647058824,of,<UNK>,2.6560549059838294
1,151,There,392.7241379310345,<UNK>,of,5.7745515455444085
1,152,was,364.28735632183907,There,<UNK>,5.274707500908903
1,153,<UNK>,331.6551724137931,was,There,5.271288694160117
1,154,<UNK>,342.8965517241379,<UNK>,was,3.75497925581846
1,155,has,455.28735632183907,<UNK>,<UNK>,6.524296251136588
1,156,"it,",376.02298850574715,has,<UNK>,5.678464666671911
1,157,a,358.2068965517241,"it,",has,5.675040005790547
1,158,<UNK>,369.04597701149424,a,"it,",5.675040005790547
1,159,"boar,",369.9767441860465,<UNK>,a,5.8888779583328805
1,160,which,375.0232558139535,"boar,",<UNK>,5.675040005790547
1,161,<UNK>,363.3837209302326,which,"boar,",5.675040005790547
1,162,in,324.90588235294115,<UNK>,which,5.286582110329616
1,163,a,302.56976744186045,in,<UNK>,4.859812404361672
1,164,wood,363.19767441860466,a,in,5.68697535633982
1,165,<UNK>,357.7674418604651,wood,a,5.675040005790547
1,166,just,424.8735632183908,<UNK>,wood,5.675040005790547
1,167,outside,342.74117647058824,just,<UNK>,5.676753802268282
1,168,the,323.74418604651163,outside,just,5.271288694160117
1,169,<UNK>,350.36046511627904,the,outside,4.985317486111966
1,170,of,353.3333333333333,<UNK>,the,3.1234656400635425
1,171,<UNK>,407.0232558139535,of,<UNK>,2.6560549059838294
1,172,A,391.6162790697674,<UNK>,of,5.7745515455444085
1,173,<UNK>,365.5348837209302,A,<UNK>,4.770684624465665
1,174,of,345.7931034482759,<UNK>,A,5.276412531159987
1,175,great,333.8045977011494,of,<UNK>,5.87493073085203
1,176,<UNK>,358.3103448275862,great,of,5.675040005790547
1,177,to,338.4651162790698,<UNK>,great,5.678464666671911
1,178,the,319.2093023255814,to,<UNK>,3.8007189358694715
1,179,<UNK>,308.9418604651163,the,to,3.5900336194773037
1,180,<UNK>,307.4470588235294,<UNK>,the,2.1873722808932077
1,181,the,336.04651162790697,<UNK>,<UNK>,3.45624331600297
1,182,boar,346.2352941176471,the,<UNK>,5.887491956725004
1,183,"was,",342.5529411764706,boar,the,5.68697535633982
1,184,<UNK>,374.7142857142857,"was,",boar,5.675040005790547
1,185,<UNK>,374.5,<UNK>,"was,",5.675040005790547
1,186,to,347.4235294117647,<UNK>,<UNK>,4.081949215767383
1,187,the,320.5,to,<UNK>,3.8007189358694715
1,188,<UNK>,332.1511627906977,the,to,3.5900336194773037
1,189,<UNK>,336.86046511627904,<UNK>,the,2.1873722808932077
1,190,and,329.51162790697674,<UNK>,<UNK>,3.367295829986474
1,191,<UNK>,341.6860465116279,and,<UNK>,2.3632097148104805
1,192,the,359.86046511627904,<UNK>,and,4.58787868887803
1,193,<UNK>,397.1162790697674,the,<UNK>,2.5031016933792296
1,194,<UNK>,414.54761904761904,<UNK>,the,2.1873722808932077
1,195,<UNK>,429.8048780487805,<UNK>,<UNK>,1.8561512659871076
1,196,<UNK>,385.1309523809524,<UNK>,<UNK>,1.8561512659871076
1,197,"however,",364.8255813953488,<UNK>,<UNK>,6.118831143028423
1,198,the,360.6511627906977,"however,",<UNK>,5.681877639268151
1,199,boar,324.4186046511628,the,"however,",5.675040005790547
1,200,most,337.50588235294117,boar,the,5.68697535633982
1,201,liked,356.4767441860465,most,boar,5.675040005790547
1,202,to,343.0232558139535,liked,most,5.675040005790547
1,203,go,331.9651162790698,to,liked,5.676753802268282
1,204,to,309.56470588235294,go,to,5.276412531159987
1,205,the,318.4186046511628,to,go,5.678464666671911
1,206,well,323.8953488372093,the,to,5.730099782973574
1,207,that,349.56976744186045,well,the,5.676753802268282
1,208,was,338.2906976744186,that,well,5.675040005790547
1,209,in,324.5232558139535,was,that,5.69204721843778
1,210,the,300.6511627906977,in,was,5.271288694160117
1,211,wood,311.7906976744186,the,in,5.365976015021851
1,212,and,356.7093023255814,wood,the,5.274707500908903
1,213,<UNK>,338.35714285714283,and,wood,5.676753802268282
1,214,its,352.45882352941175,<UNK>,and,5.840641657373398
1,215,<UNK>,326.78823529411767,its,<UNK>,5.675040005790547
1,216,"water,",324.3764705882353,<UNK>,its,5.681877639268151
1,217,so,366.78823529411767,"water,",<UNK>,5.675040005790547
1,218,that,339.8139534883721,so,"water,",5.678464666671911
1,219,the,313.45882352941175,that,so,5.274707500908903
1,220,people,301.56626506024094,the,that,5.723585101952381
1,221,of,331.0,people,the,4.590056548178043
1,222,Bradford,313.91764705882355,of,people,4.765586907393996
1,223,had,318.9294117647059,Bradford,of,5.683579767338681
1,224,second,353.8720930232558,had,Bradford,5.675040005790547
1,225,<UNK>,350.16470588235296,second,had,5.675040005790547
1,226,about,335.3837209302326,<UNK>,second,5.676753802268282
1,227,<UNK>,337.67816091954023,about,<UNK>,5.281510248231656
1,228,the,319.4418604651163,<UNK>,about,5.272999558563747
1,229,<UNK>,335.3139534883721,the,<UNK>,2.5031016933792296
1,230,That,445.2093023255814,<UNK>,the,5.713732805509369
1,231,the,350.47058823529414,That,<UNK>,5.688668836846153
1,232,people,341.0,the,That,5.675040005790547
1,233,of,335.54651162790697,people,the,4.590056548178043
1,234,Bradford,319.5238095238095,of,people,4.765586907393996
1,235,<UNK>,337.0813953488372,Bradford,of,5.278114659230518
1,236,the,351.56470588235294,<UNK>,Bradford,5.676753802268282
1,237,<UNK>,370.6588235294118,the,<UNK>,2.5031016933792296
1,238,of,358.1162790697674,<UNK>,the,3.1234656400635425
1,239,the,336.21176470588233,of,<UNK>,3.0417173867958143
1,240,<UNK>,333.70238095238096,the,of,2.8210735895056054
1,241,<UNK>,382.64285714285717,<UNK>,the,2.1873722808932077
1,242,was,402.26190476190476,<UNK>,<UNK>,5.020218854360313
1,243,<UNK>,386.8333333333333,was,<UNK>,4.018837009713955
1,244,in,343.4651162790698,<UNK>,was,4.671269987692615
1,245,the,314.95348837209303,in,<UNK>,3.250374491927572
1,246,eyes,308.15294117647056,the,in,5.771441123130016
1,247,of,323.2906976744186,eyes,the,5.675040005790547
1,248,the,312.72093023255815,of,eyes,5.675040005790547
1,249,people,348.8255813953488,the,of,5.791488055075306
1,250,of,325.2,people,the,4.590056548178043
1,251,the,305.2352941176471,of,people,5.681877639268151
1,252,<UNK>,380.4470588235294,the,of,2.8210735895056054
1,253,<UNK>,415.66279069767444,<UNK>,the,2.1873722808932077
1,254,the,342.66279069767444,<UNK>,<UNK>,3.45624331600297
1,255,<UNK>,326.6860465116279,the,<UNK>,2.5031016933792296
1,256,<UNK>,341.36046511627904,<UNK>,the,2.1873722808932077
1,257,the,336.66279069767444,<UNK>,<UNK>,3.45624331600297
1,258,<UNK>,346.6279069767442,the,<UNK>,2.5031016933792296
1,259,of,320.8488372093023,<UNK>,the,3.1234656400635425
1,260,the,307.40697674418607,of,<UNK>,3.0417173867958143
1,261,<UNK>,328.0,the,of,2.8210735895056054
1,262,Lord,325.3255813953488,<UNK>,the,6.119197913617533
1,263,of,326.48837209302326,Lord,<UNK>,5.675040005790547
1,264,the,302.01162790697674,of,Lord,4.583265350600041
1,265,Manor,322.2906976744186,the,of,5.098340874515361
1,266,who,317.5813953488372,Manor,the,5.685279003091641
1,267,the,349.2674418604651,who,Manor,5.675040005790547
1,268,people,327.36046511627904,the,who,5.681877639268151
1,269,had,334.8941176470588,people,the,5.688668836846153
1,270,often,321.0348837209302,had,people,5.675040005790547
1,271,asked,326.1046511627907,often,had,5.675040005790547
1,272,for,317.8837209302326,asked,often,5.675040005790547
1,273,<UNK>,310.5348837209302,for,asked,5.675040005790547
1,274,The,334.95348837209303,<UNK>,for,5.695414224985685
1,275,Lord,323.5813953488372,The,<UNK>,5.082955955675882
1,276,saw,311.0813953488372,Lord,The,5.680172609017068
1,277,the,322.4418604651163,saw,Lord,5.676753802268282
1,278,<UNK>,334.83529411764704,the,saw,4.985317486111966
1,279,of,340.0352941176471,<UNK>,the,3.1234656400635425
1,280,the,317.5764705882353,of,<UNK>,3.0417173867958143
1,281,problem,324.74117647058824,the,of,5.791488055075306
1,282,the,310.2,problem,the,5.676753802268282
1,283,people,330.5232558139535,the,problem,5.675040005790547
1,284,<UNK>,317.2674418604651,people,the,5.688668836846153
1,285,and,327.22093023255815,<UNK>,people,5.680172609017068
1,286,suggested,325.06976744186045,and,<UNK>,5.541263545158426
1,287,a,348.59302325581393,suggested,and,5.271288694160117
1,288,<UNK>,331.5348837209302,a,suggested,5.271288694160117
1,289,could,328.54117647058825,<UNK>,a,5.483412850224717
1,290,<UNK>,332.6,could,<UNK>,5.278114659230518
1,291,the,295.4642857142857,<UNK>,could,5.2798138949834765
1,292,<UNK>,308.2470588235294,the,<UNK>,2.5031016933792296
1,293,He,331.8705882352941,<UNK>,the,5.426050733057588
1,294,said,315.7529411764706,He,<UNK>,5.6937321388027
1,295,that,313.47058823529414,said,He,5.675040005790547
1,296,<UNK>,306.61176470588236,that,said,5.685279003091641
1,297,could,338.47058823529414,<UNK>,that,5.717027701406222
1,298,kill,308.45348837209303,could,<UNK>,5.683579767338681
1,299,the,310.83720930232556,kill,could,5.675040005790547
1,300,boar,297.8235294117647,the,kill,5.678464666671911
1,301,and,303.6470588235294,boar,the,5.68697535633982
1,302,<UNK>,286.7294117647059,and,boar,5.675040005790547
1,303,as,288.52941176470586,<UNK>,and,4.924350925499243
1,304,proof,331.61176470588236,as,<UNK>,5.731721843345443
1,305,its,340.7294117647059,proof,as,5.678464666671911
1,306,head,300.5529411764706,its,proof,5.675040005790547
1,307,to,300.0235294117647,head,its,5.675040005790547
1,308,the,294.4470588235294,to,head,5.675040005790547
1,309,Manor,320.7647058823529,the,to,5.0369526024136295
1,310,House,316.90588235294115,Manor,the,4.992131822531696
1,311,would,328.8809523809524,House,Manor,5.678464666671911
1,312,be,317.3333333333333,would,House,5.675040005790547
1,313,<UNK>,321.42857142857144,be,would,4.434212387844452
1,314,with,305.49411764705883,<UNK>,be,5.718671087149952
1,315,land,314.09411764705885,with,<UNK>,5.734958092124651
1,316,and,328.32142857142856,land,with,5.675040005790547
1,317,<UNK>,335.9761904761905,and,land,5.675040005790547
1,318,It,318.2261904761905,<UNK>,and,5.435176549265234
1,319,was,329.32941176470587,It,<UNK>,3.581883615115379
1,320,the,316.2705882352941,was,It,4.792479284293085
1,321,people,309.5301204819277,the,was,5.702114417555504
1,322,of,316.0722891566265,people,the,4.590056548178043
1,323,Bradford,328.90361445783134,of,people,4.765586907393996
1,324,and,324.0,Bradford,of,5.683579767338681
1,325,the,331.0352941176471,and,Bradford,5.675040005790547
1,326,people,293.82142857142856,the,and,5.713732805509369
1,327,who,299.86746987951807,people,the,5.688668836846153
1,328,knew,332.90588235294115,who,people,5.678464666671911
1,329,them,340.2823529411765,knew,who,5.675040005790547
1,330,who,318.54651162790697,them,knew,5.675040005790547
1,331,<UNK>,361.98823529411766,who,them,5.675040005790547
1,332,at,347.77647058823527,<UNK>,who,5.681877639268151
1,333,this,325.1904761904762,at,<UNK>,5.705447753975262
1,334,<UNK>,367.22352941176473,this,at,5.271288694160117
1,335,but,365.70588235294116,<UNK>,this,5.69204721843778
1,336,one,356.18823529411765,but,<UNK>,5.738183901373533
1,337,<UNK>,349.3809523809524,one,but,5.675040005790547
1,338,<UNK>,381.2705882352941,<UNK>,one,5.281510248231656
1,339,who,383.3452380952381,<UNK>,<UNK>,5.27153328264122
1,340,would,331.78823529411767,who,<UNK>,5.72194977861165
1,341,kill,317.91764705882355,would,who,5.675040005790547
1,342,the,317.4117647058824,kill,would,5.675040005790547
1,343,<UNK>,295.1058823529412,the,kill,5.272999558563747
1,344,By,324.3058823529412,<UNK>,the,5.713732805509369
1,345,the,309.3529411764706,By,<UNK>,5.678464666671911
1,346,<UNK>,331.38823529411764,the,By,5.676753802268282
1,347,reward,355.4823529411765,<UNK>,the,6.119197913617533
1,348,many,399.8,reward,<UNK>,5.675040005790547
1,349,felt,416.5529411764706,many,reward,5.675040005790547
1,350,<UNK>,368.1294117647059,felt,many,5.675040005790547
1,351,but,354.0352941176471,<UNK>,felt,5.676753802268282
1,352,the,340.91764705882355,but,<UNK>,4.485420932878165
1,353,thought,354.75,the,but,5.688668836846153
1,354,of,305.20238095238096,thought,the,5.675040005790547
1,355,the,306.8588235294118,of,thought,5.675040005790547
1,356,boar,306.5952380952381,the,of,5.386022946967143
1,357,with,326.83529411764704,boar,the,5.68697535633982
1,358,its,320.88235294117646,with,boar,5.676753802268282
1,359,<UNK>,312.9404761904762,its,with,5.675040005790547
1,360,<UNK>,312.6,<UNK>,its,5.681877639268151
1,361,and,328.23809523809524,<UNK>,<UNK>,3.367295829986474
1,362,face,316.23809523809524,and,<UNK>,5.94672865326659
1,363,like,306.5833333333333,face,and,5.675040005790547
1,364,<UNK>,326.8095238095238,like,face,5.675040005790547
1,365,soon,325.1058823529412,<UNK>,like,5.681877639268151
1,366,put,331.61176470588236,soon,<UNK>,5.675040005790547
1,367,an,312.42857142857144,put,soon,5.675040005790547
1,368,end,293.29411764705884,an,put,5.676753802268282
1,369,to,292.32941176470587,end,an,5.675040005790547
1,370,their,285.8705882352941,to,end,5.675040005790547
1,371,<UNK>,341.81176470588235,their,to,5.675040005790547
1,372,"However,",400.89285714285717,<UNK>,their,5.697093486505405
1,373,there,374.7469879518072,"However,",<UNK>,5.68697535633982
1,374,was,343.42857142857144,there,"However,",5.675040005790547
1,375,one,316.0,was,there,5.680172609017068
1,376,"huntsman,",361.16470588235296,one,was,5.678464666671911
1,377,who,386.18823529411765,"huntsman,",one,5.675040005790547
1,378,was,322.11764705882354,who,"huntsman,",5.271288694160117
1,379,still,297.6,was,who,5.702114417555504
1,380,<UNK>,308.57142857142856,still,was,4.985317486111966
1,381,behind,344.0357142857143,<UNK>,still,5.681877639268151
1,382,the,312.75,behind,<UNK>,5.276412531159987
1,383,<UNK>,298.67857142857144,the,behind,5.676753802268282
1,384,who,318.2823529411765,<UNK>,the,5.202907181743378
1,385,decided,317.3764705882353,who,<UNK>,5.72194977861165
1,386,the,293.8452380952381,decided,who,5.675040005790547
1,387,prize,302.0,the,decided,5.678464666671911
1,388,was,304.9759036144578,prize,the,5.676753802268282
1,389,<UNK>,300.2857142857143,was,prize,5.675040005790547
1,390,a,308.8333333333333,<UNK>,was,5.36441716825256
1,391,<UNK>,305.3855421686747,a,<UNK>,3.132268406680267
1,392,in,315.4938271604938,<UNK>,a,5.195730777772936
1,393,<UNK>,333.21176470588233,in,<UNK>,3.984343667007772
1,394,of,294.2352941176471,<UNK>,in,5.318119993844216
1,395,the,293.1707317073171,of,<UNK>,3.0417173867958143
1,396,boar's,299.65060240963857,the,of,5.791488055075306
1,397,<UNK>,325.6666666666667,boar's,the,4.767289035464526
1,398,The,362.34939759036143,<UNK>,boar's,5.680172609017068
1,399,huntsman,383.9047619047619,The,<UNK>,4.859812404361672
1,400,discovered,353.32142857142856,huntsman,The,5.680172609017068
1,401,the,333.6470588235294,discovered,huntsman,5.675040005790547
1,402,boar,337.8705882352941,the,discovered,5.676753802268282
1,403,<UNK>,351.0238095238095,boar,the,5.68697535633982
1,404,to,337.8292682926829,<UNK>,boar,5.675040005790547
1,405,come,323.4404761904762,to,<UNK>,5.815621956411737
1,406,out,305.8433734939759,come,to,5.678464666671911
1,407,in,302.32142857142856,out,come,5.675040005790547
1,408,the,293.04761904761904,in,out,5.676753802268282
1,409,<UNK>,299.43529411764706,the,in,2.968080742223481
1,410,of,297.51190476190476,<UNK>,the,3.1234656400635425
1,411,the,284.26190476190476,of,<UNK>,3.0417173867958143
1,412,day.,305.6823529411765,the,of,5.791488055075306
1,413,So,349.2261904761905,day.,the,5.675040005790547
1,414,he,321.1309523809524,So,day.,5.675040005790547
1,415,went,321.925,he,So,5.676753802268282
1,416,to,274.0,went,he,5.676753802268282
1,417,the,280.9166666666667,to,went,5.675040005790547
1,418,wood,292.4404761904762,the,to,5.730099782973574
1,419,by,303.3333333333333,wood,the,5.680172609017068
1,420,the,300.67857142857144,by,wood,5.675040005790547
1,421,well,291.9529411764706,the,by,5.71042701737487
1,422,with,310.56626506024094,well,the,5.676753802268282
1,423,his,314.0,with,well,5.675040005790547
1,424,good,319.70588235294116,his,with,5.680172609017068
1,425,<UNK>,350.9759036144578,good,his,5.271288694160117
1,426,to,344.5595238095238,<UNK>,good,5.681877639268151
1,427,<UNK>,349.4117647058824,to,<UNK>,2.8452074908420353
1,428,his,370.8313253012048,<UNK>,to,5.417580787374854
1,429,time.,342.33734939759034,his,<UNK>,5.6937321388027
1,430,<UNK>,356.79761904761904,time.,his,5.675040005790547
1,431,<UNK>,354.2470588235294,<UNK>,time.,5.676753802268282
1,432,the,360.4642857142857,<UNK>,<UNK>,3.45624331600297
1,433,"boar,",322.83529411764704,the,<UNK>,5.887491956725004
1,434,<UNK>,317.2,"boar,",the,5.676753802268282
1,435,by,329.36046511627904,<UNK>,"boar,",5.675040005790547
1,436,the,337.16279069767444,by,<UNK>,3.644143560272545
1,437,<UNK>,304.3488372093023,the,by,4.206349620598596
1,438,came,346.6235294117647,<UNK>,the,6.119197913617533
1,439,"out,",326.5882352941176,came,<UNK>,5.683579767338681
1,440,as,309.0235294117647,"out,",came,5.675040005790547
1,441,<UNK>,319.7176470588235,as,"out,",5.675040005790547
1,442,as,317.9268292682927,<UNK>,as,4.613468988802786
1,443,a,297.9390243902439,as,<UNK>,5.038574662785497
1,444,"snail,",360.8941176470588,a,as,5.688668836846153
1,445,from,352.63529411764705,"snail,",a,5.675040005790547
1,446,among,340.9764705882353,from,"snail,",5.675040005790547
1,447,the,331.08235294117645,among,from,5.675040005790547
1,448,<UNK>,309.15294117647056,the,among,5.274707500908903
1,449,just,317.7294117647059,<UNK>,the,6.119197913617533
1,450,as,324.9156626506024,just,<UNK>,5.676753802268282
1,451,the,320.26190476190476,as,just,5.676753802268282
1,452,huntsman,321.6470588235294,the,as,5.685279003091641
1,453,had,333.21176470588233,huntsman,the,5.676753802268282
1,454,<UNK>,344.0722891566265,had,huntsman,5.272999558563747
1,455,The,404.23809523809524,<UNK>,had,5.316484670503486
1,456,huntsman,365.0,The,<UNK>,4.859812404361672
1,457,<UNK>,323.3095238095238,huntsman,The,5.274707500908903
1,458,from,339.9642857142857,<UNK>,huntsman,5.683579767338681
1,459,his,322.1411764705882,from,<UNK>,5.715381610499553
1,460,<UNK>,313.3764705882353,his,from,4.985317486111966
1,461,place,314.26506024096386,<UNK>,his,5.72194977861165
1,462,and,309.08641975308643,place,<UNK>,5.676753802268282
1,463,through,316.45882352941175,and,place,5.676753802268282
1,464,the,334.04651162790697,through,and,5.675040005790547
1,465,heart,363.1860465116279,the,through,5.680172609017068
1,466,with,388.1411764705882,heart,the,5.676753802268282
1,467,his,367.3176470588235,with,heart,5.675040005790547
1,468,<UNK>,343.4470588235294,his,with,5.274707500908903
1,469,<UNK>,342.45238095238096,<UNK>,his,4.11251186617755
1,470,<UNK>,356.7738095238095,<UNK>,<UNK>,1.8561512659871076
1,471,the,351.4096385542169,<UNK>,<UNK>,3.45624331600297
1,472,<UNK>,364.3614457831325,the,<UNK>,2.5031016933792296
1,473,<UNK>,387.1927710843373,<UNK>,the,2.1873722808932077
1,474,the,332.7738095238095,<UNK>,<UNK>,3.45624331600297
1,475,problem,325.6823529411765,the,<UNK>,5.887491956725004
1,476,was,308.64285714285717,problem,the,5.676753802268282
1,477,no,318.45882352941175,was,problem,5.675040005790547
1,478,longer,310.2261904761905,no,was,4.987025428457122
1,479,to,331.7529411764706,longer,no,5.680172609017068
1,480,kill,325.2261904761905,to,longer,5.675040005790547
1,481,the,305.35714285714283,kill,to,5.675040005790547
1,482,<UNK>,315.3855421686747,the,kill,5.272999558563747
1,483,It,338.13253012048193,<UNK>,the,5.426050733057588
1,484,was,310.1666666666667,It,<UNK>,3.581883615115379
1,485,to,306.50588235294117,was,It,5.70877001616724
1,486,find,313.7951807228916,to,was,5.680172609017068
1,487,a,329.8072289156627,find,to,5.680172609017068
1,488,way,308.0357142857143,a,find,5.675040005790547
1,489,to,291.6588235294118,way,a,5.675040005790547
1,490,carry,304.52941176470586,to,way,5.676753802268282
1,491,the,313.09411764705885,carry,to,5.676753802268282
1,492,boar,312.91764705882355,the,carry,5.675040005790547
1,493,back.,330.70238095238096,boar,the,5.68697535633982
1,494,The,411.66265060240966,back.,boar,5.675040005790547
1,495,head,347.63529411764705,The,back.,5.676753802268282
1,496,was,357.94117647058823,head,The,5.675040005790547
1,497,too,337.4,was,head,5.676753802268282
1,498,heavy,342.2470588235294,too,was,5.675040005790547
1,499,for,345.29411764705884,heavy,too,5.271288694160117
1,500,the,315.8,for,heavy,5.271288694160117
1,501,little,319.42857142857144,the,for,5.6937321388027
1,502,huntsman,346.3095238095238,little,the,5.707110264748875
1,503,to,338.4578313253012,huntsman,little,5.675040005790547
1,504,carry,318.98809523809524,to,huntsman,5.675040005790547
1,505,back,332.11764705882354,carry,to,5.676753802268282
1,506,to,308.4117647058824,back,carry,5.675040005790547
1,507,the,312.3095238095238,to,back,5.272999558563747
1,508,Manor,324.91764705882355,the,to,5.0369526024136295
1,509,<UNK>,354.9529411764706,Manor,the,5.685279003091641
1,510,but,374.1190476190476,<UNK>,Manor,5.675040005790547
1,511,the,341.43373493975906,but,<UNK>,4.485420932878165
1,512,"huntsman,",327.85714285714283,the,but,5.688668836846153
1,513,who,314.73809523809524,"huntsman,",the,5.676753802268282
1,514,was,310.27710843373495,who,"huntsman,",5.271288694160117
1,515,as,328.4235294117647,was,who,5.702114417555504
1,516,<UNK>,331.89285714285717,as,was,4.985317486111966
1,517,and,372.9166666666667,<UNK>,as,5.306616169362732
1,518,<UNK>,349.11764705882354,and,<UNK>,2.3632097148104805
1,519,as,326.70238095238096,<UNK>,and,4.924350925499243
1,520,<UNK>,319.66265060240966,as,<UNK>,4.478958874850075
1,521,asked,317.18823529411765,<UNK>,as,5.7120812774708964
1,522,<UNK>,340.4166666666667,asked,<UNK>,5.676753802268282
1,523,'What,319.83529411764704,<UNK>,asked,5.675040005790547
1,524,<UNK>,327.25882352941176,'What,<UNK>,5.678464666671911
1,525,can,323.1927710843373,<UNK>,'What,5.675040005790547
1,526,I,308.04761904761904,can,<UNK>,5.678464666671911
1,527,do,300.0470588235294,I,can,5.675040005790547
1,528,to,316.8235294117647,do,I,5.675040005790547
1,529,<UNK>,348.27710843373495,to,do,5.675040005790547
1,530,I,300.7469879518072,<UNK>,to,5.417580787374854
1,531,<UNK>,334.04761904761904,I,<UNK>,4.61015772749913
1,532,the,306.0238095238095,<UNK>,I,4.997212273764115
1,533,<UNK>,331.89285714285717,the,<UNK>,2.5031016933792296
1,534,The,348.7647058823529,<UNK>,the,4.509760001183433
1,535,next,334.77647058823527,The,<UNK>,4.859812404361672
1,536,<UNK>,318.29411764705884,next,The,5.680172609017068
1,537,he,336.93023255813955,<UNK>,next,5.680172609017068
1,538,opened,340.32941176470587,he,<UNK>,5.698769932832657
1,539,the,345.8,opened,he,5.675040005790547
1,540,boar's,343.2,the,opened,5.675040005790547
1,541,<UNK>,329.3529411764706,boar's,the,4.767289035464526
1,542,and,358.0833333333333,<UNK>,boar's,5.680172609017068
1,543,cut,340.4,and,<UNK>,5.94672865326659
1,544,out,356.23809523809524,cut,and,5.271288694160117
1,545,its,327.47058823529414,out,cut,5.271288694160117
1,546,<UNK>,346.11764705882354,its,out,5.676753802268282
1,547,taking,389.4470588235294,<UNK>,its,5.681877639268151
1,548,that,368.0348837209302,taking,<UNK>,5.675040005790547
1,549,as,349.6046511627907,that,taking,5.675040005790547
1,550,proof,338.8,as,that,5.675040005790547
1,551,for,311.43023255813955,proof,as,5.678464666671911
1,552,the,293.7093023255814,for,proof,5.675040005790547
1,553,<UNK>,314.5952380952381,the,for,4.440969170307332
1,554,He,307.51190476190476,<UNK>,the,5.426050733057588
1,555,<UNK>,318.9764705882353,He,<UNK>,5.288267030694535
1,556,out,308.90588235294115,<UNK>,He,5.680172609017068
1,557,for,309.3690476190476,out,<UNK>,5.697093486505405
1,558,the,315.45882352941175,for,out,5.675040005790547
1,559,Manor,285.8139534883721,the,for,5.6937321388027
1,560,House,304.40697674418607,Manor,the,4.992131822531696
1,561,as,312.2857142857143,House,Manor,5.678464666671911
1,562,quickly,297.23809523809524,as,House,5.675040005790547
1,563,as,308.50602409638554,quickly,as,5.675040005790547
1,564,he,284.0357142857143,as,quickly,5.675040005790547
1,565,could,295.2705882352941,he,as,5.681877639268151
1,566,and,296.7176470588235,could,he,5.685279003091641
1,567,he,287.7951807228916,and,could,5.675040005790547
1,568,had,288.76190476190476,he,and,5.276412531159987
1,569,only,295.14285714285717,had,he,5.685279003091641
1,570,been,293.96385542168673,only,had,5.678464666671911
1,571,gone,291.64285714285717,been,only,5.675040005790547
1,572,a,285.6190476190476,gone,been,5.675040005790547
1,573,few,288.09638554216866,a,gone,5.675040005790547
1,574,<UNK>,303.8095238095238,few,a,4.586666714423532
1,575,when,312.0,<UNK>,few,5.683579767338681
1,576,a,303.72093023255815,when,<UNK>,5.69204721843778
1,577,second,296.5,a,when,5.676753802268282
1,578,"huntsman,",320.80232558139534,second,a,5.675040005790547
1,579,not,319.6588235294118,"huntsman,",second,5.675040005790547
1,580,so,321.6941176470588,not,"huntsman,",5.675040005790547
1,581,<UNK>,320.56470588235294,so,not,5.676753802268282
1,582,as,350.25882352941176,<UNK>,so,5.69035945432406
1,583,the,317.01162790697674,as,<UNK>,5.326256735237278
1,584,first,292.61176470588236,the,as,5.685279003091641
1,585,but,303.36470588235295,first,the,5.69204721843778
1,586,a,297.1511627906977,but,first,5.675040005790547
1,587,little,312.76190476190476,a,but,5.680172609017068
1,588,more,312.45882352941175,little,a,5.681877639268151
1,589,<UNK>,303.1309523809524,more,little,5.675040005790547
1,590,came,323.84705882352944,<UNK>,more,5.688668836846153
1,591,on,317.4470588235294,came,<UNK>,5.683579767338681
1,592,the,302.78823529411767,on,came,5.675040005790547
1,593,<UNK>,339.29761904761904,the,on,3.578604923653681
1,594,<UNK>,386.29761904761904,<UNK>,the,2.1873722808932077
1,595,the,314.91764705882355,<UNK>,<UNK>,3.45624331600297
1,596,slain,316.09411764705885,the,<UNK>,5.887491956725004
1,597,<UNK>,327.6162790697674,slain,the,5.675040005790547
1,598,of,335.98837209302326,<UNK>,slain,5.675040005790547
1,599,the,296.2352941176471,of,<UNK>,3.0417173867958143
1,600,"boar,",320.6470588235294,the,of,5.791488055075306
1,601,the,314.84705882352944,"boar,",the,5.676753802268282
1,602,huntsman,323.9529411764706,the,"boar,",5.675040005790547
1,603,<UNK>,327.1058823529412,huntsman,the,5.676753802268282
1,604,in,325.0352941176471,<UNK>,huntsman,5.683579767338681
1,605,his,299.2352941176471,in,<UNK>,5.082955955675882
1,606,good,302.38823529411764,his,in,5.681877639268151
1,607,<UNK>,299.5529411764706,good,his,5.271288694160117
1,608,The,321.8705882352941,<UNK>,good,5.681877639268151
1,609,second,338.7176470588235,The,<UNK>,5.3706380281276624
1,610,huntsman,310.54117647058825,second,The,5.676753802268282
1,611,knew,312.2823529411765,huntsman,second,5.680172609017068
1,612,a,308.92857142857144,knew,huntsman,5.675040005790547
1,613,<UNK>,298.1904761904762,a,knew,5.675040005790547
1,614,to,326.3411764705882,<UNK>,a,5.483412850224717
1,615,the,327.6235294117647,to,<UNK>,3.8007189358694715
1,616,Manor,294.2048192771084,the,to,5.0369526024136295
1,617,House,297.6744186046512,Manor,the,4.992131822531696
1,618,was,299.6511627906977,House,Manor,5.678464666671911
1,619,just,315.6235294117647,was,House,5.675040005790547
1,620,around,298.9761904761905,just,was,5.680172609017068
1,621,the,295.87951807228916,around,just,5.675040005790547
1,622,<UNK>,301.7857142857143,the,around,5.680172609017068
1,623,<UNK>,304.0,<UNK>,the,2.1873722808932077
1,624,"and,",322.21176470588233,<UNK>,<UNK>,6.524296251136588
1,625,being,329.1904761904762,"and,",<UNK>,5.680172609017068
1,626,a,312.60714285714283,being,"and,",5.675040005790547
1,627,<UNK>,305.90588235294115,a,being,5.676753802268282
1,628,man,305.84705882352944,<UNK>,a,5.8888779583328805
1,629,than,296.90588235294115,man,<UNK>,5.675040005790547
1,630,the,287.77647058823527,than,man,5.675040005790547
1,631,"first,",287.9047619047619,the,than,5.678464666671911
1,632,was,299.2261904761905,"first,",the,5.675040005790547
1,633,able,293.26506024096386,was,"first,",5.675040005790547
1,634,to,270.56626506024094,able,was,5.271288694160117
1,635,<UNK>,281.0,to,able,4.987025428457122
1,636,up,283.3690476190476,<UNK>,to,5.417580787374854
1,637,the,274.81176470588235,up,<UNK>,4.998900037877835
1,638,boar's,302.77647058823527,the,up,5.678464666671911
1,639,head,307.74117647058824,boar's,the,5.683579767338681
1,640,and,312.6,head,boar's,5.676753802268282
1,641,carry,308.29411764705884,and,head,5.680172609017068
1,642,it,293.2857142857143,carry,and,5.675040005790547
1,643,through,286.1309523809524,it,carry,5.675040005790547
1,644,the,288.82142857142856,through,it,5.675040005790547
1,645,wood,287.9879518072289,the,through,5.680172609017068
1,646,towards,305.6463414634146,wood,the,5.680172609017068
1,647,the,318.08235294117645,towards,wood,5.675040005790547
1,648,prize,298.2857142857143,the,towards,5.678464666671911
1,649,that,314.43529411764706,prize,the,5.676753802268282
1,650,<UNK>,333.81176470588235,that,prize,5.675040005790547
1,651,him.,324.3333333333333,<UNK>,that,5.717027701406222
1,652,The,354.10843373493975,him.,<UNK>,5.676753802268282
1,653,Lord,299.8588235294118,The,him.,5.676753802268282
1,654,of,293.9764705882353,Lord,The,5.680172609017068
1,655,the,285.855421686747,of,Lord,4.583265350600041
1,656,Manor,267.225,the,of,5.098340874515361
1,657,was,291.609756097561,Manor,the,5.685279003091641
1,658,<UNK>,284.2560975609756,was,Manor,5.675040005790547
1,659,in,300.7831325301205,<UNK>,was,4.671269987692615
1,660,his,318.9047619047619,in,<UNK>,5.082955955675882
1,661,hall,283.3764705882353,his,in,5.681877639268151
1,662,when,281.67058823529413,hall,his,5.675040005790547
1,663,the,286.6823529411765,when,hall,5.675040005790547
1,664,second,293.10714285714283,the,when,5.683579767338681
1,665,huntsman,296.3176470588235,second,the,4.985317486111966
1,666,<UNK>,295.05882352941177,huntsman,second,5.680172609017068
1,667,through,302.23809523809524,<UNK>,huntsman,5.683579767338681
1,668,the,303.16470588235296,through,<UNK>,5.278114659230518
1,669,door,284.4823529411765,the,through,5.680172609017068
1,670,and,287.48809523809524,door,the,5.676753802268282
1,671,began,281.2261904761905,and,door,5.675040005790547
1,672,to,292.47058823529414,began,and,5.271288694160117
1,673,<UNK>,292.7261904761905,to,began,4.584967478670572
1,674,a,284.81176470588235,<UNK>,to,5.1298987149230735
1,675,<UNK>,292.32941176470587,a,<UNK>,3.132268406680267
1,676,'The,333.6666666666667,<UNK>,a,5.8888779583328805
1,677,<UNK>,352.77647058823527,'The,<UNK>,5.276412531159987
1,678,of,319.4047619047619,<UNK>,'The,5.271288694160117
1,679,Bradford,325.10843373493975,of,<UNK>,5.469465622743866
1,680,are,316.6941176470588,Bradford,of,5.278114659230518
1,681,<UNK>,309.83529411764704,are,Bradford,5.271288694160117
1,682,he,326.9759036144578,<UNK>,are,5.284894346215896
1,683,<UNK>,328.32142857142856,he,<UNK>,3.9940218405942316
1,684,<UNK>,366.6470588235294,<UNK>,he,5.319752647268102
1,685,my,335.35714285714283,<UNK>,<UNK>,6.118831143028423
1,686,own,323.4470588235294,my,<UNK>,5.681877639268151
1,687,hand,302.29411764705884,own,my,5.675040005790547
1,688,I,286.2289156626506,hand,own,5.675040005790547
1,689,have,349.65060240963857,I,hand,5.675040005790547
1,690,slain,285.0120481927711,have,I,5.676753802268282
1,691,the,283.82142857142856,slain,have,5.271288694160117
1,692,<UNK>,293.45238095238096,the,slain,5.676753802268282
1,693,<UNK>,303.8192771084337,<UNK>,the,2.1873722808932077
1,694,with,301.2738095238095,<UNK>,<UNK>,4.819548158898162
1,695,"that,",276.4166666666667,with,<UNK>,5.734958092124651
1,696,at,282.20238095238096,"that,",with,5.675040005790547
1,697,the,298.5238095238095,at,"that,",5.675040005790547
1,698,feet,301.5903614457831,the,at,5.702114417555504
1,699,of,287.39285714285717,feet,the,5.675040005790547
1,700,his,288.17857142857144,of,feet,5.675040005790547
1,701,<UNK>,281.45238095238096,his,of,4.988730458708206
1,702,he,310.9761904761905,<UNK>,his,5.72194977861165
1,703,<UNK>,296.9647058823529,he,<UNK>,3.9940218405942316
1,704,the,289.68674698795184,<UNK>,he,5.725217755376266
1,705,boar's,297.6,the,<UNK>,5.887491956725004
1,706,<UNK>,315.5952380952381,boar's,the,4.767289035464526
1,707,<UNK>,329.6,<UNK>,boar's,5.680172609017068
1,708,'Then,371.2738095238095,<UNK>,<UNK>,6.524296251136588
1,709,you,338.8235294117647,'Then,<UNK>,5.676753802268282
1,710,will,301.6666666666667,you,'Then,5.675040005790547
1,711,be,285.0352941176471,will,you,5.680172609017068
1,712,<UNK>,308.2705882352941,be,will,5.675040005790547
1,713,as,311.05882352941177,<UNK>,be,5.718671087149952
1,714,I,288.1058823529412,as,<UNK>,5.731721843345443
1,715,<UNK>,298.25882352941176,I,as,5.274707500908903
1,716,<UNK>,326.29761904761904,<UNK>,I,4.997212273764115
1,717,"first,",341.77647058823527,<UNK>,<UNK>,6.524296251136588
1,718,let,306.5357142857143,"first,",<UNK>,5.675040005790547
1,719,me,304.0843373493976,let,"first,",5.675040005790547
1,720,<UNK>,295.7261904761905,me,let,5.675040005790547
1,721,the,306.17857142857144,<UNK>,me,5.681877639268151
1,722,head,304.89285714285717,the,<UNK>,5.482026848616839
1,723,of,302.3095238095238,head,the,5.678464666671911
1,724,this,298.1547619047619,of,head,5.675040005790547
1,725,<UNK>,359.9166666666667,this,of,5.675040005790547
1,726,said,312.6309523809524,<UNK>,this,5.69204721843778
1,727,the,299.20238095238096,said,<UNK>,5.276412531159987
1,728,Lord,307.60714285714283,the,said,5.271288694160117
1,729,of,300.5529411764706,Lord,the,4.990432586778736
1,730,the,291.52941176470586,of,Lord,4.583265350600041
1,731,<UNK>,306.6024096385542,the,of,2.8210735895056054
1,732,To,322.7647058823529,<UNK>,the,6.119197913617533
1,733,not,306.51190476190476,To,<UNK>,5.676753802268282
1,734,<UNK>,318.66265060240966,not,To,5.675040005790547
1,735,the,345.21176470588233,<UNK>,not,5.017279836814924
1,736,head,304.6904761904762,the,<UNK>,5.482026848616839
1,737,in,300.88235294117646,head,the,5.678464666671911
1,738,<UNK>,305.0,in,head,5.675040005790547
1,739,had,318.9642857142857,<UNK>,in,5.723585101952381
1,740,not,314.1309523809524,had,<UNK>,5.697093486505405
1,741,been,323.8690476190476,not,had,5.681877639268151
1,742,very,329.8095238095238,been,not,5.675040005790547
1,743,<UNK>,337.17857142857144,very,been,5.675040005790547
1,744,on,335.76190476190476,<UNK>,very,5.695414224985685
1,745,the,333.04651162790697,on,<UNK>,3.84850959970582
1,746,part,323.75,the,on,5.718671087149952
1,747,of,291.3614457831325,part,the,5.675040005790547
1,748,the,280.07142857142856,of,part,5.676753802268282
1,749,<UNK>,331.4761904761905,the,of,2.8210735895056054
1,750,<UNK>,387.4823529411765,<UNK>,the,2.1873722808932077
1,751,"away,",350.5421686746988,<UNK>,<UNK>,6.118831143028423
1,752,the,325.0357142857143,"away,",<UNK>,5.676753802268282
1,753,Lord,318.04761904761904,the,"away,",5.675040005790547
1,754,<UNK>,315.5595238095238,Lord,the,5.278114659230518
1,755,the,317.08235294117645,<UNK>,Lord,5.678464666671911
1,756,tongue,302.16470588235296,the,<UNK>,5.887491956725004
1,757,of,304.45882352941175,tongue,the,5.675040005790547
1,758,the,287.2738095238095,of,tongue,5.675040005790547
1,759,boar,288.10714285714283,the,of,5.386022946967143
1,760,was,300.0,boar,the,5.68697535633982
1,761,<UNK>,295.2261904761905,was,boar,5.675040005790547
1,762,and,322.1904761904762,<UNK>,was,5.076735095800779
1,763,<UNK>,315.25882352941176,and,<UNK>,2.3632097148104805
1,764,'What,341.57142857142856,<UNK>,and,5.840641657373398
1,765,is,335.64285714285717,'What,<UNK>,5.272999558563747
1,766,<UNK>,327.6235294117647,is,'What,5.676753802268282
1,767,A,308.1764705882353,<UNK>,is,5.69204721843778
1,768,boar,324.74117647058824,A,<UNK>,5.68697535633982
1,769,with,284.2,boar,A,5.675040005790547
1,770,no,297.3452380952381,with,boar,5.676753802268282
1,771,tongue?',307.3058823529412,no,with,5.675040005790547
1,772,He,329.78823529411767,tongue?',no,5.676753802268282
1,773,looked,311.7647058823529,He,tongue?',5.675040005790547
1,774,at,306.09411764705885,looked,He,5.676753802268282
1,775,the,291.60714285714283,at,looked,5.271288694160117
1,776,"huntsman,",315.90588235294115,the,at,5.702114417555504
1,777,<UNK>,359.08235294117645,"huntsman,",the,5.676753802268282
1,778,<UNK>,344.47058823529414,<UNK>,"huntsman,",5.675040005790547
1,779,come,338.48809523809524,<UNK>,<UNK>,6.524296251136588
1,780,this,331.8690476190476,come,<UNK>,5.675040005790547
1,781,creature,308.6823529411765,this,come,5.675040005790547
1,782,has,301.05882352941177,creature,this,5.675040005790547
1,783,no,294.1190476190476,has,creature,5.675040005790547
1,784,tongue?',331.94117647058823,no,has,5.675040005790547
1,785,he,342.74117647058824,tongue?',no,5.676753802268282
1,786,<UNK>,295.76190476190476,he,tongue?',5.675040005790547
1,787,All,315.0235294117647,<UNK>,he,5.725217755376266
1,788,eyes,312.56470588235294,All,<UNK>,5.272999558563747
1,789,were,305.67857142857144,eyes,All,5.676753802268282
1,790,on,289.79761904761904,were,eyes,5.676753802268282
1,791,the,282.47058823529414,on,were,5.675040005790547
1,792,<UNK>,302.2,the,on,3.578604923653681
1,793,The,313.92857142857144,<UNK>,the,4.509760001183433
1,794,huntsman,309.0352941176471,The,<UNK>,4.859812404361672
1,795,<UNK>,296.36470588235295,huntsman,The,5.274707500908903
1,796,by,320.1764705882353,<UNK>,huntsman,5.683579767338681
1,797,the,310.07142857142856,by,<UNK>,3.644143560272545
1,798,Lord,317.6235294117647,the,by,5.71042701737487
1,799,<UNK>,327.5238095238095,Lord,the,5.278114659230518
1,800,'I,317.08235294117645,<UNK>,Lord,5.678464666671911
1,801,<UNK>,315.3333333333333,'I,<UNK>,5.281510248231656
1,802,<UNK>,304.1666666666667,<UNK>,'I,5.676753802268282
1,803,my,312.0,<UNK>,<UNK>,6.118831143028423
1,804,<UNK>,297.1309523809524,my,<UNK>,5.276412531159987
1,805,He,313.3411764705882,<UNK>,my,5.685279003091641
1,806,was,307.77647058823527,He,<UNK>,5.288267030694535
1,807,suddenly,298.15294117647056,was,He,5.676753802268282
1,808,<UNK>,339.67857142857144,suddenly,was,5.675040005790547
1,809,his,326.1666666666667,<UNK>,suddenly,5.680172609017068
1,810,<UNK>,352.65060240963857,his,<UNK>,4.189654742026425
1,811,<UNK>,334.8235294117647,<UNK>,his,4.11251186617755
1,812,could,338.5813953488372,<UNK>,<UNK>,6.524296251136588
1,813,end,316.9647058823529,could,<UNK>,5.683579767338681
1,814,<UNK>,307.3452380952381,end,could,5.675040005790547
1,815,for,317.5833333333333,<UNK>,end,5.675040005790547
1,816,him.,309.9047619047619,for,<UNK>,5.731721843345443
1,817,<UNK>,391.2142857142857,him.,for,5.675040005790547
1,818,the,338.0,<UNK>,him.,5.675040005790547
1,819,door,336.4096385542169,the,<UNK>,5.887491956725004
1,820,at,290.8292682926829,door,the,5.676753802268282
1,821,this,297.4268292682927,at,door,5.675040005790547
1,822,<UNK>,300.6829268292683,this,at,5.271288694160117
1,823,the,321.5595238095238,<UNK>,this,5.69204721843778
1,824,first,296.73809523809524,the,<UNK>,4.788879668056894
1,825,huntsman,307.5238095238095,first,the,4.775756486563625
1,826,<UNK>,311.6941176470588,huntsman,first,5.274707500908903
1,827,'The,319.10714285714283,<UNK>,huntsman,5.683579767338681
1,828,<UNK>,340.9277108433735,'The,<UNK>,5.276412531159987
1,829,of,330.45238095238096,<UNK>,'The,5.271288694160117
1,830,Bradford,301.8705882352941,of,<UNK>,5.469465622743866
1,831,are,302.1411764705882,Bradford,of,5.278114659230518
1,832,<UNK>,292.9642857142857,are,Bradford,5.271288694160117
1,833,he,299.5542168674699,<UNK>,are,5.284894346215896
1,834,<UNK>,303.81176470588235,he,<UNK>,3.9940218405942316
1,835,'I,295.18823529411765,<UNK>,he,5.725217755376266
1,836,have,317.0,'I,<UNK>,5.68697535633982
1,837,slain,289.39285714285717,have,'I,5.675040005790547
1,838,the,286.49397590361446,slain,have,5.271288694160117
1,839,boar,275.8690476190476,the,slain,5.676753802268282
1,840,the,289.77647058823527,boar,the,5.68697535633982
1,841,people,289.7738095238095,the,boar,5.675040005790547
1,842,of,284.1190476190476,people,the,4.590056548178043
1,843,Bradford,289.21176470588233,of,people,4.765586907393996
1,844,<UNK>,301.98823529411766,Bradford,of,5.278114659230518
1,845,All,361.5764705882353,<UNK>,Bradford,5.676753802268282
1,846,eyes,354.6823529411765,All,<UNK>,5.272999558563747
1,847,turned,310.5882352941176,eyes,All,5.676753802268282
1,848,to,289.2048192771084,turned,eyes,5.675040005790547
1,849,the,296.5833333333333,to,turned,5.675040005790547
1,850,man,280.20238095238096,the,to,5.32463467486541
1,851,who,276.43373493975906,man,the,4.767289035464526
1,852,now,288.5595238095238,who,man,5.683579767338681
1,853,<UNK>,297.6309523809524,now,who,5.675040005790547
1,854,in,298.5529411764706,<UNK>,now,5.685279003091641
1,855,the,284.56626506024094,in,<UNK>,3.250374491927572
1,856,<UNK>,291.9390243902439,the,in,2.968080742223481
1,857,'The,302.69879518072287,<UNK>,the,5.713732805509369
1,858,reward,315.32530120481925,'The,<UNK>,5.681877639268151
1,859,is,310.42857142857144,reward,'The,5.675040005790547
1,860,already,323.75,is,reward,5.675040005790547
1,861,<UNK>,310.0609756097561,already,is,5.675040005790547
1,862,said,357.4096385542169,<UNK>,already,5.675040005790547
1,863,the,310.3048780487805,said,<UNK>,5.276412531159987
1,864,Lord,298.4235294117647,the,said,5.271288694160117
1,865,of,298.2705882352941,Lord,the,4.990432586778736
1,866,the,293.0235294117647,of,Lord,4.583265350600041
1,867,<UNK>,281.0352941176471,the,of,2.8210735895056054
1,868,'The,301.1309523809524,<UNK>,the,5.713732805509369
1,869,man,311.45882352941175,'The,<UNK>,5.681877639268151
1,870,<UNK>,322.4166666666667,man,'The,5.675040005790547
1,871,has,312.95238095238096,<UNK>,man,5.676753802268282
1,872,<UNK>,295.38823529411764,has,<UNK>,5.678464666671911
1,873,to,280.83529411764704,<UNK>,has,5.678464666671911
1,874,me,269.4404761904762,to,<UNK>,5.815621956411737
1,875,the,285.98823529411766,me,to,5.675040005790547
1,876,boar's,298.9166666666667,the,me,5.675040005790547
1,877,<UNK>,306.7176470588235,boar's,the,4.767289035464526
1,878,'Then,316.1190476190476,<UNK>,boar's,5.680172609017068
1,879,where,318.2823529411765,'Then,<UNK>,5.676753802268282
1,880,is,322.7142857142857,where,'Then,5.675040005790547
1,881,its,306.8690476190476,is,where,5.675040005790547
1,882,tongue?',361.0352941176471,its,is,5.675040005790547
1,883,the,355.84705882352944,tongue?',its,5.675040005790547
1,884,first,314.7857142857143,the,tongue?',5.675040005790547
1,885,huntsman,331.5238095238095,first,the,4.775756486563625
1,886,<UNK>,327.29761904761904,huntsman,first,5.274707500908903
1,887,<UNK>,356.0352941176471,<UNK>,huntsman,5.683579767338681
1,888,so,360.9529411764706,<UNK>,<UNK>,6.118831143028423
1,889,<UNK>,321.54761904761904,so,<UNK>,5.000584958242754
1,890,he,318.6904761904762,<UNK>,so,5.69035945432406
1,891,<UNK>,323.61176470588236,he,<UNK>,3.9940218405942316
1,892,out,308.47058823529414,<UNK>,he,5.725217755376266
1,893,the,308.11764705882354,out,<UNK>,5.29162837839724
1,894,boar's,306.3809523809524,the,out,5.676753802268282
1,895,tongue,312.77647058823527,boar's,the,5.683579767338681
1,896,he,331.6588235294118,tongue,boar's,5.675040005790547
1,897,had,316.76190476190476,he,tongue,5.675040005790547
1,898,put,308.2674418604651,had,he,5.685279003091641
1,899,in,300.42857142857144,put,had,5.676753802268282
1,900,his,306.26190476190476,in,put,5.676753802268282
1,901,<UNK>,293.76190476190476,his,in,4.988730458708206
1,902,<UNK>,309.6666666666667,<UNK>,his,4.11251186617755
1,903,and,318.8941176470588,<UNK>,<UNK>,3.367295829986474
1,904,related,335.56470588235294,and,<UNK>,5.94672865326659
1,905,how,335.6235294117647,related,and,5.675040005790547
1,906,he,313.2705882352941,how,related,5.675040005790547
1,907,had,300.1294117647059,he,how,5.675040005790547
1,908,<UNK>,335.2352941176471,had,he,5.2798138949834765
1,909,the,313.4235294117647,<UNK>,had,5.72194977861165
1,910,creature,305.49411764705883,the,<UNK>,5.887491956725004
1,911,in,298.6235294117647,creature,the,5.675040005790547
1,912,the,288.13253012048193,in,creature,5.675040005790547
1,913,wood,293.9642857142857,the,in,5.365976015021851
1,914,and,289.94117647058823,wood,the,5.274707500908903
1,915,cut,284.2823529411765,and,wood,5.676753802268282
1,916,out,290.28915662650604,cut,and,5.271288694160117
1,917,its,272.4404761904762,out,cut,5.271288694160117
1,918,tongue,288.1058823529412,its,out,5.676753802268282
1,919,as,288.49411764705883,tongue,its,5.675040005790547
1,920,proof,284.1294117647059,as,tongue,5.675040005790547
1,921,of,306.56470588235294,proof,as,5.678464666671911
1,922,his,274.25882352941176,of,proof,5.675040005790547
1,923,<UNK>,292.8705882352941,his,of,4.988730458708206
1,924,<UNK>,317.0843373493976,<UNK>,his,4.11251186617755
1,925,to,338.2073170731707,<UNK>,<UNK>,4.081949215767383
1,926,the,293.54761904761904,to,<UNK>,3.8007189358694715
1,927,<UNK>,283.2142857142857,the,to,3.5900336194773037
1,928,the,318.75,<UNK>,the,4.327438444389479
1,929,Lord,290.75,the,<UNK>,5.482026848616839
1,930,of,276.6470588235294,Lord,the,4.990432586778736
1,931,the,283.1058823529412,of,Lord,4.583265350600041
1,932,Manor,290.4,the,of,5.098340874515361
1,933,tried,281.23809523809524,Manor,the,5.685279003091641
1,934,to,277.2261904761905,tried,Manor,5.675040005790547
1,935,<UNK>,286.68674698795184,to,tried,4.58836306767171
1,936,which,303.1463414634146,<UNK>,to,5.823045895483019
1,937,huntsman,297.48192771084337,which,<UNK>,5.705447753975262
1,938,was,308.3764705882353,huntsman,which,5.675040005790547
1,939,telling,292.4470588235294,was,huntsman,5.675040005790547
1,940,him,291.91764705882355,telling,was,5.676753802268282
1,941,the,295.77647058823527,him,telling,5.675040005790547
1,942,<UNK>,285.18823529411765,the,him,5.271288694160117
1,943,and,287.7647058823529,<UNK>,the,3.676850878248329
1,944,what,279.82142857142856,and,<UNK>,5.94672865326659
1,945,the,295.3058823529412,what,and,5.675040005790547
1,946,two,288.5176470588235,the,what,5.676753802268282
1,947,<UNK>,299.0357142857143,two,the,5.675040005790547
1,948,were,308.0238095238095,<UNK>,two,5.685279003091641
1,949,<UNK>,301.144578313253,were,<UNK>,3.9990343824177756
1,950,as,321.4404761904762,<UNK>,were,5.71042701737487
1,951,they,309.36470588235295,as,<UNK>,5.326256735237278
1,952,<UNK>,302.63529411764705,they,as,5.271288694160117
1,953,for,297.29411764705884,<UNK>,they,5.69035945432406
1,954,him,290.74117647058824,for,<UNK>,5.326256735237278
1,955,to,276.8809523809524,him,for,5.271288694160117
1,956,make,276.64285714285717,to,him,5.678464666671911
1,957,a,276.7142857142857,make,to,5.683579767338681
1,958,<UNK>,279.06024096385545,a,make,5.675040005790547
1,959,<UNK>,325.2048192771084,<UNK>,a,2.4548907538477347
1,960,<UNK>,329.67058823529413,<UNK>,<UNK>,1.8561512659871076
1,961,the,318.6235294117647,<UNK>,<UNK>,3.45624331600297
1,962,Lord,300.16470588235296,the,<UNK>,5.482026848616839
1,963,saw,278.7294117647059,Lord,the,5.683579767338681
1,964,that,285.4047619047619,saw,Lord,5.676753802268282
1,965,the,297.1566265060241,that,saw,5.675040005790547
1,966,second,279.3690476190476,the,that,5.723585101952381
1,967,huntsman,295.4823529411765,second,the,4.985317486111966
1,968,had,327.6309523809524,huntsman,second,5.274707500908903
1,969,<UNK>,319.75,had,huntsman,5.272999558563747
1,970,him,343.63529411764705,<UNK>,had,5.72194977861165
1,971,a,335.88235294117646,him,<UNK>,5.683579767338681
1,972,<UNK>,309.82142857142856,a,him,5.675040005790547
1,973,of,309.0705882352941,<UNK>,a,3.6916533809966614
1,974,<UNK>,334.18823529411765,of,<UNK>,2.6560549059838294
1,975,and,320.98823529411766,<UNK>,of,4.270474148768134
1,976,it,304.3764705882353,and,<UNK>,5.030437921392435
1,977,was,291.66265060240966,it,and,4.988730458708206
1,978,the,277.9047619047619,was,it,5.025523906590006
1,979,first,274.9642857142857,the,was,5.296649309447339
1,980,huntsman,299.6309523809524,first,the,4.775756486563625
1,981,who,296.6707317073171,huntsman,first,5.680172609017068
1,982,was,276.0843373493976,who,huntsman,5.676753802268282
1,983,the,268.67469879518075,was,who,5.702114417555504
1,984,true,286.6309523809524,the,was,5.702114417555504
1,985,<UNK>,311.6588235294118,true,the,4.985317486111966
1,986,of,295.3333333333333,<UNK>,true,5.274707500908903
1,987,<UNK>,293.8313253012048,of,<UNK>,2.6560549059838294
1,988,The,321.8048780487805,<UNK>,of,5.7745515455444085
1,989,Lord,306.29411764705884,The,<UNK>,5.082955955675882
1,990,believed,295.1309523809524,Lord,The,5.680172609017068
1,991,the,303.70238095238096,believed,Lord,5.675040005790547
1,992,second,290.29411764705884,the,believed,5.675040005790547
1,993,huntsman,307.4117647058824,second,the,4.985317486111966
1,994,had,308.21176470588233,huntsman,second,5.274707500908903
1,995,tried,317.5529411764706,had,huntsman,5.678464666671911
1,996,to,292.3058823529412,tried,had,5.675040005790547
1,997,<UNK>,271.03614457831327,to,tried,4.58836306767171
1,998,the,285.2261904761905,<UNK>,to,3.951243718581427
1,999,first,280.61176470588236,the,<UNK>,4.788879668056894
1,1000,<UNK>,329.4,first,the,4.775756486563625
1,1001,prize,338.8452380952381,<UNK>,first,5.685279003091641
1,1002,and,305.9294117647059,prize,<UNK>,5.675040005790547
1,1003,so,303.51190476190476,and,prize,5.675040005790547
1,1004,<UNK>,308.1309523809524,so,and,5.272999558563747
1,1005,the,316.54117647058825,<UNK>,so,4.997212273764115
1,1006,first,311.61176470588236,the,<UNK>,4.788879668056894
1,1007,huntsman,303.86746987951807,first,the,4.775756486563625
1,1008,the,297.8072289156627,huntsman,first,5.680172609017068
1,1009,true,291.855421686747,the,huntsman,5.675040005790547
1,1010,<UNK>,333.5176470588235,true,the,4.985317486111966
1,1011,The,311.8941176470588,<UNK>,true,5.680172609017068
1,1012,Lord,306.3734939759036,The,<UNK>,5.082955955675882
1,1013,<UNK>,324.14285714285717,Lord,The,5.680172609017068
1,1014,for,298.65060240963857,<UNK>,Lord,5.678464666671911
1,1015,a,312.0238095238095,for,<UNK>,4.478958874850075
1,1016,<UNK>,308.3529411764706,a,for,4.768988271217486
1,1017,<UNK>,309.0238095238095,<UNK>,a,2.4548907538477347
1,1018,he,303.14285714285717,<UNK>,<UNK>,5.425683962468478
1,1019,always,305.79761904761904,he,<UNK>,5.293304824724492
1,1020,<UNK>,294.10714285714283,always,he,5.676753802268282
1,1021,so,364.29761904761904,<UNK>,always,5.678464666671911
1,1022,much,324.8658536585366,so,<UNK>,5.6937321388027
1,1023,<UNK>,370.9761904761905,much,so,5.675040005790547
1,1024,in,440.1764705882353,<UNK>,much,5.675040005790547
1,1025,his,366.2823529411765,in,<UNK>,5.082955955675882
1,1026,<UNK>,371.4642857142857,his,in,4.988730458708206
1,1027,<UNK>,399.8095238095238,<UNK>,his,4.11251186617755
1,1028,The,377.8095238095238,<UNK>,<UNK>,4.578386102081274
1,1029,huntsman,409.5833333333333,The,<UNK>,4.859812404361672
1,1030,who,341.5882352941176,huntsman,The,5.680172609017068
1,1031,had,309.32941176470587,who,huntsman,5.676753802268282
1,1032,<UNK>,354.7951807228916,had,who,4.997212273764115
1,1033,his,351.87951807228916,<UNK>,had,5.72194977861165
1,1034,prize,346.87951807228916,his,<UNK>,5.6937321388027
1,1035,<UNK>,326.3095238095238,prize,his,5.675040005790547
1,1036,and,336.20238095238096,<UNK>,prize,5.675040005790547
1,1037,<UNK>,302.85714285714283,and,<UNK>,2.3632097148104805
1,1038,<UNK>,312.65060240963857,<UNK>,and,3.355735007585398
1,1039,as,312.01176470588234,<UNK>,<UNK>,5.27153328264122
1,1040,his,331.7647058823529,as,<UNK>,5.731721843345443
1,1041,reward,303.8809523809524,his,as,5.675040005790547
1,1042,a,311.0833333333333,reward,his,5.675040005790547
1,1043,<UNK>,333.8452380952381,a,reward,5.675040005790547
1,1044,of,323.3809523809524,<UNK>,a,3.6916533809966614
1,1045,land,318.8809523809524,of,<UNK>,5.469465622743866
1,1046,just,339.17857142857144,land,of,5.676753802268282
1,1047,outside,334.3690476190476,just,land,5.675040005790547
1,1048,the,285.3529411764706,outside,just,5.271288694160117
1,1049,<UNK>,289.90588235294115,the,outside,4.985317486111966
1,1050,known,310.8690476190476,<UNK>,the,6.119197913617533
1,1051,<UNK>,350.79761904761904,known,<UNK>,5.272999558563747
1,1052,as,355.5529411764706,<UNK>,known,5.676753802268282
1,1053,<UNK>,335.1411764705882,as,<UNK>,4.478958874850075
1,1054,<UNK>,461.6470588235294,<UNK>,as,4.325786916351006
1,1055,His,442.5833333333333,<UNK>,<UNK>,6.118831143028423
1,1056,<UNK>,362.7093023255814,His,<UNK>,4.987025428457122
1,1057,was,338.17241379310343,<UNK>,His,5.272999558563747
1,1058,<UNK>,362.57471264367814,was,<UNK>,4.018837009713955
1,1059,<UNK>,338.6511627906977,<UNK>,was,3.75497925581846
1,1060,but,336.95348837209303,<UNK>,<UNK>,5.831149070576642
1,1061,it,335.5,but,<UNK>,4.821893169499378
1,1062,was,323.0689655172414,it,but,4.586666714423532
1,1063,not,307.32183908045977,was,it,5.025523906590006
1,1064,nearly,304.8735632183908,not,was,5.68697535633982
1,1065,as,358.17241379310343,nearly,not,5.675040005790547
1,1066,<UNK>,355.04597701149424,as,nearly,5.675040005790547
1,1067,as,330.3448275862069,<UNK>,as,4.613468988802786
1,1068,that,319.7011494252874,as,<UNK>,5.731721843345443
1,1069,of,327.2413793103448,that,as,5.675040005790547
1,1070,the,327.5402298850575,of,that,5.676753802268282
1,1071,<UNK>,357.8045977011494,the,of,2.8210735895056054
1,1072,Bradford,424.2528735632184,<UNK>,the,6.119197913617533
1,1073,<UNK>,614.735632183908,Bradford,<UNK>,5.675040005790547
2,2,clear,405.8369565217391,A,<UNK>,5.68697535633982
2,3,and,351.0111111111111,clear,A,5.675040005790547
2,4,<UNK>,396.97802197802196,and,clear,5.675040005790547
2,5,day,376.02197802197804,<UNK>,and,5.840641657373398
2,6,it,356.2608695652174,day,<UNK>,5.676753802268282
2,7,was,343.51612903225805,it,day,5.675040005790547
2,8,and,373.39130434782606,was,it,5.718671087149952
2,9,out,386.72222222222223,and,was,5.675040005790547
2,10,on,349.0989010989011,out,and,5.676753802268282
2,11,the,332.3626373626374,on,out,5.271288694160117
2,12,<UNK>,327.14130434782606,the,on,3.578604923653681
2,13,<UNK>,364.5326086956522,<UNK>,the,2.1873722808932077
2,14,<UNK>,389.39772727272725,<UNK>,<UNK>,1.8561512659871076
2,15,<UNK>,459.3152173913044,<UNK>,<UNK>,1.8561512659871076
2,16,upon,360.1847826086956,<UNK>,<UNK>,6.118831143028423
2,17,<UNK>,357.7802197802198,upon,<UNK>,5.678464666671911
2,18,of,344.8369565217391,<UNK>,upon,5.675040005790547
2,19,<UNK>,360.19565217391306,of,<UNK>,2.6560549059838294
2,20,water,363.78409090909093,<UNK>,of,5.7745515455444085
2,21,"drops,",378.45454545454544,water,<UNK>,5.678464666671911
2,22,excited,430.03370786516854,"drops,",water,5.676753802268282
2,23,by,406.31111111111113,excited,"drops,",5.675040005790547
2,24,getting,394.0,by,excited,5.675040005790547
2,25,to,372.1573033707865,getting,by,5.675040005790547
2,26,play,359.77272727272725,to,getting,5.675040005790547
2,27,in,356.07865168539325,play,to,5.678464666671911
2,28,the,334.1111111111111,in,play,5.675040005790547
2,29,"ocean,",377.57954545454544,the,in,5.365976015021851
2,30,danced,406.5164835164835,"ocean,",the,5.680172609017068
2,31,all,375.1098901098901,danced,"ocean,",5.675040005790547
2,32,<UNK>,360.8369565217391,all,danced,5.675040005790547
2,33,One,380.0989010989011,<UNK>,all,5.685279003091641
2,34,of,383.8791208791209,One,<UNK>,4.985317486111966
2,35,these,328.4111111111111,of,One,5.678464666671911
2,36,was,364.18279569892474,these,of,5.680172609017068
2,37,a,337.2888888888889,was,these,5.675040005790547
2,38,<UNK>,345.97752808988764,a,was,4.084294226368599
2,39,little,349.56043956043953,<UNK>,a,5.8888779583328805
2,40,<UNK>,348.70786516853934,little,<UNK>,4.772378104971998
2,41,named,389.9230769230769,<UNK>,little,5.695414224985685
2,42,"Aqua,",451.39080459770116,named,<UNK>,5.678464666671911
2,43,who,436.13483146067415,"Aqua,",named,5.675040005790547
2,44,danced,385.2087912087912,who,"Aqua,",5.675040005790547
2,45,on,385.91011235955057,danced,who,5.675040005790547
2,46,the,391.4347826086956,on,danced,5.675040005790547
2,47,<UNK>,396.0769230769231,the,on,3.578604923653681
2,48,<UNK>,406.76666666666665,<UNK>,the,2.1873722808932077
2,49,of,403.4725274725275,<UNK>,<UNK>,3.9216065656922034
2,50,the,379.31868131868134,of,<UNK>,3.0417173867958143
2,51,<UNK>,393.8695652173913,the,of,2.8210735895056054
2,52,as,423.0879120879121,<UNK>,the,5.202907181743378
2,53,they,384.08045977011494,as,<UNK>,5.326256735237278
2,54,<UNK>,371.032967032967,they,as,5.271288694160117
2,55,up,357.2608695652174,<UNK>,they,5.284894346215896
2,56,and,340.27472527472526,up,<UNK>,5.286582110329616
2,57,down,346.4725274725275,and,up,5.676753802268282
2,58,in,352.6,down,and,5.676753802268282
2,59,the,327.15555555555557,in,down,5.676753802268282
2,60,<UNK>,386.30434782608694,the,in,2.968080742223481
2,61,"and,",395.6373626373626,<UNK>,the,6.119197913617533
2,62,no,363.8901098901099,"and,",<UNK>,5.680172609017068
2,63,<UNK>,349.1868131868132,no,"and,",5.675040005790547
2,64,how,341.8131868131868,<UNK>,no,5.688668836846153
2,65,high,344.2,how,<UNK>,5.676753802268282
2,66,he,318.6292134831461,high,how,5.675040005790547
2,67,<UNK>,373.75824175824175,he,high,5.675040005790547
2,68,he,373.8478260869565,<UNK>,he,5.725217755376266
2,69,always,361.4175824175824,he,<UNK>,5.293304824724492
2,70,came,355.53333333333336,always,he,5.676753802268282
2,71,down,355.94505494505495,came,always,5.675040005790547
2,72,again,359.27777777777777,down,came,5.675040005790547
2,73,into,371.96629213483146,again,down,5.675040005790547
2,74,his,344.5934065934066,into,again,5.675040005790547
2,75,<UNK>,365.3888888888889,his,into,5.271288694160117
2,76,<UNK>,414.7692307692308,<UNK>,his,4.11251186617755
2,77,His,426.8,<UNK>,<UNK>,6.118831143028423
2,78,<UNK>,383.3,His,<UNK>,4.987025428457122
2,79,you,387.84444444444443,<UNK>,His,5.678464666671911
2,80,<UNK>,369.2857142857143,you,<UNK>,4.598481197837295
2,81,was,364.7362637362637,<UNK>,you,5.683579767338681
2,82,the,342.5444444444444,was,<UNK>,4.807294370078226
2,83,"ocean,",378.4065934065934,the,was,5.702114417555504
2,84,and,404.6333333333333,"ocean,",the,5.680172609017068
2,85,very,374.8021978021978,and,"ocean,",5.675040005790547
2,86,beautiful,388.0659340659341,very,and,5.675040005790547
2,87,she,380.5652173913044,beautiful,very,5.675040005790547
2,88,looked,351.0879120879121,she,beautiful,5.675040005790547
2,89,that,366.57142857142856,looked,she,5.678464666671911
2,90,<UNK>,398.0978260869565,that,looked,5.675040005790547
2,91,day,395.4175824175824,<UNK>,that,5.717027701406222
2,92,in,353.13186813186815,day,<UNK>,5.676753802268282
2,93,her,354.1758241758242,in,day,5.678464666671911
2,94,dark,384.07608695652175,her,in,5.683579767338681
2,95,blue,392.70652173913044,dark,her,5.675040005790547
2,96,<UNK>,378.7912087912088,blue,dark,5.675040005790547
2,97,and,382.7032967032967,<UNK>,blue,5.675040005790547
2,98,white,367.1098901098901,and,<UNK>,5.94672865326659
2,99,<UNK>,406.2282608695652,white,and,5.675040005790547
2,100,By,456.10869565217394,<UNK>,white,5.678464666671911
2,101,and,471.31111111111113,By,<UNK>,5.678464666671911
2,102,<UNK>,436.96629213483146,and,By,5.675040005790547
2,103,the,372.14444444444445,<UNK>,and,4.58787868887803
2,104,<UNK>,342.84615384615387,the,<UNK>,2.5031016933792296
2,105,water,403.72222222222223,<UNK>,the,5.713732805509369
2,106,<UNK>,416.43956043956047,water,<UNK>,5.272999558563747
2,107,tired,434.1304347826087,<UNK>,water,5.681877639268151
2,108,of,407.19565217391306,tired,<UNK>,5.675040005790547
2,109,his,370.13186813186815,of,tired,5.676753802268282
2,110,<UNK>,373.0659340659341,his,of,4.988730458708206
2,111,and,371.24175824175825,<UNK>,his,4.805659046737495
2,112,looking,361.7391304347826,and,<UNK>,5.94672865326659
2,113,up,359.64130434782606,looking,and,5.675040005790547
2,114,to,346.0,up,looking,5.675040005790547
2,115,the,326.27472527472526,to,up,5.276412531159987
2,116,clear,344.94565217391306,the,to,5.730099782973574
2,117,sky,339.85869565217394,clear,the,5.675040005790547
2,118,<UNK>,343.9340659340659,sky,clear,5.675040005790547
2,119,"him,",361.54945054945057,<UNK>,sky,5.675040005790547
2,120,thought,366.6,"him,",<UNK>,5.676753802268282
2,121,he,348.45054945054943,thought,"him,",5.675040005790547
2,122,would,336.9120879120879,he,thought,5.675040005790547
2,123,like,342.46666666666664,would,he,5.678464666671911
2,124,to,308.75824175824175,like,would,5.676753802268282
2,125,have,315.95652173913044,to,like,5.271288694160117
2,126,a,305.2608695652174,have,to,5.69204721843778
2,127,<UNK>,315.05494505494505,a,have,4.987025428457122
2,128,on,368.86813186813185,<UNK>,a,5.483412850224717
2,129,one,371.5869565217391,on,<UNK>,5.720311776607412
2,130,of,344.3695652173913,one,on,5.675040005790547
2,131,the,337.65934065934067,of,one,4.302374475726262
2,132,<UNK>,352.4065934065934,the,of,2.8210735895056054
2,133,<UNK>,476.4175824175824,<UNK>,the,2.1873722808932077
2,134,<UNK>,519.438202247191,<UNK>,<UNK>,1.8561512659871076
2,135,<UNK>,454.9891304347826,<UNK>,<UNK>,1.8561512659871076
2,136,of,371.64130434782606,<UNK>,<UNK>,3.9216065656922034
2,137,<UNK>,358.92391304347825,of,<UNK>,2.6560549059838294
2,138,his,362.6043956043956,<UNK>,of,5.7745515455444085
2,139,whole,355.83516483516485,his,<UNK>,5.6937321388027
2,140,<UNK>,357.35164835164835,whole,his,5.675040005790547
2,141,in,329.84615384615387,<UNK>,whole,5.683579767338681
2,142,the,327.4673913043478,in,<UNK>,3.250374491927572
2,143,ocean.,337.64444444444445,the,in,5.771441123130016
2,144,<UNK>,386.27777777777777,ocean.,the,4.985317486111966
2,145,the,344.7802197802198,<UNK>,ocean.,5.272999558563747
2,146,<UNK>,354.5934065934066,the,<UNK>,2.5031016933792296
2,147,little,524.7888888888889,<UNK>,the,5.713732805509369
2,148,Aqua,481.967032967033,little,<UNK>,5.688668836846153
2,149,had,401.75,Aqua,little,5.675040005790547
2,150,always,376.967032967033,had,Aqua,5.675040005790547
2,151,been,350.6043956043956,always,had,4.987025428457122
2,152,<UNK>,374.3076923076923,been,always,5.272999558563747
2,153,but,428.67391304347825,<UNK>,been,5.288267030694535
2,154,he,364.0888888888889,but,<UNK>,5.738183901373533
2,155,decided,367.7032967032967,he,but,5.675040005790547
2,156,to,342.20652173913044,decided,he,5.675040005790547
2,157,finally,339.5652173913044,to,decided,5.678464666671911
2,158,face,349.5652173913044,finally,to,5.675040005790547
2,159,his,332.3369565217391,face,finally,5.675040005790547
2,160,<UNK>,358.9782608695652,his,face,5.675040005790547
2,161,and,361.53846153846155,<UNK>,his,4.805659046737495
2,162,suggested,355.5111111111111,and,<UNK>,5.541263545158426
2,163,a,358.4945054945055,suggested,and,5.271288694160117
2,164,<UNK>,368.8901098901099,a,suggested,5.271288694160117
2,165,<UNK>,409.4222222222222,<UNK>,a,2.4548907538477347
2,166,the,388.69565217391306,<UNK>,<UNK>,3.45624331600297
2,167,sun,372.5326086956522,the,<UNK>,5.887491956725004
2,168,<UNK>,399.7717391304348,sun,the,5.680172609017068
2,169,him,363.0989010989011,<UNK>,sun,5.675040005790547
2,170,up,347.5824175824176,him,<UNK>,5.683579767338681
2,171,to,340.4021739130435,up,him,5.675040005790547
2,172,the,341.69565217391306,to,up,5.276412531159987
2,173,sky,343.5934065934066,the,to,5.730099782973574
2,174,would,390.17391304347825,sky,the,5.676753802268282
2,175,be,391.032967032967,would,sky,5.675040005790547
2,176,<UNK>,394.8021978021978,be,would,4.434212387844452
2,177,The,403.4021739130435,<UNK>,be,5.718671087149952
2,178,sun,384.0879120879121,The,<UNK>,5.776103136235827
2,179,understood,413.2826086956522,sun,The,5.675040005790547
2,180,<UNK>,376.7826086956522,understood,sun,5.675040005790547
2,181,<UNK>,374.1978021978022,<UNK>,understood,5.675040005790547
2,182,came,367.1978021978022,<UNK>,<UNK>,6.118831143028423
2,183,from,401.69565217391306,came,<UNK>,5.683579767338681
2,184,his,347.80434782608694,from,came,5.676753802268282
2,185,<UNK>,367.6263736263736,his,from,4.985317486111966
2,186,so,394.2197802197802,<UNK>,his,5.72194977861165
2,187,he,378.75,so,<UNK>,5.6937321388027
2,188,<UNK>,479.35164835164835,he,so,5.271288694160117
2,189,and,427.010989010989,<UNK>,he,5.725217755376266
2,190,also,369.57608695652175,and,<UNK>,5.94672865326659
2,191,took,356.69565217391306,also,and,5.675040005790547
2,192,<UNK>,350.05494505494505,took,also,5.675040005790547
2,193,so,398.35164835164835,<UNK>,took,5.676753802268282
2,194,many,393.0967741935484,so,<UNK>,5.6937321388027
2,195,other,358.6703296703297,many,so,5.675040005790547
2,196,"drops,",387.4623655913978,other,many,5.675040005790547
2,197,so,374.16483516483515,"drops,",other,5.675040005790547
2,198,that,371.42391304347825,so,"drops,",5.675040005790547
2,199,Aqua,364.97802197802196,that,so,5.680172609017068
2,200,might,355.8369565217391,Aqua,that,5.675040005790547
2,201,not,333.71590909090907,might,Aqua,5.675040005790547
2,202,be,319.74444444444447,not,might,5.675040005790547
2,203,<UNK>,370.5,be,not,5.675040005790547
2,204,on,402.25,<UNK>,be,5.718671087149952
2,205,the,344.45054945054943,on,<UNK>,3.84850959970582
2,206,<UNK>,328.032967032967,the,on,3.578604923653681
2,207,It,378.6304347826087,<UNK>,the,5.426050733057588
2,208,was,327.55056179775283,It,<UNK>,3.581883615115379
2,209,only,331.2888888888889,was,It,5.303304908059076
2,210,the,349.4555555555556,only,was,5.274707500908903
2,211,sun,369.2857142857143,the,only,5.676753802268282
2,212,that,336.6703296703297,sun,the,5.680172609017068
2,213,knew,357.9230769230769,that,sun,5.675040005790547
2,214,<UNK>,336.4111111111111,knew,that,5.675040005790547
2,215,"however,",367.75555555555553,<UNK>,knew,5.675040005790547
2,216,for,358.68131868131866,"however,",<UNK>,5.681877639268151
2,217,all,341.010989010989,for,"however,",5.675040005790547
2,218,the,326.04347826086956,all,for,5.675040005790547
2,219,other,340.4021739130435,the,all,5.69035945432406
2,220,drops,342.7362637362637,other,the,5.688668836846153
2,221,had,340.8131868131868,drops,other,5.675040005790547
2,222,been,346.0869565217391,had,drops,5.675040005790547
2,223,<UNK>,351.19565217391306,been,had,4.309119863865794
2,224,into,378.010989010989,<UNK>,been,5.6937321388027
2,225,<UNK>,382.9673913043478,into,<UNK>,4.447680604895319
2,226,<UNK>,375.4021739130435,<UNK>,into,5.2798138949834765
2,227,or,382.5054945054945,<UNK>,<UNK>,4.384230087640317
2,228,vapor,366.5869565217391,or,<UNK>,5.72194977861165
2,229,and,355.7608695652174,vapor,or,5.675040005790547
2,230,Aqua,372.4175824175824,and,vapor,5.675040005790547
2,231,could,379.57142857142856,Aqua,and,5.675040005790547
2,232,not,385.4347826086956,could,Aqua,5.675040005790547
2,233,see,352.7391304347826,not,could,5.281510248231656
2,234,them.,355.7888888888889,see,not,5.676753802268282
2,235,<UNK>,394.97802197802196,them.,see,5.675040005790547
2,236,you,367.1630434782609,<UNK>,them.,5.676753802268282
2,237,know,342.8695652173913,you,<UNK>,5.29162837839724
2,238,what,333.2967032967033,know,you,5.676753802268282
2,239,vapor,330.25274725274727,what,know,5.675040005790547
2,240,<UNK>,402.89130434782606,vapor,what,5.675040005790547
2,241,<UNK>,387.30434782608694,<UNK>,vapor,5.675040005790547
2,242,you,343.3956043956044,<UNK>,<UNK>,5.27153328264122
2,243,<UNK>,375.9673913043478,you,<UNK>,4.598481197837295
2,244,into,370.35955056179773,<UNK>,you,5.683579767338681
2,245,the,333.9021739130435,into,<UNK>,4.601831284722577
2,246,<UNK>,348.17391304347825,the,into,4.435905868350785
2,247,when,352.25274725274727,<UNK>,the,6.119197913617533
2,248,it,336.61538461538464,when,<UNK>,5.69204721843778
2,249,is,323.4945054945055,it,when,5.675040005790547
2,250,cold,318.64444444444445,is,it,5.678464666671911
2,251,<UNK>,378.8131868131868,cold,is,5.675040005790547
2,252,you,345.7608695652174,<UNK>,cold,5.675040005790547
2,253,will,324.3333333333333,you,<UNK>,5.29162837839724
2,254,see,312.25555555555553,will,you,5.680172609017068
2,255,it,318.2197802197802,see,will,5.675040005790547
2,256,<UNK>,355.032967032967,it,see,5.675040005790547
2,257,out,327.5280898876405,<UNK>,it,5.688668836846153
2,258,of,313.74444444444447,out,<UNK>,4.598481197837295
2,259,your,301.2857142857143,of,out,5.69204721843778
2,260,<UNK>,301.94505494505495,your,of,5.675040005790547
2,261,<UNK>,352.56666666666666,<UNK>,your,5.678464666671911
2,262,and,332.6629213483146,<UNK>,<UNK>,3.367295829986474
2,263,fast,342.84444444444443,and,<UNK>,5.94672865326659
2,264,like,314.7,fast,and,5.675040005790547
2,265,<UNK>,349.4782608695652,like,fast,5.675040005790547
2,266,When,413.97802197802196,<UNK>,like,5.681877639268151
2,267,the,374.3695652173913,When,<UNK>,5.680172609017068
2,268,vapor,331.7802197802198,the,When,5.676753802268282
2,269,is,328.5274725274725,vapor,the,5.675040005790547
2,270,quite,359.8021978021978,is,vapor,5.675040005790547
2,271,near,357.8478260869565,quite,is,5.675040005790547
2,272,the,338.53846153846155,near,quite,5.675040005790547
2,273,"earth,",328.74444444444447,the,near,5.678464666671911
2,274,we,372.1222222222222,"earth,",the,5.680172609017068
2,275,call,314.0989010989011,we,"earth,",5.675040005790547
2,276,it,301.89130434782606,call,we,5.675040005790547
2,277,<UNK>,347.4347826086956,it,call,5.271288694160117
2,278,<UNK>,409.4725274725275,<UNK>,it,5.2832037287379885
2,279,vapor,361.85714285714283,<UNK>,<UNK>,6.524296251136588
2,280,the,404.6847826086956,vapor,<UNK>,5.675040005790547
2,281,water,365.5869565217391,the,vapor,5.675040005790547
2,282,drops,349.6630434782609,water,the,4.770684624465665
2,283,that,345.56043956043953,drops,water,5.278114659230518
2,284,danced,405.85869565217394,that,drops,5.678464666671911
2,285,in,339.42391304347825,danced,that,5.675040005790547
2,286,the,333.04347826086956,in,danced,5.675040005790547
2,287,<UNK>,320.68131868131866,the,in,2.968080742223481
2,288,had,337.39130434782606,<UNK>,the,6.119197913617533
2,289,been,348.14130434782606,had,<UNK>,5.29162837839724
2,290,<UNK>,366.24175824175825,been,had,4.309119863865794
2,291,because,391.8021978021978,<UNK>,been,5.6937321388027
2,292,in,330.54347826086956,because,<UNK>,5.6937321388027
2,293,their,320.0652173913044,in,because,5.675040005790547
2,294,own,312.4891304347826,their,in,5.675040005790547
2,295,<UNK>,319.0869565217391,own,their,5.675040005790547
2,296,they,333.85869565217394,<UNK>,own,5.676753802268282
2,297,were,324.42857142857144,they,<UNK>,5.284894346215896
2,298,too,332.85869565217394,were,they,5.68697535633982
2,299,heavy,331.82608695652175,too,were,5.675040005790547
2,300,for,338.86813186813185,heavy,too,5.271288694160117
2,301,the,316.0869565217391,for,heavy,5.271288694160117
2,302,<UNK>,369.4021739130435,the,for,4.440969170307332
2,303,that,409.84615384615387,<UNK>,the,5.426050733057588
2,304,the,347.0659340659341,that,<UNK>,4.2689201469014
2,305,sun,372.6304347826087,the,that,5.723585101952381
2,306,let,337.04347826086956,sun,the,5.680172609017068
2,307,out,328.9120879120879,let,sun,5.675040005790547
2,308,to,329.0869565217391,out,let,5.675040005790547
2,309,<UNK>,343.1195652173913,to,out,5.676753802268282
2,310,<UNK>,404.0777777777778,<UNK>,to,3.5717540968765236
2,311,and,395.0217391304348,<UNK>,<UNK>,3.367295829986474
2,312,higher,345.5054945054945,and,<UNK>,5.541263545158426
2,313,they,352.9891304347826,higher,and,5.680172609017068
2,314,<UNK>,325.5652173913044,they,higher,5.675040005790547
2,315,and,333.85869565217394,<UNK>,they,5.69035945432406
2,316,though,347.2197802197802,and,<UNK>,5.94672865326659
2,317,it,377.45652173913044,though,and,5.676753802268282
2,318,was,370.4673913043478,it,though,5.271288694160117
2,319,<UNK>,345.8021978021978,was,it,4.802380355275797
2,320,Aqua,370.14285714285717,<UNK>,was,5.7698822763607245
2,321,and,363.6373626373626,Aqua,<UNK>,5.680172609017068
2,322,his,369.6521739130435,and,Aqua,4.987025428457122
2,323,<UNK>,334.14130434782606,his,and,5.680172609017068
2,324,were,350.2608695652174,<UNK>,his,5.72194977861165
2,325,like,306.8804347826087,were,<UNK>,5.703782474656201
2,326,fish,297.3695652173913,like,were,5.675040005790547
2,327,out,331.0217391304348,fish,like,5.675040005790547
2,328,of,310.85714285714283,out,fish,5.675040005790547
2,329,"water,",314.15384615384613,of,out,5.69204721843778
2,330,so,328.38461538461536,"water,",of,5.271288694160117
2,331,they,331.1304347826087,so,"water,",5.678464666671911
2,332,grew,331.17391304347825,they,so,5.676753802268282
2,333,quite,317.16483516483515,grew,they,5.675040005790547
2,334,<UNK>,361.9347826086956,quite,grew,5.675040005790547
2,335,They,365.2826086956522,<UNK>,quite,5.678464666671911
2,336,<UNK>,390.05434782608694,They,<UNK>,5.680172609017068
2,337,looking,332.6,<UNK>,They,5.675040005790547
2,338,down,329.30434782608694,looking,<UNK>,5.676753802268282
2,339,on,311.1630434782609,down,looking,5.675040005790547
2,340,the,316.8804347826087,on,down,5.271288694160117
2,341,world,304.3369565217391,the,on,5.718671087149952
2,342,<UNK>,312.4725274725275,world,the,4.987025428457122
2,343,while,342.14130434782606,<UNK>,world,5.678464666671911
2,344,the,322.10869565217394,while,<UNK>,5.678464666671911
2,345,wind,336.0217391304348,the,while,5.675040005790547
2,346,<UNK>,337.75555555555553,wind,the,5.274707500908903
2,347,them,338.19565217391306,<UNK>,wind,5.676753802268282
2,348,across,339.7391304347826,them,<UNK>,5.683579767338681
2,349,the,326.1304347826087,across,them,5.675040005790547
2,350,<UNK>,334.82608695652175,the,across,4.985317486111966
2,351,<UNK>,352.3695652173913,<UNK>,the,2.1873722808932077
2,352,of,328.3736263736264,<UNK>,<UNK>,3.9216065656922034
2,353,the,302.2717391304348,of,<UNK>,3.0417173867958143
2,354,"earth,",318.4782608695652,the,of,5.791488055075306
2,355,but,339.6195652173913,"earth,",the,5.680172609017068
2,356,after,333.9673913043478,but,"earth,",5.675040005790547
2,357,a,297.17391304347825,after,but,5.271288694160117
2,358,while,297.9021739130435,a,after,5.676753802268282
2,359,it,294.3804347826087,while,a,5.676753802268282
2,360,grew,293.5,it,while,5.675040005790547
2,361,nearly,296.92391304347825,grew,it,5.675040005790547
2,362,time,320.57608695652175,nearly,grew,5.675040005790547
2,363,for,383.35869565217394,time,nearly,5.675040005790547
2,364,the,320.8222222222222,for,time,5.676753802268282
2,365,sun,298.04347826086956,the,for,5.6937321388027
2,366,to,298.8695652173913,sun,the,5.680172609017068
2,367,go,292.6630434782609,to,sun,5.675040005790547
2,368,to,303.1630434782609,go,to,5.276412531159987
2,369,<UNK>,321.89130434782606,to,go,5.678464666671911
2,370,He,359.65934065934067,<UNK>,to,5.823045895483019
2,371,became,329.34065934065933,He,<UNK>,5.6937321388027
2,372,very,306.5978260869565,became,He,5.675040005790547
2,373,red,345.5217391304348,very,became,5.676753802268282
2,374,in,323.19565217391306,red,very,5.675040005790547
2,375,the,309.8804347826087,in,red,5.675040005790547
2,376,"face,",322.70652173913044,the,in,5.365976015021851
2,377,and,311.6630434782609,"face,",the,5.676753802268282
2,378,began,344.7608695652174,and,"face,",5.675040005790547
2,379,to,314.5652173913044,began,and,5.271288694160117
2,380,<UNK>,318.0978260869565,to,began,4.584967478670572
2,381,<UNK>,312.989010989011,<UNK>,to,3.5717540968765236
2,382,and,327.9782608695652,<UNK>,<UNK>,3.367295829986474
2,383,<UNK>,314.1098901098901,and,<UNK>,2.3632097148104805
2,384,until,328.8791208791209,<UNK>,and,5.840641657373398
2,385,suddenly,324.4725274725275,until,<UNK>,5.683579767338681
2,386,he,315.83516483516485,suddenly,until,5.675040005790547
2,387,went,315.68131868131866,he,suddenly,5.675040005790547
2,388,clear,327.6521739130435,went,he,5.676753802268282
2,389,out,349.1847826086956,clear,went,5.675040005790547
2,390,of,336.7826086956522,out,clear,5.675040005790547
2,391,<UNK>,338.67391304347825,of,out,5.286582110329616
2,392,<UNK>,375.29347826086956,<UNK>,of,3.1004028961178793
2,393,little,343.97802197802196,<UNK>,<UNK>,6.524296251136588
2,394,"Aqua,",320.15384615384613,little,<UNK>,5.688668836846153
2,395,<UNK>,353.9021739130435,"Aqua,",little,5.675040005790547
2,396,by,349.4725274725275,<UNK>,"Aqua,",5.675040005790547
2,397,the,323.7692307692308,by,<UNK>,3.644143560272545
2,398,<UNK>,335.05434782608694,the,by,4.206349620598596
2,399,cold,346.35555555555555,<UNK>,the,6.119197913617533
2,400,and,337.9130434782609,cold,<UNK>,5.678464666671911
2,401,<UNK>,333.7717391304348,and,cold,5.676753802268282
2,402,wished,346.0769230769231,<UNK>,and,5.840641657373398
2,403,he,332.67391304347825,wished,<UNK>,5.676753802268282
2,404,could,330.9021739130435,he,wished,5.271288694160117
2,405,<UNK>,316.3736263736264,could,he,5.685279003091641
2,406,not,318.64130434782606,<UNK>,could,5.685279003091641
2,407,in,321.4065934065934,not,<UNK>,5.683579767338681
2,408,the,324.5164835164835,in,not,5.675040005790547
2,409,<UNK>,322.57142857142856,the,in,2.968080742223481
2,410,but,313.6304347826087,<UNK>,the,5.202907181743378
2,411,<UNK>,330.9010989010989,but,<UNK>,5.045036720813588
2,412,<UNK>,342.2111111111111,<UNK>,but,5.274707500908903
2,413,to,307.4945054945055,<UNK>,<UNK>,4.081949215767383
2,414,earth.,310.13186813186815,to,<UNK>,5.815621956411737
2,415,Then,367.5978260869565,earth.,to,5.676753802268282
2,416,Aqua,349.16483516483515,Then,earth.,5.675040005790547
2,417,heard,351.95652173913044,Aqua,Then,5.675040005790547
2,418,the,313.9782608695652,heard,Aqua,5.675040005790547
2,419,wind,316.8369565217391,the,heard,5.681877639268151
2,420,<UNK>,310.7608695652174,wind,the,5.274707500908903
2,421,and,328.3626373626374,<UNK>,wind,5.676753802268282
2,422,<UNK>,386.2608695652174,and,<UNK>,2.3632097148104805
2,423,that,381.20652173913044,<UNK>,and,4.742029368705289
2,424,<UNK>,344.0,that,<UNK>,3.693556001997838
2,425,the,335.2826086956522,<UNK>,that,4.800736969532067
2,426,wind,320.7282608695652,the,<UNK>,5.482026848616839
2,427,could,330.18888888888887,wind,the,5.680172609017068
2,428,take,312.30434782608694,could,wind,5.675040005790547
2,429,him,311.9347826086956,take,could,5.675040005790547
2,430,back,309.83516483516485,him,take,5.675040005790547
2,431,down,295.6304347826087,back,him,5.675040005790547
2,432,to,309.6043956043956,down,back,5.675040005790547
2,433,the,302.0217391304348,to,down,5.272999558563747
2,434,ocean.,322.07608695652175,the,to,5.730099782973574
2,435,<UNK>,364.010989010989,ocean.,the,4.985317486111966
2,436,the,328.5111111111111,<UNK>,ocean.,5.272999558563747
2,437,wind,317.0769230769231,the,<UNK>,5.482026848616839
2,438,took,315.6,wind,the,5.680172609017068
2,439,<UNK>,322.3478260869565,took,wind,5.675040005790547
2,440,on,303.2111111111111,<UNK>,took,5.676753802268282
2,441,him,306.7912087912088,on,<UNK>,5.720311776607412
2,442,and,290.2282608695652,him,on,5.675040005790547
2,443,<UNK>,303.7802197802198,and,him,5.675040005790547
2,444,"him,",340.34065934065933,<UNK>,and,5.840641657373398
2,445,together,355.3076923076923,"him,",<UNK>,5.676753802268282
2,446,with,325.1521739130435,together,"him,",5.675040005790547
2,447,all,317.4021739130435,with,together,5.675040005790547
2,448,of,299.5217391304348,all,with,5.272999558563747
2,449,his,287.7142857142857,of,all,5.678464666671911
2,450,brothers,338.7692307692308,his,of,5.681877639268151
2,451,and,315.74444444444447,brothers,his,5.678464666671911
2,452,<UNK>,297.8181818181818,and,brothers,5.675040005790547
2,453,into,335.8333333333333,<UNK>,and,5.147494476813453
2,454,a,296.31111111111113,into,<UNK>,4.784152841516532
2,455,heavy,295.4725274725275,a,into,5.681877639268151
2,456,<UNK>,299.97777777777776,heavy,a,5.675040005790547
2,457,<UNK>,342.54945054945057,<UNK>,heavy,5.678464666671911
2,458,after,337.032967032967,<UNK>,<UNK>,6.118831143028423
2,459,which,373.7362637362637,after,<UNK>,5.678464666671911
2,460,he,321.86813186813185,which,after,5.675040005790547
2,461,<UNK>,338.64835164835165,he,which,5.675040005790547
2,462,them,308.79347826086956,<UNK>,he,5.725217755376266
2,463,<UNK>,304.44565217391306,them,<UNK>,5.683579767338681
2,464,and,340.60869565217394,<UNK>,them,5.675040005790547
2,465,told,322.5217391304348,and,<UNK>,5.541263545158426
2,466,them,308.23333333333335,told,and,5.678464666671911
2,467,to,292.02197802197804,them,told,5.675040005790547
2,468,<UNK>,312.82608695652175,to,them,5.675040005790547
2,469,"down,",293.73333333333335,<UNK>,to,5.823045895483019
2,470,fast,320.7912087912088,"down,",<UNK>,5.675040005790547
2,471,and,317.42857142857144,fast,"down,",5.675040005790547
2,472,<UNK>,322.1098901098901,and,fast,5.271288694160117
2,473,to,317.1195652173913,<UNK>,and,4.742029368705289
2,474,the,289.3296703296703,to,<UNK>,3.8007189358694715
2,475,"earth,",288.42857142857144,the,to,5.730099782973574
2,476,so,307.6847826086956,"earth,",the,5.680172609017068
2,477,they,297.2717391304348,so,"earth,",5.675040005790547
2,478,could,287.92391304347825,they,so,5.676753802268282
2,479,have,292.4725274725275,could,they,5.271288694160117
2,480,a,295.20652173913044,have,could,5.678464666671911
2,481,<UNK>,327.79347826086956,a,have,4.987025428457122
2,482,<UNK>,305.4673913043478,<UNK>,a,2.4548907538477347
2,483,of,305.9891304347826,<UNK>,<UNK>,3.9216065656922034
2,484,<UNK>,308.8666666666667,of,<UNK>,2.6560549059838294
2,485,the,290.02222222222224,<UNK>,of,5.7745515455444085
2,486,ocean.,305.2637362637363,the,<UNK>,5.887491956725004
2,487,<UNK>,354.967032967033,ocean.,the,4.985317486111966
2,488,they,333.0444444444444,<UNK>,ocean.,5.678464666671911
2,489,<UNK>,327.22222222222223,they,<UNK>,4.591747165655951
2,490,<UNK>,298.54945054945057,<UNK>,they,4.997212273764115
2,491,over,305.1521739130435,<UNK>,<UNK>,5.6080055192624325
2,492,each,322.2087912087912,over,<UNK>,5.683579767338681
2,493,other,311.65555555555557,each,over,5.675040005790547
2,494,until,318.1847826086956,other,each,5.678464666671911
2,495,with,311.10869565217394,until,other,5.675040005790547
2,496,a,304.15555555555557,with,until,5.675040005790547
2,497,<UNK>,300.46666666666664,a,with,4.302374475726262
2,498,and,309.64835164835165,<UNK>,a,4.502583597212991
2,499,<UNK>,324.3777777777778,and,<UNK>,2.3632097148104805
2,500,and,315.20652173913044,<UNK>,and,5.147494476813453
2,501,<UNK>,328.2173913043478,and,<UNK>,2.3632097148104805
2,502,they,317.83516483516485,<UNK>,and,5.840641657373398
2,503,<UNK>,346.14285714285717,they,<UNK>,4.591747165655951
2,504,the,310.7977528089888,<UNK>,they,5.69035945432406
2,505,<UNK>,314.7032967032967,the,<UNK>,2.5031016933792296
2,506,and,334.6703296703297,<UNK>,the,3.676850878248329
2,507,all,316.44444444444446,and,<UNK>,5.253581472706645
2,508,the,309.85555555555555,all,and,4.985317486111966
2,509,people,322.14606741573033,the,all,5.69035945432406
2,510,that,310.1777777777778,people,the,5.688668836846153
2,511,the,295.6703296703297,that,people,5.675040005790547
2,512,<UNK>,331.0888888888889,the,that,3.7776749528970677
2,513,fell,325.74725274725273,<UNK>,the,5.713732805509369
2,514,on,333.4782608695652,fell,<UNK>,5.676753802268282
2,515,"cried,",328.6195652173913,on,fell,5.676753802268282
2,516,<UNK>,388.8666666666667,"cried,",on,5.675040005790547
2,517,<UNK>,359.9021739130435,<UNK>,"cried,",5.272999558563747
2,518,and,344.53846153846155,<UNK>,<UNK>,3.367295829986474
2,519,took,333.0888888888889,and,<UNK>,5.94672865326659
2,520,out,323.4347826086956,took,and,5.675040005790547
2,521,their,343.2307692307692,out,took,5.675040005790547
2,522,<UNK>,318.34065934065933,their,out,5.675040005790547
2,523,Some,332.31868131868134,<UNK>,their,5.697093486505405
2,524,of,318.4021739130435,Some,<UNK>,5.272999558563747
2,525,the,301.44565217391306,of,Some,5.271288694160117
2,526,drops,300.95652173913044,the,of,5.791488055075306
2,527,that,331.6923076923077,drops,the,5.675040005790547
2,528,were,289.6777777777778,that,drops,5.678464666671911
2,529,the,308.43956043956047,were,that,5.278114659230518
2,530,most,314.4782608695652,the,were,5.271288694160117
2,531,<UNK>,345.6777777777778,most,the,4.300680995219929
2,532,including,402.75824175824175,<UNK>,most,5.68697535633982
2,533,"Aqua,",343.9347826086956,including,<UNK>,5.680172609017068
2,534,fell,360.9673913043478,"Aqua,",including,5.675040005790547
2,535,on,336.95652173913044,fell,"Aqua,",5.675040005790547
2,536,a,320.0,on,fell,5.676753802268282
2,537,<UNK>,433.1208791208791,a,on,5.676753802268282
2,538,and,392.1195652173913,<UNK>,a,4.502583597212991
2,539,down,355.2608695652174,and,<UNK>,5.94672865326659
2,540,the,323.4065934065934,down,and,5.676753802268282
2,541,<UNK>,323.7362637362637,the,down,5.271288694160117
2,542,<UNK>,330.9782608695652,<UNK>,the,2.1873722808932077
2,543,they,345.8021978021978,<UNK>,<UNK>,5.425683962468478
2,544,<UNK>,332.3076923076923,they,<UNK>,4.591747165655951
2,545,<UNK>,386.1868131868132,<UNK>,they,4.997212273764115
2,546,they,345.6043956043956,<UNK>,<UNK>,5.425683962468478
2,547,<UNK>,339.27472527472526,they,<UNK>,4.591747165655951
2,548,into,333.94444444444446,<UNK>,they,5.69035945432406
2,549,a,317.85714285714283,into,<UNK>,4.784152841516532
2,550,<UNK>,313.8,a,into,4.988730458708206
2,551,<UNK>,342.3736263736264,<UNK>,a,2.4548907538477347
2,552,which,354.1573033707865,<UNK>,<UNK>,4.914858338702487
2,553,came,353.7032967032967,which,<UNK>,5.705447753975262
2,554,<UNK>,352.3076923076923,came,which,5.675040005790547
2,555,and,333.31111111111113,<UNK>,came,5.272999558563747
2,556,<UNK>,388.65934065934067,and,<UNK>,2.3632097148104805
2,557,<UNK>,345.67391304347825,<UNK>,and,3.355735007585398
2,558,<UNK>,337.65934065934067,<UNK>,<UNK>,1.8561512659871076
2,559,over,331.7,<UNK>,<UNK>,5.6080055192624325
2,560,<UNK>,335.54945054945057,over,<UNK>,5.278114659230518
2,561,and,326.17391304347825,<UNK>,over,5.678464666671911
2,562,<UNK>,309.2696629213483,and,<UNK>,2.3632097148104805
2,563,down,332.2967032967033,<UNK>,and,5.840641657373398
2,564,the,338.25274725274727,down,<UNK>,5.681877639268151
2,565,<UNK>,330.3333333333333,the,down,5.271288694160117
2,566,until,349.47777777777776,<UNK>,the,6.119197913617533
2,567,in,337.4673913043478,until,<UNK>,5.683579767338681
2,568,the,296.9891304347826,in,until,5.675040005790547
2,569,valley,289.07608695652175,the,in,5.771441123130016
2,570,<UNK>,300.7362637362637,valley,the,5.675040005790547
2,571,they,296.5111111111111,<UNK>,valley,5.675040005790547
2,572,heard,307.7,they,<UNK>,5.69035945432406
2,573,the,302.8901098901099,heard,they,5.675040005790547
2,574,<UNK>,334.010989010989,the,heard,4.988730458708206
2,575,<UNK>,353.1666666666667,<UNK>,the,2.1873722808932077
2,576,<UNK>,356.35164835164835,<UNK>,<UNK>,1.8561512659871076
2,577,The,371.31111111111113,<UNK>,<UNK>,4.578386102081274
2,578,little,352.44565217391306,The,<UNK>,5.776103136235827
2,579,water,326.0,little,The,5.678464666671911
2,580,drops,319.1758241758242,water,little,5.678464666671911
2,581,were,312.967032967033,drops,water,5.278114659230518
2,582,then,317.5978260869565,were,drops,5.676753802268282
2,583,able,318.6521739130435,then,were,5.675040005790547
2,584,to,302.0769230769231,able,then,5.675040005790547
2,585,make,304.65934065934067,to,able,5.680172609017068
2,586,out,311.7717391304348,make,to,5.683579767338681
2,587,a,310.82608695652175,out,make,5.675040005790547
2,588,<UNK>,308.5888888888889,a,out,5.675040005790547
2,589,mill,361.9230769230769,<UNK>,a,5.8888779583328805
2,590,that,358.43956043956047,mill,<UNK>,5.678464666671911
2,591,was,364.1847826086956,that,mill,5.675040005790547
2,592,<UNK>,337.8791208791209,was,that,4.439284249942412
2,593,on,315.7608695652174,<UNK>,was,5.7698822763607245
2,594,the,326.4835164835165,on,<UNK>,3.84850959970582
2,595,<UNK>,321.64130434782606,the,on,3.578604923653681
2,596,<UNK>,347.6179775280899,<UNK>,the,2.1873722808932077
2,597,the,327.29347826086956,<UNK>,<UNK>,3.45624331600297
2,598,<UNK>,314.81111111111113,the,<UNK>,2.5031016933792296
2,599,the,304.7692307692308,<UNK>,the,4.327438444389479
2,600,water,321.05494505494505,the,<UNK>,5.887491956725004
2,601,drops,298.27472527472526,water,the,4.770684624465665
2,602,saw,308.7391304347826,drops,water,5.683579767338681
2,603,two,307.15555555555557,saw,drops,5.675040005790547
2,604,great,326.9782608695652,two,saw,5.675040005790547
2,605,<UNK>,328.6304347826087,great,two,5.675040005790547
2,606,which,327.989010989011,<UNK>,great,5.678464666671911
2,607,the,335.3956043956044,which,<UNK>,5.705447753975262
2,608,big,330.38461538461536,the,which,5.676753802268282
2,609,<UNK>,318.34444444444443,big,the,4.763881877142913
2,610,<UNK>,331.35555555555555,<UNK>,big,5.685279003091641
2,611,<UNK>,333.1630434782609,<UNK>,<UNK>,1.8561512659871076
2,612,<UNK>,330.8333333333333,<UNK>,<UNK>,1.8561512659871076
2,613,and,340.54945054945057,<UNK>,<UNK>,3.367295829986474
2,614,<UNK>,352.93333333333334,and,<UNK>,2.3632097148104805
2,615,The,352.8901098901099,<UNK>,and,4.924350925499243
2,616,<UNK>,355.70786516853934,The,<UNK>,3.4247278790723494
2,617,<UNK>,370.94505494505495,<UNK>,The,4.324132656254979
2,618,by,344.032967032967,<UNK>,<UNK>,4.819548158898162
2,619,the,314.5280898876405,by,<UNK>,3.644143560272545
2,620,<UNK>,344.82022471910113,the,by,4.206349620598596
2,621,were,360.0769230769231,<UNK>,the,6.119197913617533
2,622,busy,340.3736263736264,were,<UNK>,5.703782474656201
2,623,<UNK>,352.2717391304348,busy,were,5.675040005790547
2,624,the,335.9120879120879,<UNK>,busy,5.676753802268282
2,625,<UNK>,316.6629213483146,the,<UNK>,2.5031016933792296
2,626,into,339.2608695652174,<UNK>,the,5.426050733057588
2,627,<UNK>,336.60869565217394,into,<UNK>,4.447680604895319
2,628,and,326.1666666666667,<UNK>,into,5.685279003091641
2,629,the,308.38461538461536,and,<UNK>,3.6954368546600955
2,630,<UNK>,320.5326086956522,the,and,4.0089847132709435
2,631,into,311.6521739130435,<UNK>,the,5.426050733057588
2,632,<UNK>,319.74725274725273,into,<UNK>,4.447680604895319
2,633,<UNK>,323.1,<UNK>,into,5.2798138949834765
2,634,<UNK>,355.4835164835165,<UNK>,<UNK>,1.8561512659871076
2,635,what,352.65934065934067,<UNK>,<UNK>,6.118831143028423
2,636,<UNK>,340.02197802197804,what,<UNK>,5.681877639268151
2,637,do,380.17391304347825,<UNK>,what,5.676753802268282
2,638,you,389.8695652173913,do,<UNK>,5.675040005790547
2,639,<UNK>,367.67391304347825,you,do,5.675040005790547
2,640,it,348.5054945054945,<UNK>,you,5.683579767338681
2,641,was,306.79347826086956,it,<UNK>,4.601831284722577
2,642,who,319.8222222222222,was,it,5.718671087149952
2,643,could,335.56666666666666,who,was,5.675040005790547
2,644,<UNK>,317.4835164835165,could,who,5.676753802268282
2,645,and,329.13186813186815,<UNK>,could,5.685279003091641
2,646,<UNK>,341.8478260869565,and,<UNK>,2.3632097148104805
2,647,that,334.57608695652175,<UNK>,and,4.742029368705289
2,648,<UNK>,353.5978260869565,that,<UNK>,3.693556001997838
2,649,<UNK>,363.0,<UNK>,that,5.0238805208462765
2,650,No,365.70652173913044,<UNK>,<UNK>,6.524296251136588
2,651,<UNK>,366.14285714285717,No,<UNK>,5.271288694160117
2,652,at,320.45652173913044,<UNK>,No,5.678464666671911
2,653,<UNK>,333.5326086956522,at,<UNK>,4.789157022101107
2,654,It,313.94505494505495,<UNK>,at,5.68697535633982
2,655,was,302.4673913043478,It,<UNK>,3.581883615115379
2,656,just,301.9891304347826,was,It,5.303304908059076
2,657,our,292.6222222222222,just,was,5.680172609017068
2,658,<UNK>,309.0108695652174,our,just,5.675040005790547
2,659,little,314.44565217391306,<UNK>,our,5.680172609017068
2,660,water,315.2282608695652,little,<UNK>,5.688668836846153
2,661,"drops,",331.0,water,little,5.678464666671911
2,662,who,341.9891304347826,"drops,",water,5.676753802268282
2,663,<UNK>,331.39130434782606,who,"drops,",5.675040005790547
2,664,on,319.3076923076923,<UNK>,who,5.681877639268151
2,665,it,316.5,on,<UNK>,5.720311776607412
2,666,by,310.5274725274725,it,on,5.675040005790547
2,667,hundreds,322.6703296703297,by,it,5.675040005790547
2,668,and,325.07608695652175,hundreds,by,5.675040005790547
2,669,<UNK>,362.80434782608694,and,hundreds,5.675040005790547
2,670,and,326.8131868131868,<UNK>,and,5.147494476813453
2,671,<UNK>,345.04395604395603,and,<UNK>,2.3632097148104805
2,672,it,323.032967032967,<UNK>,and,5.840641657373398
2,673,over,342.53333333333336,it,<UNK>,5.700443573390687
2,674,and,296.29213483146066,over,it,5.675040005790547
2,675,<UNK>,310.3296703296703,and,over,5.678464666671911
2,676,It,316.64835164835165,<UNK>,and,5.435176549265234
2,677,was,336.3736263736264,It,<UNK>,3.581883615115379
2,678,<UNK>,310.42045454545456,was,It,5.303304908059076
2,679,for,301.55555555555554,<UNK>,was,5.7698822763607245
2,680,the,326.43333333333334,for,<UNK>,4.633109554677333
2,681,water,309.3478260869565,the,for,5.6937321388027
2,682,drops,315.4888888888889,water,the,4.770684624465665
2,683,that,310.6222222222222,drops,water,5.278114659230518
2,684,the,291.0888888888889,that,drops,5.678464666671911
2,685,brook,288.1777777777778,the,that,5.723585101952381
2,686,where,312.3222222222222,brook,the,5.676753802268282
2,687,they,318.0681818181818,where,brook,5.675040005790547
2,688,were,322.2247191011236,they,where,5.678464666671911
2,689,<UNK>,316.8241758241758,were,they,5.281510248231656
2,690,next,311.032967032967,<UNK>,were,5.71042701737487
2,691,<UNK>,333.8241758241758,next,<UNK>,5.675040005790547
2,692,into,363.44565217391306,<UNK>,next,5.680172609017068
2,693,a,327.1111111111111,into,<UNK>,4.784152841516532
2,694,beautiful,325.7362637362637,a,into,5.681877639268151
2,695,pond,319.1208791208791,beautiful,a,5.676753802268282
2,696,where,326.2,pond,beautiful,5.675040005790547
2,697,<UNK>,331.76666666666665,where,pond,5.676753802268282
2,698,and,331.60674157303373,<UNK>,where,5.676753802268282
2,699,<UNK>,319.3369565217391,and,<UNK>,2.3632097148104805
2,700,were,312.5217391304348,<UNK>,and,5.147494476813453
2,701,<UNK>,313.0989010989011,were,<UNK>,3.9990343824177756
2,702,<UNK>,322.31868131868134,<UNK>,were,5.017279836814924
2,703,Aqua,330.94444444444446,<UNK>,<UNK>,6.524296251136588
2,704,liked,339.0326086956522,Aqua,<UNK>,5.274707500908903
2,705,to,327.1978021978022,liked,Aqua,5.676753802268282
2,706,play,301.2111111111111,to,liked,5.676753802268282
2,707,<UNK>,335.9782608695652,play,to,5.678464666671911
2,708,in,363.75,<UNK>,play,5.675040005790547
2,709,this,317.84615384615387,in,<UNK>,5.3706380281276624
2,710,<UNK>,314.74444444444447,this,in,5.272999558563747
2,711,and,300.46153846153845,<UNK>,this,5.69204721843778
2,712,it,302.67391304347825,and,<UNK>,5.030437921392435
2,713,was,309.6304347826087,it,and,4.988730458708206
2,714,his,286.6666666666667,was,it,5.718671087149952
2,715,brother,324.86813186813185,his,was,5.675040005790547
2,716,water,345.8369565217391,brother,his,5.271288694160117
2,717,<UNK>,393.9120879120879,water,brother,5.676753802268282
2,718,who,378.3736263736264,<UNK>,water,5.681877639268151
2,719,he,330.1868131868132,who,<UNK>,5.72194977861165
2,720,<UNK>,338.3736263736264,he,who,5.675040005790547
2,721,by,328.8695652173913,<UNK>,he,5.725217755376266
2,722,<UNK>,336.3369565217391,by,<UNK>,4.219507705176107
2,723,to,326.45054945054943,<UNK>,by,5.697093486505405
2,724,a,320.7802197802198,to,<UNK>,5.410156848303572
2,725,big,309.0,a,to,5.683579767338681
2,726,<UNK>,325.8695652173913,big,a,5.675040005790547
2,727,of,316.010989010989,<UNK>,big,5.2798138949834765
2,728,water,317.3296703296703,of,<UNK>,5.87493073085203
2,729,and,320.6703296703297,water,of,5.675040005790547
2,730,<UNK>,353.6630434782609,and,water,5.675040005790547
2,731,to,338.4130434782609,<UNK>,and,4.742029368705289
2,732,hide,299.9120879120879,to,<UNK>,5.815621956411737
2,733,<UNK>,317.53846153846155,hide,to,5.676753802268282
2,734,but,324.1978021978022,<UNK>,hide,5.676753802268282
2,735,then,341.8369565217391,but,<UNK>,5.332718793265369
2,736,<UNK>,354.3695652173913,then,but,5.680172609017068
2,737,<UNK>,319.57142857142856,<UNK>,then,5.683579767338681
2,738,a,311.31868131868134,<UNK>,<UNK>,4.819548158898162
2,739,<UNK>,307.4175824175824,a,<UNK>,3.132268406680267
2,740,into,307.5652173913044,<UNK>,a,5.8888779583328805
2,741,an,317.1630434782609,into,<UNK>,5.700443573390687
2,742,<UNK>,317.7362637362637,an,into,5.675040005790547
2,743,little,321.4347826086956,<UNK>,an,5.702114417555504
2,744,<UNK>,324.2087912087912,little,<UNK>,4.772378104971998
2,745,His,356.03333333333336,<UNK>,little,5.695414224985685
2,746,brother,356.8369565217391,His,<UNK>,5.680172609017068
2,747,had,340.95652173913044,brother,His,5.675040005790547
2,748,<UNK>,344.6703296703297,had,brother,5.675040005790547
2,749,<UNK>,391.25274725274727,<UNK>,had,4.469186810116282
2,750,and,359.35555555555555,<UNK>,<UNK>,3.367295829986474
2,751,even,366.6847826086956,and,<UNK>,5.030437921392435
2,752,<UNK>,318.8131868131868,even,and,5.274707500908903
2,753,Aqua,315.5824175824176,<UNK>,even,5.680172609017068
2,754,as,346.9891304347826,Aqua,<UNK>,5.680172609017068
2,755,he,307.9230769230769,as,Aqua,5.675040005790547
2,756,entered,301.30434782608694,he,as,5.681877639268151
2,757,the,342.3296703296703,entered,he,5.675040005790547
2,758,big,306.8804347826087,the,entered,5.676753802268282
2,759,<UNK>,299.8152173913044,big,the,4.763881877142913
2,760,of,297.35164835164835,<UNK>,big,5.2798138949834765
2,761,"water,",297.7826086956522,of,<UNK>,5.87493073085203
2,762,so,334.1208791208791,"water,",of,5.271288694160117
2,763,when,299.34065934065933,so,"water,",5.678464666671911
2,764,he,293.7142857142857,when,so,5.675040005790547
2,765,<UNK>,303.1098901098901,he,when,5.274707500908903
2,766,there,324.2826086956522,<UNK>,he,5.725217755376266
2,767,and,351.16483516483515,there,<UNK>,5.678464666671911
2,768,could,320.56043956043953,and,there,5.675040005790547
2,769,not,299.14285714285717,could,and,5.676753802268282
2,770,find,319.6629213483146,not,could,5.68697535633982
2,771,"him,",306.02222222222224,find,not,5.675040005790547
2,772,he,319.8695652173913,"him,",find,5.675040005790547
2,773,was,313.9673913043478,he,"him,",5.675040005790547
2,774,<UNK>,315.05555555555554,was,he,4.993828175779875
2,775,<UNK>,320.1195652173913,<UNK>,was,3.75497925581846
2,776,and,315.5217391304348,<UNK>,<UNK>,3.367295829986474
2,777,gave,310.75824175824175,and,<UNK>,5.94672865326659
2,778,<UNK>,324.9347826086956,gave,and,5.675040005790547
2,779,Aqua,330.6373626373626,<UNK>,gave,5.676753802268282
2,780,liked,334.2826086956522,Aqua,<UNK>,5.274707500908903
2,781,this,310.1777777777778,liked,Aqua,5.676753802268282
2,782,pond,333.9673913043478,this,liked,5.675040005790547
2,783,where,328.5888888888889,pond,this,5.675040005790547
2,784,he,323.72527472527474,where,pond,5.676753802268282
2,785,could,306.2258064516129,he,where,5.678464666671911
2,786,play,298.7096774193548,could,he,5.685279003091641
2,787,all,319.89130434782606,play,could,5.675040005790547
2,788,"day,",285.6989247311828,all,play,5.675040005790547
2,789,so,310.0,"day,",all,5.675040005790547
2,790,he,324.1868131868132,so,"day,",5.675040005790547
2,791,<UNK>,337.64516129032256,he,so,5.271288694160117
2,792,a,320.16129032258067,<UNK>,he,5.725217755376266
2,793,good,310.24175824175825,a,<UNK>,5.329492984016486
2,794,<UNK>,308.4130434782609,good,a,5.271288694160117
2,795,<UNK>,321.7912087912088,<UNK>,good,5.681877639268151
2,796,up,353.2967032967033,<UNK>,<UNK>,5.831149070576642
2,797,and,295.989010989011,up,<UNK>,5.286582110329616
2,798,"down,",302.92391304347825,and,up,5.676753802268282
2,799,taking,307.35483870967744,"down,",and,5.675040005790547
2,800,the,302.05434782608694,taking,"down,",5.675040005790547
2,801,<UNK>,323.7391304347826,the,taking,5.675040005790547
2,802,<UNK>,330.7173913043478,<UNK>,the,2.1873722808932077
2,803,for,362.6043956043956,<UNK>,<UNK>,5.138001890016697
2,804,<UNK>,338.4945054945055,for,<UNK>,4.633109554677333
2,805,and,344.86813186813185,<UNK>,for,5.28994911687752
2,806,the,331.9010989010989,and,<UNK>,3.6954368546600955
2,807,<UNK>,350.81720430107526,the,and,4.0089847132709435
2,808,for,335.32608695652175,<UNK>,the,5.202907181743378
2,809,<UNK>,340.5054945054945,for,<UNK>,4.633109554677333
2,810,but,345.06451612903226,<UNK>,for,5.695414224985685
2,811,after,381.64516129032256,but,<UNK>,5.738183901373533
2,812,a,343.3695652173913,after,but,5.271288694160117
2,813,time,307.1304347826087,a,after,5.676753802268282
2,814,he,301.1505376344086,time,a,5.676753802268282
2,815,tired,318.61290322580646,he,time,5.675040005790547
2,816,of,321.3370786516854,tired,he,5.675040005790547
2,817,the,326.22222222222223,of,tired,5.676753802268282
2,818,<UNK>,286.9130434782609,the,of,2.8210735895056054
2,819,<UNK>,312.94565217391306,<UNK>,the,2.1873722808932077
2,820,and,289.7142857142857,<UNK>,<UNK>,3.367295829986474
2,821,he,304.9891304347826,and,<UNK>,5.253581472706645
2,822,and,299.20652173913044,he,and,5.681877639268151
2,823,his,308.2197802197802,and,he,5.676753802268282
2,824,brothers,306.53846153846155,his,and,5.274707500908903
2,825,<UNK>,301.31868131868134,brothers,his,5.678464666671911
2,826,<UNK>,355.92391304347825,<UNK>,brothers,5.675040005790547
2,827,a,342.14285714285717,<UNK>,<UNK>,4.819548158898162
2,828,<UNK>,313.85714285714283,a,<UNK>,3.132268406680267
2,829,for,343.6703296703297,<UNK>,a,5.8888779583328805
2,830,a,297.8152173913044,for,<UNK>,4.478958874850075
2,831,long,293.80434782608694,a,for,5.685279003091641
2,832,<UNK>,308.65934065934067,long,a,5.675040005790547
2,833,until,339.0769230769231,<UNK>,long,5.676753802268282
2,834,they,302.2857142857143,until,<UNK>,5.278114659230518
2,835,saw,292.5934065934066,they,until,5.676753802268282
2,836,another,290.1630434782609,saw,they,5.675040005790547
2,837,brook,323.752688172043,another,saw,5.675040005790547
2,838,<UNK>,324.04347826086956,brook,another,5.675040005790547
2,839,down,351.7608695652174,<UNK>,brook,5.675040005790547
2,840,a,307.65934065934067,down,<UNK>,5.681877639268151
2,841,<UNK>,318.1630434782609,a,down,5.675040005790547
2,842,<UNK>,341.7826086956522,<UNK>,a,2.4548907538477347
2,843,<UNK>,343.1847826086956,<UNK>,<UNK>,1.8561512659871076
2,844,<UNK>,307.26881720430106,<UNK>,<UNK>,1.8561512659871076
2,845,<UNK>,323.75555555555553,<UNK>,<UNK>,1.8561512659871076
2,846,cried,372.46153846153845,<UNK>,<UNK>,6.118831143028423
2,847,Aqua,339.5730337078652,cried,<UNK>,5.680172609017068
2,848,and,340.31868131868134,Aqua,cried,5.675040005790547
2,849,because,326.83516483516485,and,Aqua,5.680172609017068
2,850,the,307.0659340659341,because,and,5.675040005790547
2,851,water,318.86813186813185,the,because,5.675040005790547
2,852,drops,311.72527472527474,water,the,4.770684624465665
2,853,were,309.0326086956522,drops,water,5.278114659230518
2,854,all,303.1758241758242,were,drops,5.676753802268282
2,855,<UNK>,309.5888888888889,all,were,5.274707500908903
2,856,<UNK>,350.61538461538464,<UNK>,all,5.2798138949834765
2,857,the,339.2043010752688,<UNK>,<UNK>,3.45624331600297
2,858,brook,328.5978260869565,the,<UNK>,5.887491956725004
2,859,was,307.13978494623655,brook,the,5.676753802268282
2,860,<UNK>,354.9010989010989,was,brook,5.675040005790547
2,861,<UNK>,334.2717391304348,<UNK>,was,3.75497925581846
2,862,It,367.5652173913044,<UNK>,<UNK>,5.27153328264122
2,863,was,352.6774193548387,It,<UNK>,3.581883615115379
2,864,by,328.6,was,It,5.70877001616724
2,865,the,295.2173913043478,by,was,5.675040005790547
2,866,help,328.39784946236557,the,by,5.71042701737487
2,867,of,313.44086021505376,help,the,5.675040005790547
2,868,Aqua,311.8021978021978,of,help,5.675040005790547
2,869,and,295.3369565217391,Aqua,of,5.271288694160117
2,870,his,287.5108695652174,and,Aqua,4.987025428457122
2,871,brothers,279.4731182795699,his,and,5.274707500908903
2,872,that,289.1777777777778,brothers,his,5.678464666671911
2,873,the,283.0,that,brothers,5.675040005790547
2,874,<UNK>,290.3804347826087,the,that,3.7776749528970677
2,875,<UNK>,368.494623655914,<UNK>,the,2.1873722808932077
2,876,was,333.8494623655914,<UNK>,<UNK>,5.020218854360313
2,877,able,354.63440860215053,was,<UNK>,5.723585101952381
2,878,to,302.3736263736264,able,was,5.271288694160117
2,879,<UNK>,295.2173913043478,to,able,4.987025428457122
2,880,heavy,301.9347826086956,<UNK>,to,5.823045895483019
2,881,<UNK>,321.8478260869565,heavy,<UNK>,5.675040005790547
2,882,though,370.73333333333335,<UNK>,heavy,5.678464666671911
2,883,not,422.72527472527474,though,<UNK>,5.678464666671911
2,884,so,349.2,not,though,5.675040005790547
2,885,long,313.83870967741933,so,not,5.676753802268282
2,886,<UNK>,306.55434782608694,long,so,5.675040005790547
2,887,it,316.5111111111111,<UNK>,long,5.676753802268282
2,888,was,297.27472527472526,it,<UNK>,4.601831284722577
2,889,only,300.6666666666667,was,it,5.718671087149952
2,890,a,315.77777777777777,only,was,5.680172609017068
2,891,little,321.64444444444445,a,only,5.678464666671911
2,892,<UNK>,324.34065934065933,little,a,5.276412531159987
2,893,As,330.44444444444446,<UNK>,little,5.695414224985685
2,894,the,318.65934065934067,As,<UNK>,4.767289035464526
2,895,<UNK>,323.7303370786517,the,As,4.583265350600041
2,896,grew,307.8068181818182,<UNK>,the,5.713732805509369
2,897,<UNK>,302.01149425287355,grew,<UNK>,5.676753802268282
2,898,and,305.7191011235955,<UNK>,grew,5.675040005790547
2,899,he,323.68131868131866,and,<UNK>,5.253581472706645
2,900,could,343.64044943820227,he,and,5.681877639268151
2,901,almost,326.05494505494505,could,he,5.685279003091641
2,902,see,301.2111111111111,almost,could,5.675040005790547
2,903,the,293.0978260869565,see,almost,5.675040005790547
2,904,"ocean,",289.3333333333333,the,see,5.676753802268282
2,905,Aqua,306.8,"ocean,",the,5.680172609017068
2,906,<UNK>,310.9318181818182,Aqua,"ocean,",5.675040005790547
2,907,his,320.3736263736264,<UNK>,Aqua,5.675040005790547
2,908,journey,311.1098901098901,his,<UNK>,5.6937321388027
2,909,was,319.314606741573,journey,his,5.675040005790547
2,910,almost,319.42045454545456,was,journey,5.675040005790547
2,911,over,326.9,almost,was,5.678464666671911
2,912,and,304.38461538461536,over,almost,5.675040005790547
2,913,he,319.31868131868134,and,over,5.678464666671911
2,914,had,300.1123595505618,he,and,5.276412531159987
2,915,come,318.0113636363636,had,he,5.685279003091641
2,916,<UNK>,296.9325842696629,come,had,5.271288694160117
2,917,<UNK>,294.1098901098901,<UNK>,come,5.274707500908903
2,918,<UNK>,332.4945054945055,<UNK>,<UNK>,1.8561512659871076
2,919,in,320.7692307692308,<UNK>,<UNK>,4.273004452530092
2,920,the,306.7752808988764,in,<UNK>,3.250374491927572
2,921,"ocean,",303.6,the,in,5.365976015021851
2,922,he,313.9887640449438,"ocean,",the,5.680172609017068
2,923,felt,310.8666666666667,he,"ocean,",5.675040005790547
2,924,right,317.2111111111111,felt,he,5.675040005790547
2,925,at,316.1868131868132,right,felt,5.675040005790547
2,926,<UNK>,304.65934065934067,at,right,5.675040005790547
2,927,For,317.2967032967033,<UNK>,at,5.68697535633982
2,928,"him,",297.7912087912088,For,<UNK>,5.681877639268151
2,929,this,307.3777777777778,"him,",For,5.675040005790547
2,930,was,286.2307692307692,this,"him,",5.675040005790547
2,931,the,287.05555555555554,was,this,5.675040005790547
2,932,<UNK>,309.2134831460674,the,was,4.315820056435613
2,933,<UNK>,307.65168539325845,<UNK>,the,2.1873722808932077
2,934,place,316.1758241758242,<UNK>,<UNK>,6.524296251136588
2,935,in,310.2307692307692,place,<UNK>,5.676753802268282
2,936,the,286.5164835164835,in,place,5.675040005790547
2,937,whole,292.8333333333333,the,in,5.771441123130016
2,938,<UNK>,295.6,whole,the,4.985317486111966
2,939,world.,296.8222222222222,<UNK>,whole,5.683579767338681
2,940,<UNK>,318.06666666666666,world.,<UNK>,5.675040005790547
2,941,the,312.7391304347826,<UNK>,world.,5.676753802268282
2,942,warm,289.0111111111111,the,<UNK>,5.887491956725004
2,943,<UNK>,287.1666666666667,warm,the,5.675040005790547
2,944,<UNK>,343.44943820224717,<UNK>,warm,5.678464666671911
2,945,if,301.3777777777778,<UNK>,<UNK>,6.524296251136588
2,946,you,274.3296703296703,if,<UNK>,5.676753802268282
2,947,take,294.9230769230769,you,if,5.676753802268282
2,948,a,288.14444444444445,take,you,5.675040005790547
2,949,<UNK>,290.5,a,take,5.675040005790547
2,950,on,280.14772727272725,<UNK>,a,5.483412850224717
2,951,the,280.7142857142857,on,<UNK>,3.84850959970582
2,952,<UNK>,285.16483516483515,the,on,3.578604923653681
2,953,<UNK>,307.0112359550562,<UNK>,the,2.1873722808932077
2,954,you,324.31868131868134,<UNK>,<UNK>,5.27153328264122
2,955,will,310.0,you,<UNK>,5.29162837839724
2,956,hear,312.55434782608694,will,you,5.680172609017068
2,957,the,297.44565217391306,hear,will,5.675040005790547
2,958,<UNK>,305.9555555555556,the,hear,5.676753802268282
2,959,<UNK>,349.8333333333333,<UNK>,the,2.1873722808932077
2,960,<UNK>,300.56666666666666,<UNK>,<UNK>,1.8561512659871076
2,961,of,318.34065934065933,<UNK>,<UNK>,3.9216065656922034
2,962,the,316.8888888888889,of,<UNK>,3.0417173867958143
2,963,<UNK>,293.56043956043953,the,of,2.8210735895056054
2,964,and,287.75,<UNK>,the,3.676850878248329
2,965,some,305.0326086956522,and,<UNK>,5.94672865326659
2,966,<UNK>,308.0674157303371,some,and,5.675040005790547
2,967,that,297.3666666666667,<UNK>,some,5.278114659230518
2,968,it,309.7282608695652,that,<UNK>,5.772997543677674
2,969,must,302.8021978021978,it,that,5.678464666671911
2,970,be,287.5108695652174,must,it,5.271288694160117
2,971,the,281.9032258064516,be,must,5.681877639268151
2,972,<UNK>,312.97802197802196,the,be,5.676753802268282
2,973,<UNK>,319.3296703296703,<UNK>,the,2.1873722808932077
2,974,of,332.7956989247312,<UNK>,<UNK>,3.9216065656922034
2,975,Aqua,320.8478260869565,of,<UNK>,5.87493073085203
2,976,and,326.1758241758242,Aqua,of,5.271288694160117
2,977,his,311.0,and,Aqua,4.987025428457122
2,978,brother,284.6489361702128,his,and,5.680172609017068
2,979,water,317.20212765957444,brother,his,5.271288694160117
2,980,drops,356.05434782608694,water,brother,5.676753802268282
2,981,telling,361.8478260869565,drops,water,5.683579767338681
2,982,each,319.1720430107527,telling,drops,5.675040005790547
2,983,other,307.56382978723406,each,telling,5.675040005790547
2,984,about,306.05494505494505,other,each,5.678464666671911
2,985,their,314.83870967741933,about,other,5.675040005790547
2,986,<UNK>,306.1720430107527,their,about,5.675040005790547
2,987,journey,320.0425531914894,<UNK>,their,5.697093486505405
2,988,around,320.3440860215054,journey,<UNK>,5.675040005790547
2,989,the,375.0425531914894,around,journey,5.675040005790547
2,990,world.,433.39130434782606,the,around,5.680172609017068
3,2,was,386.3152173913044,It,world.,5.675040005790547
3,3,cold,391.1595744680851,was,It,5.70877001616724
3,4,and,405.5425531914894,cold,was,5.675040005790547
3,5,nearly,383.0744680851064,and,cold,5.676753802268282
3,6,dark,382.6777777777778,nearly,and,5.675040005790547
3,7,on,367.5869565217391,dark,nearly,5.675040005790547
3,8,the,392.6263736263736,on,dark,5.675040005790547
3,9,last,349.4891304347826,the,on,5.718671087149952
3,10,<UNK>,367.26881720430106,last,the,5.271288694160117
3,11,of,378.44565217391306,<UNK>,last,5.678464666671911
3,12,the,358.0430107526882,of,<UNK>,3.0417173867958143
3,13,old,392.9010989010989,the,of,5.791488055075306
3,14,<UNK>,438.75,old,the,5.271288694160117
3,15,and,493.03225806451616,<UNK>,old,5.680172609017068
3,16,the,371.5483870967742,and,<UNK>,3.6954368546600955
3,17,<UNK>,359.4731182795699,the,and,4.0089847132709435
3,18,was,359.26881720430106,<UNK>,the,4.509760001183433
3,19,<UNK>,394.32608695652175,was,<UNK>,4.018837009713955
3,20,fast,371.247311827957,<UNK>,was,5.7698822763607245
3,21,and,360.4835164835165,fast,<UNK>,5.675040005790547
3,22,<UNK>,391.5444444444444,and,fast,5.271288694160117
3,23,A,491.4782608695652,<UNK>,and,5.840641657373398
3,24,little,400.9,A,<UNK>,5.281510248231656
3,25,girl,381.4347826086956,little,A,5.676753802268282
3,26,no,347.04347826086956,girl,little,5.683579767338681
3,27,one,394.2197802197802,no,girl,5.675040005790547
3,28,<UNK>,431.17391304347825,one,no,4.988730458708206
3,29,from,439.6222222222222,<UNK>,one,5.68697535633982
3,30,the,386.1208791208791,from,<UNK>,3.7694714614442395
3,31,<UNK>,508.27777777777777,the,from,4.0943445622221
3,32,air,625.7640449438202,<UNK>,the,5.713732805509369
3,33,<UNK>,521.3626373626373,air,<UNK>,5.676753802268282
3,34,through,432.68131868131866,<UNK>,air,5.676753802268282
3,35,the,390.3296703296703,through,<UNK>,5.278114659230518
3,36,<UNK>,401.14606741573033,the,through,5.680172609017068
3,37,with,428.06666666666666,<UNK>,the,5.202907181743378
3,38,a,368.3888888888889,with,<UNK>,4.636345803456541
3,39,<UNK>,389.64835164835165,a,with,4.302374475726262
3,40,head,416.6923076923077,<UNK>,a,5.8888779583328805
3,41,and,391.97802197802196,head,<UNK>,5.676753802268282
3,42,<UNK>,384.8241758241758,and,head,4.987025428457122
3,43,"feet,",404.16483516483515,<UNK>,and,5.840641657373398
3,44,looking,445.0659340659341,"feet,",<UNK>,5.676753802268282
3,45,as,391.8901098901099,looking,"feet,",5.675040005790547
3,46,poor,366.6263736263736,as,looking,5.675040005790547
3,47,as,369.2637362637363,poor,as,5.675040005790547
3,48,a,373.93333333333334,as,poor,5.675040005790547
3,49,<UNK>,386.1208791208791,a,as,4.590056548178043
3,50,<UNK>,412.96590909090907,<UNK>,a,2.4548907538477347
3,51,<UNK>,446.4888888888889,<UNK>,<UNK>,1.8561512659871076
3,52,true,409.9120879120879,<UNK>,<UNK>,6.524296251136588
3,53,she,371.31868131868134,true,<UNK>,5.675040005790547
3,54,had,348.61538461538464,she,true,5.675040005790547
3,55,on,349.38461538461536,had,she,5.697093486505405
3,56,a,383.3626373626374,on,had,5.675040005790547
3,57,pair,368.5824175824176,a,on,5.676753802268282
3,58,of,340.2197802197802,pair,a,5.675040005790547
3,59,slippers,409.38461538461536,of,pair,5.676753802268282
3,60,her,406.6923076923077,slippers,of,5.675040005790547
3,61,mother,420.8666666666667,her,slippers,5.675040005790547
3,62,had,375.42857142857144,mother,her,5.274707500908903
3,63,<UNK>,361.31868131868134,had,mother,5.271288694160117
3,64,given,363.9347826086956,<UNK>,had,5.72194977861165
3,65,her,364.6989247311828,given,<UNK>,5.676753802268282
3,66,when,360.19354838709677,her,given,5.676753802268282
3,67,she,336.5483870967742,when,her,5.675040005790547
3,68,left,350.6989247311828,she,when,5.680172609017068
3,69,"home,",363.38709677419354,left,she,5.675040005790547
3,70,but,400.82608695652175,"home,",left,5.675040005790547
3,71,they,351.0752688172043,but,"home,",5.675040005790547
3,72,were,348.63440860215053,they,but,5.675040005790547
3,73,as,370.3225806451613,were,they,5.68697535633982
3,74,much,330.81720430107526,as,were,5.675040005790547
3,75,use,368.4623655913978,much,as,5.675040005790547
3,76,to,400.1195652173913,use,much,5.675040005790547
3,77,her,375.989010989011,to,use,5.675040005790547
3,78,as,346.3152173913044,her,to,5.681877639268151
3,79,a,353.19565217391306,as,her,5.675040005790547
3,80,<UNK>,376.2197802197802,a,as,4.590056548178043
3,81,<UNK>,499.7362637362637,<UNK>,a,2.4548907538477347
3,82,The,580.8111111111111,<UNK>,<UNK>,4.578386102081274
3,83,slippers,470.3478260869565,The,<UNK>,5.776103136235827
3,84,<UNK>,445.39130434782606,slippers,The,5.675040005790547
3,85,by,404.39784946236557,<UNK>,slippers,5.675040005790547
3,86,her,349.6195652173913,by,<UNK>,5.030437921392435
3,87,mother,371.741935483871,her,by,5.678464666671911
3,88,were,364.89130434782606,mother,her,5.680172609017068
3,89,so,362.61290322580646,were,mother,5.675040005790547
3,90,large,351.3804347826087,so,were,5.675040005790547
3,91,that,343.5698924731183,large,so,5.676753802268282
3,92,the,345.5483870967742,that,large,5.675040005790547
3,93,<UNK>,390.82608695652175,the,that,3.7776749528970677
3,94,little,526.1195652173913,<UNK>,the,5.713732805509369
3,95,creature,461.0444444444444,little,<UNK>,5.688668836846153
3,96,had,414.79347826086956,creature,little,5.675040005790547
3,97,<UNK>,378.8279569892473,had,creature,5.675040005790547
3,98,them,385.0108695652174,<UNK>,had,5.72194977861165
3,99,while,390.9247311827957,them,<UNK>,5.683579767338681
3,100,<UNK>,382.64835164835165,while,them,5.675040005790547
3,101,across,377.5217391304348,<UNK>,while,5.676753802268282
3,102,the,359.7032967032967,across,<UNK>,5.271288694160117
3,103,<UNK>,344.5978260869565,the,across,4.985317486111966
3,104,to,349.3763440860215,<UNK>,the,5.202907181743378
3,105,<UNK>,370.5326086956522,to,<UNK>,2.8452074908420353
3,106,two,355.4673913043478,<UNK>,to,5.823045895483019
3,107,<UNK>,393.86813186813185,two,<UNK>,4.988730458708206
3,108,that,402.9247311827957,<UNK>,two,5.685279003091641
3,109,were,369.2903225806452,that,<UNK>,4.674385255009565
3,110,<UNK>,363.6630434782609,were,that,5.278114659230518
3,111,<UNK>,354.8222222222222,<UNK>,were,5.017279836814924
3,112,at,337.8152173913044,<UNK>,<UNK>,5.27153328264122
3,113,a,341.9782608695652,at,<UNK>,5.705447753975262
3,114,<UNK>,354.5869565217391,a,at,5.675040005790547
3,115,<UNK>,391.6,<UNK>,a,2.4548907538477347
3,116,One,417.0,<UNK>,<UNK>,6.524296251136588
3,117,of,382.56043956043953,One,<UNK>,4.985317486111966
3,118,the,325.5108695652174,of,One,5.272999558563747
3,119,slippers,349.02197802197804,the,of,5.791488055075306
3,120,she,356.48387096774195,slippers,the,5.675040005790547
3,121,could,345.82608695652175,she,slippers,5.675040005790547
3,122,not,350.3695652173913,could,she,4.988730458708206
3,123,<UNK>,355.17391304347825,not,could,5.281510248231656
3,124,and,361.14130434782606,<UNK>,not,5.304961909266705
3,125,a,330.5217391304348,and,<UNK>,4.848116364598481
3,126,<UNK>,342.7826086956522,a,and,4.435905868350785
3,127,<UNK>,383.6195652173913,<UNK>,a,2.4548907538477347
3,128,upon,368.35869565217394,<UNK>,<UNK>,6.118831143028423
3,129,the,344.17977528089887,upon,<UNK>,5.678464666671911
3,130,<UNK>,353.65934065934067,the,upon,5.675040005790547
3,131,<UNK>,388.34444444444443,<UNK>,the,2.1873722808932077
3,132,that,352.032967032967,<UNK>,<UNK>,4.17292099397311
3,133,he,339.86813186813185,that,<UNK>,5.079850363117729
3,134,could,340.6043956043956,he,that,5.685279003091641
3,135,use,330.1098901098901,could,he,5.685279003091641
3,136,it,329.8241758241758,use,could,5.675040005790547
3,137,as,331.45054945054943,it,use,5.675040005790547
3,138,a,329.5824175824176,as,it,5.676753802268282
3,139,home,381.2857142857143,a,as,5.688668836846153
3,140,for,373.8791208791209,home,a,5.675040005790547
3,141,his,352.74725274725273,for,home,5.675040005790547
3,142,little,340.27472527472526,his,for,5.676753802268282
3,143,<UNK>,357.30434782608694,little,his,5.271288694160117
3,144,<UNK>,388.0752688172043,<UNK>,little,5.002267044425739
3,145,So,431.967032967033,<UNK>,<UNK>,6.524296251136588
3,146,with,340.84615384615387,So,<UNK>,5.678464666671911
3,147,her,340.84615384615387,with,So,5.675040005790547
3,148,<UNK>,343.5444444444444,her,with,4.985317486111966
3,149,"feet,",365.38461538461536,<UNK>,her,5.730099782973574
3,150,which,359.65555555555557,"feet,",<UNK>,5.676753802268282
3,151,were,355.6263736263736,which,"feet,",5.676753802268282
3,152,quite,379.31868131868134,were,which,5.678464666671911
3,153,red,346.6373626373626,quite,were,5.675040005790547
3,154,and,349.64444444444445,red,quite,5.675040005790547
3,155,blue,354.04395604395603,and,red,5.675040005790547
3,156,with,355.010989010989,blue,and,5.675040005790547
3,157,the,350.35164835164835,with,blue,5.675040005790547
3,158,<UNK>,366.45054945054943,the,with,4.189654742026425
3,159,the,364.97777777777776,<UNK>,the,4.327438444389479
3,160,little,377.1222222222222,the,<UNK>,5.887491956725004
3,161,girl,367.5,little,the,4.608497976080766
3,162,went,342.4725274725275,girl,little,5.683579767338681
3,163,<UNK>,335.95604395604397,went,girl,5.675040005790547
3,164,<UNK>,365.9222222222222,<UNK>,went,5.676753802268282
3,165,how,363.0,<UNK>,<UNK>,6.524296251136588
3,166,she,332.5108695652174,how,<UNK>,5.676753802268282
3,167,would,330.1847826086956,she,how,5.675040005790547
3,168,get,336.8222222222222,would,she,5.678464666671911
3,169,through,332.3,get,would,5.675040005790547
3,170,this,346.4555555555556,through,get,5.675040005790547
3,171,<UNK>,353.8241758241758,this,through,5.675040005790547
3,172,<UNK>,397.0111111111111,<UNK>,this,4.998900037877835
3,173,She,405.0769230769231,<UNK>,<UNK>,5.138001890016697
3,174,<UNK>,383.57142857142856,She,<UNK>,4.784152841516532
3,175,an,400.5777777777778,<UNK>,She,5.681877639268151
3,176,old,356.42391304347825,an,<UNK>,5.683579767338681
3,177,<UNK>,368.04347826086956,old,an,5.675040005790547
3,178,she,435.4673913043478,<UNK>,old,5.680172609017068
3,179,had,442.4021739130435,she,<UNK>,5.002267044425739
3,180,used,362.95604395604397,had,she,5.697093486505405
3,181,as,365.14130434782606,used,had,5.675040005790547
3,182,a,353.3695652173913,as,used,5.675040005790547
3,183,<UNK>,357.29347826086956,a,as,4.590056548178043
3,184,a,347.5326086956522,<UNK>,a,5.8888779583328805
3,185,few,374.7282608695652,a,<UNK>,5.041810911564705
3,186,times,379.5652173913044,few,a,5.685279003091641
3,187,<UNK>,352.1847826086956,times,few,5.675040005790547
3,188,and,350.3369565217391,<UNK>,times,5.676753802268282
3,189,found,333.0,and,<UNK>,5.94672865326659
3,190,the,323.65934065934067,found,and,5.676753802268282
3,191,<UNK>,358.2173913043478,the,found,5.675040005790547
3,192,was,379.4021739130435,<UNK>,the,4.509760001183433
3,193,<UNK>,376.94565217391306,was,<UNK>,4.018837009713955
3,194,<UNK>,422.7362637362637,<UNK>,was,3.75497925581846
3,195,<UNK>,468.5869565217391,<UNK>,<UNK>,1.8561512659871076
3,196,for,417.4835164835165,<UNK>,<UNK>,5.138001890016697
3,197,the,343.6043956043956,for,<UNK>,4.633109554677333
3,198,<UNK>,352.6304347826087,the,for,4.440969170307332
3,199,This,388.07608695652175,<UNK>,the,6.119197913617533
3,200,day,365.6304347826087,This,<UNK>,5.678464666671911
3,201,was,326.3695652173913,day,This,5.675040005790547
3,202,even,348.95652173913044,was,day,5.675040005790547
3,203,<UNK>,352.5,even,was,5.675040005790547
3,204,than,351.04395604395603,<UNK>,even,5.680172609017068
3,205,the,338.5869565217391,than,<UNK>,5.278114659230518
3,206,others.,327.2307692307692,the,than,5.678464666671911
3,207,No,364.3956043956044,others.,the,5.675040005790547
3,208,<UNK>,376.17391304347825,No,others.,5.675040005790547
3,209,<UNK>,497.2173913043478,<UNK>,No,5.678464666671911
3,210,had,469.2087912087912,<UNK>,<UNK>,5.831149070576642
3,211,given,367.45054945054943,had,<UNK>,5.697093486505405
3,212,her,325.97802197802196,given,had,5.678464666671911
3,213,even,352.35869565217394,her,given,5.676753802268282
3,214,a,353.3626373626374,even,her,5.675040005790547
3,215,<UNK>,377.42857142857144,a,even,5.271288694160117
3,216,And,377.0989010989011,<UNK>,a,5.8888779583328805
3,217,she,340.3478260869565,And,<UNK>,5.678464666671911
3,218,had,310.19565217391306,she,And,5.675040005790547
3,219,no,339.2826086956522,had,she,5.697093486505405
3,220,<UNK>,333.55434782608694,no,had,4.988730458708206
3,221,<UNK>,345.29347826086956,<UNK>,no,5.688668836846153
3,222,any,347.5869565217391,<UNK>,<UNK>,6.524296251136588
3,223,<UNK>,343.4347826086956,any,<UNK>,5.271288694160117
3,224,that,391.53846153846155,<UNK>,any,5.680172609017068
3,225,she,367.1098901098901,that,<UNK>,4.856706811803519
3,226,<UNK>,374.84615384615387,she,that,5.286582110329616
3,227,in,339.94505494505495,<UNK>,she,5.705447753975262
3,228,the,328.5054945054945,in,<UNK>,3.250374491927572
3,229,old,340.6923076923077,the,in,5.771441123130016
3,230,<UNK>,460.05434782608694,old,the,5.271288694160117
3,231,her,525.0978260869565,<UNK>,old,5.680172609017068
3,232,grandmother,464.79347826086956,her,<UNK>,5.713732805509369
3,233,had,371.7173913043478,grandmother,her,5.274707500908903
3,234,given,343.4065934065934,had,grandmother,5.676753802268282
3,235,her.,363.42391304347825,given,had,5.678464666671911
3,236,<UNK>,440.2637362637363,her.,given,5.675040005790547
3,237,little,341.9673913043478,<UNK>,her.,5.676753802268282
3,238,<UNK>,341.0879120879121,little,<UNK>,4.772378104971998
3,239,she,354.1630434782609,<UNK>,little,5.695414224985685
3,240,looked,342.6923076923077,she,<UNK>,5.695414224985685
3,241,the,384.13978494623655,looked,she,5.678464666671911
3,242,<UNK>,388.35483870967744,the,looked,5.675040005790547
3,243,of,369.23655913978496,<UNK>,the,3.1234656400635425
3,244,<UNK>,341.10869565217394,of,<UNK>,2.6560549059838294
3,245,On,406.9010989010989,<UNK>,of,5.7745515455444085
3,246,her,386.8369565217391,On,<UNK>,5.272999558563747
3,247,<UNK>,360.2857142857143,her,On,5.676753802268282
3,248,<UNK>,333.5217391304348,<UNK>,her,4.2260223861973
3,249,"hair,",370.3736263736264,<UNK>,<UNK>,6.524296251136588
3,250,which,416.0444444444444,"hair,",<UNK>,5.676753802268282
3,251,<UNK>,406.42857142857144,which,"hair,",5.675040005790547
3,252,in,350.4269662921348,<UNK>,which,5.286582110329616
3,253,<UNK>,347.69565217391306,in,<UNK>,3.984343667007772
3,254,on,354.9782608695652,<UNK>,in,5.723585101952381
3,255,her,328.4347826086956,on,<UNK>,5.720311776607412
3,256,<UNK>,333.1868131868132,her,on,5.676753802268282
3,257,the,388.68131868131866,<UNK>,her,5.730099782973574
3,258,<UNK>,427.0769230769231,the,<UNK>,2.5031016933792296
3,259,<UNK>,372.46153846153845,<UNK>,the,2.1873722808932077
3,260,<UNK>,357.72527472527474,<UNK>,<UNK>,1.8561512659871076
3,261,but,342.8791208791209,<UNK>,<UNK>,5.831149070576642
3,262,she,336.54347826086956,but,<UNK>,5.045036720813588
3,263,did,329.6521739130435,she,but,5.678464666671911
3,264,not,321.4835164835165,did,she,5.274707500908903
3,265,<UNK>,369.4,not,did,4.768988271217486
3,266,them,318.4725274725275,<UNK>,not,5.71042701737487
3,267,as,318.53846153846155,them,<UNK>,5.683579767338681
3,268,she,326.4945054945055,as,them,5.675040005790547
3,269,<UNK>,339.2857142857143,she,as,4.304065093204169
3,270,<UNK>,342.81111111111113,<UNK>,she,4.789157022101107
3,271,She,356.27472527472526,<UNK>,<UNK>,5.138001890016697
3,272,was,355.7692307692308,She,<UNK>,4.784152841516532
3,273,<UNK>,356.95604395604397,was,She,5.681877639268151
3,274,<UNK>,352.84615384615387,<UNK>,was,3.75497925581846
3,275,and,346.2,<UNK>,<UNK>,3.367295829986474
3,276,<UNK>,349.4725274725275,and,<UNK>,2.3632097148104805
3,277,to,359.97802197802196,<UNK>,and,4.742029368705289
3,278,<UNK>,329.55056179775283,to,<UNK>,2.8452074908420353
3,279,she,342.29545454545456,<UNK>,to,5.417580787374854
3,280,could,340.1,she,<UNK>,5.695414224985685
3,281,weather,346.43333333333334,could,she,5.681877639268151
3,282,this,371.59550561797755,weather,could,5.675040005790547
3,283,<UNK>,352.314606741573,this,weather,5.675040005790547
3,284,It,366.4269662921348,<UNK>,this,5.69204721843778
3,285,was,333.5888888888889,It,<UNK>,3.581883615115379
3,286,New,352.8777777777778,was,It,5.70877001616724
3,287,<UNK>,369.04395604395603,New,was,5.675040005790547
3,288,and,368.85714285714283,<UNK>,New,5.678464666671911
3,289,the,377.9340659340659,and,<UNK>,3.6954368546600955
3,290,girl,336.2967032967033,the,and,5.713732805509369
3,291,asked,316.34065934065933,girl,the,5.685279003091641
3,292,herself,348.5888888888889,asked,girl,5.675040005790547
3,293,<UNK>,332.1208791208791,herself,asked,5.675040005790547
3,294,as,340.4,<UNK>,herself,5.675040005790547
3,295,<UNK>,363.3296703296703,as,<UNK>,4.478958874850075
3,296,<UNK>,359.68888888888887,<UNK>,as,4.325786916351006
3,297,from,342.6263736263736,<UNK>,<UNK>,5.138001890016697
3,298,every,345.2197802197802,from,<UNK>,5.715381610499553
3,299,<UNK>,326.6043956043956,every,from,5.675040005790547
3,300,and,321.7032967032967,<UNK>,every,5.680172609017068
3,301,the,344.8,and,<UNK>,3.6954368546600955
3,302,<UNK>,342.4175824175824,the,and,4.0089847132709435
3,303,<UNK>,340.010989010989,<UNK>,the,2.1873722808932077
3,304,of,325.56043956043953,<UNK>,<UNK>,3.9216065656922034
3,305,<UNK>,322.6373626373626,of,<UNK>,2.6560549059838294
3,306,<UNK>,316.57142857142856,<UNK>,of,3.1004028961178793
3,307,<UNK>,338.5054945054945,<UNK>,<UNK>,1.8561512659871076
3,308,out,351.9230769230769,<UNK>,<UNK>,5.27153328264122
3,309,on,339.47777777777776,out,<UNK>,5.697093486505405
3,310,the,319.6222222222222,on,out,5.271288694160117
3,311,<UNK>,311.45054945054943,the,on,3.578604923653681
3,312,she,329.0,<UNK>,the,5.713732805509369
3,313,was,320.35164835164835,she,<UNK>,5.695414224985685
3,314,outside,319.73333333333335,was,she,5.69035945432406
3,315,all,324.0111111111111,outside,was,5.675040005790547
3,316,<UNK>,349.3736263736264,all,outside,5.675040005790547
3,317,<UNK>,342.93333333333334,<UNK>,all,5.2798138949834765
3,318,she,400.2637362637363,<UNK>,<UNK>,5.831149070576642
3,319,finally,340.14285714285717,she,<UNK>,5.695414224985685
3,320,sat,327.74444444444447,finally,she,5.675040005790547
3,321,down,318.1758241758242,sat,finally,5.675040005790547
3,322,in,318.24175824175825,down,sat,5.676753802268282
3,323,a,317.1666666666667,in,down,5.676753802268282
3,324,<UNK>,316.1758241758242,a,in,4.770684624465665
3,325,behind,311.8791208791209,<UNK>,a,5.8888779583328805
3,326,the,331.8901098901099,behind,<UNK>,5.276412531159987
3,327,little,313.1098901098901,the,behind,5.676753802268282
3,328,<UNK>,315.9120879120879,little,the,4.79081953287472
3,329,She,375.6931818181818,<UNK>,little,5.695414224985685
3,330,put,356.53333333333336,She,<UNK>,5.700443573390687
3,331,a,308.5111111111111,put,She,5.675040005790547
3,332,<UNK>,327.43333333333334,a,put,5.675040005790547
3,333,she,347.3,<UNK>,a,5.8888779583328805
3,334,had,372.6333333333333,she,<UNK>,5.002267044425739
3,335,found,327.4,had,she,5.697093486505405
3,336,over,344.9888888888889,found,had,5.675040005790547
3,337,her,327.3956043956044,over,found,5.675040005790547
3,338,<UNK>,337.54945054945057,her,over,5.675040005790547
3,339,to,345.9120879120879,<UNK>,her,5.0369526024136295
3,340,<UNK>,320.72527472527474,to,<UNK>,2.8452074908420353
3,341,<UNK>,358.6111111111111,<UNK>,to,3.5717540968765236
3,342,but,343.5934065934066,<UNK>,<UNK>,5.831149070576642
3,343,she,351.8791208791209,but,<UNK>,5.045036720813588
3,344,could,315.02222222222224,she,but,5.678464666671911
3,345,not,314.967032967033,could,she,4.988730458708206
3,346,keep,336.3222222222222,not,could,5.68697535633982
3,347,off,375.35869565217394,keep,not,5.675040005790547
3,348,the,324.13186813186815,off,keep,5.675040005790547
3,349,<UNK>,339.4725274725275,the,off,5.271288694160117
3,350,The,394.5168539325843,<UNK>,the,4.509760001183433
3,351,<UNK>,357.40449438202245,The,<UNK>,3.4247278790723494
3,352,who,357.28409090909093,<UNK>,The,4.61181472870676
3,353,the,331.42857142857144,who,<UNK>,5.72194977861165
3,354,<UNK>,366.75824175824175,the,who,5.276412531159987
3,355,air,375.2888888888889,<UNK>,the,5.713732805509369
3,356,had,331.0777777777778,air,<UNK>,5.676753802268282
3,357,<UNK>,345.6043956043956,had,air,5.675040005790547
3,358,<UNK>,394.42857142857144,<UNK>,had,4.469186810116282
3,359,<UNK>,423.9230769230769,<UNK>,<UNK>,1.8561512659871076
3,360,not,406.3626373626374,<UNK>,<UNK>,6.118831143028423
3,361,go,351.38461538461536,not,<UNK>,5.683579767338681
3,362,"home,",326.5054945054945,go,not,5.676753802268282
3,363,for,369.5274725274725,"home,",go,5.675040005790547
3,364,she,338.3222222222222,for,"home,",5.675040005790547
3,365,had,338.94505494505495,she,for,5.272999558563747
3,366,<UNK>,329.15384615384613,had,she,5.003946305945459
3,367,no,325.54945054945057,<UNK>,had,5.72194977861165
3,368,<UNK>,407.7692307692308,no,<UNK>,5.678464666671911
3,369,Her,423.35164835164835,<UNK>,no,5.688668836846153
3,370,<UNK>,358.83516483516485,Her,<UNK>,5.676753802268282
3,371,had,331.9,<UNK>,Her,5.675040005790547
3,372,been,325.1208791208791,had,<UNK>,5.29162837839724
3,373,<UNK>,333.35164835164835,been,had,4.309119863865794
3,374,and,345.9010989010989,<UNK>,been,5.6937321388027
3,375,<UNK>,343.8791208791209,and,<UNK>,2.3632097148104805
3,376,<UNK>,362.0879120879121,<UNK>,and,3.355735007585398
3,377,since,325.1208791208791,<UNK>,<UNK>,6.118831143028423
3,378,his,319.8791208791209,since,<UNK>,5.678464666671911
3,379,<UNK>,320.04395604395603,his,since,5.675040005790547
3,380,had,338.9010989010989,<UNK>,his,5.72194977861165
3,381,gone,345.0,had,<UNK>,5.29162837839724
3,382,to,326.2637362637363,gone,had,5.676753802268282
3,383,<UNK>,329.5054945054945,to,gone,5.675040005790547
3,384,her,343.23333333333335,<UNK>,to,4.906755163608864
3,385,<UNK>,413.97777777777776,her,<UNK>,4.327438444389479
3,386,He,533.945054945055,<UNK>,her,5.730099782973574
3,387,would,409.9888888888889,He,<UNK>,5.6937321388027
3,388,<UNK>,400.2197802197802,would,He,5.675040005790547
3,389,<UNK>,362.83516483516485,<UNK>,would,5.278114659230518
3,390,"her,",332.7362637362637,<UNK>,<UNK>,6.524296251136588
3,391,as,340.13483146067415,"her,",<UNK>,5.676753802268282
3,392,he,337.3777777777778,as,"her,",5.675040005790547
3,393,has,314.9888888888889,he,as,5.681877639268151
3,394,<UNK>,328.19101123595505,has,he,5.675040005790547
3,395,several,367.4888888888889,<UNK>,has,5.678464666671911
3,396,times,347.4431818181818,several,<UNK>,5.678464666671911
3,397,in,317.2808988764045,times,several,5.675040005790547
3,398,the,309.1111111111111,in,times,5.675040005790547
3,399,<UNK>,326.5824175824176,the,in,2.968080742223481
3,400,<UNK>,367.5824175824176,<UNK>,the,2.1873722808932077
3,401,because,358.65555555555557,<UNK>,<UNK>,5.6080055192624325
3,402,she,346.94444444444446,because,<UNK>,5.288267030694535
3,403,had,328.93333333333334,she,because,5.676753802268282
3,404,not,314.94505494505495,had,she,5.29162837839724
3,405,<UNK>,313.5888888888889,not,had,5.276412531159987
3,406,any,331.96666666666664,<UNK>,not,5.71042701737487
3,407,<UNK>,310.4175824175824,any,<UNK>,5.271288694160117
3,408,<UNK>,326.3076923076923,<UNK>,any,5.680172609017068
3,409,<UNK>,427.77777777777777,<UNK>,<UNK>,1.8561512659871076
3,410,it,337.9340659340659,<UNK>,<UNK>,5.6080055192624325
3,411,was,321.8876404494382,it,<UNK>,4.601831284722577
3,412,almost,300.0989010989011,was,it,5.718671087149952
3,413,as,295.95604395604397,almost,was,5.678464666671911
3,414,cold,297.54945054945057,as,almost,5.675040005790547
3,415,at,321.6373626373626,cold,as,5.676753802268282
3,416,home,331.967032967033,at,cold,5.675040005790547
3,417,as,319.8,home,at,5.675040005790547
3,418,<UNK>,322.032967032967,as,home,5.675040005790547
3,419,for,350.93333333333334,<UNK>,as,5.7120812774708964
3,420,they,316.75824175824175,for,<UNK>,5.731721843345443
3,421,had,317.42857142857144,they,for,5.678464666671911
3,422,only,297.1098901098901,had,they,5.680172609017068
3,423,a,305.5824175824176,only,had,5.272999558563747
3,424,<UNK>,311.5164835164835,a,only,5.272999558563747
3,425,<UNK>,333.3076923076923,<UNK>,a,2.4548907538477347
3,426,to,326.8901098901099,<UNK>,<UNK>,4.081949215767383
3,427,<UNK>,334.15555555555557,to,<UNK>,2.8452074908420353
3,428,them.,311.68888888888887,<UNK>,to,5.823045895483019
3,429,The,342.5054945054945,them.,<UNK>,5.675040005790547
3,430,<UNK>,332.6777777777778,The,them.,5.675040005790547
3,431,little,335.0,<UNK>,The,5.304961909266705
3,432,<UNK>,342.2857142857143,little,<UNK>,4.772378104971998
3,433,were,322.9325842696629,<UNK>,little,5.695414224985685
3,434,almost,318.4175824175824,were,<UNK>,5.703782474656201
3,435,<UNK>,352.1123595505618,almost,were,5.675040005790547
3,436,<UNK>,327.34831460674155,<UNK>,almost,5.271288694160117
3,437,so,318.2584269662921,<UNK>,<UNK>,6.118831143028423
3,438,she,327.3956043956044,so,<UNK>,5.288267030694535
3,439,decided,329.03333333333336,she,so,5.676753802268282
3,440,that,334.46153846153845,decided,she,5.675040005790547
3,441,a,308.2197802197802,that,decided,5.676753802268282
3,442,<UNK>,327.94444444444446,a,that,4.987025428457122
3,443,match,354.05494505494505,<UNK>,a,5.8888779583328805
3,444,might,385.989010989011,match,<UNK>,5.676753802268282
3,445,be,326.5777777777778,might,match,5.675040005790547
3,446,of,317.95604395604397,be,might,5.678464666671911
3,447,some,345.44444444444446,of,be,5.675040005790547
3,448,<UNK>,357.61538461538464,some,of,5.675040005790547
3,449,<UNK>,421.31111111111113,<UNK>,some,5.278114659230518
3,450,<UNK>,480.0111111111111,<UNK>,<UNK>,1.8561512659871076
3,451,the,411.9550561797753,<UNK>,<UNK>,3.45624331600297
3,452,match,369.0777777777778,the,<UNK>,5.887491956725004
3,453,as,336.6741573033708,match,the,5.680172609017068
3,454,she,345.032967032967,as,match,5.675040005790547
3,455,<UNK>,329.8,she,as,4.304065093204169
3,456,it,327.3736263736264,<UNK>,she,5.705447753975262
3,457,out.,313.8222222222222,it,<UNK>,5.700443573390687
3,458,How,367.1111111111111,out.,it,5.675040005790547
3,459,it,346.2197802197802,How,out.,5.675040005790547
3,460,<UNK>,371.2967032967033,it,How,5.675040005790547
3,461,as,345.2087912087912,<UNK>,it,5.688668836846153
3,462,it,326.8791208791209,as,<UNK>,5.326256735237278
3,463,<UNK>,340.4175824175824,it,as,5.271288694160117
3,464,It,348.1666666666667,<UNK>,it,5.688668836846153
3,465,gave,369.75824175824175,It,<UNK>,5.72194977861165
3,466,a,323.7142857142857,gave,It,5.675040005790547
3,467,<UNK>,327.5274725274725,a,gave,5.675040005790547
3,468,<UNK>,381.3076923076923,<UNK>,a,2.4548907538477347
3,469,<UNK>,389.03333333333336,<UNK>,<UNK>,1.8561512659871076
3,470,light,344.4065934065934,<UNK>,<UNK>,6.524296251136588
3,471,that,344.81111111111113,light,<UNK>,5.675040005790547
3,472,the,317.989010989011,that,light,5.676753802268282
3,473,girl,328.5056179775281,the,that,5.723585101952381
3,474,<UNK>,292.4888888888889,girl,the,5.685279003091641
3,475,from,340.2111111111111,<UNK>,girl,5.675040005790547
3,476,the,309.03333333333336,from,<UNK>,3.7694714614442395
3,477,world,309.23595505617976,the,from,5.703782474656201
3,478,as,327.22222222222223,world,the,5.680172609017068
3,479,she,344.0777777777778,as,world,5.675040005790547
3,480,held,330.53932584269666,she,as,5.69035945432406
3,481,her,305.1222222222222,held,she,5.675040005790547
3,482,hand,331.74444444444447,her,held,5.675040005790547
3,483,over,299.53333333333336,hand,her,5.675040005790547
3,484,it.,321.5934065934066,over,hand,5.675040005790547
3,485,<UNK>,317.15555555555557,it.,over,5.675040005790547
3,486,had,327.2967032967033,<UNK>,it.,5.676753802268282
3,487,no,313.6,had,<UNK>,5.29162837839724
3,488,one,314.35164835164835,no,had,5.681877639268151
3,489,wanted,340.24175824175825,one,no,5.681877639268151
3,490,to,339.15384615384613,wanted,one,5.675040005790547
3,491,buy,299.3956043956044,to,wanted,5.676753802268282
3,492,even,300.04395604395603,buy,to,5.678464666671911
3,493,one,309.5274725274725,even,buy,5.675040005790547
3,494,<UNK>,317.25274725274727,one,even,5.675040005790547
3,495,A,330.75280898876406,<UNK>,one,5.68697535633982
3,496,<UNK>,325.8241758241758,A,<UNK>,4.770684624465665
3,497,<UNK>,337.9,<UNK>,A,5.276412531159987
3,498,it,352.94505494505495,<UNK>,<UNK>,5.6080055192624325
3,499,was,343.34444444444443,it,<UNK>,4.601831284722577
3,500,<UNK>,365.45652173913044,was,it,4.802380355275797
3,501,It,346.6263736263736,<UNK>,was,5.7698822763607245
3,502,seemed,362.38461538461536,It,<UNK>,5.72194977861165
3,503,to,334.8777777777778,seemed,It,5.675040005790547
3,504,the,334.6666666666667,to,seemed,5.678464666671911
3,505,girl,348.2857142857143,the,to,5.730099782973574
3,506,that,340.8131868131868,girl,the,5.685279003091641
3,507,she,288.6847826086956,that,girl,5.675040005790547
3,508,was,319.4130434782609,she,that,4.998900037877835
3,509,sitting,300.0326086956522,was,she,5.69035945432406
3,510,by,306.82608695652175,sitting,was,5.676753802268282
3,511,a,309.1847826086956,by,sitting,5.675040005790547
3,512,large,317.29347826086956,a,by,5.675040005790547
3,513,<UNK>,311.64130434782606,large,a,4.985317486111966
3,514,<UNK>,319.25,<UNK>,large,5.678464666671911
3,515,with,368.7608695652174,<UNK>,<UNK>,4.819548158898162
3,516,<UNK>,371.65934065934067,with,<UNK>,3.8631559152230595
3,517,brass,350.85714285714283,<UNK>,with,5.703782474656201
3,518,feet,335.8369565217391,brass,<UNK>,5.675040005790547
3,519,and,363.85869565217394,feet,brass,5.675040005790547
3,520,a,333.4347826086956,and,feet,5.676753802268282
3,521,brass,318.60869565217394,a,and,5.688668836846153
3,522,<UNK>,390.39130434782606,brass,a,5.675040005790547
3,523,How,378.30337078651684,<UNK>,brass,5.675040005790547
3,524,the,340.8333333333333,How,<UNK>,5.675040005790547
3,525,fire,329.8241758241758,the,How,5.676753802268282
3,526,<UNK>,356.9340659340659,fire,the,5.676753802268282
3,527,The,370.2111111111111,<UNK>,fire,5.675040005790547
3,528,girl,367.1978021978022,The,<UNK>,4.677490847567718
3,529,was,317.2183908045977,girl,The,5.278114659230518
3,530,pleased,344.1685393258427,was,girl,5.678464666671911
3,531,and,327.3820224719101,pleased,was,5.676753802268282
3,532,the,323.4888888888889,and,pleased,5.675040005790547
3,533,fire,341.2134831460674,the,and,5.713732805509369
3,534,actually,307.0888888888889,fire,the,5.676753802268282
3,535,seemed,356.08988764044943,actually,fire,5.675040005790547
3,536,so,333.85555555555555,seemed,actually,5.675040005790547
3,537,warm,318.4269662921348,so,seemed,5.675040005790547
3,538,that,308.83516483516485,warm,so,5.675040005790547
3,539,the,323.4111111111111,that,warm,5.675040005790547
3,540,<UNK>,316.5164835164835,the,that,3.7776749528970677
3,541,<UNK>,339.7111111111111,<UNK>,the,2.1873722808932077
3,542,out,349.31111111111113,<UNK>,<UNK>,5.27153328264122
3,543,her,357.5,out,<UNK>,5.697093486505405
3,544,feet,327.7,her,out,5.675040005790547
3,545,as,344.9120879120879,feet,her,5.675040005790547
3,546,if,318.6263736263736,as,feet,5.675040005790547
3,547,to,342.85714285714283,if,as,5.676753802268282
3,548,warm,309.13186813186815,to,if,5.675040005790547
3,549,<UNK>,304.2967032967033,warm,to,5.271288694160117
3,550,when,342.65934065934067,<UNK>,warm,5.678464666671911
3,551,suddenly,343.27472527472526,when,<UNK>,5.286582110329616
3,552,the,330.8901098901099,suddenly,when,5.676753802268282
3,553,<UNK>,320.54945054945057,the,suddenly,5.675040005790547
3,554,of,314.53846153846155,<UNK>,the,3.1234656400635425
3,555,the,310.25274725274727,of,<UNK>,3.0417173867958143
3,556,match,319.7912087912088,the,of,5.791488055075306
3,557,went,309.5444444444444,match,the,5.274707500908903
3,558,out.,314.97802197802196,went,match,5.676753802268282
3,559,It,334.3296703296703,out.,went,5.675040005790547
3,560,was,317.7912087912088,It,out.,5.675040005790547
3,561,a,294.13186813186815,was,It,4.792479284293085
3,562,<UNK>,316.7032967032967,a,was,4.084294226368599
3,563,<UNK>,354.8131868131868,<UNK>,a,2.4548907538477347
3,564,match,341.25274725274727,<UNK>,<UNK>,6.524296251136588
3,565,that,330.84615384615387,match,<UNK>,5.676753802268282
3,566,the,321.8888888888889,that,match,5.271288694160117
3,567,little,320.967032967033,the,that,5.318119993844216
3,568,girl,304.3666666666667,little,the,4.608497976080766
3,569,next,301.989010989011,girl,little,5.683579767338681
3,570,<UNK>,338.4945054945055,next,girl,5.675040005790547
3,571,on,332.86813186813185,<UNK>,next,5.680172609017068
3,572,the,340.5274725274725,on,<UNK>,3.84850959970582
3,573,wall.,336.31868131868134,the,on,5.313205979041787
3,574,It,379.23333333333335,wall.,the,5.676753802268282
3,575,<UNK>,350.6703296703297,It,wall.,5.675040005790547
3,576,into,329.8021978021978,<UNK>,It,5.678464666671911
3,577,a,339.45054945054943,into,<UNK>,4.784152841516532
3,578,<UNK>,333.06666666666666,a,into,4.988730458708206
3,579,and,350.4835164835165,<UNK>,a,4.502583597212991
3,580,<UNK>,321.7142857142857,and,<UNK>,2.3632097148104805
3,581,and,367.02222222222224,<UNK>,and,5.147494476813453
3,582,<UNK>,327.1868131868132,and,<UNK>,2.3632097148104805
3,583,the,308.6373626373626,<UNK>,and,4.58787868887803
3,584,girl,306.77777777777777,the,<UNK>,5.1943447761650585
3,585,was,306.45054945054943,girl,the,5.685279003091641
3,586,<UNK>,327.9230769230769,was,girl,5.272999558563747
3,587,from,347.6923076923077,<UNK>,was,5.7698822763607245
3,588,her,322.72527472527474,from,<UNK>,5.715381610499553
3,589,<UNK>,325.57142857142856,her,from,5.675040005790547
3,590,city,371.4725274725275,<UNK>,her,5.730099782973574
3,591,to,346.6923076923077,city,<UNK>,5.675040005790547
3,592,a,306.7111111111111,to,city,5.676753802268282
3,593,<UNK>,318.05494505494505,a,to,5.278114659230518
3,594,<UNK>,308.95604395604397,<UNK>,a,2.4548907538477347
3,595,<UNK>,352.1978021978022,<UNK>,<UNK>,1.8561512659871076
3,596,She,354.22222222222223,<UNK>,<UNK>,5.138001890016697
3,597,heard,349.4835164835165,She,<UNK>,5.700443573390687
3,598,the,330.68131868131866,heard,She,5.271288694160117
3,599,birds,320.0989010989011,the,heard,5.681877639268151
3,600,<UNK>,328.6263736263736,birds,the,4.77912349311153
3,601,and,303.5054945054945,<UNK>,birds,5.276412531159987
3,602,she,322.47777777777776,and,<UNK>,4.848116364598481
3,603,was,294.47777777777776,she,and,5.276412531159987
3,604,surrounded,285.65934065934067,was,she,5.69035945432406
3,605,by,304.7142857142857,surrounded,was,5.675040005790547
3,606,<UNK>,331.0,by,surrounded,4.985317486111966
3,607,and,335.8666666666667,<UNK>,by,5.29162837839724
3,608,<UNK>,313.7362637362637,and,<UNK>,2.3632097148104805
3,609,as,335.4945054945055,<UNK>,and,4.924350925499243
3,610,white,320.14606741573033,as,<UNK>,5.731721843345443
3,611,as,331.5274725274725,white,as,5.675040005790547
3,612,<UNK>,344.0659340659341,as,white,5.675040005790547
3,613,A,334.04395604395603,<UNK>,as,5.7120812774708964
3,614,little,318.94444444444446,A,<UNK>,5.281510248231656
3,615,squirrel,290.06666666666666,little,A,5.676753802268282
3,616,<UNK>,328.31868131868134,squirrel,little,5.675040005790547
3,617,some,304.9111111111111,<UNK>,squirrel,5.675040005790547
3,618,food,327.15555555555557,some,<UNK>,5.678464666671911
3,619,in,336.0674157303371,food,some,5.675040005790547
3,620,the,304.24175824175825,in,food,5.675040005790547
3,621,<UNK>,323.5274725274725,the,in,2.968080742223481
3,622,and,312.2637362637363,<UNK>,the,3.676850878248329
3,623,<UNK>,335.5274725274725,and,<UNK>,2.3632097148104805
3,624,off,313.94505494505495,<UNK>,and,5.435176549265234
3,625,into,307.010989010989,off,<UNK>,5.680172609017068
3,626,the,294.9010989010989,into,off,5.675040005790547
3,627,<UNK>,317.7362637362637,the,into,4.435905868350785
3,628,The,350.4555555555556,<UNK>,the,4.509760001183433
3,629,girl,325.0769230769231,The,<UNK>,4.677490847567718
3,630,was,320.57142857142856,girl,The,5.278114659230518
3,631,<UNK>,324.8888888888889,was,girl,5.272999558563747
3,632,so,316.05555555555554,<UNK>,was,5.7698822763607245
3,633,she,319.83516483516485,so,<UNK>,5.288267030694535
3,634,<UNK>,316.95604395604397,she,so,5.676753802268282
3,635,some,305.6043956043956,<UNK>,she,5.705447753975262
3,636,squirrel,321.9230769230769,some,<UNK>,5.678464666671911
3,637,food,335.7362637362637,squirrel,some,5.675040005790547
3,638,up,310.7362637362637,food,squirrel,5.675040005790547
3,639,to,289.02197802197804,up,food,5.675040005790547
3,640,see,306.45054945054943,to,up,5.681877639268151
3,641,what,287.989010989011,see,to,5.675040005790547
3,642,it,289.3296703296703,what,see,5.675040005790547
3,643,"was,",292.7362637362637,it,what,5.681877639268151
3,644,but,308.77777777777777,"was,",it,5.676753802268282
3,645,then,310.4725274725275,but,"was,",5.675040005790547
3,646,she,300.6,then,but,4.987025428457122
3,647,<UNK>,310.13186813186815,she,then,4.987025428457122
3,648,to,296.0,<UNK>,she,5.705447753975262
3,649,put,293.42857142857144,to,<UNK>,5.410156848303572
3,650,it,298.68131868131866,put,to,5.676753802268282
3,651,back.,313.5,it,put,5.675040005790547
3,652,The,324.38461538461536,back.,it,5.675040005790547
3,653,squirrel,331.9555555555556,The,back.,5.676753802268282
3,654,came,320.16483516483515,squirrel,The,5.675040005790547
3,655,back,322.3333333333333,came,squirrel,5.675040005790547
3,656,and,291.7692307692308,back,came,5.675040005790547
3,657,looked,303.8222222222222,and,back,5.676753802268282
3,658,in,303.45054945054943,looked,and,5.676753802268282
3,659,its,290.72222222222223,in,looked,5.675040005790547
3,660,<UNK>,297.75824175824175,its,in,5.676753802268282
3,661,"place,",306.6777777777778,<UNK>,its,5.681877639268151
3,662,but,322.8791208791209,"place,",<UNK>,5.675040005790547
3,663,the,293.1333333333333,but,"place,",5.675040005790547
3,664,food,276.2197802197802,the,but,5.688668836846153
3,665,was,299.4222222222222,food,the,5.675040005790547
3,666,<UNK>,289.5,was,food,5.675040005790547
3,667,to,310.18888888888887,<UNK>,was,4.853591544486569
3,668,be,300.1758241758242,to,<UNK>,4.717009667743627
3,669,<UNK>,289.43333333333334,be,to,4.089332020398556
3,670,Then,328.74725274725273,<UNK>,be,5.718671087149952
3,671,the,297.3333333333333,Then,<UNK>,4.988730458708206
3,672,match,298.38461538461536,the,Then,5.680172609017068
3,673,went,306.1758241758242,match,the,5.274707500908903
3,674,"out,",344.8241758241758,went,match,5.676753802268282
3,675,and,307.7692307692308,"out,",went,5.675040005790547
3,676,it,307.2197802197802,and,"out,",5.676753802268282
3,677,wasn't,301.032967032967,it,and,5.681877639268151
3,678,the,303.31111111111113,wasn't,it,5.272999558563747
3,679,<UNK>,305.6777777777778,the,wasn't,5.676753802268282
3,680,that,331.2967032967033,<UNK>,the,5.426050733057588
3,681,<UNK>,336.95604395604397,that,<UNK>,3.693556001997838
3,682,before,330.1978021978022,<UNK>,that,5.717027701406222
3,683,her,327.1098901098901,before,<UNK>,5.676753802268282
3,684,eyes.,393.3,her,before,5.675040005790547
3,685,It,336.7692307692308,eyes.,her,5.676753802268282
3,686,was,288.010989010989,It,eyes.,5.675040005790547
3,687,only,275.5164835164835,was,It,5.303304908059076
3,688,the,292.83516483516485,only,was,5.274707500908903
3,689,<UNK>,302.7802197802198,the,only,5.676753802268282
3,690,<UNK>,297.5934065934066,<UNK>,the,2.1873722808932077
3,691,cold,305.3333333333333,<UNK>,<UNK>,6.524296251136588
3,692,wall.,311.2307692307692,cold,<UNK>,5.678464666671911
3,693,The,362.8888888888889,wall.,cold,5.675040005790547
3,694,girl,348.7362637362637,The,wall.,5.676753802268282
3,695,looked,329.1222222222222,girl,The,5.683579767338681
3,696,<UNK>,343.4945054945055,looked,girl,5.675040005790547
3,697,into,388.56043956043953,<UNK>,looked,5.680172609017068
3,698,the,324.8666666666667,into,<UNK>,4.601831284722577
3,699,sky,313.43956043956047,the,into,5.688668836846153
3,700,that,292.46666666666664,sky,the,5.676753802268282
3,701,was,299.3333333333333,that,sky,5.675040005790547
3,702,now,296.1777777777778,was,that,5.69204721843778
3,703,<UNK>,341.7692307692308,now,was,5.678464666671911
3,704,<UNK>,329.85714285714283,<UNK>,now,5.685279003091641
3,705,and,340.53846153846155,<UNK>,<UNK>,3.367295829986474
3,706,suddenly,322.6703296703297,and,<UNK>,5.94672865326659
3,707,she,306.6777777777778,suddenly,and,5.675040005790547
3,708,saw,299.3076923076923,she,suddenly,5.675040005790547
3,709,a,307.0,saw,she,5.680172609017068
3,710,<UNK>,321.8021978021978,a,saw,5.675040005790547
3,711,<UNK>,309.13186813186815,<UNK>,a,2.4548907538477347
3,712,<UNK>,349.9222222222222,<UNK>,<UNK>,1.8561512659871076
3,713,behind,361.0444444444444,<UNK>,<UNK>,6.524296251136588
3,714,it,318.5824175824176,behind,<UNK>,5.681877639268151
3,715,a,313.1758241758242,it,behind,5.675040005790547
3,716,<UNK>,311.6043956043956,a,it,5.675040005790547
3,717,<UNK>,298.68131868131866,<UNK>,a,2.4548907538477347
3,718,of,337.2,<UNK>,<UNK>,3.9216065656922034
3,719,<UNK>,299.6666666666667,of,<UNK>,2.6560549059838294
3,720,<UNK>,367.2247191011236,<UNK>,of,3.1004028961178793
3,721,is,406.15384615384613,<UNK>,<UNK>,5.6080055192624325
3,722,<UNK>,338.9010989010989,is,<UNK>,4.598481197837295
3,723,thought,379.13186813186815,<UNK>,is,5.69204721843778
3,724,the,361.0888888888889,thought,<UNK>,5.675040005790547
3,725,little,308.24444444444447,the,thought,5.675040005790547
3,726,<UNK>,318.30337078651684,little,the,4.79081953287472
3,727,It,318.8314606741573,<UNK>,little,5.695414224985685
3,728,was,296.4835164835165,It,<UNK>,3.581883615115379
3,729,her,297.86813186813185,was,It,5.303304908059076
3,730,old,317.8,her,was,5.676753802268282
3,731,<UNK>,355.55172413793105,old,her,5.675040005790547
3,732,the,377.53333333333336,<UNK>,old,5.680172609017068
3,733,one,356.9555555555556,the,<UNK>,5.887491956725004
3,734,who,323.15555555555557,one,the,5.272999558563747
3,735,had,306.6292134831461,who,one,5.676753802268282
3,736,<UNK>,291.1222222222222,had,who,4.997212273764115
3,737,her,305.8888888888889,<UNK>,had,5.316484670503486
3,738,the,308.7032967032967,her,<UNK>,5.020585624949423
3,739,<UNK>,319.0989010989011,the,her,4.985317486111966
3,740,and,303.2857142857143,<UNK>,the,3.676850878248329
3,741,the,304.45054945054943,and,<UNK>,3.6954368546600955
3,742,one,313.5054945054945,the,and,5.713732805509369
3,743,who,281.86813186813185,one,the,5.272999558563747
3,744,the,285.010989010989,who,one,5.676753802268282
3,745,girl,317.010989010989,the,who,5.681877639268151
3,746,used,317.94505494505495,girl,the,5.685279003091641
3,747,to,294.6923076923077,used,girl,5.675040005790547
3,748,<UNK>,299.3956043956044,to,used,4.985317486111966
3,749,every,294.84615384615387,<UNK>,to,5.823045895483019
3,750,<UNK>,301.2307692307692,every,<UNK>,5.271288694160117
3,751,who,347.54945054945057,<UNK>,every,5.680172609017068
3,752,had,303.86813186813185,who,<UNK>,4.469186810116282
3,753,told,290.3296703296703,had,who,5.69035945432406
3,754,her,295.8241758241758,told,had,5.675040005790547
3,755,that,290.95604395604397,her,told,5.676753802268282
3,756,when,288.06666666666666,that,her,5.675040005790547
3,757,a,301.8791208791209,when,that,5.675040005790547
3,758,<UNK>,309.1978021978022,a,when,5.676753802268282
3,759,<UNK>,308.032967032967,<UNK>,a,2.4548907538477347
3,760,a,306.685393258427,<UNK>,<UNK>,4.819548158898162
3,761,<UNK>,326.43956043956047,a,<UNK>,3.132268406680267
3,762,<UNK>,318.7802197802198,<UNK>,a,2.4548907538477347
3,763,this,322.6923076923077,<UNK>,<UNK>,6.118831143028423
3,764,earth.,316.9010989010989,this,<UNK>,5.680172609017068
3,765,It,357.3076923076923,earth.,this,5.675040005790547
3,766,was,336.2857142857143,It,earth.,5.675040005790547
3,767,her,294.2637362637363,was,It,5.303304908059076
3,768,last,289.43956043956047,her,was,5.676753802268282
3,769,match,308.010989010989,last,her,5.675040005790547
3,770,that,310.34065934065933,match,last,5.675040005790547
3,771,the,336.1847826086956,that,match,5.271288694160117
3,772,little,321.57142857142856,the,that,5.318119993844216
3,773,girl,296.1304347826087,little,the,4.608497976080766
3,774,now,284.05494505494505,girl,little,5.683579767338681
3,775,<UNK>,301.4065934065934,now,girl,5.675040005790547
3,776,on,330.5869565217391,<UNK>,now,5.685279003091641
3,777,the,325.75824175824175,on,<UNK>,3.84850959970582
3,778,<UNK>,324.6777777777778,the,on,3.578604923653681
3,779,and,292.3,<UNK>,the,3.676850878248329
3,780,the,290.4347826086956,and,<UNK>,3.6954368546600955
3,781,light,310.29347826086956,the,and,5.713732805509369
3,782,again,308.9230769230769,light,the,5.680172609017068
3,783,<UNK>,317.97777777777776,again,light,5.675040005790547
3,784,<UNK>,318.85714285714283,<UNK>,again,5.675040005790547
3,785,her.,320.3626373626374,<UNK>,<UNK>,6.524296251136588
3,786,Her,333.8901098901099,her.,<UNK>,5.676753802268282
3,787,old,332.010989010989,Her,her.,5.675040005790547
3,788,grandmother,373.5054945054945,old,Her,5.675040005790547
3,789,in,329.72222222222223,grandmother,old,5.675040005790547
3,790,the,317.45054945054943,in,grandmother,5.675040005790547
3,791,<UNK>,312.8666666666667,the,in,2.968080742223481
3,792,<UNK>,329.7912087912088,<UNK>,the,2.1873722808932077
3,793,<UNK>,363.7865168539326,<UNK>,<UNK>,1.8561512659871076
3,794,in,350.24175824175825,<UNK>,<UNK>,4.273004452530092
3,795,her,340.5777777777778,in,<UNK>,5.3706380281276624
3,796,<UNK>,380.74725274725273,her,in,4.767289035464526
3,797,The,390.4888888888889,<UNK>,her,5.730099782973574
3,798,girl,342.94505494505495,The,<UNK>,4.677490847567718
3,799,understood,329.3296703296703,girl,The,5.683579767338681
3,800,her,333.44565217391306,understood,girl,5.675040005790547
3,801,grandmother,330.02222222222224,her,understood,5.675040005790547
3,802,would,341.5274725274725,grandmother,her,5.680172609017068
3,803,soon,382.5111111111111,would,grandmother,5.675040005790547
3,804,<UNK>,346.75,soon,would,5.675040005790547
3,805,but,354.9555555555556,<UNK>,soon,5.675040005790547
3,806,she,330.82608695652175,but,<UNK>,5.045036720813588
3,807,tried,315.7391304347826,she,but,5.678464666671911
3,808,to,317.7888888888889,tried,she,5.675040005790547
3,809,play,312.07608695652175,to,tried,5.68697535633982
3,810,for,321.02197802197804,play,to,5.678464666671911
3,811,time.,359.81111111111113,for,play,5.675040005790547
3,812,<UNK>,459.86813186813185,time.,for,5.675040005790547
3,813,cried,444.81111111111113,<UNK>,time.,5.676753802268282
3,814,the,357.8901098901099,cried,<UNK>,5.680172609017068
3,815,little,330.6263736263736,the,cried,5.675040005790547
3,816,<UNK>,304.9010989010989,little,the,4.79081953287472
3,817,<UNK>,359.22222222222223,<UNK>,little,5.002267044425739
3,818,take,355.9230769230769,<UNK>,<UNK>,6.524296251136588
3,819,me,331.84444444444443,take,<UNK>,5.675040005790547
3,820,with,297.7362637362637,me,take,5.675040005790547
3,821,<UNK>,308.87640449438203,with,me,5.675040005790547
3,822,I,301.35555555555555,<UNK>,with,5.703782474656201
3,823,know,333.05494505494505,I,<UNK>,5.303304908059076
3,824,you,291.5274725274725,know,I,5.676753802268282
3,825,will,310.4222222222222,you,know,5.675040005790547
3,826,go,308.1777777777778,will,you,5.680172609017068
3,827,<UNK>,318.46153846153845,go,will,5.675040005790547
3,828,when,328.0,<UNK>,go,5.675040005790547
3,829,the,311.18888888888887,when,<UNK>,5.286582110329616
3,830,match,298.85714285714283,the,when,5.683579767338681
3,831,<UNK>,306.0769230769231,match,the,5.680172609017068
3,832,<UNK>,334.14285714285717,<UNK>,match,5.675040005790547
3,833,The,329.85393258426967,<UNK>,<UNK>,4.578386102081274
3,834,girl,330.7362637362637,The,<UNK>,4.677490847567718
3,835,decided,305.43956043956047,girl,The,5.683579767338681
3,836,to,324.010989010989,decided,girl,5.675040005790547
3,837,light,311.0659340659341,to,decided,5.678464666671911
3,838,the,341.2087912087912,light,to,5.675040005790547
3,839,whole,343.94505494505495,the,light,5.675040005790547
3,840,<UNK>,341.8791208791209,whole,the,4.985317486111966
3,841,of,346.13186813186815,<UNK>,whole,5.683579767338681
3,842,<UNK>,346.5274725274725,of,<UNK>,2.6560549059838294
3,843,in,335.9230769230769,<UNK>,of,5.7745515455444085
3,844,order,320.35164835164835,in,<UNK>,5.3706380281276624
3,845,to,309.4835164835165,order,in,4.985317486111966
3,846,keep,306.8791208791209,to,order,5.272999558563747
3,847,her,301.94444444444446,keep,to,5.272999558563747
3,848,grandmother,321.8666666666667,her,keep,5.676753802268282
3,849,<UNK>,347.43333333333334,grandmother,her,5.680172609017068
3,850,The,332.8791208791209,<UNK>,grandmother,5.675040005790547
3,851,girl,335.44444444444446,The,<UNK>,4.677490847567718
3,852,saw,315.9222222222222,girl,The,5.683579767338681
3,853,the,300.5,saw,girl,5.675040005790547
3,854,<UNK>,300.25274725274727,the,saw,4.985317486111966
3,855,<UNK>,327.8901098901099,<UNK>,the,2.1873722808932077
3,856,with,332.05555555555554,<UNK>,<UNK>,4.819548158898162
3,857,a,329.2197802197802,with,<UNK>,4.636345803456541
3,858,light,352.1868131868132,a,with,5.688668836846153
3,859,that,319.84444444444443,light,a,5.675040005790547
3,860,was,317.9010989010989,that,light,5.676753802268282
3,861,<UNK>,316.68131868131866,was,that,4.439284249942412
3,862,than,329.13186813186815,<UNK>,was,5.7698822763607245
3,863,the,301.64444444444445,than,<UNK>,5.278114659230518
3,864,"day,",298.1868131868132,the,than,5.678464666671911
3,865,and,332.2111111111111,"day,",the,5.675040005790547
3,866,her,315.8241758241758,and,"day,",5.675040005790547
3,867,grandmother,317.3296703296703,her,and,5.675040005790547
3,868,had,322.8333333333333,grandmother,her,5.274707500908903
3,869,never,329.0444444444444,had,grandmother,5.676753802268282
3,870,<UNK>,343.1978021978022,never,had,5.676753802268282
3,871,so,322.4175824175824,<UNK>,never,5.675040005790547
3,872,large,310.64835164835165,so,<UNK>,5.6937321388027
3,873,or,318.6923076923077,large,so,5.676753802268282
3,874,so,331.38461538461536,or,large,5.675040005790547
3,875,beautiful,316.6333333333333,so,or,5.675040005790547
3,876,as,305.24719101123594,beautiful,so,5.675040005790547
3,877,she,302.010989010989,as,beautiful,5.675040005790547
3,878,did,309.8131868131868,she,as,5.69035945432406
3,879,in,297.4945054945055,did,she,5.680172609017068
3,880,the,301.5054945054945,in,did,5.675040005790547
3,881,light,290.7362637362637,the,in,5.771441123130016
3,882,of,286.2197802197802,light,the,5.680172609017068
3,883,the,276.0879120879121,of,light,5.675040005790547
3,884,little,278.6292134831461,the,of,5.386022946967143
3,885,<UNK>,319.5164835164835,little,the,4.79081953287472
3,886,The,370.2022471910112,<UNK>,little,5.695414224985685
3,887,grandmother,371.3626373626374,The,<UNK>,5.776103136235827
3,888,then,323.7032967032967,grandmother,The,5.675040005790547
3,889,took,321.3296703296703,then,grandmother,5.675040005790547
3,890,the,314.7142857142857,took,then,5.675040005790547
3,891,little,304.2307692307692,the,took,5.675040005790547
3,892,girl,287.27472527472526,little,the,4.608497976080766
3,893,in,303.5777777777778,girl,little,5.683579767338681
3,894,her,288.3076923076923,in,girl,5.675040005790547
3,895,<UNK>,286.65934065934067,her,in,4.767289035464526
3,896,and,293.8131868131868,<UNK>,her,5.730099782973574
3,897,they,285.5934065934066,and,<UNK>,5.94672865326659
3,898,both,287.5934065934066,they,and,5.675040005790547
3,899,flew,295.7362637362637,both,they,5.675040005790547
3,900,<UNK>,306.02197802197804,flew,both,5.675040005790547
3,901,in,312.1,<UNK>,flew,5.676753802268282
3,902,<UNK>,310.8901098901099,in,<UNK>,3.984343667007772
3,903,and,306.3820224719101,<UNK>,in,5.030437921392435
3,904,<UNK>,326.6043956043956,and,<UNK>,2.3632097148104805
3,905,<UNK>,304.4945054945055,<UNK>,and,3.355735007585398
3,906,<UNK>,305.0989010989011,<UNK>,<UNK>,1.8561512659871076
3,907,the,304.3068181818182,<UNK>,<UNK>,3.45624331600297
3,908,"earth,",314.5934065934066,the,<UNK>,5.887491956725004
3,909,where,314.3888888888889,"earth,",the,5.680172609017068
3,910,there,313.9888888888889,where,"earth,",5.675040005790547
3,911,was,306.25555555555553,there,where,5.271288694160117
3,912,<UNK>,296.24175824175825,was,there,5.274707500908903
3,913,cold,301.6373626373626,<UNK>,was,5.7698822763607245
3,914,nor,297.1,cold,<UNK>,5.678464666671911
3,915,<UNK>,299.9887640449438,nor,cold,5.675040005790547
3,916,and,328.1666666666667,<UNK>,nor,5.675040005790547
3,917,the,293.3736263736264,and,<UNK>,3.6954368546600955
3,918,little,289.14285714285717,the,and,5.713732805509369
3,919,girl,288.0,little,the,4.608497976080766
3,920,felt,293.35555555555555,girl,little,5.683579767338681
3,921,safe,303.9230769230769,felt,girl,5.675040005790547
3,922,and,298.5164835164835,safe,felt,5.675040005790547
3,923,<UNK>,314.97802197802196,and,safe,5.271288694160117
3,924,In,329.4,<UNK>,and,5.840641657373398
3,925,the,303.0879120879121,In,<UNK>,5.2832037287379885
3,926,<UNK>,285.72527472527474,the,In,5.271288694160117
3,927,of,286.967032967033,<UNK>,the,3.1234656400635425
3,928,the,287.27472527472526,of,<UNK>,3.0417173867958143
3,929,<UNK>,273.4222222222222,the,of,2.8210735895056054
3,930,there,289.3296703296703,<UNK>,the,6.119197913617533
3,931,<UNK>,311.46153846153845,there,<UNK>,5.678464666671911
3,932,the,317.94505494505495,<UNK>,there,5.675040005790547
3,933,poor,339.18888888888887,the,<UNK>,5.887491956725004
3,934,little,305.3370786516854,poor,the,5.675040005790547
3,935,<UNK>,323.8666666666667,little,poor,5.675040005790547
3,936,not,314.19101123595505,<UNK>,little,5.695414224985685
3,937,<UNK>,394.7802197802198,not,<UNK>,5.278114659230518
3,938,but,365.44565217391306,<UNK>,not,5.017279836814924
3,939,smiling,335.53846153846155,but,<UNK>,5.738183901373533
3,940,and,323.2967032967033,smiling,but,5.675040005790547
3,941,with,305.15384615384613,and,smiling,5.675040005790547
3,942,a,303.6521739130435,with,and,5.675040005790547
3,943,<UNK>,313.4945054945055,a,with,4.302374475726262
3,944,face,333.46666666666664,<UNK>,a,5.8888779583328805
3,945,<UNK>,323.1333333333333,face,<UNK>,5.271288694160117
3,946,against,338.04395604395603,<UNK>,face,5.676753802268282
3,947,the,313.967032967033,against,<UNK>,5.271288694160117
3,948,<UNK>,318.1222222222222,the,against,5.271288694160117
3,949,<UNK>,325.0659340659341,<UNK>,the,2.1873722808932077
3,950,and,325.5054945054945,<UNK>,<UNK>,3.367295829986474
3,951,<UNK>,332.010989010989,and,<UNK>,2.3632097148104805
3,952,<UNK>,436.34065934065933,<UNK>,and,3.355735007585398
3,953,<UNK>,412.06666666666666,<UNK>,<UNK>,1.8561512659871076
3,954,tried,384.72527472527474,<UNK>,<UNK>,6.524296251136588
3,955,to,356.65934065934067,tried,<UNK>,5.675040005790547
3,956,warm,329.6703296703297,to,tried,5.68697535633982
3,957,<UNK>,338.72527472527474,warm,to,5.271288694160117
3,958,said,363.1098901098901,<UNK>,warm,5.678464666671911
3,959,<UNK>,356.42857142857144,said,<UNK>,5.681877639268151
3,960,<UNK>,441.9340659340659,<UNK>,said,5.274707500908903
3,961,who,430.0,<UNK>,<UNK>,5.27153328264122
3,962,saw,346.2967032967033,who,<UNK>,5.316484670503486
3,963,her,322.7802197802198,saw,who,5.271288694160117
3,964,were,344.4111111111111,her,saw,5.678464666671911
3,965,<UNK>,378.3956043956044,were,her,5.675040005790547
3,966,their,356.5444444444444,<UNK>,were,5.71042701737487
3,967,<UNK>,323.0989010989011,their,<UNK>,4.586666714423532
3,968,<UNK>,324.0444444444444,<UNK>,their,5.29162837839724
3,969,no,307.5111111111111,<UNK>,<UNK>,6.118831143028423
3,970,one,306.4835164835165,no,<UNK>,5.678464666671911
3,971,<UNK>,299.84444444444443,one,no,4.988730458708206
3,972,the,334.6043956043956,<UNK>,one,5.68697535633982
3,973,girl,315.4945054945055,the,<UNK>,5.1943447761650585
3,974,who,323.1222222222222,girl,the,5.685279003091641
3,975,they,312.16483516483515,who,girl,5.675040005790547
3,976,knew,333.3888888888889,they,who,5.675040005790547
3,977,looked,352.5164835164835,knew,they,5.675040005790547
3,978,<UNK>,338.43333333333334,looked,knew,5.675040005790547
3,979,poor,368.2857142857143,<UNK>,looked,5.680172609017068
3,980,and,332.0769230769231,poor,<UNK>,5.675040005790547
3,981,<UNK>,317.85714285714283,and,poor,5.675040005790547
3,982,<UNK>,451.53333333333336,<UNK>,and,3.355735007585398
3,983,who,404.14285714285717,<UNK>,<UNK>,5.27153328264122
3,984,saw,337.6923076923077,who,<UNK>,5.316484670503486
3,985,her,321.9222222222222,saw,who,5.271288694160117
3,986,sitting,331.47777777777776,her,saw,5.678464666671911
3,987,<UNK>,362.75824175824175,sitting,her,5.675040005790547
3,988,wished,364.3296703296703,<UNK>,sitting,5.676753802268282
3,989,they,345.0659340659341,wished,<UNK>,5.676753802268282
3,990,could,322.7802197802198,they,wished,5.675040005790547
3,991,have,317.77777777777777,could,they,5.271288694160117
3,992,<UNK>,311.1758241758242,have,could,5.678464666671911
3,993,the,305.16483516483515,<UNK>,have,5.286582110329616
3,994,<UNK>,330.56043956043953,the,<UNK>,2.5031016933792296
3,995,but,343.94505494505495,<UNK>,the,5.202907181743378
3,996,their,300.6703296703297,but,<UNK>,5.738183901373533
3,997,good,307.5934065934066,their,but,5.675040005790547
3,998,<UNK>,320.8241758241758,good,their,5.675040005790547
3,999,were,321.72527472527474,<UNK>,good,5.681877639268151
3,1000,a,311.4065934065934,were,<UNK>,5.703782474656201
3,1001,day,300.3736263736264,a,were,5.675040005790547
3,1002,late,303.15384615384613,day,a,5.676753802268282
3,1003,and,302.0989010989011,late,day,5.675040005790547
3,1004,a,301.1758241758242,and,late,5.675040005790547
3,1005,<UNK>,304.4945054945055,a,and,4.435905868350785
3,1006,<UNK>,315.0659340659341,<UNK>,a,2.4548907538477347
3,1007,<UNK>,339.94505494505495,<UNK>,<UNK>,1.8561512659871076
3,1008,people,327.7142857142857,<UNK>,<UNK>,6.524296251136588
3,1009,<UNK>,330.72527472527474,people,<UNK>,5.675040005790547
3,1010,the,317.8777777777778,<UNK>,people,5.680172609017068
3,1011,girl,302.95604395604397,the,<UNK>,5.1943447761650585
3,1012,had,292.5444444444444,girl,the,5.685279003091641
3,1013,<UNK>,313.5274725274725,had,girl,5.675040005790547
3,1014,<UNK>,312.4888888888889,<UNK>,had,4.469186810116282
3,1015,and,308.4157303370786,<UNK>,<UNK>,3.367295829986474
3,1016,<UNK>,298.1847826086956,and,<UNK>,2.3632097148104805
3,1017,but,330.0978260869565,<UNK>,and,5.147494476813453
3,1018,no,323.4891304347826,but,<UNK>,5.738183901373533
3,1019,one,312.8152173913044,no,but,5.675040005790547
3,1020,<UNK>,327.9347826086956,one,no,4.988730458708206
3,1021,what,317.4130434782609,<UNK>,one,5.68697535633982
3,1022,beautiful,321.9891304347826,what,<UNK>,5.681877639268151
3,1023,things,331.6559139784946,beautiful,what,5.675040005790547
3,1024,she,337.3010752688172,things,beautiful,5.675040005790547
3,1025,had,327.23655913978496,she,things,5.675040005790547
3,1026,<UNK>,302.7204301075269,had,she,5.003946305945459
3,1027,nor,321.83870967741933,<UNK>,had,5.72194977861165
3,1028,into,319.18279569892474,nor,<UNK>,5.675040005790547
3,1029,what,318.4301075268817,into,nor,5.675040005790547
3,1030,<UNK>,335.60869565217394,what,into,5.675040005790547
3,1031,she,321.6989247311828,<UNK>,what,5.676753802268282
3,1032,had,316.36559139784947,she,<UNK>,5.002267044425739
3,1033,entered,306.20212765957444,had,she,5.697093486505405
3,1034,with,313.0425531914894,entered,had,5.675040005790547
3,1035,her,325.24468085106383,with,entered,5.675040005790547
3,1036,<UNK>,329.6063829787234,her,with,4.985317486111966
3,1037,on,357.1170212765957,<UNK>,her,5.32463467486541
3,1038,New,377.70212765957444,on,<UNK>,5.720311776607412
3,1039,<UNK>,378.17894736842106,New,on,5.675040005790547
3,1040,day.,495.258064516129,<UNK>,New,5.678464666671911
4,2,upon,363.84615384615387,<UNK>,day.,5.675040005790547
4,3,a,335.2608695652174,upon,<UNK>,5.678464666671911
4,4,time,336.7282608695652,a,upon,5.675040005790547
4,5,the,339.29347826086956,time,a,5.676753802268282
4,6,birds,337.2857142857143,the,time,5.676753802268282
4,7,took,334.2,birds,the,5.695414224985685
4,8,it,340.97802197802196,took,birds,5.675040005790547
4,9,into,335.5054945054945,it,took,5.675040005790547
4,10,their,336.39325842696627,into,it,5.675040005790547
4,11,<UNK>,362.0,their,into,5.675040005790547
4,12,that,349.8666666666667,<UNK>,their,5.697093486505405
4,13,they,334.84090909090907,that,<UNK>,5.772997543677674
4,14,would,334.8021978021978,they,that,5.678464666671911
4,15,like,333.05494505494505,would,they,5.675040005790547
4,16,a,322.46153846153845,like,would,5.676753802268282
4,17,<UNK>,329.6818181818182,a,like,4.765586907393996
4,18,and,378.989010989011,<UNK>,a,4.502583597212991
4,19,that,336.2087912087912,and,<UNK>,5.253581472706645
4,20,one,331.23333333333335,that,and,5.688668836846153
4,21,of,322.3,one,that,5.676753802268282
4,22,their,314.65555555555557,of,one,5.688668836846153
4,23,<UNK>,330.18888888888887,their,of,4.985317486111966
4,24,must,389.3333333333333,<UNK>,their,5.697093486505405
4,25,be,366.8863636363636,must,<UNK>,5.271288694160117
4,26,<UNK>,368.73333333333335,be,must,5.276412531159987
4,27,king.,406.5632183908046,<UNK>,be,5.718671087149952
4,28,A,484.69662921348316,king.,<UNK>,5.675040005790547
4,29,<UNK>,421.4943820224719,A,king.,5.675040005790547
4,30,of,345.9550561797753,<UNK>,A,5.276412531159987
4,31,all,341.2134831460674,of,<UNK>,5.181783550292085
4,32,the,321.6931818181818,all,of,5.680172609017068
4,33,birds,317.02247191011236,the,all,4.997212273764115
4,34,was,344.52272727272725,birds,the,5.695414224985685
4,35,called,327.0112359550562,was,birds,5.676753802268282
4,36,and,325.1573033707865,called,was,5.675040005790547
4,37,though,338.4318181818182,and,called,5.675040005790547
4,38,they,366.1123595505618,though,and,5.676753802268282
4,39,understood,357.4942528735632,they,though,5.676753802268282
4,40,the,359.5113636363636,understood,they,5.675040005790547
4,41,birds,340.7586206896552,the,understood,5.675040005790547
4,42,who,373.89772727272725,birds,the,5.695414224985685
4,43,were,354.4942528735632,who,birds,5.676753802268282
4,44,from,375.03409090909093,were,who,5.675040005790547
4,45,the,378.64772727272725,from,were,5.675040005790547
4,46,most,347.85227272727275,the,from,5.703782474656201
4,47,<UNK>,362.45454545454544,most,the,4.300680995219929
4,48,<UNK>,349.5681818181818,<UNK>,most,4.993828175779875
4,49,would,357.8863636363636,<UNK>,<UNK>,6.524296251136588
4,50,be,352.735632183908,would,<UNK>,4.987025428457122
4,51,<UNK>,373.84090909090907,be,would,4.434212387844452
4,52,to,350.89772727272725,<UNK>,be,5.718671087149952
4,53,<UNK>,395.22727272727275,to,<UNK>,2.8452074908420353
4,54,many,455.40909090909093,<UNK>,to,5.823045895483019
4,55,birds,359.95454545454544,many,<UNK>,5.675040005790547
4,56,came,338.5402298850575,birds,many,5.675040005790547
4,57,from,340.7471264367816,came,birds,5.675040005790547
4,58,<UNK>,352.09090909090907,from,came,5.676753802268282
4,59,<UNK>,390.47727272727275,<UNK>,from,4.998900037877835
4,60,and,378.7816091954023,<UNK>,<UNK>,3.367295829986474
4,61,<UNK>,384.15909090909093,and,<UNK>,2.3632097148104805
4,62,The,404.28735632183907,<UNK>,and,4.924350925499243
4,63,<UNK>,370.2613636363636,The,<UNK>,3.4247278790723494
4,64,who,359.75,<UNK>,The,4.61181472870676
4,65,already,359.04545454545456,who,<UNK>,5.72194977861165
4,66,thought,337.9886363636364,already,who,5.675040005790547
4,67,himself,375.71590909090907,thought,already,5.675040005790547
4,68,the,366.0568181818182,himself,thought,5.675040005790547
4,69,de,374.54545454545456,the,himself,5.675040005790547
4,70,<UNK>,442.5232558139535,de,the,5.675040005790547
4,71,"king,",459.27272727272725,<UNK>,de,5.678464666671911
4,72,<UNK>,415.2134831460674,"king,",<UNK>,5.675040005790547
4,73,<UNK>,410.46590909090907,<UNK>,"king,",5.675040005790547
4,74,<UNK>,429.89772727272725,<UNK>,<UNK>,1.8561512659871076
4,75,It,404.0681818181818,<UNK>,<UNK>,5.27153328264122
4,76,was,343.98850574712645,It,<UNK>,3.581883615115379
4,77,a,357.02298850574715,was,It,4.792479284293085
4,78,<UNK>,379.1931818181818,a,was,4.084294226368599
4,79,who,356.25,<UNK>,a,5.8888779583328805
4,80,was,329.39772727272725,who,<UNK>,4.217872381835376
4,81,most,325.125,was,who,5.702114417555504
4,82,excited,384.77272727272725,most,was,5.675040005790547
4,83,about,347.21590909090907,excited,most,5.675040005790547
4,84,the,323.59090909090907,about,excited,5.676753802268282
4,85,<UNK>,342.89772727272725,the,about,5.678464666671911
4,86,because,418.52272727272725,<UNK>,the,6.119197913617533
4,87,he,337.8636363636364,because,<UNK>,5.288267030694535
4,88,was,319.35632183908046,he,because,4.987025428457122
4,89,the,313.21590909090907,was,he,5.68697535633982
4,90,dark,321.9310344827586,the,was,5.702114417555504
4,91,<UNK>,345.04545454545456,dark,the,5.675040005790547
4,92,for,364.0681818181818,<UNK>,dark,5.676753802268282
4,93,king.,422.40909090909093,for,<UNK>,5.731721843345443
4,94,The,506.59090909090907,king.,for,5.675040005790547
4,95,small,420.77272727272725,The,king.,5.676753802268282
4,96,<UNK>,384.75,small,The,5.675040005790547
4,97,came,379.3863636363636,<UNK>,small,5.676753802268282
4,98,<UNK>,371.59090909090907,came,<UNK>,5.278114659230518
4,99,and,401.4022988505747,<UNK>,came,5.272999558563747
4,100,the,355.15909090909093,and,<UNK>,3.6954368546600955
4,101,<UNK>,379.65909090909093,the,and,4.0089847132709435
4,102,the,372.15909090909093,<UNK>,the,4.327438444389479
4,103,<UNK>,418.625,the,<UNK>,2.5031016933792296
4,104,the,374.14942528735634,<UNK>,the,4.327438444389479
4,105,<UNK>,360.57954545454544,the,<UNK>,2.5031016933792296
4,106,the,366.95454545454544,<UNK>,the,4.327438444389479
4,107,<UNK>,358.39772727272725,the,<UNK>,2.5031016933792296
4,108,and,367.7613636363636,<UNK>,the,3.676850878248329
4,109,the,370.04545454545456,and,<UNK>,3.6954368546600955
4,110,<UNK>,362.8068181818182,the,and,4.0089847132709435
4,111,who,362.82954545454544,<UNK>,the,5.202907181743378
4,112,had,362.9080459770115,who,<UNK>,4.469186810116282
4,113,only,340.7931034482759,had,who,5.69035945432406
4,114,a,323.9655172413793,only,had,5.272999558563747
4,115,<UNK>,340.3636363636364,a,only,5.272999558563747
4,116,in,341.20454545454544,<UNK>,a,5.195730777772936
4,117,a,316.72727272727275,in,<UNK>,4.859812404361672
4,118,<UNK>,360.3181818181818,a,in,4.770684624465665
4,119,to,346.2386363636364,<UNK>,a,5.483412850224717
4,120,be,347.32183908045977,to,<UNK>,4.717009667743627
4,121,"king,",370.9310344827586,be,to,5.698769932832657
4,122,were,386.5232558139535,"king,",be,5.675040005790547
4,123,all,367.40909090909093,were,"king,",5.675040005790547
4,124,<UNK>,347.735632183908,all,were,5.274707500908903
4,125,at,368.41379310344826,<UNK>,all,5.685279003091641
4,126,the,305.60227272727275,at,<UNK>,4.606835465307152
4,127,<UNK>,332.13483146067415,the,at,4.19803702077923
4,128,The,358.5,<UNK>,the,4.509760001183433
4,129,<UNK>,441.96590909090907,The,<UNK>,3.4247278790723494
4,130,who,409.14772727272725,<UNK>,The,4.61181472870676
4,131,was,365.67045454545456,who,<UNK>,4.217872381835376
4,132,almost,333.54545454545456,was,who,5.702114417555504
4,133,not,342.6818181818182,almost,was,5.678464666671911
4,134,<UNK>,349.5977011494253,not,almost,5.675040005790547
4,135,because,393.2386363636364,<UNK>,not,5.71042701737487
4,136,his,355.82954545454544,because,<UNK>,5.6937321388027
4,137,call,336.82954545454544,his,because,5.675040005790547
4,138,so,365.0344827586207,call,his,5.675040005790547
4,139,<UNK>,439.9318181818182,so,call,5.675040005790547
4,140,the,377.0568181818182,<UNK>,so,4.997212273764115
4,141,other,371.64772727272725,the,<UNK>,5.482026848616839
4,142,<UNK>,364.3068181818182,other,the,4.995521656286208
4,143,came,364.3068181818182,<UNK>,other,5.68697535633982
4,144,<UNK>,353.2068965517241,came,<UNK>,5.278114659230518
4,145,It,402.6931818181818,<UNK>,came,5.678464666671911
4,146,was,367.60227272727275,It,<UNK>,3.581883615115379
4,147,the,324.625,was,It,4.792479284293085
4,148,very,342.21590909090907,the,was,5.702114417555504
4,149,little,337.46590909090907,very,the,5.675040005790547
4,150,bird,322.20454545454544,little,very,5.675040005790547
4,151,who,330.96590909090907,bird,little,5.286582110329616
4,152,had,349.78409090909093,who,bird,5.676753802268282
4,153,no,321.25,had,who,5.69035945432406
4,154,name,335.1136363636364,no,had,5.681877639268151
4,155,at,358.4942528735632,name,no,5.675040005790547
4,156,<UNK>,352.60227272727275,at,name,5.675040005790547
4,157,"however,",402.16279069767444,<UNK>,at,5.68697535633982
4,158,that,383.5,"however,",<UNK>,5.276412531159987
4,159,would,345.78409090909093,that,"however,",5.676753802268282
4,160,end,346.03409090909093,would,that,5.675040005790547
4,161,up,345.3636363636364,end,would,5.675040005790547
4,162,<UNK>,388.82954545454544,up,end,5.675040005790547
4,163,the,376.8863636363636,<UNK>,up,5.678464666671911
4,164,<UNK>,396.89772727272725,the,<UNK>,2.5031016933792296
4,165,of,348.4431818181818,<UNK>,the,3.1234656400635425
4,166,<UNK>,332.85057471264366,of,<UNK>,2.6560549059838294
4,167,among,355.0568181818182,<UNK>,of,5.7745515455444085
4,168,the,339.0,among,<UNK>,4.985317486111966
4,169,<UNK>,353.81609195402297,the,among,5.274707500908903
4,170,That,373.86206896551727,<UNK>,the,5.713732805509369
4,171,there,392.8863636363636,That,<UNK>,5.688668836846153
4,172,would,354.6136363636364,there,That,5.675040005790547
4,173,be,347.6931818181818,would,there,5.675040005790547
4,174,great,355.13793103448273,be,would,5.68697535633982
4,175,confusion,424.4022988505747,great,be,5.675040005790547
4,176,and,391.632183908046,confusion,great,5.675040005790547
4,177,<UNK>,352.6136363636364,and,confusion,5.675040005790547
4,178,among,364.5977011494253,<UNK>,and,5.840641657373398
4,179,the,362.77272727272725,among,<UNK>,4.985317486111966
4,180,birds,343.02298850574715,the,among,5.680172609017068
4,181,at,336.97727272727275,birds,the,5.695414224985685
4,182,the,324.0568181818182,at,birds,5.675040005790547
4,183,<UNK>,348.4318181818182,the,at,4.19803702077923
4,184,was,348.13793103448273,<UNK>,the,4.509760001183433
4,185,to,344.81609195402297,was,<UNK>,5.318119993844216
4,186,be,326.4597701149425,to,was,5.680172609017068
4,187,<UNK>,356.5402298850575,be,to,4.089332020398556
4,188,given,389.7386363636364,<UNK>,be,5.718671087149952
4,189,the,366.1363636363636,given,<UNK>,5.676753802268282
4,190,<UNK>,343.39772727272725,the,given,5.675040005790547
4,191,<UNK>,344.17045454545456,<UNK>,the,2.1873722808932077
4,192,of,351.90909090909093,<UNK>,<UNK>,3.9216065656922034
4,193,birds,333.5,of,<UNK>,5.87493073085203
4,194,that,326.65909090909093,birds,of,5.675040005790547
4,195,have,375.4367816091954,that,birds,5.676753802268282
4,196,<UNK>,356.8045977011494,have,that,5.271288694160117
4,197,There,414.32183908045977,<UNK>,have,5.69204721843778
4,198,was,377.25581395348837,There,<UNK>,5.274707500908903
4,199,<UNK>,402.08045977011494,was,There,5.271288694160117
4,200,<UNK>,488.95454545454544,<UNK>,was,3.75497925581846
4,201,and,412.42045454545456,<UNK>,<UNK>,3.367295829986474
4,202,<UNK>,398.01162790697674,and,<UNK>,2.3632097148104805
4,203,but,433.95454545454544,<UNK>,and,5.147494476813453
4,204,finally,383.9431818181818,but,<UNK>,5.738183901373533
4,205,it,346.0568181818182,finally,but,5.675040005790547
4,206,was,313.7386363636364,it,finally,5.675040005790547
4,207,decided,366.9431818181818,was,it,5.718671087149952
4,208,that,367.8863636363636,decided,was,5.675040005790547
4,209,the,318.91954022988506,that,decided,5.676753802268282
4,210,bird,338.15909090909093,the,that,5.723585101952381
4,211,that,368.2413793103448,bird,the,5.680172609017068
4,212,could,331.97701149425285,that,bird,5.676753802268282
4,213,<UNK>,370.9655172413793,could,that,5.675040005790547
4,214,the,360.81609195402297,<UNK>,could,5.2798138949834765
4,215,<UNK>,362.11494252873564,the,<UNK>,2.5031016933792296
4,216,should,347.42045454545456,<UNK>,the,6.119197913617533
4,217,be,333.3181818181818,should,<UNK>,5.675040005790547
4,218,king.,353.85227272727275,be,should,5.678464666671911
4,219,The,385.2386363636364,king.,be,5.676753802268282
4,220,little,371.1818181818182,The,king.,5.676753802268282
4,221,bird,331.41379310344826,little,The,5.678464666671911
4,222,<UNK>,352.07954545454544,bird,little,4.998900037877835
4,223,<UNK>,358.15909090909093,<UNK>,bird,5.680172609017068
4,224,near,365.625,<UNK>,<UNK>,6.524296251136588
4,225,the,353.0813953488372,near,<UNK>,5.272999558563747
4,226,eagle,382.94117647058823,the,near,5.678464666671911
4,227,at,407.9425287356322,eagle,the,5.681877639268151
4,228,"first,",382.97701149425285,at,eagle,5.675040005790547
4,229,but,395.2413793103448,"first,",at,5.271288694160117
4,230,the,358.17241379310343,but,"first,",5.271288694160117
4,231,eagle,352.6136363636364,the,but,5.2832037287379885
4,232,did,367.72727272727275,eagle,the,5.681877639268151
4,233,not,340.8965517241379,did,eagle,5.675040005790547
4,234,<UNK>,371.60919540229884,not,did,4.768988271217486
4,235,the,357.3863636363636,<UNK>,not,5.017279836814924
4,236,bird,374.47727272727275,the,<UNK>,5.1943447761650585
4,237,<UNK>,390.5113636363636,bird,the,5.680172609017068
4,238,onto,386.625,<UNK>,bird,5.680172609017068
4,239,his,376.57954545454544,onto,<UNK>,5.675040005790547
4,240,back,389.13793103448273,his,onto,5.675040005790547
4,241,right,408.64772727272725,back,his,5.675040005790547
4,242,as,383.32183908045977,right,back,5.675040005790547
4,243,the,363.6136363636364,as,right,5.675040005790547
4,244,<UNK>,394.8390804597701,the,as,4.586666714423532
4,245,was,377.17241379310343,<UNK>,the,4.509760001183433
4,246,about,356.875,was,<UNK>,5.723585101952381
4,247,to,366.13793103448273,about,was,5.675040005790547
4,248,<UNK>,449.95348837209303,to,about,5.675040005790547
4,249,<UNK>,387.8953488372093,<UNK>,to,3.5717540968765236
4,250,the,371.28735632183907,<UNK>,<UNK>,3.45624331600297
4,251,air,322.13793103448273,the,<UNK>,5.887491956725004
4,252,in,338.82758620689657,air,the,5.678464666671911
4,253,a,356.8181818181818,in,air,5.675040005790547
4,254,great,349.54545454545456,a,in,5.68697535633982
4,255,<UNK>,348.79545454545456,great,a,5.675040005790547
4,256,all,336.09090909090907,<UNK>,great,5.678464666671911
4,257,the,326.1764705882353,all,<UNK>,5.276412531159987
4,258,birds,328.0919540229885,the,all,4.997212273764115
4,259,flew,336.3953488372093,birds,the,5.695414224985685
4,260,when,342.2413793103448,flew,birds,5.675040005790547
4,261,the,329.7931034482759,when,flew,5.675040005790547
4,262,<UNK>,346.2528735632184,the,when,5.278114659230518
4,263,was,336.8390804597701,<UNK>,the,4.509760001183433
4,264,<UNK>,348.47727272727275,was,<UNK>,4.018837009713955
4,265,The,364.54545454545456,<UNK>,was,5.7698822763607245
4,266,air,355.8636363636364,The,<UNK>,5.776103136235827
4,267,was,328.25,air,The,5.675040005790547
4,268,<UNK>,341.4318181818182,was,air,5.675040005790547
4,269,of,330.08045977011494,<UNK>,was,5.36441716825256
4,270,<UNK>,303.9431818181818,of,<UNK>,2.6560549059838294
4,271,and,328.2325581395349,<UNK>,of,4.270474148768134
4,272,it,357.0574712643678,and,<UNK>,5.030437921392435
4,273,seemed,316.93023255813955,it,and,5.681877639268151
4,274,as,324.64772727272725,seemed,it,5.675040005790547
4,275,if,330.95454545454544,as,seemed,5.675040005790547
4,276,a,324.51724137931035,if,as,5.676753802268282
4,277,<UNK>,324.85227272727275,a,if,5.675040005790547
4,278,<UNK>,373.4651162790698,<UNK>,a,2.4548907538477347
4,279,were,350.95454545454544,<UNK>,<UNK>,5.831149070576642
4,280,<UNK>,387.3863636363636,were,<UNK>,3.9990343824177756
4,281,over,346.45454545454544,<UNK>,were,5.71042701737487
4,282,the,307.44827586206895,over,<UNK>,5.278114659230518
4,283,<UNK>,370.06976744186045,the,over,5.678464666671911
4,284,You,379.8837209302326,<UNK>,the,6.119197913617533
4,285,could,331.5402298850575,You,<UNK>,5.678464666671911
4,286,hear,348.72727272727275,could,You,5.675040005790547
4,287,the,322.8735632183908,hear,could,5.676753802268282
4,288,birds,303.8965517241379,the,hear,5.676753802268282
4,289,<UNK>,320.367816091954,birds,the,4.77912349311153
4,290,and,345.52272727272725,<UNK>,birds,5.276412531159987
4,291,<UNK>,316.1511627906977,and,<UNK>,2.3632097148104805
4,292,from,335.11494252873564,<UNK>,and,5.435176549265234
4,293,<UNK>,316.3333333333333,from,<UNK>,4.799090878625398
4,294,that,347.5,<UNK>,from,5.69204721843778
4,295,were,324.264367816092,that,<UNK>,4.674385255009565
4,296,<UNK>,327.98850574712645,were,that,5.278114659230518
4,297,away.,363.2988505747126,<UNK>,were,5.71042701737487
4,298,The,347.6896551724138,away.,<UNK>,5.678464666671911
4,299,little,328.0919540229885,The,away.,5.675040005790547
4,300,birds,361.72727272727275,little,The,5.678464666671911
4,301,that,327.58620689655174,birds,little,5.675040005790547
4,302,soon,333.7093023255814,that,birds,5.676753802268282
4,303,grew,348.8735632183908,soon,that,5.675040005790547
4,304,tired,339.32183908045977,grew,soon,5.675040005790547
4,305,fell,351.6896551724138,tired,grew,5.675040005790547
4,306,back,348.18390804597703,fell,tired,5.675040005790547
4,307,quickly,352.6860465116279,back,fell,5.675040005790547
4,308,to,326.0,quickly,back,5.675040005790547
4,309,earth.,335.5882352941176,to,quickly,5.675040005790547
4,310,The,359.2413793103448,earth.,to,5.676753802268282
4,311,fact,344.37931034482756,The,earth.,5.675040005790547
4,312,that,326.2068965517241,fact,The,5.271288694160117
4,313,the,311.4431818181818,that,fact,5.680172609017068
4,314,<UNK>,343.5,the,that,3.7776749528970677
4,315,<UNK>,326.04651162790697,<UNK>,the,2.1873722808932077
4,316,held,334.39080459770116,<UNK>,<UNK>,6.524296251136588
4,317,out,337.6666666666667,held,<UNK>,5.675040005790547
4,318,<UNK>,329.4712643678161,out,held,5.675040005790547
4,319,and,339.17045454545456,<UNK>,out,5.676753802268282
4,320,flew,343.2386363636364,and,<UNK>,5.94672865326659
4,321,higher,341.9186046511628,flew,and,5.676753802268282
4,322,and,338.8965517241379,higher,flew,5.675040005790547
4,323,<UNK>,328.8965517241379,and,higher,5.678464666671911
4,324,but,353.48275862068965,<UNK>,and,5.147494476813453
4,325,the,320.7613636363636,but,<UNK>,4.485420932878165
4,326,eagle,354.0681818181818,the,but,5.2832037287379885
4,327,flew,352.2413793103448,eagle,the,5.681877639268151
4,328,<UNK>,349.86206896551727,flew,eagle,5.675040005790547
4,329,of,337.0113636363636,<UNK>,flew,5.676753802268282
4,330,<UNK>,384.34090909090907,of,<UNK>,2.6560549059838294
4,331,<UNK>,391.7613636363636,<UNK>,of,3.1004028961178793
4,332,no,380.90909090909093,<UNK>,<UNK>,6.118831143028423
4,333,one.,404.28409090909093,no,<UNK>,5.678464666671911
4,334,<UNK>,430.0581395348837,one.,no,5.675040005790547
4,335,<UNK>,377.24418604651163,<UNK>,one.,5.272999558563747
4,336,<UNK>,401.2988505747126,<UNK>,<UNK>,1.8561512659871076
4,337,the,340.4886363636364,<UNK>,<UNK>,3.45624331600297
4,338,eagle,313.0568181818182,the,<UNK>,5.887491956725004
4,339,that,345.7701149425287,eagle,the,5.681877639268151
4,340,seemed,323.5,that,eagle,5.675040005790547
4,341,to,315.7386363636364,seemed,that,5.675040005790547
4,342,be,306.1264367816092,to,seemed,5.272999558563747
4,343,flying,314.9425287356322,be,to,5.698769932832657
4,344,straight,327.44827586206895,flying,be,5.675040005790547
4,345,into,336.7674418604651,straight,flying,5.675040005790547
4,346,the,319.5287356321839,into,straight,5.676753802268282
4,347,<UNK>,360.17045454545456,the,into,4.435905868350785
4,348,The,367.85057471264366,<UNK>,the,4.509760001183433
4,349,other,336.88505747126436,The,<UNK>,5.776103136235827
4,350,birds,368.17045454545456,other,The,5.675040005790547
4,351,gave,313.1931818181818,birds,other,5.683579767338681
4,352,out,325.07954545454544,gave,birds,5.675040005790547
4,353,one,339.85227272727275,out,gave,5.675040005790547
4,354,by,332.8636363636364,one,out,5.675040005790547
4,355,one,329.625,by,one,5.675040005790547
4,356,and,320.29545454545456,one,by,5.675040005790547
4,357,when,316.40909090909093,and,one,5.675040005790547
4,358,the,317.6363636363636,when,and,5.678464666671911
4,359,eagle,321.42045454545456,the,when,5.683579767338681
4,360,saw,328.1136363636364,eagle,the,5.681877639268151
4,361,this,315.8636363636364,saw,eagle,5.675040005790547
4,362,he,328.54545454545456,this,saw,5.675040005790547
4,363,<UNK>,354.01149425287355,he,this,5.675040005790547
4,364,'What,350.35227272727275,<UNK>,he,5.725217755376266
4,365,is,325.37931034482756,'What,<UNK>,5.272999558563747
4,366,the,313.47727272727275,is,'What,5.676753802268282
4,367,use,304.95454545454544,the,is,5.676753802268282
4,368,of,315.5568181818182,use,the,5.675040005790547
4,369,flying,323.875,of,use,5.675040005790547
4,370,any,331.04545454545456,flying,of,5.675040005790547
4,371,<UNK>,345.8390804597701,any,flying,5.675040005790547
4,372,This,386.35227272727275,<UNK>,any,5.680172609017068
4,373,<UNK>,358.4318181818182,This,<UNK>,5.678464666671911
4,374,is,346.52272727272725,<UNK>,This,5.676753802268282
4,375,in,333.79545454545456,is,<UNK>,5.697093486505405
4,376,the,314.41379310344826,in,is,5.676753802268282
4,377,<UNK>,318.5681818181818,the,in,2.968080742223481
4,378,and,328.10227272727275,<UNK>,the,3.676850878248329
4,379,I,312.29545454545456,and,<UNK>,5.253581472706645
4,380,am,326.60227272727275,I,and,5.678464666671911
4,381,king!',335.71590909090907,am,I,4.763881877142913
4,382,Then,373.10227272727275,king!',am,5.680172609017068
4,383,the,350.0689655172414,Then,king!',5.675040005790547
4,384,birds,343.7386363636364,the,Then,5.274707500908903
4,385,<UNK>,344.8636363636364,birds,the,4.77912349311153
4,386,called,365.09090909090907,<UNK>,birds,5.681877639268151
4,387,with,353.8636363636364,called,<UNK>,5.676753802268282
4,388,one,323.17045454545456,with,called,5.675040005790547
4,389,<UNK>,358.7386363636364,one,with,5.675040005790547
4,390,<UNK>,403.59090909090907,<UNK>,one,5.281510248231656
4,391,"back,",352.1818181818182,<UNK>,<UNK>,6.524296251136588
4,392,come,348.375,"back,",<UNK>,5.678464666671911
4,393,<UNK>,336.9318181818182,come,"back,",5.675040005790547
4,394,It,347.2613636363636,<UNK>,come,5.680172609017068
4,395,is,328.71590909090907,It,<UNK>,4.62333748994354
4,396,you,308.0568181818182,is,It,5.683579767338681
4,397,who,311.6818181818182,you,is,5.675040005790547
4,398,must,305.95454545454544,who,you,5.675040005790547
4,399,be,303.82954545454544,must,who,5.675040005790547
4,400,our,302.07954545454544,be,must,5.681877639268151
4,401,<UNK>,312.85227272727275,our,be,5.675040005790547
4,402,because,340.92045454545456,<UNK>,our,5.680172609017068
4,403,no,307.04545454545456,because,<UNK>,5.6937321388027
4,404,one,319.45454545454544,no,because,5.675040005790547
4,405,can,300.5402298850575,one,no,5.681877639268151
4,406,<UNK>,306.4651162790698,can,one,5.675040005790547
4,407,as,289.2386363636364,<UNK>,can,5.680172609017068
4,408,high,309.6136363636364,as,<UNK>,5.326256735237278
4,409,as,299.8488372093023,high,as,5.271288694160117
4,410,<UNK>,324.01149425287355,as,high,5.271288694160117
4,411,<UNK>,377.9310344827586,<UNK>,as,4.325786916351006
4,412,<UNK>,429.15909090909093,<UNK>,<UNK>,1.8561512659871076
4,413,cried,406.59090909090907,<UNK>,<UNK>,6.118831143028423
4,414,a,343.5113636363636,cried,<UNK>,5.680172609017068
4,415,<UNK>,337.7325581395349,a,cried,5.675040005790547
4,416,<UNK>,378.4942528735632,<UNK>,a,2.4548907538477347
4,417,<UNK>,387.0348837209302,<UNK>,<UNK>,1.8561512659871076
4,418,and,361.1931818181818,<UNK>,<UNK>,3.367295829986474
4,419,out,331.82954545454544,and,<UNK>,5.94672865326659
4,420,of,312.0,out,and,5.676753802268282
4,421,the,308.7241379310345,of,out,4.775756486563625
4,422,blue,303.82758620689657,the,of,5.791488055075306
4,423,the,335.42045454545456,blue,the,5.675040005790547
4,424,little,356.8636363636364,the,blue,5.675040005790547
4,425,bird,326.3488372093023,little,the,4.203032867972602
4,426,without,350.5529411764706,bird,little,5.69204721843778
4,427,a,357.8720930232558,without,bird,5.271288694160117
4,428,name,338.18390804597703,a,without,5.271288694160117
4,429,<UNK>,352.1034482758621,name,a,5.676753802268282
4,430,from,372.18390804597703,<UNK>,name,5.675040005790547
4,431,the,321.04597701149424,from,<UNK>,3.7694714614442395
4,432,<UNK>,341.6551724137931,the,from,4.0943445622221
4,433,"back,",362.1136363636364,<UNK>,the,6.119197913617533
4,434,where,359.79545454545456,"back,",<UNK>,5.678464666671911
4,435,he,374.5113636363636,where,"back,",5.675040005790547
4,436,had,322.7241379310345,he,where,5.678464666671911
4,437,<UNK>,341.35632183908046,had,he,5.2798138949834765
4,438,hidden,362.3333333333333,<UNK>,had,5.72194977861165
4,439,in,351.95348837209303,hidden,<UNK>,5.676753802268282
4,440,the,341.5402298850575,in,hidden,5.675040005790547
4,441,<UNK>,340.5977011494253,the,in,2.968080742223481
4,442,His,365.28409090909093,<UNK>,the,6.119197913617533
4,443,<UNK>,366.75,His,<UNK>,4.987025428457122
4,444,was,392.80898876404495,<UNK>,His,5.272999558563747
4,445,the,355.46067415730334,was,<UNK>,4.807294370078226
4,446,<UNK>,326.39080459770116,the,was,4.315820056435613
4,447,up,372.1931818181818,<UNK>,the,6.119197913617533
4,448,his,368.8181818181818,up,<UNK>,5.69204721843778
4,449,<UNK>,389.91954022988506,his,up,5.675040005790547
4,450,and,421.67816091954023,<UNK>,his,4.805659046737495
4,451,he,359.5057471264368,and,<UNK>,5.253581472706645
4,452,<UNK>,373.85057471264366,he,and,5.681877639268151
4,453,to,339.13793103448273,<UNK>,he,5.032070574816321
4,454,himself,351.2413793103448,to,<UNK>,5.815621956411737
4,455,at,361.21590909090907,himself,to,5.675040005790547
4,456,how,323.5113636363636,at,himself,5.675040005790547
4,457,<UNK>,326.5581395348837,how,at,5.675040005790547
4,458,it,313.4318181818182,<UNK>,how,5.675040005790547
4,459,had,300.57954545454544,it,<UNK>,5.0072963928307415
4,460,been,312.7816091954023,had,it,5.678464666671911
4,461,to,306.04597701149424,been,had,5.695414224985685
4,462,<UNK>,319.7586206896552,to,been,5.675040005790547
4,463,the,331.85057471264366,<UNK>,to,3.951243718581427
4,464,other,328.04651162790697,the,<UNK>,5.482026848616839
4,465,<UNK>,311.3636363636364,other,the,4.995521656286208
4,466,<UNK>,358.89772727272725,<UNK>,other,5.68697535633982
4,467,and,329.2386363636364,<UNK>,<UNK>,3.367295829986474
4,468,higher,317.78409090909093,and,<UNK>,5.541263545158426
4,469,he,319.42045454545456,higher,and,5.680172609017068
4,470,<UNK>,323.7701149425287,he,higher,5.675040005790547
4,471,until,384.2068965517241,<UNK>,he,5.725217755376266
4,472,he,345.4367816091954,until,<UNK>,5.683579767338681
4,473,was,349.4712643678161,he,until,5.675040005790547
4,474,<UNK>,315.65909090909093,was,he,4.993828175779875
4,475,to,320.47727272727275,<UNK>,was,4.853591544486569
4,476,<UNK>,323.2386363636364,to,<UNK>,2.8452074908420353
4,477,and,344.7613636363636,<UNK>,to,4.906755163608864
4,478,then,327.46590909090907,and,<UNK>,5.541263545158426
4,479,<UNK>,352.32183908045977,then,and,5.276412531159987
4,480,his,359.0681818181818,<UNK>,then,5.683579767338681
4,481,<UNK>,352.41379310344826,his,<UNK>,4.189654742026425
4,482,<UNK>,353.7471264367816,<UNK>,his,4.11251186617755
4,483,he,367.51724137931035,<UNK>,<UNK>,5.425683962468478
4,484,<UNK>,346.9655172413793,he,<UNK>,3.9940218405942316
4,485,to,348.0689655172414,<UNK>,he,5.032070574816321
4,486,earth,345.01149425287355,to,<UNK>,5.815621956411737
4,487,<UNK>,360.6363636363636,earth,to,5.675040005790547
4,488,<UNK>,387.09090909090907,<UNK>,earth,5.676753802268282
4,489,'I,356.78409090909093,<UNK>,<UNK>,6.524296251136588
4,490,am,324.53409090909093,'I,<UNK>,4.993828175779875
4,491,"king,",318.6136363636364,am,'I,4.988730458708206
4,492,I,330.14942528735634,"king,",am,4.985317486111966
4,493,am,314.3181818181818,I,"king,",4.985317486111966
4,494,king!',311.8181818181818,am,I,4.763881877142913
4,495,The,342.67045454545456,king!',am,5.680172609017068
4,496,eagle,335.1136363636364,The,king!',5.675040005790547
4,497,<UNK>,331.875,eagle,The,5.675040005790547
4,498,by,377.0113636363636,<UNK>,eagle,5.675040005790547
4,499,the,357.8181818181818,by,<UNK>,3.644143560272545
4,500,little,344.2068965517241,the,by,5.304961909266705
4,501,bird,300.86206896551727,little,the,4.203032867972602
4,502,had,316.10227272727275,bird,little,5.69204721843778
4,503,not,306.5681818181818,had,bird,5.676753802268282
4,504,<UNK>,313.3636363636364,not,had,5.276412531159987
4,505,the,319.8735632183908,<UNK>,not,5.017279836814924
4,506,bird,343.7931034482759,the,<UNK>,5.1943447761650585
4,507,in,325.9425287356322,bird,the,5.680172609017068
4,508,his,313.6931818181818,in,bird,5.676753802268282
4,509,<UNK>,311.82954545454544,his,in,4.988730458708206
4,510,and,337.09090909090907,<UNK>,his,4.805659046737495
4,511,so,334.0568181818182,and,<UNK>,5.541263545158426
4,512,had,323.82954545454544,so,and,5.678464666671911
4,513,not,331.6931818181818,had,so,5.675040005790547
4,514,at,324.9655172413793,not,had,5.681877639268151
4,515,all,317.9318181818182,at,not,5.675040005790547
4,516,<UNK>,315.59302325581393,all,at,5.675040005790547
4,517,the,319.2298850574713,<UNK>,all,5.685279003091641
4,518,bird,343.60919540229884,the,<UNK>,5.1943447761650585
4,519,to,348.3103448275862,bird,the,5.680172609017068
4,520,come,304.0348837209302,to,bird,5.675040005790547
4,521,flying,357.9431818181818,come,to,5.678464666671911
4,522,out,321.7931034482759,flying,come,5.675040005790547
4,523,like,315.3863636363636,out,flying,5.675040005790547
4,524,<UNK>,330.5057471264368,like,out,5.675040005790547
4,525,The,393.64367816091954,<UNK>,like,5.681877639268151
4,526,birds,332.367816091954,The,<UNK>,5.776103136235827
4,527,back,324.01149425287355,birds,The,5.675040005790547
4,528,on,317.75581395348837,back,birds,5.675040005790547
4,529,earth,348.8965517241379,on,back,5.675040005790547
4,530,were,336.41379310344826,earth,on,5.675040005790547
4,531,all,307.5113636363636,were,earth,5.675040005790547
4,532,up,315.42045454545456,all,were,5.680172609017068
4,533,in,325.96629213483146,up,all,5.675040005790547
4,534,<UNK>,351.5232558139535,in,up,5.675040005790547
4,535,"'You,",359.0681818181818,<UNK>,in,5.723585101952381
4,536,and,336.98850574712645,"'You,",<UNK>,5.678464666671911
4,537,not,354.46590909090907,and,"'You,",5.675040005790547
4,538,the,381.6666666666667,not,and,5.675040005790547
4,539,<UNK>,390.9080459770115,the,not,5.271288694160117
4,540,our,431.735632183908,<UNK>,the,6.119197913617533
4,541,<UNK>,413.28409090909093,our,<UNK>,5.675040005790547
4,542,the,435.3333333333333,<UNK>,our,5.680172609017068
4,543,birds,384.0,the,<UNK>,5.482026848616839
4,544,"cried,",339.78409090909093,birds,the,5.695414224985685
4,545,<UNK>,370.67045454545456,"cried,",birds,5.675040005790547
4,546,with,365.04545454545456,<UNK>,"cried,",5.678464666671911
4,547,<UNK>,348.2093023255814,with,<UNK>,3.8631559152230595
4,548,<UNK>,365.95402298850576,<UNK>,with,4.31748811353631
4,549,have,367.735632183908,<UNK>,<UNK>,5.831149070576642
4,550,<UNK>,360.17241379310343,have,<UNK>,4.988730458708206
4,551,this,340.71264367816093,<UNK>,have,5.69204721843778
4,552,by,321.2068965517241,this,<UNK>,5.680172609017068
4,553,<UNK>,341.54545454545456,by,this,5.675040005790547
4,554,every,352.8837209302326,<UNK>,by,5.697093486505405
4,555,<UNK>,338.3103448275862,every,<UNK>,5.271288694160117
4,556,in,316.4186046511628,<UNK>,every,5.680172609017068
4,557,the,303.01149425287355,in,<UNK>,3.250374491927572
4,558,<UNK>,354.02298850574715,the,in,2.968080742223481
4,559,so,349.1818181818182,<UNK>,the,6.119197913617533
4,560,we,313.2528735632184,so,<UNK>,5.6937321388027
4,561,will,326.95454545454544,we,so,5.675040005790547
4,562,not,315.35632183908046,will,we,5.675040005790547
4,563,have,299.4942528735632,not,will,5.675040005790547
4,564,<UNK>,303.0574712643678,have,not,5.271288694160117
4,565,who,336.2183908045977,<UNK>,have,5.69204721843778
4,566,are,348.59302325581393,who,<UNK>,5.72194977861165
4,567,<UNK>,350.3837209302326,are,who,5.271288694160117
4,568,<UNK>,384.40909090909093,<UNK>,are,4.774068722449905
4,569,and,364.7386363636364,<UNK>,<UNK>,3.367295829986474
4,570,<UNK>,360.35227272727275,and,<UNK>,2.3632097148104805
4,571,to,355.34090909090907,<UNK>,and,4.742029368705289
4,572,<UNK>,331.82954545454544,to,<UNK>,2.8452074908420353
4,573,over,344.08045977011494,<UNK>,to,5.823045895483019
4,574,<UNK>,330.2413793103448,over,<UNK>,5.278114659230518
4,575,The,348.25882352941176,<UNK>,over,5.678464666671911
4,576,bird,342.4712643678161,The,<UNK>,5.776103136235827
4,577,without,336.4418604651163,bird,The,5.675040005790547
4,578,a,343.04545454545456,without,bird,5.271288694160117
4,579,name,325.875,a,without,5.271288694160117
4,580,then,331.34090909090907,name,a,5.676753802268282
4,581,decided,335.8720930232558,then,name,5.675040005790547
4,582,to,317.11494252873564,decided,then,5.675040005790547
4,583,clear,339.3837209302326,to,decided,5.678464666671911
4,584,the,326.32183908045977,clear,to,5.675040005790547
4,585,air,315.85057471264366,the,clear,5.675040005790547
4,586,and,342.8965517241379,air,the,5.678464666671911
4,587,"said,",332.125,and,air,5.675040005790547
4,588,'Then,380.264367816092,"said,",and,5.676753802268282
4,589,let,360.7613636363636,'Then,"said,",5.675040005790547
4,590,<UNK>,355.3636363636364,let,'Then,5.675040005790547
4,591,<UNK>,351.95402298850576,<UNK>,let,5.676753802268282
4,592,with,349.89772727272725,<UNK>,<UNK>,4.819548158898162
4,593,a,334.29545454545456,with,<UNK>,4.636345803456541
4,594,<UNK>,356.79545454545456,a,with,4.302374475726262
4,595,<UNK>,350.0581395348837,<UNK>,a,2.4548907538477347
4,596,and,359.1363636363636,<UNK>,<UNK>,3.367295829986474
4,597,<UNK>,339.3636363636364,and,<UNK>,2.3632097148104805
4,598,a,342.0344827586207,<UNK>,and,5.435176549265234
4,599,new,335.4318181818182,a,<UNK>,5.734958092124651
4,600,<UNK>,360.90697674418607,new,a,4.987025428457122
4,601,<UNK>,398.5,<UNK>,new,4.768988271217486
4,602,Then,401.2906976744186,<UNK>,<UNK>,6.524296251136588
4,603,we,378.60227272727275,Then,<UNK>,5.681877639268151
4,604,can,342.0568181818182,we,Then,5.675040005790547
4,605,<UNK>,330.264367816092,can,we,5.675040005790547
4,606,who,320.04545454545456,<UNK>,can,5.680172609017068
4,607,should,305.65909090909093,who,<UNK>,5.72194977861165
4,608,be,315.60227272727275,should,who,5.675040005790547
4,609,the,308.4886363636364,be,should,5.678464666671911
4,610,real,326.28409090909093,the,be,5.676753802268282
4,611,<UNK>,314.5,real,the,5.675040005790547
4,612,Then,346.86206896551727,<UNK>,real,5.676753802268282
4,613,the,320.22727272727275,Then,<UNK>,4.988730458708206
4,614,birds,308.39772727272725,the,Then,5.274707500908903
4,615,<UNK>,319.06976744186045,birds,the,4.77912349311153
4,616,together,314.2298850574713,<UNK>,birds,5.681877639268151
4,617,again,319.67816091954023,together,<UNK>,5.675040005790547
4,618,and,317.95454545454544,again,together,5.675040005790547
4,619,decided,314.84090909090907,and,again,5.675040005790547
4,620,the,322.5681818181818,decided,and,5.271288694160117
4,621,case,308.32954545454544,the,decided,5.678464666671911
4,622,would,331.875,case,the,5.675040005790547
4,623,be,312.8390804597701,would,case,5.675040005790547
4,624,<UNK>,325.632183908046,be,would,4.434212387844452
4,625,by,355.5581395348837,<UNK>,be,5.718671087149952
4,626,making,320.632183908046,by,<UNK>,5.723585101952381
4,627,a,304.8068181818182,making,by,5.675040005790547
4,628,new,308.4318181818182,a,making,5.675040005790547
4,629,<UNK>,372.0574712643678,new,a,4.987025428457122
4,630,which,339.78409090909093,<UNK>,new,5.685279003091641
4,631,was,360.75,which,<UNK>,5.2999826458670976
4,632,that,305.52272727272725,was,which,5.676753802268282
4,633,he,315.42045454545456,that,was,5.681877639268151
4,634,should,351.0344827586207,he,that,5.685279003091641
4,635,be,318.5977011494253,should,he,5.675040005790547
4,636,<UNK>,337.67816091954023,be,should,5.678464666671911
4,637,who,401.1954022988506,<UNK>,be,5.718671087149952
4,638,could,341.3333333333333,who,<UNK>,5.72194977861165
4,639,go,366.15909090909093,could,who,5.676753802268282
4,640,the,341.34090909090907,go,could,5.675040005790547
4,641,<UNK>,365.8636363636364,the,go,5.675040005790547
4,642,into,371.04545454545456,<UNK>,the,5.426050733057588
4,643,the,371.60227272727275,into,<UNK>,4.601831284722577
4,644,earth.,414.9310344827586,the,into,5.688668836846153
4,645,So,434.9431818181818,earth.,the,5.675040005790547
4,646,the,376.8068181818182,So,earth.,5.675040005790547
4,647,little,339.17045454545456,the,So,5.675040005790547
4,648,bird,333.125,little,the,4.203032867972602
4,649,who,366.9425287356322,bird,little,5.286582110329616
4,650,the,322.57471264367814,who,bird,5.676753802268282
4,651,other,355.1058823529412,the,who,5.681877639268151
4,652,birds,337.0813953488372,other,the,4.590056548178043
4,653,<UNK>,356.5813953488372,birds,other,5.683579767338681
4,654,was,389.7586206896552,<UNK>,birds,5.681877639268151
4,655,now,371.57471264367814,was,<UNK>,5.723585101952381
4,656,back,358.5348837209302,now,was,5.678464666671911
4,657,to,334.13793103448273,back,now,5.675040005790547
4,658,<UNK>,343.08045977011494,to,back,5.678464666671911
4,659,one.,383.53409090909093,<UNK>,to,5.823045895483019
4,660,<UNK>,418.2068965517241,one.,<UNK>,5.271288694160117
4,661,he,380.0,<UNK>,one.,5.678464666671911
4,662,<UNK>,369.40909090909093,he,<UNK>,3.9940218405942316
4,663,"however,",444.8068181818182,<UNK>,he,5.725217755376266
4,664,that,367.8488372093023,"however,",<UNK>,5.276412531159987
4,665,if,376.6931818181818,that,"however,",5.676753802268282
4,666,he,328.06976744186045,if,that,5.675040005790547
4,667,<UNK>,370.44827586206895,he,if,5.675040005790547
4,668,his,366.5287356321839,<UNK>,he,5.032070574816321
4,669,<UNK>,335.02298850574715,his,<UNK>,4.189654742026425
4,670,<UNK>,313.8068181818182,<UNK>,his,4.11251186617755
4,671,he,316.1931818181818,<UNK>,<UNK>,5.425683962468478
4,672,could,310.9655172413793,he,<UNK>,5.698769932832657
4,673,be,312.9318181818182,could,he,5.685279003091641
4,674,king.,304.2386363636364,be,could,5.676753802268282
4,675,How,346.79545454545456,king.,be,5.676753802268282
4,676,the,380.4431818181818,How,king.,5.675040005790547
4,677,<UNK>,340.735632183908,the,How,5.676753802268282
4,678,<UNK>,444.7701149425287,<UNK>,the,2.1873722808932077
4,679,in,396.3720930232558,<UNK>,<UNK>,4.273004452530092
4,680,the,361.5402298850575,in,<UNK>,3.250374491927572
4,681,<UNK>,349.95454545454544,the,in,2.968080742223481
4,682,and,351.84090909090907,<UNK>,the,3.676850878248329
4,683,the,360.8863636363636,and,<UNK>,3.6954368546600955
4,684,<UNK>,323.70454545454544,the,and,4.0089847132709435
4,685,<UNK>,380.96590909090907,<UNK>,the,2.1873722808932077
4,686,to,347.03409090909093,<UNK>,<UNK>,4.081949215767383
4,687,<UNK>,332.95454545454544,to,<UNK>,2.8452074908420353
4,688,a,320.60227272727275,<UNK>,to,5.1298987149230735
4,689,hole,337.95454545454544,a,<UNK>,5.734958092124651
4,690,for,323.5977011494253,hole,a,5.675040005790547
4,691,the,318.7586206896552,for,hole,5.675040005790547
4,692,new,325.66279069767444,the,for,5.6937321388027
4,693,<UNK>,370.264367816092,new,the,5.676753802268282
4,694,All,380.3863636363636,<UNK>,new,5.685279003091641
4,695,the,330.1136363636364,All,<UNK>,5.678464666671911
4,696,other,307.9080459770115,the,All,5.675040005790547
4,697,birds,315.0113636363636,other,the,4.590056548178043
4,698,tried,319.7386363636364,birds,other,5.683579767338681
4,699,to,321.6292134831461,tried,birds,5.675040005790547
4,700,hide,310.28735632183907,to,tried,5.68697535633982
4,701,themselves,340.34090909090907,hide,to,5.676753802268282
4,702,in,343.04597701149424,themselves,hide,5.675040005790547
4,703,the,324.1363636363636,in,themselves,5.676753802268282
4,704,<UNK>,317.77272727272725,the,in,2.968080742223481
4,705,<UNK>,326.75,<UNK>,the,2.1873722808932077
4,706,until,339.46590909090907,<UNK>,<UNK>,6.524296251136588
4,707,they,341.32954545454544,until,<UNK>,5.278114659230518
4,708,were,313.1264367816092,they,until,5.676753802268282
4,709,<UNK>,361.8068181818182,were,they,5.281510248231656
4,710,blue,340.438202247191,<UNK>,were,5.71042701737487
4,711,in,333.3863636363636,blue,<UNK>,5.675040005790547
4,712,the,325.10227272727275,in,blue,5.675040005790547
4,713,<UNK>,338.7386363636364,the,in,2.968080742223481
4,714,The,353.3103448275862,<UNK>,the,4.509760001183433
4,715,<UNK>,331.1931818181818,The,<UNK>,3.4247278790723494
4,716,little,354.9438202247191,<UNK>,The,5.304961909266705
4,717,bird,321.6363636363636,little,<UNK>,5.688668836846153
4,718,that,327.95454545454544,bird,little,5.69204721843778
4,719,was,335.02272727272725,that,bird,5.676753802268282
4,720,as,320.39772727272725,was,that,5.69204721843778
4,721,<UNK>,327.01149425287355,as,was,4.985317486111966
4,722,as,333.13793103448273,<UNK>,as,4.613468988802786
4,723,brass,323.90697674418607,as,<UNK>,5.731721843345443
4,724,found,344.02298850574715,brass,as,5.675040005790547
4,725,a,329.4886363636364,found,brass,5.675040005790547
4,726,<UNK>,320.4431818181818,a,found,5.675040005790547
4,727,dark,345.5113636363636,<UNK>,a,5.483412850224717
4,728,mouse's,390.53409090909093,dark,<UNK>,5.676753802268282
4,729,<UNK>,448.29213483146066,mouse's,dark,5.675040005790547
4,730,and,398.54545454545456,<UNK>,mouse's,5.676753802268282
4,731,<UNK>,428.07954545454544,and,<UNK>,2.3632097148104805
4,732,in,362.59090909090907,<UNK>,and,5.435176549265234
4,733,"cried,",371.34831460674155,in,<UNK>,5.776103136235827
4,734,'I,401.5280898876405,"cried,",in,5.675040005790547
4,735,am,347.1011235955056,'I,"cried,",5.675040005790547
4,736,"king,",335.90909090909093,am,'I,4.988730458708206
4,737,I,341.9550561797753,"king,",am,4.985317486111966
4,738,am,319.47727272727275,I,"king,",4.985317486111966
4,739,king!',321.03409090909093,am,I,4.763881877142913
4,740,but,326.0449438202247,king!',am,5.680172609017068
4,741,it,320.2613636363636,but,king!',5.675040005790547
4,742,was,329.4719101123595,it,but,4.586666714423532
4,743,of,294.64772727272725,was,it,5.718671087149952
4,744,no,305.1931818181818,of,was,5.675040005790547
4,745,<UNK>,352.22727272727275,no,of,5.675040005790547
4,746,"'You,",352.5681818181818,<UNK>,no,5.688668836846153
4,747,our,345.9325842696629,"'You,",<UNK>,5.678464666671911
4,748,<UNK>,388.52272727272725,our,"'You,",5.675040005790547
4,749,all,359.3863636363636,<UNK>,our,5.680172609017068
4,750,the,345.0113636363636,all,<UNK>,5.276412531159987
4,751,<UNK>,312.90909090909093,the,all,4.774068722449905
4,752,birds,328.9318181818182,<UNK>,the,6.119197913617533
4,753,who,314.8181818181818,birds,<UNK>,5.675040005790547
4,754,the,301.82954545454544,who,birds,5.676753802268282
4,755,<UNK>,307.64772727272725,the,who,5.276412531159987
4,756,bird,312.46590909090907,<UNK>,the,5.713732805509369
4,757,had,330.3258426966292,bird,<UNK>,5.676753802268282
4,758,<UNK>,332.11494252873564,had,bird,5.676753802268282
4,759,cried,382.5057471264368,<UNK>,had,5.72194977861165
4,760,<UNK>,356.96590909090907,cried,<UNK>,5.680172609017068
4,761,even,352.02272727272725,<UNK>,cried,5.676753802268282
4,762,more,325.4318181818182,even,<UNK>,5.676753802268282
4,763,<UNK>,322.8068181818182,more,even,4.985317486111966
4,764,than,324.65909090909093,<UNK>,more,5.688668836846153
4,765,<UNK>,333.3181818181818,than,<UNK>,5.683579767338681
4,766,<UNK>,344.7701149425287,<UNK>,than,5.680172609017068
4,767,you,326.5730337078652,<UNK>,<UNK>,5.27153328264122
4,768,<UNK>,305.03409090909093,you,<UNK>,4.598481197837295
4,769,we,298.92045454545456,<UNK>,you,5.683579767338681
4,770,would,304.41379310344826,we,<UNK>,5.675040005790547
4,771,reward,325.72727272727275,would,we,5.675040005790547
4,772,your,305.75,reward,would,5.675040005790547
4,773,<UNK>,320.60227272727275,your,reward,5.675040005790547
4,774,in,323.3068181818182,<UNK>,your,5.678464666671911
4,775,this,311.2386363636364,in,<UNK>,5.3706380281276624
4,776,<UNK>,318.35227272727275,this,in,5.272999558563747
4,777,<UNK>,332.4597701149425,<UNK>,this,4.998900037877835
4,778,<UNK>,334.57471264367814,<UNK>,<UNK>,1.8561512659871076
4,779,You,351.375,<UNK>,<UNK>,6.524296251136588
4,780,<UNK>,326.82954545454544,You,<UNK>,5.272999558563747
4,781,<UNK>,304.3863636363636,<UNK>,You,5.676753802268282
4,782,in,312.20454545454544,<UNK>,<UNK>,4.273004452530092
4,783,the,293.81609195402297,in,<UNK>,3.250374491927572
4,784,earth,300.22727272727275,the,in,5.771441123130016
4,785,<UNK>,303.35227272727275,earth,the,5.675040005790547
4,786,you,308.01149425287355,<UNK>,earth,5.676753802268282
4,787,<UNK>,314.59090909090907,you,<UNK>,4.598481197837295
4,788,of,317.4712643678161,<UNK>,you,5.683579767338681
4,789,<UNK>,326.27272727272725,of,<UNK>,2.6560549059838294
4,790,So,379.5681818181818,<UNK>,of,5.7745515455444085
4,791,they,318.8863636363636,So,<UNK>,5.678464666671911
4,792,<UNK>,301.632183908046,they,So,5.675040005790547
4,793,up,298.4022988505747,<UNK>,they,5.284894346215896
4,794,the,334.70454545454544,up,<UNK>,4.998900037877835
4,795,little,311.42528735632186,the,up,5.678464666671911
4,796,bird,301.625,little,the,4.203032867972602
4,797,in,320.48275862068965,bird,little,5.69204721843778
4,798,the,307.0689655172414,in,bird,5.676753802268282
4,799,mouse's,318.0344827586207,the,in,5.771441123130016
4,800,hole,336.20454545454544,mouse's,the,5.676753802268282
4,801,that,328.9310344827586,hole,mouse's,5.675040005790547
4,802,the,331.57954545454544,that,hole,5.675040005790547
4,803,<UNK>,354.48275862068965,the,that,3.7776749528970677
4,804,gave,360.40909090909093,<UNK>,the,6.119197913617533
4,805,up,368.367816091954,gave,<UNK>,5.676753802268282
4,806,most,392.2068965517241,up,gave,5.675040005790547
4,807,<UNK>,431.72093023255815,most,up,5.675040005790547
4,808,and,455.37931034482756,<UNK>,most,4.993828175779875
4,809,<UNK>,366.49411764705883,and,<UNK>,2.3632097148104805
4,810,the,342.89772727272725,<UNK>,and,4.58787868887803
4,811,owl,346.367816091954,the,<UNK>,5.482026848616839
4,812,<UNK>,379.20454545454544,owl,the,4.767289035464526
4,813,him,384.8181818181818,<UNK>,owl,5.680172609017068
4,814,<UNK>,394.27272727272725,him,<UNK>,5.278114659230518
4,815,<UNK>,362.8181818181818,<UNK>,him,5.271288694160117
4,816,and,369.9080459770115,<UNK>,<UNK>,3.367295829986474
4,817,day.,359.2183908045977,and,<UNK>,5.94672865326659
4,818,Then,383.95402298850576,day.,and,5.675040005790547
4,819,all,374.08045977011494,Then,day.,5.675040005790547
4,820,the,329.8390804597701,all,Then,5.675040005790547
4,821,birds,315.3720930232558,the,all,4.997212273764115
4,822,went,315.5348837209302,birds,the,5.695414224985685
4,823,home,304.84090909090907,went,birds,5.675040005790547
4,824,to,313.96590909090907,home,went,5.675040005790547
4,825,"bed,",313.8735632183908,to,home,5.675040005790547
4,826,for,313.6860465116279,"bed,",to,5.676753802268282
4,827,they,293.1136363636364,for,"bed,",5.271288694160117
4,828,were,311.3448275862069,they,for,5.272999558563747
4,829,very,322.2906976744186,were,they,5.68697535633982
4,830,<UNK>,329.11494252873564,very,were,5.271288694160117
4,831,but,317.3255813953488,<UNK>,very,5.695414224985685
4,832,the,328.6818181818182,but,<UNK>,4.485420932878165
4,833,owl,317.40909090909093,the,but,5.688668836846153
4,834,<UNK>,344.08045977011494,owl,the,4.767289035464526
4,835,by,324.64772727272725,<UNK>,owl,5.274707500908903
4,836,the,334.875,by,<UNK>,3.644143560272545
4,837,birds,322.14772727272725,the,by,5.71042701737487
4,838,to,304.04545454545456,birds,the,5.695414224985685
4,839,<UNK>,312.42528735632186,to,birds,5.675040005790547
4,840,<UNK>,306.5,<UNK>,to,3.5717540968765236
4,841,found,314.59302325581393,<UNK>,<UNK>,6.524296251136588
4,842,his,316.29545454545456,found,<UNK>,5.676753802268282
4,843,<UNK>,300.97727272727275,his,found,5.675040005790547
4,844,was,311.7241379310345,<UNK>,his,5.72194977861165
4,845,<UNK>,324.63953488372096,was,<UNK>,4.018837009713955
4,846,and,323.13953488372096,<UNK>,was,5.076735095800779
4,847,<UNK>,340.6046511627907,and,<UNK>,2.3632097148104805
4,848,because,366.0919540229885,<UNK>,and,5.840641657373398
4,849,he,327.6860465116279,because,<UNK>,5.288267030694535
4,850,was,320.70454545454544,he,because,4.987025428457122
4,851,just,307.3953488372093,was,he,5.68697535633982
4,852,sitting,296.2528735632184,just,was,5.680172609017068
4,853,<UNK>,307.2528735632184,sitting,just,5.675040005790547
4,854,<UNK>,326.4712643678161,<UNK>,sitting,5.676753802268282
4,855,at,328.1931818181818,<UNK>,<UNK>,5.27153328264122
4,856,the,315.2674418604651,at,<UNK>,4.606835465307152
4,857,mouse's,318.3103448275862,the,at,5.702114417555504
4,858,<UNK>,330.6279069767442,mouse's,the,5.676753802268282
4,859,'I,336.55172413793105,<UNK>,mouse's,5.676753802268282
4,860,can,316.60919540229884,'I,<UNK>,5.68697535633982
4,861,<UNK>,322.14942528735634,can,'I,5.675040005790547
4,862,one,325.6823529411765,<UNK>,can,5.680172609017068
4,863,eye,328.3720930232558,one,<UNK>,5.272999558563747
4,864,and,334.4942528735632,eye,one,5.271288694160117
4,865,<UNK>,325.98850574712645,and,eye,5.271288694160117
4,866,with,319.2613636363636,<UNK>,and,5.840641657373398
4,867,the,319.6136363636364,with,<UNK>,4.12552017969055
4,868,<UNK>,322.97701149425285,the,with,4.189654742026425
4,869,he,343.54545454545456,<UNK>,the,6.119197913617533
4,870,<UNK>,321.7701149425287,he,<UNK>,3.9940218405942316
4,871,So,341.2674418604651,<UNK>,he,5.725217755376266
4,872,he,311.125,So,<UNK>,5.678464666671911
4,873,<UNK>,294.5057471264368,he,So,5.676753802268282
4,874,one,311.6818181818182,<UNK>,he,5.725217755376266
4,875,eye,296.5057471264368,one,<UNK>,5.272999558563747
4,876,and,309.10227272727275,eye,one,5.271288694160117
4,877,<UNK>,296.65909090909093,and,eye,5.271288694160117
4,878,<UNK>,332.89772727272725,<UNK>,and,3.355735007585398
4,879,with,336.90909090909093,<UNK>,<UNK>,4.819548158898162
4,880,the,332.42045454545456,with,<UNK>,4.12552017969055
4,881,<UNK>,295.2613636363636,the,with,4.189654742026425
4,882,but,324.20454545454544,<UNK>,the,5.202907181743378
4,883,before,311.18390804597703,but,<UNK>,5.332718793265369
4,884,he,332.2183908045977,before,but,5.676753802268282
4,885,knew,305.17241379310343,he,before,5.675040005790547
4,886,it,310.625,knew,he,5.675040005790547
4,887,he,288.4318181818182,it,knew,5.675040005790547
4,888,<UNK>,328.1264367816092,he,it,5.675040005790547
4,889,to,305.0,<UNK>,he,5.032070574816321
4,890,keep,286.2298850574713,to,<UNK>,5.815621956411737
4,891,that,283.32183908045977,keep,to,5.678464666671911
4,892,one,294.15909090909093,that,keep,5.675040005790547
4,893,<UNK>,321.98850574712645,one,that,5.676753802268282
4,894,and,355.53409090909093,<UNK>,one,5.68697535633982
4,895,both,321.92045454545456,and,<UNK>,5.94672865326659
4,896,eyes,283.7386363636364,both,and,5.675040005790547
4,897,were,288.95454545454544,eyes,both,5.675040005790547
4,898,fast,300.59090909090907,were,eyes,5.676753802268282
4,899,<UNK>,361.2183908045977,fast,were,5.675040005790547
4,900,Then,334.9318181818182,<UNK>,fast,5.675040005790547
4,901,the,322.52272727272725,Then,<UNK>,4.988730458708206
4,902,little,331.82758620689657,the,Then,5.680172609017068
4,903,bird,306.42528735632186,little,the,4.203032867972602
4,904,<UNK>,314.0681818181818,bird,little,4.998900037877835
4,905,by,326.08045977011494,<UNK>,bird,5.680172609017068
4,906,the,314.5568181818182,by,<UNK>,3.644143560272545
4,907,owl,304.42528735632186,the,by,5.71042701737487
4,908,<UNK>,307.39772727272725,owl,the,4.767289035464526
4,909,"out,",359.20454545454544,<UNK>,owl,5.680172609017068
4,910,and,313.1954022988506,"out,",<UNK>,5.680172609017068
4,911,when,315.78409090909093,and,"out,",5.676753802268282
4,912,he,310.4431818181818,when,and,5.272999558563747
4,913,saw,296.125,he,when,5.680172609017068
4,914,the,298.7011494252874,saw,he,5.675040005790547
4,915,<UNK>,286.95454545454544,the,saw,4.985317486111966
4,916,two,300.17045454545456,<UNK>,the,6.119197913617533
4,917,eyes,306.264367816092,two,<UNK>,5.681877639268151
4,918,<UNK>,305.6136363636364,eyes,two,5.675040005790547
4,919,<UNK>,347.5977011494253,<UNK>,eyes,5.675040005790547
4,920,he,312.45454545454544,<UNK>,<UNK>,5.425683962468478
4,921,<UNK>,328.46590909090907,he,<UNK>,3.9940218405942316
4,922,from,349.5287356321839,<UNK>,he,5.725217755376266
4,923,the,283.3139534883721,from,<UNK>,3.7694714614442395
4,924,hole,292.72093023255815,the,from,5.703782474656201
4,925,and,291.51162790697674,hole,the,5.676753802268282
4,926,flew,290.5632183908046,and,hole,5.675040005790547
4,927,away.,292.9080459770115,flew,and,5.676753802268282
4,928,He,328.1046511627907,away.,flew,5.675040005790547
4,929,wanted,341.8837209302326,He,away.,5.676753802268282
4,930,to,310.08045977011494,wanted,He,5.675040005790547
4,931,<UNK>,315.35227272727275,to,wanted,5.676753802268282
4,932,'I,324.3636363636364,<UNK>,to,5.823045895483019
4,933,am,307.2613636363636,'I,<UNK>,4.993828175779875
4,934,<UNK>,328.60227272727275,am,'I,5.681877639268151
4,935,so,438.4431818181818,<UNK>,am,5.675040005790547
4,936,that,404.875,so,<UNK>,5.288267030694535
4,937,the,325.8735632183908,that,so,5.274707500908903
4,938,owl,309.55172413793105,the,that,5.723585101952381
4,939,could,318.55172413793105,owl,the,5.683579767338681
4,940,hear,332.8965517241379,could,owl,5.675040005790547
4,941,him,311.64772727272725,hear,could,5.676753802268282
4,942,as,331.17045454545456,him,hear,5.675040005790547
4,943,he,334.85227272727275,as,him,5.675040005790547
4,944,<UNK>,296.82954545454544,he,as,5.681877639268151
4,945,but,317.52272727272725,<UNK>,he,5.725217755376266
4,946,thought,358.96590909090907,but,<UNK>,5.738183901373533
4,947,better,311.3068181818182,thought,but,5.675040005790547
4,948,of,315.9318181818182,better,thought,5.675040005790547
4,949,it.,325.55056179775283,of,better,5.675040005790547
4,950,<UNK>,343.60227272727275,it.,of,5.675040005790547
4,951,this,310.125,<UNK>,it.,5.676753802268282
4,952,time,300.09090909090907,this,<UNK>,5.680172609017068
4,953,<UNK>,294.17045454545456,time,this,5.675040005790547
4,954,the,305.79545454545456,<UNK>,time,5.678464666671911
4,955,owl,320.27272727272725,the,<UNK>,5.482026848616839
4,956,<UNK>,334.96590909090907,owl,the,4.767289035464526
4,957,by,353.22727272727275,<UNK>,owl,5.274707500908903
4,958,the,314.21590909090907,by,<UNK>,3.644143560272545
4,959,little,310.6363636363636,the,by,5.304961909266705
4,960,bird,320.3181818181818,little,the,4.203032867972602
4,961,has,301.0,bird,little,5.69204721843778
4,962,not,320.125,has,bird,5.675040005790547
4,963,<UNK>,302.39080459770116,not,has,5.675040005790547
4,964,to,322.55172413793105,<UNK>,not,5.71042701737487
4,965,show,314.4712643678161,to,<UNK>,5.815621956411737
4,966,himself,338.97727272727275,show,to,5.675040005790547
4,967,by,318.625,himself,show,5.675040005790547
4,968,day,301.625,by,himself,5.675040005790547
4,969,for,328.79545454545456,day,by,5.675040005790547
4,970,<UNK>,340.5568181818182,for,day,5.675040005790547
4,971,the,313.8181818181818,<UNK>,for,5.695414224985685
4,972,birds,315.7613636363636,the,<UNK>,5.482026848616839
4,973,should,328.22727272727275,birds,the,5.695414224985685
4,974,<UNK>,300.4886363636364,should,birds,5.271288694160117
4,975,the,310.6136363636364,<UNK>,should,5.676753802268282
4,976,<UNK>,315.632183908046,the,<UNK>,2.5031016933792296
4,977,<UNK>,337.72727272727275,<UNK>,the,2.1873722808932077
4,978,out,331.4431818181818,<UNK>,<UNK>,5.27153328264122
4,979,of,295.4431818181818,out,<UNK>,4.598481197837295
4,980,him.,300.78409090909093,of,out,5.69204721843778
4,981,He,359.9425287356322,him.,of,5.675040005790547
4,982,<UNK>,327.632183908046,He,him.,5.675040005790547
4,983,about,318.4712643678161,<UNK>,He,5.680172609017068
4,984,only,312.77272727272725,about,<UNK>,5.68697535633982
4,985,at,326.37931034482756,only,about,5.675040005790547
4,986,<UNK>,332.8636363636364,at,only,5.675040005790547
4,987,<UNK>,403.0113636363636,<UNK>,at,5.281510248231656
4,988,and,342.9651162790698,<UNK>,<UNK>,3.367295829986474
4,989,<UNK>,428.97701149425285,and,<UNK>,2.3632097148104805
4,990,not,394.4431818181818,<UNK>,and,5.840641657373398
4,991,the,361.39772727272725,not,<UNK>,5.683579767338681
4,992,<UNK>,362.5568181818182,the,not,5.271288694160117
4,993,but,339.8045977011494,<UNK>,the,5.202907181743378
4,994,the,337.4886363636364,but,<UNK>,4.485420932878165
4,995,<UNK>,354.44827586206895,the,but,4.995521656286208
4,996,for,354.4886363636364,<UNK>,the,5.202907181743378
4,997,<UNK>,342.8735632183908,for,<UNK>,4.633109554677333
4,998,made,338.54545454545456,<UNK>,for,5.695414224985685
4,999,the,318.3068181818182,made,<UNK>,5.676753802268282
4,1000,hole,310.4886363636364,the,made,5.676753802268282
4,1001,into,321.46590909090907,hole,the,5.676753802268282
4,1002,which,308.8068181818182,into,hole,5.675040005790547
4,1003,the,310.20454545454544,which,into,5.675040005790547
4,1004,little,312.03409090909093,the,which,5.676753802268282
4,1005,bird,297.34090909090907,little,the,4.203032867972602
4,1006,<UNK>,308.64772727272725,bird,little,4.998900037877835
4,1007,And,363.2386363636364,<UNK>,bird,5.680172609017068
4,1008,the,320.29545454545456,And,<UNK>,5.678464666671911
4,1009,little,304.8181818181818,the,And,5.676753802268282
4,1010,bird,308.125,little,the,4.203032867972602
4,1011,also,309.25,bird,little,5.69204721843778
4,1012,<UNK>,306.07954545454544,also,bird,5.675040005790547
4,1013,out,304.1931818181818,<UNK>,also,5.678464666671911
4,1014,of,317.22727272727275,out,<UNK>,4.598481197837295
4,1015,<UNK>,305.29545454545456,of,out,5.286582110329616
4,1016,for,322.53409090909093,<UNK>,of,5.7745515455444085
4,1017,he,296.71590909090907,for,<UNK>,5.731721843345443
4,1018,<UNK>,306.6818181818182,he,for,5.675040005790547
4,1019,that,319.7613636363636,<UNK>,he,5.725217755376266
4,1020,the,283.375,that,<UNK>,4.2689201469014
4,1021,other,292.1136363636364,the,that,5.723585101952381
4,1022,birds,299.4367816091954,other,the,4.590056548178043
4,1023,should,316.39772727272725,birds,other,5.683579767338681
4,1024,<UNK>,299.98850574712645,should,birds,5.271288694160117
4,1025,him,290.0919540229885,<UNK>,should,5.676753802268282
4,1026,for,305.60919540229884,him,<UNK>,5.683579767338681
4,1027,his,296.67045454545456,for,him,5.675040005790547
4,1028,<UNK>,305.21590909090907,his,for,5.676753802268282
4,1029,The,376.60227272727275,<UNK>,his,5.72194977861165
4,1030,<UNK>,363.5287356321839,The,<UNK>,3.4247278790723494
4,1031,by,330.79545454545456,<UNK>,The,5.71042701737487
4,1032,the,316.64367816091954,by,<UNK>,3.644143560272545
4,1033,other,320.6363636363636,the,by,5.71042701737487
4,1034,birds,304.5402298850575,other,the,4.590056548178043
4,1035,was,286.9431818181818,birds,other,5.683579767338681
4,1036,a,278.32183908045977,was,birds,5.676753802268282
4,1037,<UNK>,296.1511627906977,a,was,4.084294226368599
4,1038,<UNK>,307.95348837209303,<UNK>,a,2.4548907538477347
4,1039,to,308.3636363636364,<UNK>,<UNK>,4.081949215767383
4,1040,<UNK>,314.82954545454544,to,<UNK>,2.8452074908420353
4,1041,for,316.8720930232558,<UNK>,to,5.417580787374854
4,1042,the,316.5348837209302,for,<UNK>,4.633109554677333
4,1043,<UNK>,330.42045454545456,the,for,4.440969170307332
4,1044,bird,331.3255813953488,<UNK>,the,5.713732805509369
4,1045,the,306.48275862068965,bird,<UNK>,5.676753802268282
4,1046,owl,360.54651162790697,the,bird,5.675040005790547
4,1047,had,366.17045454545456,owl,the,5.683579767338681
4,1048,let,329.4597701149425,had,owl,5.675040005790547
4,1049,<UNK>,333.7011494252874,let,had,5.675040005790547
4,1050,away.,349.0232558139535,<UNK>,let,5.676753802268282
4,1051,He,365.47727272727275,away.,<UNK>,5.678464666671911
4,1052,<UNK>,342.5632183908046,He,away.,5.676753802268282
4,1053,in,317.53409090909093,<UNK>,He,5.680172609017068
4,1054,the,306.42045454545456,in,<UNK>,3.250374491927572
4,1055,<UNK>,311.76404494382024,the,in,2.968080742223481
4,1056,and,329.5287356321839,<UNK>,the,3.676850878248329
4,1057,when,319.7386363636364,and,<UNK>,5.94672865326659
4,1058,he,326.34090909090907,when,and,5.272999558563747
4,1059,<UNK>,331.6363636363636,he,when,5.274707500908903
4,1060,himself,314.9425287356322,<UNK>,he,5.725217755376266
4,1061,quite,329.86516853932585,himself,<UNK>,5.675040005790547
4,1062,<UNK>,340.2613636363636,quite,himself,5.675040005790547
4,1063,he,330.367816091954,<UNK>,quite,5.678464666671911
4,1064,<UNK>,334.2584269662921,he,<UNK>,3.9940218405942316
4,1065,"out,",327.4886363636364,<UNK>,he,5.725217755376266
4,1066,'I,369.3258426966292,"out,",<UNK>,5.680172609017068
4,1067,am,321.78409090909093,'I,"out,",5.675040005790547
4,1068,"king,",331.4719101123595,am,'I,4.988730458708206
4,1069,I,317.97752808988764,"king,",am,4.985317486111966
4,1070,am,297.314606741573,I,"king,",4.985317486111966
4,1071,king!',309.3707865168539,am,I,4.763881877142913
4,1072,And,330.96666666666664,king!',am,5.680172609017068
4,1073,the,295.9111111111111,And,king!',5.675040005790547
4,1074,other,310.7191011235955,the,And,5.676753802268282
4,1075,birds,299.0449438202247,other,the,4.590056548178043
4,1076,in,290.8876404494382,birds,other,5.683579767338681
4,1077,<UNK>,315.55555555555554,in,birds,5.675040005790547
4,1078,call,347.46153846153845,<UNK>,in,5.723585101952381
4,1079,"out,",337.8131868131868,call,<UNK>,5.675040005790547
4,1080,<UNK>,362.6222222222222,"out,",call,5.675040005790547
4,1081,<UNK>,359.3777777777778,<UNK>,"out,",5.675040005790547
4,1082,the,369.6703296703297,<UNK>,<UNK>,3.45624331600297
4,1083,<UNK>,584.4157303370787,the,<UNK>,2.5031016933792296
4,1084,the,525.3626373626373,<UNK>,the,4.327438444389479
4,1085,<UNK>,678.6153846153846,the,<UNK>,2.5031016933792296
5,2,ten,391.4791666666667,At,<UNK>,5.683579767338681
5,3,years,442.17525773195877,ten,At,5.675040005790547
5,4,<UNK>,398.66315789473686,years,ten,5.675040005790547
5,5,I,352.9484536082474,<UNK>,years,5.676753802268282
5,6,could,345.8041237113402,I,<UNK>,5.303304908059076
5,7,not,314.9157894736842,could,I,5.676753802268282
5,8,<UNK>,340.1578947368421,not,could,5.281510248231656
5,9,out,322.56382978723406,<UNK>,not,5.71042701737487
5,10,what,333.21875,out,<UNK>,5.697093486505405
5,11,it,340.36842105263156,what,out,5.675040005790547
5,12,was,325.41052631578947,it,what,5.276412531159987
5,13,that,349.3191489361702,was,it,5.025523906590006
5,14,this,367.1720430107527,that,was,5.681877639268151
5,15,Elvis,373.3404255319149,this,that,5.676753802268282
5,16,Presley,387.30526315789473,Elvis,this,5.676753802268282
5,17,<UNK>,353.1979166666667,Presley,Elvis,5.678464666671911
5,18,had,358.0103092783505,<UNK>,Presley,5.675040005790547
5,19,that,352.10309278350513,had,<UNK>,5.697093486505405
5,20,the,355.07216494845363,that,had,5.675040005790547
5,21,rest,338.4479166666667,the,that,5.723585101952381
5,22,of,320.85263157894735,rest,the,4.985317486111966
5,23,<UNK>,300.7604166666667,of,rest,5.272999558563747
5,24,<UNK>,322.62105263157895,<UNK>,of,3.1004028961178793
5,25,did,332.6458333333333,<UNK>,<UNK>,6.524296251136588
5,26,not,328.73118279569894,did,<UNK>,5.675040005790547
5,27,<UNK>,372.07608695652175,not,did,4.768988271217486
5,28,He,374.63157894736844,<UNK>,not,5.71042701737487
5,29,seemed,358.9895833333333,He,<UNK>,5.288267030694535
5,30,to,316.11578947368423,seemed,He,5.676753802268282
5,31,be,343.78723404255317,to,seemed,5.272999558563747
5,32,no,316.0,be,to,5.698769932832657
5,33,<UNK>,336.8421052631579,no,be,5.675040005790547
5,34,from,322.9895833333333,<UNK>,no,5.688668836846153
5,35,the,353.63157894736844,from,<UNK>,3.7694714614442395
5,36,rest,296.7894736842105,the,from,5.703782474656201
5,37,of,296.6,rest,the,4.985317486111966
5,38,<UNK>,342.968085106383,of,rest,5.272999558563747
5,39,He,331.7096774193548,<UNK>,of,5.369086437436244
5,40,was,344.5531914893617,He,<UNK>,5.288267030694535
5,41,<UNK>,309.8085106382979,was,He,5.676753802268282
5,42,a,313.9157894736842,<UNK>,was,5.36441716825256
5,43,man,309.35483870967744,a,<UNK>,5.734958092124651
5,44,who,306.0851063829787,man,a,5.675040005790547
5,45,had,305.24468085106383,who,man,5.683579767338681
5,46,a,301.27659574468083,had,who,5.69035945432406
5,47,<UNK>,326.7340425531915,a,had,5.272999558563747
5,48,two,374.0531914893617,<UNK>,a,5.8888779583328805
5,49,<UNK>,345.81720430107526,two,<UNK>,4.988730458708206
5,50,and,306.6063829787234,<UNK>,two,5.685279003091641
5,51,two,323.11578947368423,and,<UNK>,5.94672865326659
5,52,<UNK>,325.0105263157895,two,and,5.675040005790547
5,53,It,336.06315789473683,<UNK>,two,5.685279003091641
5,54,must,333.47872340425533,It,<UNK>,5.72194977861165
5,55,have,309.741935483871,must,It,5.675040005790547
5,56,been,317.32978723404256,have,must,5.675040005790547
5,57,something,343.34736842105264,been,have,5.678464666671911
5,58,<UNK>,304.06315789473683,something,been,5.675040005790547
5,59,<UNK>,383.1684210526316,<UNK>,something,5.675040005790547
5,60,that,507.5157894736842,<UNK>,<UNK>,4.17292099397311
5,61,he,416.7684210526316,that,<UNK>,5.079850363117729
5,62,had,377.7157894736842,he,that,5.685279003091641
5,63,hidden,369.0842105263158,had,he,5.685279003091641
5,64,"away,",375.85263157894735,hidden,had,5.675040005790547
5,65,because,372.9894736842105,"away,",hidden,5.675040005790547
5,66,he,358.5052631578947,because,"away,",5.675040005790547
5,67,had,318.32978723404256,he,because,5.680172609017068
5,68,every,323.9148936170213,had,he,5.685279003091641
5,69,<UNK>,323.3510638297872,every,had,5.675040005790547
5,70,girl,336.13978494623655,<UNK>,every,5.680172609017068
5,71,at,343.13684210526316,girl,<UNK>,5.675040005790547
5,72,the,348.1914893617021,at,girl,5.675040005790547
5,73,orphanage,422.29473684210524,the,at,5.702114417555504
5,74,<UNK>,430.74468085106383,orphanage,the,5.680172609017068
5,75,around,380.48936170212767,<UNK>,orphanage,5.675040005790547
5,76,his,337.94736842105266,around,<UNK>,5.683579767338681
5,77,little,366.3510638297872,his,around,5.675040005790547
5,78,<UNK>,402.4255319148936,little,his,5.271288694160117
5,79,At,373.8804347826087,<UNK>,little,5.695414224985685
5,80,about,384.0736842105263,At,<UNK>,5.683579767338681
5,81,<UNK>,383.86170212765956,about,At,5.675040005790547
5,82,<UNK>,409.43617021276594,<UNK>,about,5.678464666671911
5,83,on,348.1170212765957,<UNK>,<UNK>,5.831149070576642
5,84,<UNK>,370.258064516129,on,<UNK>,5.0271645960474665
5,85,<UNK>,402.8804347826087,<UNK>,on,5.274707500908903
5,86,I,375.3010752688172,<UNK>,<UNK>,5.138001890016697
5,87,<UNK>,337.82978723404256,I,<UNK>,4.61015772749913
5,88,a,334.2,<UNK>,I,5.69035945432406
5,89,good,335.6,a,<UNK>,5.329492984016486
5,90,<UNK>,349.98936170212767,good,a,5.271288694160117
5,91,was,363.6736842105263,<UNK>,good,5.681877639268151
5,92,to,348.12631578947367,was,<UNK>,5.318119993844216
5,93,<UNK>,321.8510638297872,to,was,5.680172609017068
5,94,<UNK>,356.29347826086956,<UNK>,to,3.5717540968765236
5,95,<UNK>,671.0,<UNK>,<UNK>,1.8561512659871076
5,96,who,542.6,<UNK>,<UNK>,5.27153328264122
5,97,was,420.6842105263158,who,<UNK>,4.217872381835376
5,98,one,384.34736842105264,was,who,5.702114417555504
5,99,of,366.2736842105263,one,was,5.272999558563747
5,100,the,333.2,of,one,4.302374475726262
5,101,older,362.96774193548384,the,of,5.791488055075306
5,102,and,398.968085106383,older,the,5.675040005790547
5,103,<UNK>,369.85263157894735,and,older,5.675040005790547
5,104,<UNK>,355.531914893617,<UNK>,and,3.355735007585398
5,105,what,396.2315789473684,<UNK>,<UNK>,6.118831143028423
5,106,it,348.02127659574467,what,<UNK>,5.276412531159987
5,107,was,317.3578947368421,it,what,5.276412531159987
5,108,that,345.0,was,it,5.025523906590006
5,109,made,340.7578947368421,that,was,5.681877639268151
5,110,this,330.4148936170213,made,that,5.676753802268282
5,111,Elvis,341.9578947368421,this,made,5.675040005790547
5,112,<UNK>,341.8,Elvis,this,5.676753802268282
5,113,so,338.61052631578946,<UNK>,Elvis,5.678464666671911
5,114,<UNK>,384.71276595744683,so,<UNK>,5.000584958242754
5,115,He,361.78723404255317,<UNK>,so,5.69035945432406
5,116,told,328.6989247311828,He,<UNK>,5.6937321388027
5,117,me,312.82105263157894,told,He,5.675040005790547
5,118,that,304.29473684210524,me,told,5.272999558563747
5,119,it,319.0851063829787,that,me,5.676753802268282
5,120,was,305.247311827957,it,that,5.272999558563747
5,121,not,315.02150537634407,was,it,5.025523906590006
5,122,<UNK>,329.8191489361702,not,was,4.770684624465665
5,123,about,329.7578947368421,<UNK>,not,5.71042701737487
5,124,Elvis's,375.2736842105263,about,<UNK>,5.68697535633982
5,125,<UNK>,385.7578947368421,Elvis's,about,5.675040005790547
5,126,but,387.0842105263158,<UNK>,Elvis's,5.676753802268282
5,127,his,350.19354838709677,but,<UNK>,5.738183901373533
5,128,<UNK>,353.36170212765956,his,but,5.675040005790547
5,129,"hair,",403.5806451612903,<UNK>,his,5.72194977861165
5,130,and,371.98924731182797,"hair,",<UNK>,5.676753802268282
5,131,the,331.8723404255319,and,"hair,",5.675040005790547
5,132,way,330.29473684210524,the,and,5.308267697401205
5,133,he,318.51063829787233,way,the,5.678464666671911
5,134,<UNK>,345.9894736842105,he,way,5.675040005790547
5,135,his,342.4731182795699,<UNK>,he,5.032070574816321
5,136,<UNK>,371.0105263157895,his,<UNK>,4.189654742026425
5,137,<UNK>,386.38947368421054,<UNK>,his,4.11251186617755
5,138,a,356.6914893617021,<UNK>,<UNK>,4.819548158898162
5,139,<UNK>,331.17894736842106,a,<UNK>,3.132268406680267
5,140,an,330.4421052631579,<UNK>,a,5.8888779583328805
5,141,<UNK>,349.48936170212767,an,<UNK>,4.767289035464526
5,142,<UNK>,343.5744680851064,<UNK>,an,3.997366325317079
5,143,the,352.0537634408602,<UNK>,<UNK>,3.45624331600297
5,144,<UNK>,323.9789473684211,the,<UNK>,2.5031016933792296
5,145,in,317.90526315789475,<UNK>,the,4.866434945122165
5,146,the,321.6736842105263,in,<UNK>,3.250374491927572
5,147,orphanage,360.6063829787234,the,in,5.771441123130016
5,148,called,365.1914893617021,orphanage,the,5.680172609017068
5,149,down,334.0842105263158,called,orphanage,5.675040005790547
5,150,to,329.7684210526316,down,called,5.675040005790547
5,151,the,317.3191489361702,to,down,5.272999558563747
5,152,<UNK>,345.93684210526317,the,to,3.5900336194773037
5,153,<UNK>,329.4842105263158,<UNK>,the,2.1873722808932077
5,154,<UNK>,360.37894736842105,<UNK>,<UNK>,1.8561512659871076
5,155,by,336.3157894736842,<UNK>,<UNK>,4.819548158898162
5,156,the,336.9574468085106,by,<UNK>,3.644143560272545
5,157,matron,370.36559139784947,the,by,5.017279836814924
5,158,were,391.02150537634407,matron,the,5.680172609017068
5,159,told,429.5376344086022,were,matron,5.675040005790547
5,160,that,357.0967741935484,told,were,5.675040005790547
5,161,they,337.9255319148936,that,told,5.675040005790547
5,162,were,309.4315789473684,they,that,5.678464666671911
5,163,all,330.4315789473684,were,they,5.68697535633982
5,164,going,339.90526315789475,all,were,5.680172609017068
5,165,to,317.13829787234044,going,all,5.675040005790547
5,166,<UNK>,358.9583333333333,to,going,5.278114659230518
5,167,<UNK>,482.505376344086,<UNK>,to,3.5717540968765236
5,168,<UNK>,465.66315789473686,<UNK>,<UNK>,1.8561512659871076
5,169,to,447.9157894736842,<UNK>,<UNK>,4.081949215767383
5,170,get,359.25531914893617,to,<UNK>,5.410156848303572
5,171,a,327.97872340425533,get,to,5.678464666671911
5,172,new,329.468085106383,a,get,5.675040005790547
5,173,pair,331.6842105263158,new,a,5.680172609017068
5,174,of,318.7263157894737,pair,new,5.675040005790547
5,175,Buster,369.75531914893617,of,pair,5.676753802268282
5,176,Brown,405.2736842105263,Buster,of,5.675040005790547
5,177,<UNK>,404.79787234042556,Brown,Buster,4.763881877142913
5,178,and,374.0659340659341,<UNK>,Brown,5.680172609017068
5,179,a,334.4731182795699,and,<UNK>,4.848116364598481
5,180,<UNK>,369.1684210526316,a,and,4.435905868350785
5,181,That,398.0421052631579,<UNK>,a,5.8888779583328805
5,182,is,352.9157894736842,That,<UNK>,5.688668836846153
5,183,when,343.81720430107526,is,That,5.675040005790547
5,184,I,345.6063829787234,when,is,5.675040005790547
5,185,got,322.9578947368421,I,when,5.675040005790547
5,186,this,348.22105263157897,got,I,5.678464666671911
5,187,big,336.21505376344084,this,got,5.675040005790547
5,188,<UNK>,337.42105263157896,big,this,5.675040005790547
5,189,which,375.4255319148936,<UNK>,big,5.685279003091641
5,190,<UNK>,340.505376344086,which,<UNK>,4.452684785479894
5,191,me,319.1290322580645,<UNK>,which,5.69204721843778
5,192,like,329.58947368421053,me,<UNK>,5.681877639268151
5,193,a,317.24468085106383,like,me,5.675040005790547
5,194,<UNK>,307.2903225806452,a,like,4.765586907393996
5,195,of,305.7659574468085,<UNK>,a,3.6916533809966614
5,196,<UNK>,323.9139784946237,of,<UNK>,2.6560549059838294
5,197,<UNK>,356.5108695652174,<UNK>,of,3.1004028961178793
5,198,the,347.0752688172043,<UNK>,<UNK>,3.45624331600297
5,199,Elvis,323.70526315789476,the,<UNK>,5.887491956725004
5,200,haircut,349.2315789473684,Elvis,the,5.675040005790547
5,201,was,409.65263157894736,haircut,Elvis,5.675040005790547
5,202,the,353.3263157894737,was,haircut,5.676753802268282
5,203,big,311.55913978494624,the,was,5.702114417555504
5,204,<UNK>,315.6276595744681,big,the,4.763881877142913
5,205,then,353.13829787234044,<UNK>,big,5.685279003091641
5,206,Elvis's,342.0430107526882,then,<UNK>,5.676753802268282
5,207,haircut,359.29347826086956,Elvis's,then,5.675040005790547
5,208,I,335.9230769230769,haircut,Elvis's,5.675040005790547
5,209,was,366.86170212765956,I,haircut,5.675040005790547
5,210,going,330.70652173913044,was,I,4.997212273764115
5,211,to,305.1808510638298,going,was,4.763881877142913
5,212,<UNK>,343.4673913043478,to,going,5.278114659230518
5,213,I,355.7578947368421,<UNK>,to,5.417580787374854
5,214,was,336.55913978494624,I,<UNK>,4.792479284293085
5,215,going,317.17894736842106,was,I,4.997212273764115
5,216,to,305.9139784946237,going,was,4.763881877142913
5,217,have,310.70526315789476,to,going,5.683579767338681
5,218,my,307.1170212765957,have,to,5.69204721843778
5,219,day,326.0842105263158,my,have,5.675040005790547
5,220,in,341.0105263157895,day,my,5.675040005790547
5,221,the,305.4,in,day,5.678464666671911
5,222,<UNK>,300.98936170212767,the,in,2.968080742223481
5,223,and,311.3085106382979,<UNK>,the,3.676850878248329
5,224,all,311.97849462365593,and,<UNK>,5.253581472706645
5,225,the,302.57894736842104,all,and,4.985317486111966
5,226,way,301.7578947368421,the,all,5.69035945432406
5,227,to,317.77894736842103,way,the,5.678464666671911
5,228,<UNK>,297.9263157894737,to,way,5.676753802268282
5,229,that,312.57894736842104,<UNK>,to,5.823045895483019
5,230,was,340.8315789473684,that,<UNK>,5.36753243556951
5,231,all,342.40425531914894,was,that,5.69204721843778
5,232,I,305.75,all,was,5.676753802268282
5,233,<UNK>,316.44086021505376,I,all,5.675040005790547
5,234,<UNK>,301.02150537634407,<UNK>,I,4.997212273764115
5,235,The,324.0752688172043,<UNK>,<UNK>,4.578386102081274
5,236,fact,331.3404255319149,The,<UNK>,5.776103136235827
5,237,that,298.86170212765956,fact,The,5.271288694160117
5,238,I,302.21505376344084,that,fact,5.680172609017068
5,239,was,305.3440860215054,I,that,4.58836306767171
5,240,getting,299.1276595744681,was,I,5.69035945432406
5,241,an,296.10869565217394,getting,was,5.676753802268282
5,242,Elvis,305.78723404255317,an,getting,5.675040005790547
5,243,"haircut,",319.48936170212767,Elvis,an,5.274707500908903
5,244,not,333.968085106383,"haircut,",Elvis,5.676753802268282
5,245,just,309.258064516129,not,"haircut,",5.675040005790547
5,246,the,327.14130434782606,just,not,5.675040005790547
5,247,simple,300.4148936170213,the,just,5.675040005790547
5,248,fact,312.74468085106383,simple,the,5.675040005790547
5,249,that,329.35483870967744,fact,simple,5.675040005790547
5,250,we,317.6774193548387,that,fact,5.680172609017068
5,251,were,331.7659574468085,we,that,5.675040005790547
5,252,getting,297.96774193548384,were,we,5.678464666671911
5,253,out,332.01063829787233,getting,were,5.675040005790547
5,254,of,302.23655913978496,out,getting,5.675040005790547
5,255,the,293.27659574468083,of,out,4.775756486563625
5,256,<UNK>,321.76344086021504,the,of,2.8210735895056054
5,257,made,337.86021505376345,<UNK>,the,6.119197913617533
5,258,me,317.494623655914,made,<UNK>,5.676753802268282
5,259,<UNK>,333.20212765957444,me,made,5.271288694160117
5,260,<UNK>,430.23655913978496,<UNK>,me,5.681877639268151
5,261,I,574.8913043478261,<UNK>,<UNK>,5.138001890016697
5,262,told,458.9782608695652,I,<UNK>,5.70877001616724
5,263,<UNK>,418.7826086956522,told,I,5.675040005790547
5,264,including,390.78723404255317,<UNK>,told,5.675040005790547
5,265,the,352.67021276595744,including,<UNK>,5.680172609017068
5,266,orphanage,357.70212765957444,the,including,5.676753802268282
5,267,matron,384.83870967741933,orphanage,the,5.680172609017068
5,268,I,380.63829787234044,matron,orphanage,5.675040005790547
5,269,<UNK>,397.16129032258067,I,matron,5.675040005790547
5,270,<UNK>,395.968085106383,<UNK>,I,4.997212273764115
5,271,that,413.3191489361702,<UNK>,<UNK>,4.17292099397311
5,272,I,335.9148936170213,that,<UNK>,5.079850363117729
5,273,was,314.29787234042556,I,that,4.58836306767171
5,274,going,297.531914893617,was,I,4.997212273764115
5,275,to,295.97872340425533,going,was,4.763881877142913
5,276,look,304.40425531914894,to,going,5.683579767338681
5,277,just,291.8829787234043,look,to,5.675040005790547
5,278,like,296.7659574468085,just,look,5.675040005790547
5,279,Elvis,304.8936170212766,like,just,5.678464666671911
5,280,Presley,314.8510638297872,Elvis,like,5.675040005790547
5,281,and,337.09574468085106,Presley,Elvis,5.678464666671911
5,282,that,323.3829787234043,and,Presley,5.675040005790547
5,283,I,330.0744680851064,that,and,5.2832037287379885
5,284,would,302.1808510638298,I,that,5.281510248231656
5,285,<UNK>,305.3010752688172,would,I,5.676753802268282
5,286,to,304.8936170212766,<UNK>,would,5.683579767338681
5,287,<UNK>,314.51063829787233,to,<UNK>,2.8452074908420353
5,288,around,303.48936170212767,<UNK>,to,5.823045895483019
5,289,just,323.0531914893617,around,<UNK>,5.683579767338681
5,290,like,295.7659574468085,just,around,5.675040005790547
5,291,he,295.79787234042556,like,just,5.678464666671911
5,292,did,299.16129032258067,he,like,5.676753802268282
5,293,and,337.8829787234043,did,he,5.675040005790547
5,294,that,292.25531914893617,and,did,5.675040005790547
5,295,I,318.63440860215053,that,and,5.2832037287379885
5,296,would,296.7204301075269,I,that,5.281510248231656
5,297,be,297.8279569892473,would,I,5.676753802268282
5,298,<UNK>,305.5824175824176,be,would,4.434212387844452
5,299,and,287.6304347826087,<UNK>,be,5.025523906590006
5,300,famous,295.8723404255319,and,<UNK>,5.94672865326659
5,301,one,314.1290322580645,famous,and,5.675040005790547
5,302,"day,",317.83870967741933,one,famous,5.675040005790547
5,303,just,312.22340425531917,"day,",one,5.675040005790547
5,304,like,297.79787234042556,just,"day,",5.675040005790547
5,305,him.,286.4574468085106,like,just,5.678464666671911
5,306,The,321.1808510638298,him.,like,5.675040005790547
5,307,matron,356.81720430107526,The,him.,5.676753802268282
5,308,understood,360.89130434782606,matron,The,5.676753802268282
5,309,my,339.7204301075269,understood,matron,5.675040005790547
5,310,idea,320.6666666666667,my,understood,5.675040005790547
5,311,was,352.1505376344086,idea,my,5.675040005790547
5,312,something,342.78494623655916,was,idea,5.675040005790547
5,313,that,326.6989247311828,something,was,5.271288694160117
5,314,I,312.29787234042556,that,something,5.676753802268282
5,315,was,300.6276595744681,I,that,4.58836306767171
5,316,really,307.1489361702128,was,I,5.69035945432406
5,317,excited,325.98936170212767,really,was,5.675040005790547
5,318,about,340.9347826086956,excited,really,5.675040005790547
5,319,and,316.4255319148936,about,excited,5.676753802268282
5,320,said,314.48936170212767,and,about,5.675040005790547
5,321,<UNK>,330.21505376344084,said,and,5.276412531159987
5,322,When,393.79787234042556,<UNK>,said,5.680172609017068
5,323,I,343.3829787234043,When,<UNK>,5.680172609017068
5,324,got,307.8936170212766,I,When,5.675040005790547
5,325,my,319.70212765957444,got,I,5.678464666671911
5,326,new,292.51063829787233,my,got,5.675040005790547
5,327,Buster,306.4574468085106,new,my,5.274707500908903
5,328,Brown,317.78723404255317,Buster,new,4.985317486111966
5,329,<UNK>,333.74468085106383,Brown,Buster,4.763881877142913
5,330,I,337.3829787234043,<UNK>,Brown,5.680172609017068
5,331,was,324.8085106382979,I,<UNK>,4.792479284293085
5,332,smiling,352.8191489361702,was,I,5.69035945432406
5,333,from,298.968085106383,smiling,was,5.676753802268282
5,334,<UNK>,315.531914893617,from,smiling,5.675040005790547
5,335,to,310.2903225806452,<UNK>,from,5.286582110329616
5,336,<UNK>,288.5483870967742,to,<UNK>,2.8452074908420353
5,337,<UNK>,322.3333333333333,<UNK>,to,3.5717540968765236
5,338,<UNK>,363.02150537634407,<UNK>,<UNK>,1.8561512659871076
5,339,they,361.9139784946237,<UNK>,<UNK>,5.425683962468478
5,340,<UNK>,341.5217391304348,they,<UNK>,4.591747165655951
5,341,really,362.9673913043478,<UNK>,they,5.69035945432406
5,342,<UNK>,335.494623655914,really,<UNK>,5.675040005790547
5,343,and,324.0869565217391,<UNK>,really,5.676753802268282
5,344,I,340.7826086956522,and,<UNK>,5.253581472706645
5,345,liked,315.0869565217391,I,and,5.678464666671911
5,346,looking,300.02127659574467,liked,I,5.675040005790547
5,347,at,334.1290322580645,looking,liked,5.675040005790547
5,348,the,319.90425531914894,at,looking,5.675040005790547
5,349,<UNK>,319.0108695652174,the,at,4.19803702077923
5,350,in,377.59574468085106,<UNK>,the,4.866434945122165
5,351,my,336.21505376344084,in,<UNK>,5.776103136235827
5,352,"feet,",374.61290322580646,my,in,5.675040005790547
5,353,which,418.5806451612903,"feet,",my,5.675040005790547
5,354,I,351.39784946236557,which,"feet,",5.676753802268282
5,355,had,364.76344086021504,I,which,5.675040005790547
5,356,never,332.13978494623655,had,I,5.678464666671911
5,357,seen,340.02150537634407,never,had,5.676753802268282
5,358,<UNK>,346.25,seen,never,5.675040005790547
5,359,through,413.52127659574467,<UNK>,seen,5.676753802268282
5,360,a,391.3440860215054,through,<UNK>,5.683579767338681
5,361,<UNK>,373.67021276595744,a,through,5.675040005790547
5,362,<UNK>,384.3936170212766,<UNK>,a,2.4548907538477347
5,363,<UNK>,444.02127659574467,<UNK>,<UNK>,1.8561512659871076
5,364,they,400.4148936170213,<UNK>,<UNK>,5.425683962468478
5,365,had,358.1276595744681,they,<UNK>,5.284894346215896
5,366,in,321.86170212765956,had,they,5.680172609017068
5,367,the,329.5531914893617,in,had,5.675040005790547
5,368,<UNK>,309.1489361702128,the,in,2.968080742223481
5,369,<UNK>,350.74468085106383,<UNK>,the,2.1873722808932077
5,370,that,374.6276595744681,<UNK>,<UNK>,4.17292099397311
5,371,made,350.97849462365593,that,<UNK>,5.772997543677674
5,372,the,327.9468085106383,made,that,5.676753802268282
5,373,<UNK>,323.968085106383,the,made,5.676753802268282
5,374,in,354.1276595744681,<UNK>,the,4.866434945122165
5,375,your,327.51063829787233,in,<UNK>,5.776103136235827
5,376,feet,302.0860215053763,your,in,5.675040005790547
5,377,look,317.39130434782606,feet,your,5.675040005790547
5,378,<UNK>,318.7142857142857,look,feet,5.675040005790547
5,379,I,444.6236559139785,<UNK>,look,5.675040005790547
5,380,was,380.7340425531915,I,<UNK>,4.792479284293085
5,381,now,328.9468085106383,was,I,5.69035945432406
5,382,almost,326.3191489361702,now,was,5.678464666671911
5,383,ready,335.9148936170213,almost,now,5.675040005790547
5,384,to,322.48387096774195,ready,almost,5.675040005790547
5,385,go,304.97849462365593,to,ready,5.678464666671911
5,386,back,317.8829787234043,go,to,5.681877639268151
5,387,to,319.40860215053766,back,go,5.675040005790547
5,388,the,310.3191489361702,to,back,5.272999558563747
5,389,orphanage,299.48936170212767,the,to,5.730099782973574
5,390,and,308.4468085106383,orphanage,the,5.680172609017068
5,391,<UNK>,304.5531914893617,and,orphanage,5.675040005790547
5,392,being,315.8936170212766,<UNK>,and,5.840641657373398
5,393,like,308.44086021505376,being,<UNK>,5.675040005790547
5,394,the,305.8085106382979,like,being,5.675040005790547
5,395,man,306.21276595744683,the,like,5.676753802268282
5,396,who,306.2795698924731,man,the,4.767289035464526
5,397,all,330.3085106382979,who,man,5.683579767338681
5,398,the,302.2258064516129,all,who,5.675040005790547
5,399,<UNK>,302.9032258064516,the,all,4.774068722449905
5,400,<UNK>,276.7741935483871,<UNK>,the,2.1873722808932077
5,401,since,302.6195652173913,<UNK>,<UNK>,6.118831143028423
5,402,I,300.85869565217394,since,<UNK>,5.678464666671911
5,403,had,287.9569892473118,I,since,5.675040005790547
5,404,my,289.9130434782609,had,I,5.678464666671911
5,405,new,283.3804347826087,my,had,5.675040005790547
5,406,Buster,302.2795698924731,new,my,5.274707500908903
5,407,Brown,290.13978494623655,Buster,new,4.985317486111966
5,408,<UNK>,316.031914893617,Brown,Buster,4.763881877142913
5,409,It,325.98924731182797,<UNK>,Brown,5.680172609017068
5,410,was,300.1914893617021,It,<UNK>,3.581883615115379
5,411,the,298.9255319148936,was,It,4.792479284293085
5,412,new,283.4516129032258,the,was,5.702114417555504
5,413,"haircut,",281.01063829787233,new,the,5.676753802268282
5,414,<UNK>,339.74468085106383,"haircut,",new,5.675040005790547
5,415,that,346.1595744680851,<UNK>,"haircut,",5.675040005790547
5,416,I,301.7096774193548,that,<UNK>,5.079850363117729
5,417,needed,310.3010752688172,I,that,5.68697535633982
5,418,to,304.1170212765957,needed,I,5.675040005790547
5,419,<UNK>,303.09574468085106,to,needed,5.675040005790547
5,420,my,305.8085106382979,<UNK>,to,5.823045895483019
5,421,new,298.06451612903226,my,<UNK>,5.681877639268151
5,422,<UNK>,312.1170212765957,new,my,5.680172609017068
5,423,<UNK>,318.9782608695652,<UNK>,new,4.768988271217486
5,424,finally,304.2340425531915,<UNK>,<UNK>,6.524296251136588
5,425,<UNK>,310.1182795698925,finally,<UNK>,5.675040005790547
5,426,at,297.9255319148936,<UNK>,finally,5.676753802268282
5,427,the,281.5744680851064,at,<UNK>,4.606835465307152
5,428,<UNK>,340.02150537634407,the,at,4.19803702077923
5,429,<UNK>,529.1075268817204,<UNK>,the,2.1873722808932077
5,430,<UNK>,544.8510638297872,<UNK>,<UNK>,1.8561512659871076
5,431,where,410.48936170212767,<UNK>,<UNK>,6.524296251136588
5,432,they,352.51063829787233,where,<UNK>,5.680172609017068
5,433,cut,334.0744680851064,they,where,5.678464666671911
5,434,our,327.8829787234043,cut,they,5.675040005790547
5,435,hair,332.82978723404256,our,cut,5.675040005790547
5,436,for,304.24468085106383,hair,our,5.675040005790547
5,437,<UNK>,306.27659574468083,for,hair,5.675040005790547
5,438,because,331.01063829787233,<UNK>,for,5.695414224985685
5,439,we,319.9148936170213,because,<UNK>,5.6937321388027
5,440,were,312.69473684210527,we,because,5.675040005790547
5,441,<UNK>,323.03225806451616,were,we,5.272999558563747
5,442,<UNK>,370.5806451612903,<UNK>,were,5.017279836814924
5,443,though,339.0,<UNK>,<UNK>,6.118831143028423
5,444,we,311.40425531914894,though,<UNK>,5.678464666671911
5,445,were,314.8723404255319,we,though,5.675040005790547
5,446,<UNK>,324.97849462365593,were,we,5.272999558563747
5,447,to,326.0531914893617,<UNK>,were,5.304961909266705
5,448,slowly,324.1914893617021,to,<UNK>,5.815621956411737
5,449,<UNK>,346.4623655913978,slowly,to,5.675040005790547
5,450,to,327.4301075268817,<UNK>,slowly,5.675040005790547
5,451,be,335.0425531914894,to,<UNK>,4.717009667743627
5,452,<UNK>,332.51063829787233,be,to,4.089332020398556
5,453,I,308.1489361702128,<UNK>,be,5.718671087149952
5,454,<UNK>,298.4516129032258,I,<UNK>,4.61015772749913
5,455,straight,301.3510638297872,<UNK>,I,5.69035945432406
5,456,up,316.8829787234043,straight,<UNK>,5.675040005790547
5,457,to,288.43617021276594,up,straight,5.675040005790547
5,458,one,309.17021276595744,to,up,5.681877639268151
5,459,of,298.56382978723406,one,to,5.675040005790547
5,460,the,291.3723404255319,of,one,4.302374475726262
5,461,barber,301.22340425531917,the,of,5.386022946967143
5,462,<UNK>,322.59574468085106,barber,the,4.992131822531696
5,463,and,324.73118279569894,<UNK>,barber,5.683579767338681
5,464,climbed,302.3829787234043,and,<UNK>,5.541263545158426
5,465,up,319.8510638297872,climbed,and,5.676753802268282
5,466,onto,304.3404255319149,up,climbed,5.675040005790547
5,467,the,291.4468085106383,onto,up,5.675040005790547
5,468,<UNK>,301.4468085106383,the,onto,5.271288694160117
5,469,the,324.1914893617021,<UNK>,the,4.327438444389479
5,470,barber,387.25531914893617,the,<UNK>,5.1943447761650585
5,471,<UNK>,353.1276595744681,barber,the,4.992131822531696
5,472,across,348.22340425531917,<UNK>,barber,5.683579767338681
5,473,the,326.5531914893617,across,<UNK>,5.271288694160117
5,474,<UNK>,322.2340425531915,the,across,4.985317486111966
5,475,to,350.2340425531915,<UNK>,the,5.202907181743378
5,476,make,331.1914893617021,to,<UNK>,5.122474775851791
5,477,me,308.3936170212766,make,to,5.683579767338681
5,478,<UNK>,322.6808510638298,me,make,5.675040005790547
5,479,up,330.17021276595744,<UNK>,me,5.681877639268151
5,480,<UNK>,343.96774193548384,up,<UNK>,5.286582110329616
5,481,I,397.20212765957444,<UNK>,up,5.678464666671911
5,482,looked,358.63829787234044,I,<UNK>,5.70877001616724
5,483,at,334.47872340425533,looked,I,5.675040005790547
5,484,the,327.4731182795699,at,looked,5.271288694160117
5,485,man,351.4574468085106,the,at,5.702114417555504
5,486,and,314.06382978723406,man,the,5.683579767338681
5,487,"said,",304.21276595744683,and,man,5.675040005790547
5,488,with,323.29787234042556,"said,",and,5.676753802268282
5,489,a,319.67021276595744,with,"said,",5.675040005790547
5,490,<UNK>,324.21276595744683,a,with,4.302374475726262
5,491,<UNK>,360.98936170212767,<UNK>,a,2.4548907538477347
5,492,on,319.2659574468085,<UNK>,<UNK>,5.831149070576642
5,493,my,314.531914893617,on,<UNK>,5.0271645960474665
5,494,"face,",293.79347826086956,my,on,5.678464666671911
5,495,'I,307.2795698924731,"face,",my,5.675040005790547
5,496,want,326.2258064516129,'I,"face,",5.675040005790547
5,497,an,295.0967741935484,want,'I,5.675040005790547
5,498,Elvis,315.3936170212766,an,want,5.675040005790547
5,499,<UNK>,320.4574468085106,Elvis,an,5.274707500908903
5,500,<UNK>,373.6595744680851,<UNK>,Elvis,5.272999558563747
5,501,you,316.1170212765957,<UNK>,<UNK>,5.27153328264122
5,502,make,296.61290322580646,you,<UNK>,5.697093486505405
5,503,my,300.28723404255317,make,you,5.675040005790547
5,504,hair,298.09574468085106,my,make,5.675040005790547
5,505,like,304.531914893617,hair,my,5.678464666671911
5,506,<UNK>,351.8817204301075,like,hair,5.675040005790547
5,507,I,360.29347826086956,<UNK>,like,5.681877639268151
5,508,<UNK>,351.02150537634407,I,<UNK>,4.61015772749913
5,509,The,349.6666666666667,<UNK>,I,5.69035945432406
5,510,<UNK>,328.7741935483871,The,<UNK>,3.4247278790723494
5,511,who,302.78723404255317,<UNK>,The,4.61181472870676
5,512,was,320.71276595744683,who,<UNK>,4.217872381835376
5,513,a,305.75531914893617,was,who,5.702114417555504
5,514,<UNK>,320.6914893617021,a,was,4.084294226368599
5,515,<UNK>,357.93617021276594,<UNK>,a,2.4548907538477347
5,516,<UNK>,337.71276595744683,<UNK>,<UNK>,1.8561512659871076
5,517,<UNK>,353.4148936170213,<UNK>,<UNK>,1.8561512659871076
5,518,back,350.63829787234044,<UNK>,<UNK>,6.524296251136588
5,519,at,316.02127659574467,back,<UNK>,5.272999558563747
5,520,me,321.63829787234044,at,back,5.676753802268282
5,521,and,306.67021276595744,me,at,5.676753802268282
5,522,said,293.9247311827957,and,me,5.676753802268282
5,523,that,301.1720430107527,said,and,5.276412531159987
5,524,he,315.3225806451613,that,said,5.2798138949834765
5,525,would,309.59139784946234,he,that,5.2798138949834765
5,526,<UNK>,302.59139784946234,would,he,5.678464666671911
5,527,his,308.1505376344086,<UNK>,would,5.683579767338681
5,528,<UNK>,308.48387096774195,his,<UNK>,4.189654742026425
5,529,I,342.0,<UNK>,his,5.316484670503486
5,530,was,294.0752688172043,I,<UNK>,4.792479284293085
5,531,so,309.79787234042556,was,I,5.69035945432406
5,532,<UNK>,292.0967741935484,so,was,5.676753802268282
5,533,when,294.5268817204301,<UNK>,so,5.69035945432406
5,534,he,280.4148936170213,when,<UNK>,5.69204721843778
5,535,started,279.5851063829787,he,when,5.680172609017068
5,536,to,295.3936170212766,started,he,5.271288694160117
5,537,cut,319.1182795698925,to,started,5.676753802268282
5,538,my,293.82978723404256,cut,to,5.675040005790547
5,539,"hair,",318.56382978723406,my,cut,5.675040005790547
5,540,but,291.93548387096774,"hair,",my,5.675040005790547
5,541,just,297.5483870967742,but,"hair,",5.675040005790547
5,542,as,313.7717391304348,just,but,5.675040005790547
5,543,he,304.1170212765957,as,just,5.676753802268282
5,544,started,307.40425531914894,he,as,5.681877639268151
5,545,to,317.77659574468083,started,he,5.271288694160117
5,546,<UNK>,304.02127659574467,to,started,5.676753802268282
5,547,the,305.3723404255319,<UNK>,to,3.951243718581427
5,548,<UNK>,342.28723404255317,the,<UNK>,2.5031016933792296
5,549,who,337.71276595744683,<UNK>,the,5.202907181743378
5,550,had,357.5744680851064,who,<UNK>,4.469186810116282
5,551,been,321.6063829787234,had,who,5.69035945432406
5,552,<UNK>,321.752688172043,been,had,4.309119863865794
5,553,me,304.4731182795699,<UNK>,been,5.6937321388027
5,554,and,301.06666666666666,me,<UNK>,5.681877639268151
5,555,had,308.7204301075269,and,me,5.676753802268282
5,556,a,314.25531914893617,had,and,5.675040005790547
5,557,look,308.51063829787233,a,had,5.678464666671911
5,558,as,319.52127659574467,look,a,5.675040005790547
5,559,cold,311.6559139784946,as,look,5.675040005790547
5,560,as,311.8478260869565,cold,as,5.676753802268282
5,561,<UNK>,327.1595744680851,as,cold,5.675040005790547
5,562,<UNK>,353.90425531914894,<UNK>,as,4.325786916351006
5,563,for,333.8723404255319,<UNK>,<UNK>,5.138001890016697
5,564,him,329.0744680851064,for,<UNK>,5.326256735237278
5,565,to,316.3085106382979,him,for,5.271288694160117
5,566,come,296.21276595744683,to,him,5.678464666671911
5,567,over,299.1808510638298,come,to,5.678464666671911
5,568,to,315.86021505376345,over,come,5.675040005790547
5,569,where,299.06451612903226,to,over,5.678464666671911
5,570,she,310.0,where,to,5.675040005790547
5,571,was,296.63829787234044,she,where,5.675040005790547
5,572,<UNK>,308.4574468085106,was,she,4.437596485828692
5,573,She,340.5744680851064,<UNK>,was,5.7698822763607245
5,574,<UNK>,331.8936170212766,She,<UNK>,4.784152841516532
5,575,something,343.3510638297872,<UNK>,She,5.681877639268151
5,576,into,302.97849462365593,something,<UNK>,5.676753802268282
5,577,his,304.4516129032258,into,something,5.675040005790547
5,578,<UNK>,291.968085106383,his,into,5.271288694160117
5,579,that,300.3936170212766,<UNK>,his,5.72194977861165
5,580,<UNK>,295.77659574468083,that,<UNK>,3.693556001997838
5,581,the,311.1808510638298,<UNK>,that,4.800736969532067
5,582,barber,306.52127659574467,the,<UNK>,5.1943447761650585
5,583,to,308.5851063829787,barber,the,5.685279003091641
5,584,<UNK>,316.82978723404256,to,barber,5.675040005790547
5,585,his,334.55913978494624,<UNK>,to,5.417580787374854
5,586,<UNK>,324.1063829787234,his,<UNK>,4.189654742026425
5,587,like,333.9032258064516,<UNK>,his,5.72194977861165
5,588,he,331.5108695652174,like,<UNK>,5.681877639268151
5,589,was,318.4731182795699,he,like,5.676753802268282
5,590,telling,296.9148936170213,was,he,5.68697535633982
5,591,"her,",306.8085106382979,telling,was,5.676753802268282
5,592,<UNK>,382.72340425531917,"her,",telling,5.675040005790547
5,593,In,405.21276595744683,<UNK>,"her,",5.676753802268282
5,594,<UNK>,356.06382978723406,In,<UNK>,4.435905868350785
5,595,the,334.3510638297872,<UNK>,In,5.683579767338681
5,596,matron,316.98924731182797,the,<UNK>,5.887491956725004
5,597,walked,330.72340425531917,matron,the,5.680172609017068
5,598,over,366.26881720430106,walked,matron,5.675040005790547
5,599,to,320.8152173913044,over,walked,5.272999558563747
5,600,a,310.70652173913044,to,over,5.678464666671911
5,601,little,324.98936170212767,a,to,5.683579767338681
5,602,man,310.01075268817203,little,a,5.681877639268151
5,603,sitting,337.17021276595744,man,little,5.676753802268282
5,604,in,309.83870967741933,sitting,man,5.675040005790547
5,605,an,299.4623655913978,in,sitting,5.676753802268282
5,606,<UNK>,326.27659574468083,an,in,4.583265350600041
5,607,<UNK>,322.5744680851064,<UNK>,an,3.997366325317079
5,608,that,314.32978723404256,<UNK>,<UNK>,4.17292099397311
5,609,<UNK>,333.6170212765957,that,<UNK>,3.693556001997838
5,610,as,337.6808510638298,<UNK>,that,5.717027701406222
5,611,it,339.0537634408602,as,<UNK>,5.326256735237278
5,612,<UNK>,308.89247311827955,it,as,5.271288694160117
5,613,around,322.9255319148936,<UNK>,it,5.688668836846153
5,614,the,315.28723404255317,around,<UNK>,5.278114659230518
5,615,floor,301.3369565217391,the,around,5.680172609017068
5,616,and,319.97849462365593,floor,the,5.272999558563747
5,617,<UNK>,309.7826086956522,and,floor,5.271288694160117
5,618,to,298.1630434782609,<UNK>,and,4.742029368705289
5,619,him.,287.78494623655916,to,<UNK>,5.815621956411737
5,620,It,331.9462365591398,him.,to,5.675040005790547
5,621,was,318.7659574468085,It,him.,5.676753802268282
5,622,the,281.7340425531915,was,It,4.792479284293085
5,623,little,318.71276595744683,the,was,5.702114417555504
5,624,man,307.39784946236557,little,the,5.707110264748875
5,625,who,294.6195652173913,man,little,5.676753802268282
5,626,then,317.23655913978496,who,man,5.683579767338681
5,627,walked,304.10869565217394,then,who,5.675040005790547
5,628,over,293.6595744680851,walked,then,5.676753802268282
5,629,and,284.6666666666667,over,walked,5.678464666671911
5,630,said,290.98924731182797,and,over,5.678464666671911
5,631,something,307.61290322580646,said,and,5.681877639268151
5,632,to,319.9574468085106,something,said,5.675040005790547
5,633,the,293.5531914893617,to,something,5.675040005790547
5,634,man,298.5,the,to,5.32463467486541
5,635,who,312.968085106383,man,the,4.767289035464526
5,636,was,301.0537634408602,who,man,5.278114659230518
5,637,<UNK>,279.98936170212767,was,who,4.315820056435613
5,638,my,280.63829787234044,<UNK>,was,5.36441716825256
5,639,<UNK>,297.35483870967744,my,<UNK>,5.276412531159987
5,640,The,310.1758241758242,<UNK>,my,5.685279003091641
5,641,next,319.3510638297872,The,<UNK>,4.859812404361672
5,642,thing,290.18279569892474,next,The,5.680172609017068
5,643,I,277.6847826086956,thing,next,5.675040005790547
5,644,<UNK>,287.0,I,thing,5.675040005790547
5,645,the,303.8085106382979,<UNK>,I,4.997212273764115
5,646,man,321.9148936170213,the,<UNK>,5.482026848616839
5,647,who,288.52127659574467,man,the,4.767289035464526
5,648,was,290.0425531914894,who,man,5.278114659230518
5,649,<UNK>,292.03225806451616,was,who,4.315820056435613
5,650,my,282.5483870967742,<UNK>,was,5.36441716825256
5,651,hair,273.9255319148936,my,<UNK>,5.681877639268151
5,652,told,296.5531914893617,hair,my,5.678464666671911
5,653,me,297.63440860215053,told,hair,5.675040005790547
5,654,that,285.19354838709677,me,told,5.272999558563747
5,655,he,313.06451612903226,that,me,5.676753802268282
5,656,was,308.1505376344086,he,that,5.685279003091641
5,657,no,302.18279569892474,was,he,5.68697535633982
5,658,longer,328.505376344086,no,was,4.987025428457122
5,659,<UNK>,325.86170212765956,longer,no,5.680172609017068
5,660,to,313.48387096774195,<UNK>,longer,5.675040005790547
5,661,<UNK>,303.6304347826087,to,<UNK>,2.8452074908420353
5,662,me,292.0537634408602,<UNK>,to,5.823045895483019
5,663,an,304.22340425531917,me,<UNK>,5.681877639268151
5,664,Elvis,310.0851063829787,an,me,5.675040005790547
5,665,<UNK>,298.97849462365593,Elvis,an,5.274707500908903
5,666,<UNK>,338.0869565217391,<UNK>,Elvis,5.272999558563747
5,667,<UNK>,352.63829787234044,<UNK>,<UNK>,1.8561512659871076
5,668,I,326.36170212765956,<UNK>,<UNK>,5.138001890016697
5,669,cried,308.4255319148936,I,<UNK>,5.70877001616724
5,670,<UNK>,350.86170212765956,cried,I,5.675040005790547
5,671,The,342.28723404255317,<UNK>,cried,5.676753802268282
5,672,<UNK>,330.18279569892474,The,<UNK>,3.4247278790723494
5,673,barber,347.8191489361702,<UNK>,The,5.71042701737487
5,674,<UNK>,333.2795698924731,barber,<UNK>,5.675040005790547
5,675,by,333.51612903225805,<UNK>,barber,5.278114659230518
5,676,the,333.0744680851064,by,<UNK>,3.644143560272545
5,677,matron,344.06382978723406,the,by,5.017279836814924
5,678,did,350.1914893617021,matron,the,5.680172609017068
5,679,not,441.72340425531917,did,matron,5.675040005790547
5,680,<UNK>,410.25531914893617,not,did,4.768988271217486
5,681,but,411.10752688172045,<UNK>,not,5.017279836814924
5,682,from,370.6559139784946,but,<UNK>,5.738183901373533
5,683,his,318.81720430107526,from,but,5.675040005790547
5,684,<UNK>,326.0967741935484,his,from,4.985317486111966
5,685,I,350.1290322580645,<UNK>,his,5.316484670503486
5,686,could,307.77659574468083,I,<UNK>,5.303304908059076
5,687,<UNK>,298.1276595744681,could,I,5.676753802268282
5,688,that,299.1290322580645,<UNK>,could,5.685279003091641
5,689,he,292.9139784946237,that,<UNK>,5.079850363117729
5,690,wished,302.8279569892473,he,that,5.685279003091641
5,691,he,329.0752688172043,wished,he,5.675040005790547
5,692,could,320.81720430107526,he,wished,5.271288694160117
5,693,cut,304.1720430107527,could,he,5.685279003091641
5,694,it,302.1276595744681,cut,could,5.675040005790547
5,695,as,298.2903225806452,it,cut,5.675040005790547
5,696,I,303.968085106383,as,it,5.676753802268282
5,697,had,313.63829787234044,I,as,5.680172609017068
5,698,<UNK>,306.3440860215054,had,I,5.678464666671911
5,699,<UNK>,347.98936170212767,<UNK>,had,4.469186810116282
5,700,a,321.56382978723406,<UNK>,<UNK>,4.819548158898162
5,701,few,306.505376344086,a,<UNK>,5.041810911564705
5,702,<UNK>,293.4468085106383,few,a,4.586666714423532
5,703,it,319.3510638297872,<UNK>,few,5.683579767338681
5,704,wasn't,314.752688172043,it,<UNK>,5.700443573390687
5,705,an,310.4731182795699,wasn't,it,5.678464666671911
5,706,Elvis,306.90425531914894,an,wasn't,5.675040005790547
5,707,"haircut,",337.79787234042556,Elvis,an,5.274707500908903
5,708,but,302.3085106382979,"haircut,",Elvis,5.676753802268282
5,709,a,295.43617021276594,but,"haircut,",5.675040005790547
5,710,<UNK>,294.5376344086022,a,but,4.987025428457122
5,711,<UNK>,312.6595744680851,<UNK>,a,2.4548907538477347
5,712,cut,335.0851063829787,<UNK>,<UNK>,6.524296251136588
5,713,that,328.5,cut,<UNK>,5.675040005790547
5,714,the,310.48387096774195,that,cut,5.675040005790547
5,715,barber,308.7340425531915,the,that,5.723585101952381
5,716,had,321.90425531914894,barber,the,5.685279003091641
5,717,given,318.86021505376345,had,barber,5.675040005790547
5,718,<UNK>,319.36170212765956,given,had,5.678464666671911
5,719,When,353.4347826086956,<UNK>,given,5.675040005790547
5,720,he,331.4193548387097,When,<UNK>,5.680172609017068
5,721,<UNK>,323.75531914893617,he,When,5.675040005790547
5,722,<UNK>,306.2043010752688,<UNK>,he,5.319752647268102
5,723,off,321.1808510638298,<UNK>,<UNK>,6.118831143028423
5,724,all,324.98936170212767,off,<UNK>,5.680172609017068
5,725,my,325.5851063829787,all,off,5.675040005790547
5,726,hair,312.2340425531915,my,all,5.675040005790547
5,727,and,317.3191489361702,hair,my,5.678464666671911
5,728,made,327.2258064516129,and,hair,5.675040005790547
5,729,me,294.63440860215053,made,and,5.675040005790547
5,730,<UNK>,294.4468085106383,me,made,5.271288694160117
5,731,real,313.28723404255317,<UNK>,me,5.681877639268151
5,732,good,320.80645161290323,real,<UNK>,5.675040005790547
5,733,with,326.03225806451616,good,real,5.675040005790547
5,734,his,307.13829787234044,with,good,5.675040005790547
5,735,<UNK>,303.77659574468083,his,with,5.274707500908903
5,736,the,339.13978494623655,<UNK>,his,5.316484670503486
5,737,barber,328.6595744680851,the,<UNK>,5.1943447761650585
5,738,<UNK>,328.4623655913978,barber,the,4.992131822531696
5,739,me,312.09574468085106,<UNK>,barber,5.683579767338681
5,740,a,310.19354838709677,me,<UNK>,5.681877639268151
5,741,<UNK>,308.98936170212767,a,me,5.675040005790547
5,742,and,339.0425531914894,<UNK>,a,4.502583597212991
5,743,told,319.0,and,<UNK>,5.541263545158426
5,744,me,302.9032258064516,told,and,5.678464666671911
5,745,to,289.3225806451613,me,told,5.678464666671911
5,746,go,298.6559139784946,to,me,5.675040005790547
5,747,outside,296.494623655914,go,to,5.681877639268151
5,748,to,306.02127659574467,outside,go,5.675040005790547
5,749,the,309.40860215053766,to,outside,5.676753802268282
5,750,<UNK>,300.3404255319149,the,to,3.5900336194773037
5,751,<UNK>,312.741935483871,<UNK>,the,2.1873722808932077
5,752,and,313.9569892473118,<UNK>,<UNK>,3.367295829986474
5,753,buy,303.8279569892473,and,<UNK>,5.541263545158426
5,754,<UNK>,307.3085106382979,buy,and,5.676753802268282
5,755,a,303.247311827957,<UNK>,buy,5.675040005790547
5,756,<UNK>,318.18279569892474,a,<UNK>,3.132268406680267
5,757,<UNK>,317.1720430107527,<UNK>,a,2.4548907538477347
5,758,I,360.60215053763443,<UNK>,<UNK>,5.138001890016697
5,759,<UNK>,319.8279569892473,I,<UNK>,4.61015772749913
5,760,him,309.9574468085106,<UNK>,I,5.69035945432406
5,761,the,300.0425531914894,him,<UNK>,5.683579767338681
5,762,<UNK>,295.1182795698925,the,him,5.271288694160117
5,763,back,301.07608695652175,<UNK>,the,6.119197913617533
5,764,and,318.7659574468085,back,<UNK>,5.678464666671911
5,765,told,322.2340425531915,and,back,5.676753802268282
5,766,him,300.9247311827957,told,and,5.678464666671911
5,767,that,285.8279569892473,him,told,5.675040005790547
5,768,I,304.0537634408602,that,him,5.675040005790547
5,769,was,297.68817204301075,I,that,4.58836306767171
5,770,not,283.31182795698925,was,I,5.284894346215896
5,771,<UNK>,292.83870967741933,not,was,4.770684624465665
5,772,'I'm,355.7659574468085,<UNK>,not,5.71042701737487
5,773,so,322.531914893617,'I'm,<UNK>,5.678464666671911
5,774,<UNK>,318.7204301075269,so,'I'm,5.675040005790547
5,775,<UNK>,332.51063829787233,<UNK>,so,5.69035945432406
5,776,he,397.09574468085106,<UNK>,<UNK>,5.425683962468478
5,777,"said,",381.59139784946234,he,<UNK>,5.698769932832657
5,778,as,388.9130434782609,"said,",he,5.675040005790547
5,779,I,370.6276595744681,as,"said,",5.271288694160117
5,780,climbed,331.3085106382979,I,as,5.680172609017068
5,781,out,314.78494623655916,climbed,I,5.675040005790547
5,782,of,305.1195652173913,out,climbed,5.675040005790547
5,783,his,293.25531914893617,of,out,5.69204721843778
5,784,barber,318.17021276595744,his,of,5.681877639268151
5,785,<UNK>,326.06451612903226,barber,his,5.675040005790547
5,786,'I,326.26881720430106,<UNK>,barber,5.683579767338681
5,787,am,318.61290322580646,'I,<UNK>,4.993828175779875
5,788,not,307.3440860215054,am,'I,5.681877639268151
5,789,a,300.3478260869565,not,am,5.675040005790547
5,790,<UNK>,326.0326086956522,a,not,5.271288694160117
5,791,I,380.60215053763443,<UNK>,a,5.483412850224717
5,792,"said,",342.39130434782606,I,<UNK>,5.70877001616724
5,793,as,343.6923076923077,"said,",I,5.675040005790547
5,794,I,319.98924731182797,as,"said,",5.271288694160117
5,795,<UNK>,302.64835164835165,I,as,5.274707500908903
5,796,the,307.5978260869565,<UNK>,I,4.997212273764115
5,797,<UNK>,338.64130434782606,the,<UNK>,2.5031016933792296
5,798,from,313.2043010752688,<UNK>,the,6.119197913617533
5,799,my,291.9139784946237,from,<UNK>,5.715381610499553
5,800,eyes.,324.8494623655914,my,from,5.675040005790547
5,801,I,303.57608695652175,eyes.,my,5.675040005790547
5,802,then,308.28723404255317,I,eyes.,5.675040005790547
5,803,sat,305.5425531914894,then,I,5.676753802268282
5,804,down,299.6373626373626,sat,then,5.675040005790547
5,805,on,313.5698924731183,down,sat,5.676753802268282
5,806,the,331.0,on,down,5.271288694160117
5,807,floor,297.8279569892473,the,on,5.718671087149952
5,808,and,290.13829787234044,floor,the,5.272999558563747
5,809,<UNK>,290.2043010752688,and,floor,5.271288694160117
5,810,<UNK>,297.7741935483871,<UNK>,and,3.355735007585398
5,811,the,291.0537634408602,<UNK>,<UNK>,3.45624331600297
5,812,hair,291.25531914893617,the,<UNK>,5.887491956725004
5,813,that,309.61290322580646,hair,the,5.675040005790547
5,814,had,298.8131868131868,that,hair,5.676753802268282
5,815,<UNK>,342.7032967032967,had,that,5.274707500908903
5,816,on,335.7741935483871,<UNK>,had,5.72194977861165
5,817,my,290.2391304347826,on,<UNK>,5.0271645960474665
5,818,<UNK>,306.54347826086956,my,on,5.678464666671911
5,819,new,307.6914893617021,<UNK>,my,5.685279003091641
5,820,Buster,308.5806451612903,new,<UNK>,5.675040005790547
5,821,Brown,321.17391304347825,Buster,new,4.985317486111966
5,822,<UNK>,323.8085106382979,Brown,Buster,4.763881877142913
5,823,<UNK>,353.71276595744683,<UNK>,Brown,5.680172609017068
5,824,head,333.0860215053763,<UNK>,<UNK>,6.524296251136588
5,825,was,313.81720430107526,head,<UNK>,5.676753802268282
5,826,no,299.17021276595744,was,head,5.676753802268282
5,827,longer,299.55913978494624,no,was,4.987025428457122
5,828,in,286.67391304347825,longer,no,5.680172609017068
5,829,the,293.18279569892474,in,longer,5.675040005790547
5,830,<UNK>,285.5978260869565,the,in,2.968080742223481
5,831,and,305.5376344086022,<UNK>,the,3.676850878248329
5,832,I,297.26881720430106,and,<UNK>,5.253581472706645
5,833,got,291.4516129032258,I,and,5.678464666671911
5,834,up,286.03225806451616,got,I,5.678464666671911
5,835,off,293.1505376344086,up,got,5.676753802268282
5,836,the,284.5263157894737,off,up,5.675040005790547
5,837,<UNK>,298.79787234042556,the,off,5.271288694160117
5,838,<UNK>,298.80645161290323,<UNK>,the,2.1873722808932077
5,839,off,305.1182795698925,<UNK>,<UNK>,6.118831143028423
5,840,my,292.82978723404256,off,<UNK>,5.680172609017068
5,841,<UNK>,285.02150537634407,my,off,5.675040005790547
5,842,<UNK>,314.79347826086956,<UNK>,my,5.685279003091641
5,843,and,318.0978260869565,<UNK>,<UNK>,3.367295829986474
5,844,walked,336.258064516129,and,<UNK>,5.541263545158426
5,845,<UNK>,300.3369565217391,walked,and,5.271288694160117
5,846,towards,343.9894736842105,<UNK>,walked,5.676753802268282
5,847,the,336.3763440860215,towards,<UNK>,5.675040005790547
5,848,<UNK>,294.7608695652174,the,towards,5.272999558563747
5,849,The,331.59574468085106,<UNK>,the,4.509760001183433
5,850,matron,311.8829787234043,The,<UNK>,5.776103136235827
5,851,was,310.04347826086956,matron,The,5.676753802268282
5,852,smiling,307.9462365591398,was,matron,5.675040005790547
5,853,at,299.01075268817203,smiling,was,5.676753802268282
5,854,me,294.86813186813185,at,smiling,5.675040005790547
5,855,<UNK>,300.4193548387097,me,at,5.676753802268282
5,856,of,299.46315789473687,<UNK>,me,5.681877639268151
5,857,<UNK>,295.3723404255319,of,<UNK>,2.6560549059838294
5,858,<UNK>,320.5108695652174,<UNK>,of,3.1004028961178793
5,859,The,360.4574468085106,<UNK>,<UNK>,4.578386102081274
5,860,barber,338.13829787234044,The,<UNK>,5.776103136235827
5,861,<UNK>,314.02150537634407,barber,The,5.675040005790547
5,862,by,319.4526315789474,<UNK>,barber,5.278114659230518
5,863,the,329.6421052631579,by,<UNK>,3.644143560272545
5,864,matron,302.09473684210525,the,by,5.017279836814924
5,865,said,325.031914893617,matron,the,5.680172609017068
5,866,to,317.86021505376345,said,matron,5.675040005790547
5,867,"her,",329.2340425531915,to,said,5.680172609017068
5,868,<UNK>,339.8494623655914,"her,",to,5.675040005790547
5,869,are,328.72340425531917,<UNK>,"her,",5.676753802268282
5,870,just,304.1276595744681,are,<UNK>,5.681877639268151
5,871,a,310.9574468085106,just,are,5.675040005790547
5,872,<UNK>,330.2842105263158,a,just,5.271288694160117
5,873,<UNK>,369.0860215053763,<UNK>,a,2.4548907538477347
5,874,<UNK>,405.8279569892473,<UNK>,<UNK>,1.8561512659871076
5,875,She,428.2795698924731,<UNK>,<UNK>,5.138001890016697
5,876,<UNK>,384.71276595744683,She,<UNK>,4.784152841516532
5,877,back,347.90425531914894,<UNK>,She,5.681877639268151
5,878,at,308.77659574468083,back,<UNK>,5.272999558563747
5,879,him,308.79787234042556,at,back,5.676753802268282
5,880,at,357.3085106382979,him,at,5.675040005790547
5,881,the,344.1182795698925,at,him,5.675040005790547
5,882,top,314.468085106383,the,at,5.702114417555504
5,883,of,292.5531914893617,top,the,5.271288694160117
5,884,her,291.1505376344086,of,top,5.678464666671911
5,885,<UNK>,317.7659574468085,her,of,5.271288694160117
5,886,before,335.1914893617021,<UNK>,her,5.730099782973574
5,887,<UNK>,311.1489361702128,before,<UNK>,5.676753802268282
5,888,<UNK>,316.01075268817203,<UNK>,before,5.675040005790547
5,889,the,305.5,<UNK>,<UNK>,3.45624331600297
5,890,<UNK>,311.29347826086956,the,<UNK>,2.5031016933792296
5,891,as,328.97872340425533,<UNK>,the,5.202907181743378
5,892,fast,309.69473684210527,as,<UNK>,5.731721843345443
5,893,as,297.21276595744683,fast,as,5.675040005790547
5,894,she,304.0425531914894,as,fast,5.675040005790547
5,895,<UNK>,326.5806451612903,she,as,4.304065093204169
5,896,To,334.93548387096774,<UNK>,she,5.705447753975262
5,897,show,319.40425531914894,To,<UNK>,5.676753802268282
5,898,his,305.5744680851064,show,To,5.675040005790547
5,899,<UNK>,333.25531914893617,his,show,5.675040005790547
5,900,the,328.2736842105263,<UNK>,his,5.316484670503486
5,901,man,320.40425531914894,the,<UNK>,5.482026848616839
5,902,<UNK>,317.56382978723406,man,the,5.683579767338681
5,903,the,304.1808510638298,<UNK>,man,5.676753802268282
5,904,<UNK>,324.2258064516129,the,<UNK>,2.5031016933792296
5,905,with,328.7340425531915,<UNK>,the,5.202907181743378
5,906,his,304.8709677419355,with,<UNK>,5.734958092124651
5,907,hand,317.1182795698925,his,with,5.680172609017068
5,908,and,306.1595744680851,hand,his,5.675040005790547
5,909,then,330.6847826086956,and,hand,5.675040005790547
5,910,walked,311.2258064516129,then,and,5.681877639268151
5,911,outside,309.4468085106383,walked,then,5.676753802268282
5,912,where,329.1847826086956,outside,walked,5.676753802268282
5,913,he,292.468085106383,where,outside,5.675040005790547
5,914,<UNK>,299.4574468085106,he,where,5.678464666671911
5,915,against,331.8085106382979,<UNK>,he,5.725217755376266
5,916,the,303.1720430107527,against,<UNK>,5.271288694160117
5,917,<UNK>,322.8829787234043,the,against,5.271288694160117
5,918,<UNK>,344.8279569892473,<UNK>,the,2.1873722808932077
5,919,<UNK>,329.31111111111113,<UNK>,<UNK>,1.8561512659871076
5,920,a,329.4255319148936,<UNK>,<UNK>,4.819548158898162
5,921,<UNK>,333.51612903225805,a,<UNK>,3.132268406680267
5,922,I,347.7741935483871,<UNK>,a,5.483412850224717
5,923,understood,339.7741935483871,I,<UNK>,5.70877001616724
5,924,right,325.1595744680851,understood,I,5.675040005790547
5,925,there,317.1505376344086,right,understood,5.675040005790547
5,926,my,317.9782608695652,there,right,5.675040005790547
5,927,haircut,336.32978723404256,my,there,5.675040005790547
5,928,was,336.5851063829787,haircut,my,5.675040005790547
5,929,something,330.5268817204301,was,haircut,5.676753802268282
5,930,that,340.0,something,was,5.271288694160117
5,931,had,316.51612903225805,that,something,5.676753802268282
5,932,been,319.06382978723406,had,that,5.274707500908903
5,933,out,320.0425531914894,been,had,5.695414224985685
5,934,of,315.83870967741933,out,been,5.675040005790547
5,935,the,294.9462365591398,of,out,4.775756486563625
5,936,<UNK>,322.22340425531917,the,of,2.8210735895056054
5,937,of,351.1182795698925,<UNK>,the,3.1234656400635425
5,938,the,328.2391304347826,of,<UNK>,3.0417173867958143
5,939,barber,312.1808510638298,the,of,5.386022946967143
5,940,and,312.468085106383,barber,the,5.685279003091641
5,941,then,306.52127659574467,and,barber,5.675040005790547
5,942,I,298.5483870967742,then,and,5.681877639268151
5,943,slowly,311.4301075268817,I,then,5.675040005790547
5,944,walked,310.4255319148936,slowly,I,5.675040005790547
5,945,outside,311.36170212765956,walked,slowly,5.675040005790547
5,946,to,299.494623655914,outside,walked,5.676753802268282
5,947,<UNK>,299.60215053763443,to,outside,5.676753802268282
5,948,the,308.8829787234043,<UNK>,to,3.951243718581427
5,949,<UNK>,306.8085106382979,the,<UNK>,2.5031016933792296
5,950,He,343.19354838709677,<UNK>,the,5.426050733057588
5,951,looked,336.01075268817203,He,<UNK>,5.6937321388027
5,952,"down,",310.76344086021504,looked,He,5.676753802268282
5,953,<UNK>,312.2659574468085,"down,",looked,5.675040005790547
5,954,at,302.70212765957444,<UNK>,"down,",5.675040005790547
5,955,<UNK>,302.4193548387097,at,<UNK>,4.789157022101107
5,956,then,299.3936170212766,<UNK>,at,5.68697535633982
5,957,he,304.8829787234043,then,<UNK>,5.676753802268282
5,958,<UNK>,308.67021276595744,he,then,5.675040005790547
5,959,me,312.3191489361702,<UNK>,he,5.725217755376266
5,960,on,288.76344086021504,me,<UNK>,5.681877639268151
5,961,the,288.59139784946234,on,me,5.675040005790547
5,962,top,299.47872340425533,the,on,5.718671087149952
5,963,of,280.74468085106383,top,the,5.271288694160117
5,964,my,294.8279569892473,of,top,5.678464666671911
5,965,<UNK>,292.6304347826087,my,of,5.271288694160117
5,966,as,340.0851063829787,<UNK>,my,5.685279003091641
5,967,a,442.752688172043,as,<UNK>,5.038574662785497
5,968,<UNK>,404.9569892473118,a,as,4.590056548178043
5,969,<UNK>,476.19565217391306,<UNK>,a,2.4548907538477347
5,970,It,450.8279569892473,<UNK>,<UNK>,5.27153328264122
5,971,was,357.0531914893617,It,<UNK>,3.581883615115379
5,972,a,334.0752688172043,was,It,4.792479284293085
5,973,fact,305.494623655914,a,was,5.6937321388027
5,974,of,313.5698924731183,fact,a,5.675040005790547
5,975,my,315.18279569892474,of,fact,5.675040005790547
5,976,<UNK>,314.96774193548384,my,of,5.271288694160117
5,977,that,320.73118279569894,<UNK>,my,5.685279003091641
5,978,I,294.16129032258067,that,<UNK>,5.079850363117729
5,979,was,302.06382978723406,I,that,4.58836306767171
5,980,not,309.7659574468085,was,I,5.284894346215896
5,981,<UNK>,287.93548387096774,not,was,4.770684624465665
5,982,have,285.1595744680851,<UNK>,not,5.71042701737487
5,983,hair,291.3829787234043,have,<UNK>,5.681877639268151
5,984,that,295.3763440860215,hair,have,5.675040005790547
5,985,was,314.90425531914894,that,hair,5.676753802268282
5,986,<UNK>,321.52127659574467,was,that,4.439284249942412
5,987,like,325.21505376344084,<UNK>,was,5.7698822763607245
5,988,Elvis's,302.73118279569894,like,<UNK>,5.681877639268151
5,989,<UNK>,315.90425531914894,Elvis's,like,5.675040005790547
5,990,<UNK>,326.97872340425533,<UNK>,Elvis's,5.676753802268282
5,991,I,340.5578947368421,<UNK>,<UNK>,5.138001890016697
5,992,then,310.12631578947367,I,<UNK>,5.70877001616724
5,993,looked,310.22105263157897,then,I,5.676753802268282
5,994,up,309.7578947368421,looked,then,5.675040005790547
5,995,at,292.71875,up,looked,5.271288694160117
5,996,the,288.4736842105263,at,up,4.987025428457122
5,997,barber,304.0208333333333,the,at,5.702114417555504
5,998,with,314.8541666666667,barber,the,5.685279003091641
5,999,my,297.0927835051546,with,barber,5.675040005790547
5,1000,<UNK>,288.0927835051546,my,with,5.675040005790547
5,1001,red,303.7368421052632,<UNK>,my,5.685279003091641
5,1002,eyes,333.7604166666667,red,<UNK>,5.675040005790547
5,1003,and,328.2061855670103,eyes,red,5.675040005790547
5,1004,"asked,",318.35051546391753,and,eyes,5.676753802268282
5,1005,<UNK>,351.6145833333333,"asked,",and,5.675040005790547
5,1006,you,313.6701030927835,<UNK>,"asked,",5.676753802268282
5,1007,know,305.8659793814433,you,<UNK>,5.29162837839724
5,1008,if,302.5157894736842,know,you,5.676753802268282
5,1009,Elvis,320.7368421052632,if,know,5.675040005790547
5,1010,Presley,376.5625,Elvis,if,5.675040005790547
5,1011,has,346.5578947368421,Presley,Elvis,5.678464666671911
5,1012,<UNK>,377.1354166666667,has,Presley,5.675040005790547
5,1013,<UNK>,800.3510638297872,<UNK>,has,5.678464666671911
6,2,is,379.4146341463415,This,<UNK>,5.678464666671911
6,3,a,323.9024390243902,is,This,5.675040005790547
6,4,story,371.7590361445783,a,is,5.681877639268151
6,5,of,354.88235294117646,story,a,5.675040005790547
6,6,how,332.05882352941177,of,story,5.675040005790547
6,7,Mr.,339.8941176470588,how,of,5.675040005790547
6,8,Sticky,348.975,Mr.,how,5.675040005790547
6,9,got,381.48809523809524,Sticky,Mr.,5.681877639268151
6,10,in,356.0705882352941,got,Sticky,5.675040005790547
6,11,Abby's,397.05882352941177,in,got,5.675040005790547
6,12,fish,462.27710843373495,Abby's,in,5.675040005790547
6,13,<UNK>,550.7848101265823,fish,Abby's,5.675040005790547
6,14,<UNK>,555.6666666666666,<UNK>,fish,5.675040005790547
6,15,very,384.8333333333333,<UNK>,<UNK>,6.524296251136588
6,16,<UNK>,350.31325301204816,very,<UNK>,4.985317486111966
6,17,Abby's,392.10843373493975,<UNK>,very,5.695414224985685
6,18,mom,444.25925925925924,Abby's,<UNK>,4.987025428457122
6,19,said,380.6875,mom,Abby's,5.678464666671911
6,20,as,384.5952380952381,said,mom,5.676753802268282
6,21,she,393.5421686746988,as,said,5.675040005790547
6,22,<UNK>,363.1807228915663,she,as,4.304065093204169
6,23,at,349.1341463414634,<UNK>,she,5.705447753975262
6,24,the,342.48192771084337,at,<UNK>,4.606835465307152
6,25,<UNK>,356.3414634146341,the,at,4.19803702077923
6,26,water,403.2073170731707,<UNK>,the,5.713732805509369
6,27,<UNK>,480.4268292682927,water,<UNK>,5.272999558563747
6,28,Abby,600.0506329113924,<UNK>,water,5.681877639268151
6,29,said,447.0,Abby,<UNK>,5.298317366548036
6,30,that,394.0357142857143,said,Abby,5.676753802268282
6,31,he,366.6666666666667,that,said,5.2798138949834765
6,32,would,361.5952380952381,he,that,5.2798138949834765
6,33,grow,356.25,would,he,5.678464666671911
6,34,and,356.07142857142856,grow,would,5.676753802268282
6,35,then,347.8780487804878,and,grow,5.675040005790547
6,36,<UNK>,380.34939759036143,then,and,5.276412531159987
6,37,her,405.7439024390244,<UNK>,then,5.278114659230518
6,38,<UNK>,425.8658536585366,her,<UNK>,4.327438444389479
6,39,<UNK>,403.5,<UNK>,her,4.2260223861973
6,40,up,371.9759036144578,<UNK>,<UNK>,5.831149070576642
6,41,again,382.06024096385545,up,<UNK>,5.69204721843778
6,42,before,377.90361445783134,again,up,5.675040005790547
6,43,she,367.42857142857144,before,again,5.675040005790547
6,44,got,360.0,she,before,5.675040005790547
6,45,into,354.04819277108436,got,she,5.675040005790547
6,46,"bed,",425.7710843373494,into,got,5.675040005790547
6,47,for,447.72289156626505,"bed,",into,5.675040005790547
6,48,they,398.7710843373494,for,"bed,",5.271288694160117
6,49,were,353.7469879518072,they,for,5.272999558563747
6,50,always,370.3734939759036,were,they,5.68697535633982
6,51,<UNK>,363.9404761904762,always,were,5.675040005790547
6,52,<UNK>,379.219512195122,<UNK>,always,5.272999558563747
6,53,<UNK>,441.6463414634146,<UNK>,<UNK>,1.8561512659871076
6,54,Abby's,439.3734939759036,<UNK>,<UNK>,6.524296251136588
6,55,mom,388.5061728395062,Abby's,<UNK>,4.987025428457122
6,56,got,392.8780487804878,mom,Abby's,5.678464666671911
6,57,up,327.7469879518072,got,mom,5.675040005790547
6,58,at,341.22222222222223,up,got,5.676753802268282
6,59,the,360.1566265060241,at,up,4.987025428457122
6,60,<UNK>,369.421686746988,the,at,4.19803702077923
6,61,of,321.0120481927711,<UNK>,the,3.1234656400635425
6,62,<UNK>,314.3170731707317,of,<UNK>,2.6560549059838294
6,63,but,350.65060240963857,<UNK>,of,5.7745515455444085
6,64,it,321.0843373493976,but,<UNK>,4.821893169499378
6,65,was,294.28915662650604,it,but,4.586666714423532
6,66,Abby,354.93975903614455,was,it,5.718671087149952
6,67,who,366.0,Abby,was,5.675040005790547
6,68,<UNK>,343.76190476190476,who,Abby,5.675040005790547
6,69,out,317.87951807228916,<UNK>,who,5.681877639268151
6,70,of,343.9879518072289,out,<UNK>,4.598481197837295
6,71,bed,362.3734939759036,of,out,5.69204721843778
6,72,first,366.7926829268293,bed,of,5.675040005790547
6,73,the,354.5903614457831,first,bed,5.675040005790547
6,74,next,366.69135802469134,the,first,5.675040005790547
6,75,<UNK>,368.90361445783134,next,the,5.678464666671911
6,76,and,342.9012345679012,<UNK>,next,5.680172609017068
6,77,<UNK>,334.3536585365854,and,<UNK>,2.3632097148104805
6,78,on,336.6219512195122,<UNK>,and,5.435176549265234
6,79,the,326.13253012048193,on,<UNK>,3.84850959970582
6,80,light,349.28915662650604,the,on,5.313205979041787
6,81,in,333.3975903614458,light,the,5.680172609017068
6,82,her,328.109756097561,in,light,5.675040005790547
6,83,fish,331.7142857142857,her,in,5.683579767338681
6,84,"tank,",385.3048780487805,fish,her,5.675040005790547
6,85,which,374.7951807228916,"tank,",fish,5.675040005790547
6,86,<UNK>,383.8536585365854,which,"tank,",5.675040005790547
6,87,<UNK>,338.30120481927713,<UNK>,which,4.775756486563625
6,88,<UNK>,381.0853658536585,<UNK>,<UNK>,1.8561512659871076
6,89,At,442.91358024691357,<UNK>,<UNK>,6.524296251136588
6,90,"first,",357.3048780487805,At,<UNK>,5.683579767338681
6,91,she,341.41975308641975,"first,",At,5.675040005790547
6,92,could,344.96385542168673,she,"first,",5.675040005790547
6,93,see,321.1219512195122,could,she,5.681877639268151
6,94,<UNK>,353.7710843373494,see,could,5.675040005790547
6,95,hide,426.9642857142857,<UNK>,see,5.675040005790547
6,96,nor,428.7317073170732,hide,<UNK>,5.675040005790547
6,97,hair,395.32142857142856,nor,hide,5.675040005790547
6,98,of,379.1807228915663,hair,nor,5.675040005790547
6,99,the,346.3095238095238,of,hair,5.675040005790547
6,100,"snail,",339.9879518072289,the,of,5.791488055075306
6,101,but,414.780487804878,"snail,",the,5.675040005790547
6,102,then,395.96385542168673,but,"snail,",5.675040005790547
6,103,she,339.67469879518075,then,but,4.987025428457122
6,104,<UNK>,347.6190476190476,she,then,4.987025428457122
6,105,him.,370.06024096385545,<UNK>,she,5.705447753975262
6,106,It,338.51190476190476,him.,<UNK>,5.676753802268282
6,107,had,334.35714285714283,It,him.,5.676753802268282
6,108,taken,337.2289156626506,had,It,5.676753802268282
6,109,Abby,355.4047619047619,taken,had,5.678464666671911
6,110,a,356.89156626506025,Abby,taken,5.675040005790547
6,111,while,332.22352941176473,a,Abby,5.676753802268282
6,112,to,328.98809523809524,while,a,5.676753802268282
6,113,find,312.6024096385542,to,while,5.675040005790547
6,114,Sticky,343.8809523809524,find,to,5.680172609017068
6,115,because,385.9759036144578,Sticky,find,5.675040005790547
6,116,he,370.9156626506024,because,Sticky,5.675040005790547
6,117,was,333.6024096385542,he,because,4.987025428457122
6,118,<UNK>,348.3690476190476,was,he,4.993828175779875
6,119,to,339.35714285714283,<UNK>,was,4.853591544486569
6,120,the,338.9764705882353,to,<UNK>,3.8007189358694715
6,121,<UNK>,331.76190476190476,the,to,3.5900336194773037
6,122,near,365.3975903614458,<UNK>,the,6.119197913617533
6,123,the,336.22352941176473,near,<UNK>,5.272999558563747
6,124,<UNK>,348.2073170731707,the,near,5.678464666671911
6,125,right,401.6707317073171,<UNK>,the,6.119197913617533
6,126,next,365.26190476190476,right,<UNK>,5.675040005790547
6,127,to,328.6463414634146,next,right,5.271288694160117
6,128,the,337.95238095238096,to,next,5.678464666671911
6,129,<UNK>,353.27710843373495,the,to,3.5900336194773037
6,130,At,401.2409638554217,<UNK>,the,6.119197913617533
6,131,school,367.9047619047619,At,<UNK>,5.683579767338681
6,132,that,371.68674698795184,school,At,5.675040005790547
6,133,"day,",341.8414634146341,that,school,5.675040005790547
6,134,"Abby,",364.28915662650604,"day,",that,5.675040005790547
6,135,<UNK>,357.3614457831325,"Abby,","day,",5.675040005790547
6,136,by,382.8809523809524,<UNK>,"Abby,",5.678464666671911
6,137,her,347.9759036144578,by,<UNK>,5.030437921392435
6,138,<UNK>,380.7142857142857,her,by,5.272999558563747
6,139,<UNK>,360.95180722891564,<UNK>,her,4.2260223861973
6,140,<UNK>,363.89156626506025,<UNK>,<UNK>,1.8561512659871076
6,141,about,366.68674698795184,<UNK>,<UNK>,6.524296251136588
6,142,the,336.49411764705883,about,<UNK>,5.281510248231656
6,143,small,317.90588235294115,the,about,5.678464666671911
6,144,and,372.8452380952381,small,the,5.675040005790547
6,145,<UNK>,416.67857142857144,and,small,5.675040005790547
6,146,Mr.,372.8072289156627,<UNK>,and,5.840641657373398
6,147,"Sticky,",389.5975609756098,Mr.,<UNK>,5.678464666671911
6,148,who,380.1547619047619,"Sticky,",Mr.,5.676753802268282
6,149,you,342.2738095238095,who,"Sticky,",5.675040005790547
6,150,could,361.8292682926829,you,who,5.675040005790547
6,151,<UNK>,341.2560975609756,could,you,5.675040005790547
6,152,for,348.48809523809524,<UNK>,could,5.685279003091641
6,153,a,321.04819277108436,for,<UNK>,4.478958874850075
6,154,<UNK>,335.65060240963857,a,for,4.768988271217486
6,155,of,326.4457831325301,<UNK>,a,3.6916533809966614
6,156,<UNK>,353.74074074074076,of,<UNK>,2.6560549059838294
6,157,He,386.50602409638554,<UNK>,of,5.369086437436244
6,158,seemed,400.4047619047619,He,<UNK>,5.288267030694535
6,159,an,351.69879518072287,seemed,He,5.676753802268282
6,160,<UNK>,368.3333333333333,an,seemed,5.675040005790547
6,161,<UNK>,342.8690476190476,<UNK>,an,3.997366325317079
6,162,for,360.0952380952381,<UNK>,<UNK>,5.138001890016697
6,163,"her,",312.12048192771084,for,<UNK>,5.731721843345443
6,164,some,327.73809523809524,"her,",for,5.675040005790547
6,165,of,338.96385542168673,some,"her,",5.675040005790547
6,166,the,323.855421686747,of,some,5.675040005790547
6,167,<UNK>,327.45238095238096,the,of,2.8210735895056054
6,168,in,303.95180722891564,<UNK>,the,4.866434945122165
6,169,her,295.75,in,<UNK>,5.3706380281276624
6,170,<UNK>,314.68674698795184,her,in,4.767289035464526
6,171,<UNK>,334.4642857142857,<UNK>,her,4.2260223861973
6,172,because,390.578313253012,<UNK>,<UNK>,5.6080055192624325
6,173,Abby,354.96385542168673,because,<UNK>,5.6937321388027
6,174,was,365.0843373493976,Abby,because,5.675040005790547
6,175,also,319.4698795180723,was,Abby,5.676753802268282
6,176,very,315.35714285714283,also,was,5.675040005790547
6,177,<UNK>,337.5301204819277,very,also,5.675040005790547
6,178,That,396.22222222222223,<UNK>,very,5.695414224985685
6,179,"evening,",368.1829268292683,That,<UNK>,5.2832037287379885
6,180,Abby,391.35714285714283,"evening,",That,5.271288694160117
6,181,turned,349.01190476190476,Abby,"evening,",5.676753802268282
6,182,on,369.27710843373495,turned,Abby,5.675040005790547
6,183,the,337.5542168674699,on,turned,5.675040005790547
6,184,light,324.9390243902439,the,on,5.313205979041787
6,185,and,327.68674698795184,light,the,5.680172609017068
6,186,found,312.4096385542169,and,light,5.675040005790547
6,187,Mr.,332.64285714285717,found,and,5.676753802268282
6,188,Sticky,354.4047619047619,Mr.,found,5.675040005790547
6,189,<UNK>,344.7261904761905,Sticky,Mr.,5.681877639268151
6,190,to,346.48192771084337,<UNK>,Sticky,5.675040005790547
6,191,the,314.5357142857143,to,<UNK>,3.8007189358694715
6,192,pond,351.0238095238095,the,to,5.730099782973574
6,193,<UNK>,391.8658536585366,pond,the,4.985317486111966
6,194,and,400.1829268292683,<UNK>,pond,5.678464666671911
6,195,<UNK>,389.57142857142856,and,<UNK>,2.3632097148104805
6,196,about,358.03614457831327,<UNK>,and,5.435176549265234
6,197,in,361.5,about,<UNK>,5.68697535633982
6,198,the,315.26190476190476,in,about,5.675040005790547
6,199,air,318.0238095238095,the,in,5.771441123130016
6,200,<UNK>,353.075,air,the,5.678464666671911
6,201,<UNK>,436.1686746987952,<UNK>,air,5.676753802268282
6,202,<UNK>,371.0,<UNK>,<UNK>,1.8561512659871076
6,203,<UNK>,350.6666666666667,<UNK>,<UNK>,1.8561512659871076
6,204,Abby,359.2409638554217,<UNK>,<UNK>,5.27153328264122
6,205,<UNK>,355.60714285714283,Abby,<UNK>,4.787491742782046
6,206,She,391.73493975903614,<UNK>,Abby,5.680172609017068
6,207,tried,327.855421686747,She,<UNK>,5.700443573390687
6,208,to,343.04761904761904,tried,She,5.675040005790547
6,209,<UNK>,323.3975903614458,to,tried,4.58836306767171
6,210,what,346.92857142857144,<UNK>,to,5.823045895483019
6,211,it,318.2857142857143,what,<UNK>,5.276412531159987
6,212,must,312.56626506024094,it,what,5.681877639268151
6,213,be,314.73809523809524,must,it,5.271288694160117
6,214,like,306.45882352941175,be,must,5.681877639268151
6,215,to,348.2705882352941,like,be,5.675040005790547
6,216,have,328.5,to,like,5.271288694160117
6,217,to,335.32142857142856,have,to,5.69204721843778
6,218,<UNK>,317.2261904761905,to,have,5.675040005790547
6,219,on,331.2530120481928,<UNK>,to,5.823045895483019
6,220,to,330.85714285714283,on,<UNK>,5.720311776607412
6,221,things,335.9404761904762,to,on,5.675040005790547
6,222,all,333.9047619047619,things,to,5.675040005790547
6,223,day,329.0722891566265,all,things,5.675040005790547
6,224,and,307.8433734939759,day,all,5.675040005790547
6,225,decided,339.48192771084337,and,day,5.675040005790547
6,226,the,328.26506024096386,decided,and,5.271288694160117
6,227,<UNK>,321.68674698795184,the,decided,5.678464666671911
6,228,was,323.20238095238096,<UNK>,the,4.509760001183433
6,229,that,311.25,was,<UNK>,5.723585101952381
6,230,it,303.2289156626506,that,was,5.681877639268151
6,231,was,294.51190476190476,it,that,5.272999558563747
6,232,<UNK>,319.0833333333333,was,it,4.802380355275797
6,233,very,325.9277108433735,<UNK>,was,5.7698822763607245
6,234,<UNK>,344.0357142857143,very,<UNK>,4.985317486111966
6,235,Abby,437.890243902439,<UNK>,very,5.695414224985685
6,236,told,376.82142857142856,Abby,<UNK>,5.703782474656201
6,237,her,321.54761904761904,told,Abby,5.675040005790547
6,238,mom,347.1666666666667,her,told,5.676753802268282
6,239,that,323.9146341463415,mom,her,5.681877639268151
6,240,she,303.9761904761905,that,mom,5.675040005790547
6,241,thought,323.2261904761905,she,that,5.69204721843778
6,242,Sticky,325.2738095238095,thought,she,5.676753802268282
6,243,had,327.23809523809524,Sticky,thought,5.675040005790547
6,244,grown,327.6144578313253,had,Sticky,5.675040005790547
6,245,a,313.8333333333333,grown,had,5.675040005790547
6,246,<UNK>,332.4404761904762,a,grown,5.675040005790547
6,247,the,342.8095238095238,<UNK>,a,5.8888779583328805
6,248,next,354.6309523809524,the,<UNK>,5.482026848616839
6,249,day,330.43373493975906,next,the,5.678464666671911
6,250,at,346.0843373493976,day,next,5.676753802268282
6,251,<UNK>,364.4166666666667,at,day,5.675040005790547
6,252,<UNK>,366.85714285714283,<UNK>,at,5.281510248231656
6,253,as,347.8192771084337,<UNK>,<UNK>,5.27153328264122
6,254,well,315.03614457831327,as,<UNK>,5.038574662785497
6,255,if,317.27710843373495,well,as,5.680172609017068
6,256,<UNK>,325.4761904761905,if,well,5.675040005790547
6,257,going,328.1309523809524,<UNK>,if,5.675040005790547
6,258,to,319.0,going,<UNK>,5.675040005790547
6,259,be,325.0722891566265,to,going,5.278114659230518
6,260,<UNK>,337.0731707317073,be,to,4.089332020398556
6,261,up,349.855421686747,<UNK>,be,5.718671087149952
6,262,like,352.90361445783134,up,<UNK>,5.69204721843778
6,263,<UNK>,337.48192771084337,like,up,5.675040005790547
6,264,her,369.7682926829268,<UNK>,like,5.681877639268151
6,265,mom,383.7831325301205,her,<UNK>,5.020585624949423
6,266,<UNK>,407.89156626506025,mom,her,5.681877639268151
6,267,who,352.73493975903614,<UNK>,mom,5.676753802268282
6,268,was,340.4698795180723,who,<UNK>,4.217872381835376
6,269,busy,353.0487804878049,was,who,5.702114417555504
6,270,<UNK>,337.5903614457831,busy,was,5.675040005790547
6,271,<UNK>,364.96385542168673,<UNK>,busy,5.676753802268282
6,272,Abby,374.0240963855422,<UNK>,<UNK>,5.27153328264122
6,273,<UNK>,354.3855421686747,Abby,<UNK>,4.787491742782046
6,274,that,363.93975903614455,<UNK>,Abby,5.680172609017068
6,275,she,364.0952380952381,that,<UNK>,4.856706811803519
6,276,didn't,322.7469879518072,she,that,5.69204721843778
6,277,want,310.3614457831325,didn't,she,5.675040005790547
6,278,him,306.2048192771084,want,didn't,5.675040005790547
6,279,to,307.1927710843373,him,want,5.675040005790547
6,280,get,315.72289156626505,to,him,5.678464666671911
6,281,too,334.31325301204816,get,to,5.678464666671911
6,282,big,335.8192771084337,too,get,5.675040005790547
6,283,or,339.9879518072289,big,too,5.675040005790547
6,284,he,335.8313253012048,or,big,5.675040005790547
6,285,<UNK>,329.43373493975906,he,or,5.675040005790547
6,286,be,325.03614457831327,<UNK>,he,5.725217755376266
6,287,<UNK>,336.96385542168673,be,<UNK>,5.676753802268282
6,288,<UNK>,372.28395061728395,<UNK>,be,4.620058798481842
6,289,<UNK>,384.77777777777777,<UNK>,<UNK>,1.8561512659871076
6,290,<UNK>,357.48192771084337,<UNK>,<UNK>,1.8561512659871076
6,291,not,360.56626506024094,<UNK>,<UNK>,6.118831143028423
6,292,big,342.4457831325301,not,<UNK>,5.683579767338681
6,293,<UNK>,350.3855421686747,big,not,5.675040005790547
6,294,are,338.67469879518075,<UNK>,big,5.685279003091641
6,295,<UNK>,325.09638554216866,are,<UNK>,5.276412531159987
6,296,<UNK>,383.30120481927713,<UNK>,are,4.774068722449905
6,297,she,381.0240963855422,<UNK>,<UNK>,5.831149070576642
6,298,"asked,",343.89156626506025,she,<UNK>,5.695414224985685
6,299,<UNK>,353.28915662650604,"asked,",she,5.675040005790547
6,300,to,333.95180722891564,<UNK>,"asked,",5.676753802268282
6,301,<UNK>,372.12048192771084,to,<UNK>,2.8452074908420353
6,302,The,403.2289156626506,<UNK>,to,5.417580787374854
6,303,next,366.9277108433735,The,<UNK>,4.859812404361672
6,304,day,352.890243902439,next,The,5.680172609017068
6,305,in,322.0975609756098,day,next,5.676753802268282
6,306,<UNK>,336.6829268292683,in,day,5.678464666671911
6,307,<UNK>,342.28915662650604,<UNK>,in,4.33729074083249
6,308,Abby,331.3614457831325,<UNK>,<UNK>,5.27153328264122
6,309,needed,320.7951807228916,Abby,<UNK>,5.703782474656201
6,310,two,313.1686746987952,needed,Abby,5.675040005790547
6,311,<UNK>,336.4698795180723,two,needed,5.675040005790547
6,312,of,319.1566265060241,<UNK>,two,5.685279003091641
6,313,<UNK>,308.5853658536585,of,<UNK>,2.6560549059838294
6,314,that,324.8888888888889,<UNK>,of,4.858260813670253
6,315,were,319.5121951219512,that,<UNK>,4.674385255009565
6,316,very,367.4166666666667,were,that,5.683579767338681
6,317,<UNK>,357.0975609756098,very,were,5.271288694160117
6,318,to,406.1829268292683,<UNK>,very,5.695414224985685
6,319,<UNK>,340.12048192771084,to,<UNK>,2.8452074908420353
6,320,an,335.2168674698795,<UNK>,to,5.417580787374854
6,321,<UNK>,397.7831325301205,an,<UNK>,4.767289035464526
6,322,but,435.4691358024691,<UNK>,an,5.702114417555504
6,323,the,368.578313253012,but,<UNK>,4.485420932878165
6,324,<UNK>,336.2048192771084,the,but,4.995521656286208
6,325,didn't,315.31325301204816,<UNK>,the,6.119197913617533
6,326,<UNK>,310.73493975903614,didn't,<UNK>,5.675040005790547
6,327,Abby,344.28915662650604,<UNK>,didn't,5.676753802268282
6,328,<UNK>,349.6219512195122,Abby,<UNK>,4.787491742782046
6,329,the,341.7710843373494,<UNK>,Abby,5.680172609017068
6,330,<UNK>,350.4578313253012,the,<UNK>,2.5031016933792296
6,331,<UNK>,377.3975903614458,<UNK>,the,2.1873722808932077
6,332,because,358.48192771084337,<UNK>,<UNK>,5.6080055192624325
6,333,she,328.421686746988,because,<UNK>,5.288267030694535
6,334,was,313.0853658536585,she,because,5.676753802268282
6,335,pleased,303.8313253012048,was,she,5.69035945432406
6,336,with,335.31325301204816,pleased,was,5.676753802268282
6,337,the,319.66265060240966,with,pleased,5.676753802268282
6,338,<UNK>,320.43373493975906,the,with,4.189654742026425
6,339,and,357.3292682926829,<UNK>,the,3.676850878248329
6,340,wanted,336.6585365853659,and,<UNK>,5.94672865326659
6,341,it,316.26506024096386,wanted,and,5.675040005790547
6,342,on,321.43373493975906,it,wanted,5.675040005790547
6,343,the,337.89285714285717,on,it,5.675040005790547
6,344,wall.,341.5357142857143,the,on,5.313205979041787
6,345,The,380.6463414634146,wall.,the,5.676753802268282
6,346,<UNK>,333.0120481927711,The,wall.,5.676753802268282
6,347,who,325.31325301204816,<UNK>,The,4.61181472870676
6,348,was,330.2409638554217,who,<UNK>,4.217872381835376
6,349,always,323.95180722891564,was,who,5.702114417555504
6,350,very,331.719512195122,always,was,5.675040005790547
6,351,<UNK>,364.9012345679012,very,always,5.675040005790547
6,352,<UNK>,393.8658536585366,<UNK>,very,5.695414224985685
6,353,that,358.1666666666667,<UNK>,<UNK>,4.17292099397311
6,354,the,318.5357142857143,that,<UNK>,4.2689201469014
6,355,<UNK>,320.04819277108436,the,that,3.7776749528970677
6,356,Abby,324.2857142857143,<UNK>,the,6.119197913617533
6,357,had,342.144578313253,Abby,<UNK>,5.298317366548036
6,358,made,337.7469879518072,had,Abby,5.676753802268282
6,359,was,323.72289156626505,made,had,5.675040005790547
6,360,very,339.6829268292683,was,made,5.675040005790547
6,361,<UNK>,388.13253012048193,very,was,5.271288694160117
6,362,and,316.2530120481928,<UNK>,very,5.695414224985685
6,363,<UNK>,315.32530120481925,and,<UNK>,2.3632097148104805
6,364,at,379.34939759036143,<UNK>,and,5.840641657373398
6,365,"Abby,",366.14814814814815,at,<UNK>,5.2999826458670976
6,366,<UNK>,402.0240963855422,"Abby,",at,5.271288694160117
6,367,her,325.95180722891564,<UNK>,"Abby,",5.678464666671911
6,368,the,316.4390243902439,her,<UNK>,5.020585624949423
6,369,<UNK>,327.6265060240964,the,her,4.985317486111966
6,370,of,336.93975903614455,<UNK>,the,3.1234656400635425
6,371,<UNK>,373.0243902439024,of,<UNK>,2.6560549059838294
6,372,<UNK>,393.9012345679012,<UNK>,of,3.1004028961178793
6,373,at,337.0722891566265,<UNK>,<UNK>,5.27153328264122
6,374,"home,",315.3734939759036,at,<UNK>,5.705447753975262
6,375,<UNK>,359.4166666666667,"home,",at,5.675040005790547
6,376,<UNK>,337.30120481927713,<UNK>,"home,",5.675040005790547
6,377,by,352.9759036144578,<UNK>,<UNK>,4.819548158898162
6,378,Abby,340.87951807228916,by,<UNK>,5.723585101952381
6,379,to,350.93975903614455,Abby,by,5.675040005790547
6,380,<UNK>,335.5421686746988,to,Abby,5.675040005790547
6,381,out,306.2530120481928,<UNK>,to,5.417580787374854
6,382,the,322.89156626506025,out,<UNK>,5.29162837839724
6,383,"tank,",311.5542168674699,the,out,5.676753802268282
6,384,was,342.4878048780488,"tank,",the,5.678464666671911
6,385,<UNK>,388.0853658536585,was,"tank,",5.675040005790547
6,386,with,332.86746987951807,<UNK>,was,5.7698822763607245
6,387,a,313.9879518072289,with,<UNK>,4.636345803456541
6,388,<UNK>,319.6144578313253,a,with,4.302374475726262
6,389,<UNK>,339.7710843373494,<UNK>,a,2.4548907538477347
6,390,or,342.95,<UNK>,<UNK>,4.384230087640317
6,391,<UNK>,388.3536585365854,or,<UNK>,3.23704312882365
6,392,<UNK>,464.1951219512195,<UNK>,or,3.644143560272545
6,393,Mr.,420.0853658536585,<UNK>,<UNK>,6.118831143028423
6,394,<UNK>,398.1975308641975,Mr.,<UNK>,5.678464666671911
6,395,Abby,399.8433734939759,<UNK>,Mr.,5.271288694160117
6,396,asked,361.2289156626506,Abby,<UNK>,5.703782474656201
6,397,first,355.48192771084337,asked,Abby,5.675040005790547
6,398,thing,335.32530120481925,first,asked,5.675040005790547
6,399,when,345.3614457831325,thing,first,5.675040005790547
6,400,she,334.06024096385545,when,thing,5.675040005790547
6,401,came,306.5421686746988,she,when,5.680172609017068
6,402,home,316.65060240963857,came,she,5.675040005790547
6,403,from,315.4096385542169,home,came,5.675040005790547
6,404,<UNK>,323.33734939759034,from,home,5.675040005790547
6,405,<UNK>,366.6024096385542,<UNK>,from,4.998900037877835
6,406,the,332.4698795180723,<UNK>,<UNK>,3.45624331600297
6,407,<UNK>,327.1686746987952,the,<UNK>,2.5031016933792296
6,408,Mom,363.7439024390244,<UNK>,the,6.119197913617533
6,409,<UNK>,358.2048192771084,Mom,<UNK>,5.678464666671911
6,410,And,343.49397590361446,<UNK>,Mom,5.675040005790547
6,411,then,346.2530120481928,And,<UNK>,5.678464666671911
6,412,she,313.30379746835445,then,And,5.675040005790547
6,413,<UNK>,308.8888888888889,she,then,4.987025428457122
6,414,<UNK>,343.8536585365854,<UNK>,she,4.789157022101107
6,415,<UNK>,328.86746987951807,<UNK>,<UNK>,1.8561512659871076
6,416,I,339.3614457831325,<UNK>,<UNK>,5.138001890016697
6,417,went,331.3734939759036,I,<UNK>,5.70877001616724
6,418,<UNK>,305.68674698795184,went,I,5.675040005790547
6,419,slowly,318.6951219512195,<UNK>,went,5.676753802268282
6,420,since,328.2926829268293,slowly,<UNK>,5.675040005790547
6,421,it's,329.8658536585366,since,slowly,5.675040005790547
6,422,better,350.578313253012,it's,since,5.675040005790547
6,423,to,327.12048192771084,better,it's,5.675040005790547
6,424,be,314.04819277108436,to,better,5.675040005790547
6,425,safe,319.1807228915663,be,to,5.698769932832657
6,426,than,312.5421686746988,safe,be,5.675040005790547
6,427,<UNK>,323.7590361445783,than,safe,5.675040005790547
6,428,Abby,377.6219512195122,<UNK>,than,5.680172609017068
6,429,looked,324.6144578313253,Abby,<UNK>,5.703782474656201
6,430,on,312.27710843373495,looked,Abby,5.675040005790547
6,431,all,294.13253012048193,on,looked,5.675040005790547
6,432,<UNK>,324.4268292682927,all,on,5.675040005790547
6,433,of,311.13253012048193,<UNK>,all,5.685279003091641
6,434,the,294.27710843373495,of,<UNK>,3.0417173867958143
6,435,"tank,",308.65060240963857,the,of,5.791488055075306
6,436,but,314.4457831325301,"tank,",the,5.678464666671911
6,437,there,307.96385542168673,but,"tank,",5.675040005790547
6,438,was,298.96385542168673,there,but,5.678464666671911
6,439,no,304.3855421686747,was,there,5.680172609017068
6,440,<UNK>,306.6265060240964,no,was,5.680172609017068
6,441,of,312.5542168674699,<UNK>,no,5.688668836846153
6,442,the,300.06024096385545,of,<UNK>,3.0417173867958143
6,443,water,301.13253012048193,the,of,5.791488055075306
6,444,snail,333.7037037037037,water,the,5.68697535633982
6,445,that,335.4146341463415,snail,water,5.676753802268282
6,446,she,318.890243902439,that,snail,5.675040005790547
6,447,had,317.6219512195122,she,that,4.998900037877835
6,448,discovered,322.1463414634146,had,she,5.697093486505405
6,449,a,321.4390243902439,discovered,had,5.675040005790547
6,450,<UNK>,326.5,a,discovered,5.675040005790547
6,451,of,306.51807228915663,<UNK>,a,3.6916533809966614
6,452,<UNK>,301.9879518072289,of,<UNK>,2.6560549059838294
6,453,<UNK>,322.1566265060241,<UNK>,of,3.1004028961178793
6,454,She,338.09638554216866,<UNK>,<UNK>,5.138001890016697
6,455,was,293.26506024096386,She,<UNK>,4.784152841516532
6,456,very,295.03614457831327,was,She,5.681877639268151
6,457,<UNK>,303.12048192771084,very,was,5.271288694160117
6,458,Her,323.0120481927711,<UNK>,very,5.695414224985685
6,459,mom,312.6024096385542,Her,<UNK>,5.676753802268282
6,460,said,295.09638554216866,mom,Her,5.675040005790547
6,461,to,288.6024096385542,said,mom,5.676753802268282
6,462,<UNK>,302.31325301204816,to,said,5.274707500908903
6,463,a,307.96385542168673,<UNK>,to,5.1298987149230735
6,464,few,310.0,a,<UNK>,5.041810911564705
6,465,<UNK>,309.7469879518072,few,a,4.586666714423532
6,466,until,309.3855421686747,<UNK>,few,5.683579767338681
6,467,the,295.2289156626506,until,<UNK>,5.683579767338681
6,468,water,292.96385542168673,the,until,5.676753802268282
6,469,<UNK>,330.27710843373495,water,the,5.281510248231656
6,470,to,321.1566265060241,<UNK>,water,5.681877639268151
6,471,take,318.65060240963857,to,<UNK>,5.410156848303572
6,472,another,308.2048192771084,take,to,5.678464666671911
6,473,<UNK>,336.87951807228916,another,take,5.675040005790547
6,474,<UNK>,310.6707317073171,<UNK>,another,5.678464666671911
6,475,That,343.28915662650604,<UNK>,<UNK>,6.524296251136588
6,476,"evening,",330.3614457831325,That,<UNK>,5.2832037287379885
6,477,Abby,324.13253012048193,"evening,",That,5.271288694160117
6,478,went,307.9512195121951,Abby,"evening,",5.676753802268282
6,479,up,301.5421686746988,went,Abby,5.675040005790547
6,480,to,282.73493975903614,up,went,5.675040005790547
6,481,her,295.1566265060241,to,up,5.681877639268151
6,482,<UNK>,289.6341463414634,her,to,5.276412531159987
6,483,to,296.30120481927713,<UNK>,her,5.0369526024136295
6,484,<UNK>,322.0722891566265,to,<UNK>,2.8452074908420353
6,485,the,295.41975308641975,<UNK>,to,3.951243718581427
6,486,<UNK>,310.95061728395063,the,<UNK>,2.5031016933792296
6,487,<UNK>,335.5731707317073,<UNK>,the,2.1873722808932077
6,488,The,321.7951807228916,<UNK>,<UNK>,4.578386102081274
6,489,water,299.0853658536585,The,<UNK>,5.776103136235827
6,490,had,300.5243902439024,water,The,5.675040005790547
6,491,<UNK>,304.5432098765432,had,water,5.675040005790547
6,492,and,295.2962962962963,<UNK>,had,5.72194977861165
6,493,looked,299.3536585365854,and,<UNK>,5.94672865326659
6,494,<UNK>,304.9512195121951,looked,and,5.676753802268282
6,495,but,311.0617283950617,<UNK>,looked,5.680172609017068
6,496,Abby,309.1829268292683,but,<UNK>,5.332718793265369
6,497,could,300.4878048780488,Abby,but,5.676753802268282
6,498,not,293.34939759036143,could,Abby,5.675040005790547
6,499,see,290.34939759036143,not,could,5.281510248231656
6,500,Mr.,286.6951219512195,see,not,5.676753802268282
6,501,<UNK>,289.0,Mr.,see,5.675040005790547
6,502,Abby,315.1219512195122,<UNK>,Mr.,5.271288694160117
6,503,<UNK>,341.8780487804878,Abby,<UNK>,4.787491742782046
6,504,down,316.6707317073171,<UNK>,Abby,5.680172609017068
6,505,to,321.7682926829268,down,<UNK>,5.681877639268151
6,506,have,312.5975609756098,to,down,5.678464666671911
6,507,another,306.9512195121951,have,to,5.69204721843778
6,508,look,292.4390243902439,another,have,5.675040005790547
6,509,in,290.962962962963,look,another,5.675040005790547
6,510,the,281.82716049382714,in,look,5.675040005790547
6,511,<UNK>,277.425,the,in,2.968080742223481
6,512,that,280.8024691358025,<UNK>,the,5.426050733057588
6,513,her,285.1975308641975,that,<UNK>,5.772997543677674
6,514,mom,303.8395061728395,her,that,5.675040005790547
6,515,had,293.4,mom,her,5.681877639268151
6,516,<UNK>,326.5365853658537,had,mom,5.675040005790547
6,517,so,326.9024390243902,<UNK>,had,5.72194977861165
6,518,<UNK>,358.219512195122,so,<UNK>,5.000584958242754
6,519,but,325.7682926829268,<UNK>,so,5.69035945432406
6,520,Mr.,330.6219512195122,but,<UNK>,5.738183901373533
6,521,Sticky,300.3780487804878,Mr.,but,5.675040005790547
6,522,was,294.2439024390244,Sticky,Mr.,5.276412531159987
6,523,still,289.890243902439,was,Sticky,5.676753802268282
6,524,<UNK>,308.2073170731707,still,was,4.985317486111966
6,525,to,334.219512195122,<UNK>,still,5.276412531159987
6,526,be,286.8048780487805,to,<UNK>,4.717009667743627
6,527,<UNK>,289.6463414634146,be,to,4.089332020398556
6,528,Abby,332.1585365853659,<UNK>,be,5.718671087149952
6,529,was,298.7926829268293,Abby,<UNK>,5.703782474656201
6,530,a,296.7926829268293,was,Abby,5.676753802268282
6,531,<UNK>,304.6463414634146,a,was,4.084294226368599
6,532,of,319.1566265060241,<UNK>,a,3.6916533809966614
6,533,nerves,297.51807228915663,of,<UNK>,5.87493073085203
6,534,as,310.890243902439,nerves,of,5.675040005790547
6,535,she,291.0609756097561,as,nerves,5.271288694160117
6,536,<UNK>,301.3048780487805,she,as,4.304065093204169
6,537,the,356.0246913580247,<UNK>,she,5.705447753975262
6,538,<UNK>,308.4756097560976,the,<UNK>,2.5031016933792296
6,539,In,327.8658536585366,<UNK>,the,5.202907181743378
6,540,the,323.81481481481484,In,<UNK>,5.2832037287379885
6,541,<UNK>,293.3658536585366,the,In,5.271288694160117
6,542,surrounded,333.8536585365854,<UNK>,the,6.119197913617533
6,543,by,385.890243902439,surrounded,<UNK>,5.675040005790547
6,544,<UNK>,323.4074074074074,by,surrounded,4.985317486111966
6,545,and,315.0,<UNK>,by,5.29162837839724
6,546,<UNK>,305.280487804878,and,<UNK>,2.3632097148104805
6,547,her,332.9512195121951,<UNK>,and,5.840641657373398
6,548,mom,324.4756097560976,her,<UNK>,5.020585624949423
6,549,was,323.0487804878049,mom,her,5.681877639268151
6,550,<UNK>,296.890243902439,was,mom,5.675040005790547
6,551,and,295.5975609756098,<UNK>,was,5.076735095800779
6,552,she,300.609756097561,and,<UNK>,4.848116364598481
6,553,looked,308.7037037037037,she,and,5.681877639268151
6,554,<UNK>,306.8170731707317,looked,she,5.678464666671911
6,555,when,312.1341463414634,<UNK>,looked,5.680172609017068
6,556,she,362.8536585365854,when,<UNK>,5.286582110329616
6,557,saw,311.5301204819277,she,when,5.680172609017068
6,558,Abby,296.0609756097561,saw,she,5.680172609017068
6,559,in,311.5609756097561,Abby,saw,5.675040005790547
6,560,the,303.109756097561,in,Abby,5.675040005790547
6,561,<UNK>,317.2560975609756,the,in,2.968080742223481
6,562,and,329.2926829268293,<UNK>,the,3.676850878248329
6,563,even,315.4390243902439,and,<UNK>,5.030437921392435
6,564,more,301.6296296296296,even,and,5.680172609017068
6,565,<UNK>,306.0975609756098,more,even,4.985317486111966
6,566,when,303.5487804878049,<UNK>,more,5.688668836846153
6,567,she,295.3703703703704,when,<UNK>,5.286582110329616
6,568,heard,283.0609756097561,she,when,5.680172609017068
6,569,the,300.4024390243902,heard,she,5.675040005790547
6,570,<UNK>,296.8170731707317,the,heard,4.988730458708206
6,571,<UNK>,316.2317073170732,<UNK>,the,2.1873722808932077
6,572,<UNK>,388.5625,<UNK>,<UNK>,1.8561512659871076
6,573,<UNK>,331.390243902439,<UNK>,<UNK>,1.8561512659871076
6,574,<UNK>,313.7560975609756,<UNK>,<UNK>,1.8561512659871076
6,575,Mom,328.17283950617286,<UNK>,<UNK>,6.118831143028423
6,576,"said,",313.91358024691357,Mom,<UNK>,5.272999558563747
6,577,and,316.2098765432099,"said,",Mom,5.676753802268282
6,578,that,311.6829268292683,and,"said,",5.675040005790547
6,579,was,303.4878048780488,that,and,5.688668836846153
6,580,<UNK>,304.9634146341463,was,that,4.439284249942412
6,581,<UNK>,319.1951219512195,<UNK>,was,3.75497925581846
6,582,to,329.51851851851853,<UNK>,<UNK>,4.081949215767383
6,583,<UNK>,316.4878048780488,to,<UNK>,2.8452074908420353
6,584,<UNK>,324.8780487804878,<UNK>,to,3.5717540968765236
6,585,to,296.8658536585366,<UNK>,<UNK>,4.081949215767383
6,586,the,289.9390243902439,to,<UNK>,3.8007189358694715
6,587,<UNK>,290.109756097561,the,to,3.5900336194773037
6,588,she,329.8414634146341,<UNK>,the,5.713732805509369
6,589,<UNK>,311.7560975609756,she,<UNK>,5.002267044425739
6,590,her,308.55555555555554,<UNK>,she,5.705447753975262
6,591,<UNK>,309.4268292682927,her,<UNK>,4.327438444389479
6,592,of,296.3536585365854,<UNK>,her,5.730099782973574
6,593,<UNK>,296.8414634146341,of,<UNK>,2.6560549059838294
6,594,and,296.9146341463415,<UNK>,of,4.270474148768134
6,595,said,307.280487804878,and,<UNK>,5.94672865326659
6,596,<UNK>,327.61728395061726,said,and,5.276412531159987
6,597,<UNK>,379.3780487804878,<UNK>,said,5.274707500908903
6,598,the,328.28395061728395,<UNK>,<UNK>,3.45624331600297
6,599,time,334.1463414634146,the,<UNK>,5.887491956725004
6,600,<UNK>,356.0243902439024,time,the,5.676753802268282
6,601,go,346.0987654320988,<UNK>,time,5.678464666671911
6,602,to,311.8780487804878,go,<UNK>,5.675040005790547
6,603,"bed,",317.0365853658537,to,go,5.678464666671911
6,604,<UNK>,334.0,"bed,",to,5.676753802268282
6,605,<UNK>,344.5365853658537,<UNK>,"bed,",5.675040005790547
6,606,got,311.5121951219512,<UNK>,<UNK>,6.118831143028423
6,607,<UNK>,318.0843373493976,got,<UNK>,5.676753802268282
6,608,of,313.1927710843373,<UNK>,got,5.675040005790547
6,609,<UNK>,320.30120481927713,of,<UNK>,2.6560549059838294
6,610,to,293.10843373493975,<UNK>,of,5.7745515455444085
6,611,<UNK>,309.93975903614455,to,<UNK>,2.8452074908420353
6,612,up,316.2168674698795,<UNK>,to,5.417580787374854
6,613,<UNK>,301.9390243902439,up,<UNK>,5.286582110329616
6,614,Abby,338.0121951219512,<UNK>,up,5.678464666671911
6,615,had,326.7857142857143,Abby,<UNK>,5.298317366548036
6,616,a,314.6385542168675,had,Abby,5.676753802268282
6,617,<UNK>,301.4457831325301,a,had,5.272999558563747
6,618,<UNK>,292.8192771084337,<UNK>,a,2.4548907538477347
6,619,and,295.5609756097561,<UNK>,<UNK>,3.367295829986474
6,620,she,315.8072289156627,and,<UNK>,4.848116364598481
6,621,was,307.49397590361446,she,and,5.276412531159987
6,622,<UNK>,293.10843373493975,was,she,4.437596485828692
6,623,as,308.5903614457831,<UNK>,was,5.36441716825256
6,624,<UNK>,336.10843373493975,as,<UNK>,4.478958874850075
6,625,<UNK>,409.8395061728395,<UNK>,as,4.325786916351006
6,626,<UNK>,435.0843373493976,<UNK>,<UNK>,1.8561512659871076
6,627,him,421.9759036144578,<UNK>,<UNK>,6.524296251136588
6,628,<UNK>,407.09638554216866,him,<UNK>,5.278114659230518
6,629,<UNK>,375.9879518072289,<UNK>,him,5.271288694160117
6,630,<UNK>,365.0487804878049,<UNK>,<UNK>,1.8561512659871076
6,631,she,355.04819277108436,<UNK>,<UNK>,5.831149070576642
6,632,said,321.28915662650604,she,<UNK>,5.695414224985685
6,633,<UNK>,344.0,said,she,5.675040005790547
6,634,Abby's,391.7710843373494,<UNK>,said,5.680172609017068
6,635,mom,374.1341463414634,Abby's,<UNK>,4.987025428457122
6,636,<UNK>,326.2409638554217,mom,Abby's,5.678464666671911
6,637,Abby's,338.4698795180723,<UNK>,mom,5.676753802268282
6,638,<UNK>,366.77777777777777,Abby's,<UNK>,5.680172609017068
6,639,of,328.8536585365854,<UNK>,Abby's,5.675040005790547
6,640,the,293.0975609756098,of,<UNK>,3.0417173867958143
6,641,story,287.6707317073171,the,of,5.791488055075306
6,642,was,316.3975903614458,story,the,5.675040005790547
6,643,true,319.3855421686747,was,story,5.675040005790547
6,644,and,349.4166666666667,true,was,5.675040005790547
6,645,said,305.09638554216866,and,true,5.675040005790547
6,646,that,306.49397590361446,said,and,5.276412531159987
6,647,she,301.56626506024094,that,said,5.685279003091641
6,648,was,295.5903614457831,she,that,4.998900037877835
6,649,<UNK>,332.68674698795184,was,she,4.437596485828692
6,650,but,317.66265060240966,<UNK>,was,5.36441716825256
6,651,because,317.8333333333333,but,<UNK>,5.738183901373533
6,652,Mr.,313.6547619047619,because,but,5.675040005790547
6,653,Sticky,320.7469879518072,Mr.,because,5.675040005790547
6,654,was,299.2168674698795,Sticky,Mr.,5.276412531159987
6,655,so,301.04819277108436,was,Sticky,5.676753802268282
6,656,small,304.9879518072289,so,was,5.676753802268282
6,657,he,306.4096385542169,small,so,5.675040005790547
6,658,was,298.32530120481925,he,small,5.675040005790547
6,659,hard,311.66265060240966,was,he,5.68697535633982
6,660,to,292.1951219512195,hard,was,5.676753802268282
6,661,<UNK>,295.3658536585366,to,hard,5.271288694160117
6,662,<UNK>,342.31325301204816,<UNK>,to,3.5717540968765236
6,663,<UNK>,339.8536585365854,<UNK>,<UNK>,1.8561512659871076
6,664,with,318.6385542168675,<UNK>,<UNK>,4.819548158898162
6,665,being,310.4578313253012,with,<UNK>,5.734958092124651
6,666,<UNK>,329.9759036144578,being,with,5.675040005790547
6,667,<UNK>,374.4024390243902,<UNK>,being,5.676753802268282
6,668,at,330.4268292682927,<UNK>,<UNK>,5.27153328264122
6,669,<UNK>,301.03614457831327,at,<UNK>,4.789157022101107
6,670,but,303.6265060240964,<UNK>,at,5.68697535633982
6,671,it,301.65060240963857,but,<UNK>,4.821893169499378
6,672,<UNK>,302.3095238095238,it,but,5.685279003091641
6,673,things,316.2261904761905,<UNK>,it,5.688668836846153
6,674,hard,298.23809523809524,things,<UNK>,5.675040005790547
6,675,to,292.92857142857144,hard,things,5.675040005790547
6,676,<UNK>,339.3690476190476,to,hard,5.271288694160117
6,677,<UNK>,345.0121951219512,<UNK>,to,3.5717540968765236
6,678,<UNK>,348.43373493975906,<UNK>,<UNK>,1.8561512659871076
6,679,Abby,356.3734939759036,<UNK>,<UNK>,5.27153328264122
6,680,"said,",386.9879518072289,Abby,<UNK>,5.703782474656201
6,681,suddenly,383.2409638554217,"said,",Abby,5.675040005790547
6,682,<UNK>,337.8313253012048,suddenly,"said,",5.675040005790547
6,683,like,324.9878048780488,<UNK>,suddenly,5.680172609017068
6,684,the,323.0722891566265,like,<UNK>,5.681877639268151
6,685,<UNK>,314.3614457831325,the,like,5.676753802268282
6,686,<UNK>,340.8536585365854,<UNK>,the,2.1873722808932077
6,687,Mr.,339.68674698795184,<UNK>,<UNK>,6.118831143028423
6,688,Sticky,327.4457831325301,Mr.,<UNK>,5.678464666671911
6,689,herself,322.28915662650604,Sticky,Mr.,5.681877639268151
6,690,and,319.2098765432099,herself,Sticky,5.675040005790547
6,691,<UNK>,331.6190476190476,and,herself,5.675040005790547
6,692,from,327.67469879518075,<UNK>,and,5.435176549265234
6,693,the,336.4698795180723,from,<UNK>,3.7694714614442395
6,694,<UNK>,296.9879518072289,the,from,4.0943445622221
6,695,The,337.51807228915663,<UNK>,the,4.509760001183433
6,696,door,355.31325301204816,The,<UNK>,5.776103136235827
6,697,to,341.28915662650604,door,The,5.675040005790547
6,698,the,312.3658536585366,to,door,5.675040005790547
6,699,<UNK>,305.9024390243902,the,to,3.5900336194773037
6,700,opened,328.7073170731707,<UNK>,the,6.119197913617533
6,701,a,323.6385542168675,opened,<UNK>,5.675040005790547
6,702,few,314.2289156626506,a,opened,5.675040005790547
6,703,<UNK>,300.3780487804878,few,a,4.586666714423532
6,704,<UNK>,293.13253012048193,<UNK>,few,5.278114659230518
6,705,and,304.2168674698795,<UNK>,<UNK>,3.367295829986474
6,706,<UNK>,329.5903614457831,and,<UNK>,2.3632097148104805
6,707,face,346.51807228915663,<UNK>,and,5.840641657373398
6,708,<UNK>,327.7317073170732,face,<UNK>,5.271288694160117
6,709,She,356.2926829268293,<UNK>,face,5.676753802268282
6,710,was,338.280487804878,She,<UNK>,4.784152841516532
6,711,there,305.6585365853659,was,She,5.681877639268151
6,712,to,306.28915662650604,there,was,5.675040005790547
6,713,<UNK>,305.9879518072289,to,there,5.675040005790547
6,714,to,281.3048780487805,<UNK>,to,5.1298987149230735
6,715,make,289.56626506024094,to,<UNK>,5.122474775851791
6,716,up,281.27710843373495,make,to,5.683579767338681
6,717,for,296.578313253012,up,make,5.675040005790547
6,718,<UNK>,288.4390243902439,for,up,5.675040005790547
6,719,been,283.73493975903614,<UNK>,for,5.695414224985685
6,720,<UNK>,340.13253012048193,been,<UNK>,5.675040005790547
6,721,<UNK>,404.0240963855422,<UNK>,been,5.000584958242754
6,722,She,383.51807228915663,<UNK>,<UNK>,5.138001890016697
6,723,had,302.855421686747,She,<UNK>,5.700443573390687
6,724,put,297.7469879518072,had,She,5.675040005790547
6,725,her,296.9879518072289,put,had,5.676753802268282
6,726,<UNK>,287.65060240963857,her,put,5.676753802268282
6,727,on,295.51807228915663,<UNK>,her,5.32463467486541
6,728,the,305.10843373493975,on,<UNK>,3.84850959970582
6,729,back,290.421686746988,the,on,5.718671087149952
6,730,<UNK>,293.1807228915663,back,the,5.675040005790547
6,731,and,324.8780487804878,<UNK>,back,5.675040005790547
6,732,<UNK>,311.71084337349396,and,<UNK>,2.3632097148104805
6,733,herself,301.65060240963857,<UNK>,and,5.840641657373398
6,734,with,299.7590361445783,herself,<UNK>,5.676753802268282
6,735,<UNK>,308.30120481927713,with,herself,5.675040005790547
6,736,"Abby,",464.0120481927711,<UNK>,with,5.703782474656201
6,737,who,439.4024390243902,"Abby,",<UNK>,5.675040005790547
6,738,was,369.27710843373495,who,"Abby,",5.675040005790547
6,739,<UNK>,313.73493975903614,was,who,4.315820056435613
6,740,fire,313.65060240963857,<UNK>,was,5.7698822763607245
6,741,all,334.7951807228916,fire,<UNK>,5.675040005790547
6,742,on,343.578313253012,all,fire,5.675040005790547
6,743,<UNK>,344.0843373493976,on,all,5.675040005790547
6,744,of,325.6265060240964,<UNK>,on,5.680172609017068
6,745,the,299.9879518072289,of,<UNK>,3.0417173867958143
6,746,little,297.7831325301205,the,of,5.386022946967143
6,747,"snail,",325.68674698795184,little,the,5.707110264748875
6,748,tried,325.0843373493976,"snail,",little,5.675040005790547
6,749,to,330.13253012048193,tried,"snail,",5.675040005790547
6,750,<UNK>,338.95180722891564,to,tried,4.58836306767171
6,751,"her,",301.89156626506025,<UNK>,to,5.823045895483019
6,752,but,318.855421686747,"her,",<UNK>,5.676753802268282
6,753,it,313.0,but,"her,",5.675040005790547
6,754,was,299.96385542168673,it,but,4.586666714423532
6,755,hard,293.73493975903614,was,it,5.718671087149952
6,756,when,305.0843373493976,hard,was,5.676753802268282
6,757,Mom,300.86746987951807,when,hard,5.675040005790547
6,758,walked,312.34939759036143,Mom,when,5.675040005790547
6,759,over,310.1807228915663,walked,Mom,5.675040005790547
6,760,to,286.95180722891564,over,walked,5.272999558563747
6,761,the,283.1807228915663,to,over,5.678464666671911
6,762,bed,297.2168674698795,the,to,5.730099782973574
6,763,and,287.5609756097561,bed,the,5.675040005790547
6,764,sat,280.5238095238095,and,bed,5.675040005790547
6,765,next,288.86746987951807,sat,and,5.675040005790547
6,766,to,310.6219512195122,next,sat,5.675040005790547
6,767,her.,294.43373493975906,to,next,5.678464666671911
6,768,<UNK>,305.9625,her.,to,5.676753802268282
6,769,who,323.0987654320988,<UNK>,her.,5.676753802268282
6,770,Abby,346.2560975609756,who,<UNK>,5.72194977861165
6,771,still,326.609756097561,Abby,who,5.675040005790547
6,772,<UNK>,319.4878048780488,still,Abby,5.675040005790547
6,773,to,374.5679012345679,<UNK>,still,5.276412531159987
6,774,<UNK>,332.4756097560976,to,<UNK>,2.8452074908420353
6,775,<UNK>,315.1707317073171,<UNK>,to,3.5717540968765236
6,776,<UNK>,341.9390243902439,<UNK>,<UNK>,1.8561512659871076
6,777,had,335.3780487804878,<UNK>,<UNK>,5.831149070576642
6,778,gone,325.4512195121951,had,<UNK>,5.29162837839724
6,779,out,311.74074074074076,gone,had,5.676753802268282
6,780,to,290.2317073170732,out,gone,5.675040005790547
6,781,find,300.719512195122,to,out,5.676753802268282
6,782,her,298.4024390243902,find,to,5.680172609017068
6,783,<UNK>,308.1341463414634,her,find,5.675040005790547
6,784,in,325.6666666666667,<UNK>,her,5.730099782973574
6,785,order,304.2073170731707,in,<UNK>,5.3706380281276624
6,786,to,295.8658536585366,order,in,4.985317486111966
6,787,<UNK>,278.7654320987654,to,order,5.678464666671911
6,788,for,293.1125,<UNK>,to,5.417580787374854
6,789,Sticky,287.719512195122,for,<UNK>,5.731721843345443
6,790,more,310.9753086419753,Sticky,for,5.675040005790547
6,791,<UNK>,335.82716049382714,more,Sticky,5.675040005790547
6,792,<UNK>,367.780487804878,<UNK>,more,4.995521656286208
6,793,is,314.1341463414634,<UNK>,<UNK>,5.6080055192624325
6,794,my,276.4024390243902,is,<UNK>,5.697093486505405
6,795,new,286.1707317073171,my,is,5.675040005790547
6,796,and,296.6707317073171,new,my,5.680172609017068
6,797,<UNK>,303.780487804878,and,new,5.675040005790547
6,798,<UNK>,305.890243902439,<UNK>,and,3.355735007585398
6,799,pair,323.0365853658537,<UNK>,<UNK>,6.524296251136588
6,800,I,297.6707317073171,pair,<UNK>,5.675040005790547
6,801,have,316.8536585365854,I,pair,5.675040005790547
6,802,for,308.51851851851853,have,I,5.676753802268282
6,803,<UNK>,316.1358024691358,for,have,5.675040005790547
6,804,<UNK>,302.4268292682927,<UNK>,for,5.28994911687752
6,805,like,318.44444444444446,<UNK>,<UNK>,6.524296251136588
6,806,snail,317.14814814814815,like,<UNK>,5.681877639268151
6,807,<UNK>,335.8536585365854,snail,like,5.675040005790547
6,808,she,370.74074074074076,<UNK>,snail,5.675040005790547
6,809,<UNK>,316.9875,she,<UNK>,5.002267044425739
6,810,She,316.4390243902439,<UNK>,she,5.705447753975262
6,811,<UNK>,311.4878048780488,She,<UNK>,4.784152841516532
6,812,at,305.8414634146341,<UNK>,She,5.681877639268151
6,813,"Abby,",296.8658536585366,at,<UNK>,5.2999826458670976
6,814,<UNK>,310.7283950617284,"Abby,",at,5.271288694160117
6,815,to,298.9390243902439,<UNK>,"Abby,",5.678464666671911
6,816,<UNK>,297.5308641975309,to,<UNK>,2.8452074908420353
6,817,her,300.8536585365854,<UNK>,to,4.906755163608864
6,818,<UNK>,312.719512195122,her,<UNK>,4.327438444389479
6,819,but,298.3375,<UNK>,her,5.32463467486541
6,820,Abby,313.9878048780488,but,<UNK>,5.332718793265369
6,821,didn't,297.8048780487805,Abby,but,5.676753802268282
6,822,<UNK>,301.1585365853659,didn't,Abby,5.675040005790547
6,823,back.,307.12345679012344,<UNK>,didn't,5.676753802268282
6,824,Abby,321.5121951219512,back.,<UNK>,5.675040005790547
6,825,believed,358.7831325301205,Abby,back.,5.675040005790547
6,826,her,294.4512195121951,believed,Abby,5.675040005790547
6,827,mom's,319.1829268292683,her,believed,5.675040005790547
6,828,idea,306.0987654320988,mom's,her,5.676753802268282
6,829,would,293.55,idea,mom's,5.675040005790547
6,830,not,306.44444444444446,would,idea,5.675040005790547
6,831,<UNK>,330.109756097561,not,would,5.675040005790547
6,832,but,335.3414634146341,<UNK>,not,5.017279836814924
6,833,then,320.58024691358025,but,<UNK>,5.332718793265369
6,834,she,340.12345679012344,then,but,4.987025428457122
6,835,had,293.6463414634146,she,then,5.680172609017068
6,836,an,303.4691358024691,had,she,5.697093486505405
6,837,idea,287.6341463414634,an,had,5.675040005790547
6,838,of,283.65432098765433,idea,an,5.675040005790547
6,839,her,290.2125,of,idea,5.675040005790547
6,840,<UNK>,323.6875,her,of,5.271288694160117
6,841,<UNK>,333.54430379746833,<UNK>,her,4.2260223861973
6,842,got,322.8125,<UNK>,<UNK>,6.118831143028423
6,843,a,297.85,got,<UNK>,5.676753802268282
6,844,<UNK>,312.9259259259259,a,got,5.675040005790547
6,845,<UNK>,330.08641975308643,<UNK>,a,2.4548907538477347
6,846,Abby,327.34567901234567,<UNK>,<UNK>,5.27153328264122
6,847,suddenly,333.98765432098764,Abby,<UNK>,5.703782474656201
6,848,<UNK>,317.890243902439,suddenly,Abby,5.675040005790547
6,849,and,336.2875,<UNK>,suddenly,5.680172609017068
6,850,<UNK>,325.74074074074076,and,<UNK>,2.3632097148104805
6,851,off,322.12345679012344,<UNK>,and,5.435176549265234
6,852,to,293.61728395061726,off,<UNK>,5.680172609017068
6,853,find,296.5061728395062,to,off,5.675040005790547
6,854,it.,295.9382716049383,find,to,5.680172609017068
6,855,On,295.8780487804878,it.,find,5.675040005790547
6,856,the,287.6219512195122,On,it.,5.675040005790547
6,857,floor,293.18518518518516,the,On,5.675040005790547
6,858,<UNK>,289.4691358024691,floor,the,5.678464666671911
6,859,each,321.0246913580247,<UNK>,floor,5.675040005790547
6,860,other,317.9375,each,<UNK>,5.676753802268282
6,861,they,310.69135802469134,other,each,5.678464666671911
6,862,<UNK>,295.1111111111111,they,other,5.675040005790547
6,863,<UNK>,298.5609756097561,<UNK>,they,4.997212273764115
6,864,around,319.4074074074074,<UNK>,<UNK>,6.118831143028423
6,865,the,303.9259259259259,around,<UNK>,5.278114659230518
6,866,"tank,",299.6666666666667,the,around,5.680172609017068
6,867,looking,317.1975308641975,"tank,",the,5.678464666671911
6,868,all,313.39506172839504,looking,"tank,",5.675040005790547
6,869,over,304.98765432098764,all,looking,5.675040005790547
6,870,the,287.6625,over,all,5.675040005790547
6,871,place,285.25,the,over,5.678464666671911
6,872,and,279.6,place,the,5.675040005790547
6,873,<UNK>,274.675,and,place,5.676753802268282
6,874,into,293.875,<UNK>,and,5.147494476813453
6,875,the,321.9382716049383,into,<UNK>,4.601831284722577
6,876,<UNK>,292.4375,the,into,4.435905868350785
6,877,among,295.9753086419753,<UNK>,the,6.119197913617533
6,878,the,291.625,among,<UNK>,4.985317486111966
6,879,big,294.7875,the,among,5.680172609017068
6,880,<UNK>,314.2375,big,the,4.763881877142913
6,881,and,290.1975308641975,<UNK>,big,5.685279003091641
6,882,the,295.34567901234567,and,<UNK>,3.6954368546600955
6,883,pond,294.3048780487805,the,and,5.713732805509369
6,884,<UNK>,288.890243902439,pond,the,4.985317486111966
6,885,Abby,324.9390243902439,<UNK>,pond,5.678464666671911
6,886,tried,342.0487804878049,Abby,<UNK>,5.703782474656201
6,887,to,321.6707317073171,tried,Abby,5.675040005790547
6,888,<UNK>,289.7926829268293,to,tried,4.58836306767171
6,889,if,289.1358024691358,<UNK>,to,5.823045895483019
6,890,she,279.5061728395062,if,<UNK>,5.676753802268282
6,891,were,290.5679012345679,she,if,5.675040005790547
6,892,"Sticky,",282.98765432098764,were,she,5.675040005790547
6,893,a,292.9878048780488,"Sticky,",were,5.675040005790547
6,894,little,289.975,a,"Sticky,",5.675040005790547
6,895,water,302.5487804878049,little,a,5.681877639268151
6,896,"snail,",306.9512195121951,water,little,5.678464666671911
6,897,where,298.2073170731707,"snail,",water,5.675040005790547
6,898,would,297.719512195122,where,"snail,",5.675040005790547
6,899,she,278.0121951219512,would,where,5.675040005790547
6,900,hide,300.6951219512195,she,would,5.675040005790547
6,901,<UNK>,275.8536585365854,hide,she,5.675040005790547
6,902,At,310.1219512195122,<UNK>,hide,5.676753802268282
6,903,one,329.5421686746988,At,<UNK>,5.683579767338681
6,904,point,292.0240963855422,one,At,5.675040005790547
6,905,she,294.5853658536585,point,one,5.676753802268282
6,906,thought,282.3170731707317,she,point,5.675040005790547
6,907,she,281.2317073170732,thought,she,5.676753802268282
6,908,saw,276.8780487804878,she,thought,5.675040005790547
6,909,"him,",291.8780487804878,saw,she,5.680172609017068
6,910,but,311.6219512195122,"him,",saw,5.675040005790547
6,911,it,292.69135802469134,but,"him,",5.675040005790547
6,912,wasn't,276.87654320987656,it,but,5.685279003091641
6,913,the,290.358024691358,wasn't,it,5.272999558563747
6,914,water,312.1111111111111,the,wasn't,5.676753802268282
6,915,<UNK>,340.125,water,the,5.281510248231656
6,916,It,350.1518987341772,<UNK>,water,5.681877639268151
6,917,was,295.35,It,<UNK>,3.581883615115379
6,918,a,268.77777777777777,was,It,4.792479284293085
6,919,large,270.17283950617286,a,was,5.6937321388027
6,920,<UNK>,278.25925925925924,large,a,4.985317486111966
6,921,of,299.2048192771084,<UNK>,large,5.678464666671911
6,922,<UNK>,286.4390243902439,of,<UNK>,2.6560549059838294
6,923,that,324.30864197530866,<UNK>,of,4.858260813670253
6,924,was,294.109756097561,that,<UNK>,5.36753243556951
6,925,<UNK>,309.6951219512195,was,that,4.439284249942412
6,926,<UNK>,369.6219512195122,<UNK>,was,3.75497925581846
6,927,around,336.2926829268293,<UNK>,<UNK>,6.118831143028423
6,928,in,310.3292682926829,around,<UNK>,5.683579767338681
6,929,the,298.6707317073171,in,around,5.675040005790547
6,930,water,279.1604938271605,the,in,5.771441123130016
6,931,like,268.2926829268293,water,the,5.68697535633982
6,932,a,290.0617283950617,like,water,5.675040005790547
6,933,<UNK>,277.2926829268293,a,like,4.765586907393996
6,934,<UNK>,291.6341463414634,<UNK>,a,2.4548907538477347
6,935,They,363.9390243902439,<UNK>,<UNK>,6.118831143028423
6,936,were,317.41975308641975,They,<UNK>,5.274707500908903
6,937,ready,277.9024390243902,were,They,5.676753802268282
6,938,to,270.8414634146341,ready,were,5.675040005790547
6,939,call,289.6951219512195,to,ready,5.678464666671911
6,940,it,276.4146341463415,call,to,5.675040005790547
6,941,<UNK>,262.2682926829268,it,call,5.271288694160117
6,942,when,278.2682926829268,<UNK>,it,5.688668836846153
6,943,suddenly,278.3658536585366,when,<UNK>,5.286582110329616
6,944,Mom,302.5853658536585,suddenly,when,5.676753802268282
6,945,"cried,",314.4634146341463,Mom,suddenly,5.675040005790547
6,946,<UNK>,297.0243902439024,"cried,",Mom,5.675040005790547
6,947,<UNK>,323.9634146341463,<UNK>,"cried,",5.272999558563747
6,948,<UNK>,330.890243902439,<UNK>,<UNK>,1.8561512659871076
6,949,in,319.4024390243902,<UNK>,<UNK>,4.273004452530092
6,950,a,306.9878048780488,in,<UNK>,4.859812404361672
6,951,<UNK>,297.7073170731707,a,in,4.770684624465665
6,952,of,323.0243902439024,<UNK>,a,3.6916533809966614
6,953,the,299.1585365853659,of,<UNK>,3.0417173867958143
6,954,<UNK>,365.9512195121951,the,of,2.8210735895056054
6,955,<UNK>,399.2926829268293,<UNK>,the,2.1873722808932077
6,956,hidden,366.0740740740741,<UNK>,<UNK>,6.524296251136588
6,957,against,333.1341463414634,hidden,<UNK>,5.676753802268282
6,958,a,321.280487804878,against,hidden,5.675040005790547
6,959,<UNK>,309.3780487804878,a,against,5.675040005790547
6,960,dark,314.0731707317073,<UNK>,a,5.483412850224717
6,961,<UNK>,325.0853658536585,dark,<UNK>,5.676753802268282
6,962,sat,347.75308641975306,<UNK>,dark,5.676753802268282
6,963,Mr.,332.34939759036143,sat,<UNK>,5.675040005790547
6,964,"Sticky,",316.0240963855422,Mr.,sat,5.675040005790547
6,965,safe,329.0,"Sticky,",Mr.,5.676753802268282
6,966,and,299.0121951219512,safe,"Sticky,",5.675040005790547
6,967,<UNK>,294.2560975609756,and,safe,5.271288694160117
6,968,"'You,",308.1219512195122,<UNK>,and,5.840641657373398
6,969,I,292.0731707317073,"'You,",<UNK>,5.678464666671911
6,970,can,346.39506172839504,I,"'You,",5.675040005790547
6,971,always,394.1707317073171,can,I,5.675040005790547
6,972,<UNK>,339.5731707317073,always,can,5.675040005790547
6,973,<UNK>,354.719512195122,<UNK>,always,5.272999558563747
6,974,Abby,407.01234567901236,<UNK>,<UNK>,5.27153328264122
6,975,said,378.175,Abby,<UNK>,5.298317366548036
6,976,to,318.75,said,Abby,5.676753802268282
6,977,her,337.71604938271605,to,said,5.680172609017068
6,978,<UNK>,306.6875,her,to,5.276412531159987
6,979,with,337.4875,<UNK>,her,5.730099782973574
6,980,<UNK>,301.7625,with,<UNK>,3.8631559152230595
6,981,Then,329.98765432098764,<UNK>,with,5.703782474656201
6,982,she,335.85,Then,<UNK>,5.681877639268151
6,983,<UNK>,300.8,she,Then,5.676753802268282
6,984,another,301.8,<UNK>,she,5.705447753975262
6,985,water,309.825,another,<UNK>,5.676753802268282
6,986,snail,296.8,water,another,5.675040005790547
6,987,was,308.7625,snail,water,5.676753802268282
6,988,right,303.7625,was,snail,5.675040005790547
6,989,next,308.85,right,was,5.675040005790547
6,990,to,311.17721518987344,next,right,5.271288694160117
6,991,Sticky,321.9,to,next,5.678464666671911
6,992,and,350.73417721518985,Sticky,to,5.675040005790547
6,993,asked,327.55,and,Sticky,5.675040005790547
6,994,where,310.2125,asked,and,5.675040005790547
6,995,this,303.9375,where,asked,5.675040005790547
6,996,new,294.3544303797468,this,where,5.675040005790547
6,997,<UNK>,299.9240506329114,new,this,5.675040005790547
6,998,to,326.6125,<UNK>,new,5.685279003091641
6,999,the,316.675,to,<UNK>,3.8007189358694715
6,1000,family,293.9873417721519,the,to,5.730099782973574
6,1001,could,279.05128205128204,family,the,5.675040005790547
6,1002,have,286.1666666666667,could,family,5.675040005790547
6,1003,come,298.1518987341772,have,could,5.678464666671911
6,1004,<UNK>,290.8205128205128,come,have,5.675040005790547
6,1005,'I'm,322.4102564102564,<UNK>,come,5.680172609017068
6,1006,<UNK>,318.253164556962,'I'm,<UNK>,5.272999558563747
6,1007,to,319.7721518987342,<UNK>,'I'm,5.271288694160117
6,1008,<UNK>,317.4177215189873,to,<UNK>,2.8452074908420353
6,1009,the,297.0,<UNK>,to,3.951243718581427
6,1010,pond,290.0,the,<UNK>,5.887491956725004
6,1011,<UNK>,309.9,pond,the,4.985317486111966
6,1012,is,328.3125,<UNK>,pond,5.678464666671911
6,1013,<UNK>,333.475,is,<UNK>,4.598481197837295
6,1014,<UNK>,400.81481481481484,<UNK>,is,4.998900037877835
6,1015,you,368.55555555555554,<UNK>,<UNK>,5.27153328264122
6,1016,<UNK>,347.1012658227848,you,<UNK>,4.598481197837295
6,1017,<UNK>,372.475,<UNK>,you,5.683579767338681
6,1018,<UNK>,363.82278481012656,<UNK>,<UNK>,1.8561512659871076
6,1019,They,358.2375,<UNK>,<UNK>,6.118831143028423
6,1020,both,338.6625,They,<UNK>,5.680172609017068
6,1021,<UNK>,299.9,both,They,5.675040005790547
6,1022,and,307.72151898734177,<UNK>,both,5.271288694160117
6,1023,climbed,306.975,and,<UNK>,5.541263545158426
6,1024,into,322.38461538461536,climbed,and,5.676753802268282
6,1025,Abby's,312.2875,into,climbed,5.675040005790547
6,1026,bed,301.35,Abby's,into,5.675040005790547
6,1027,together,310.1,bed,Abby's,5.675040005790547
6,1028,"and,",329.873417721519,together,bed,5.675040005790547
6,1029,though,321.1,"and,",together,5.675040005790547
6,1030,it,315.35,though,"and,",5.675040005790547
6,1031,was,289.5875,it,though,5.271288694160117
6,1032,<UNK>,339.3875,was,it,4.802380355275797
6,1033,it,312.3375,<UNK>,was,5.7698822763607245
6,1034,was,294.8875,it,<UNK>,4.601831284722577
6,1035,a,280.4625,was,it,5.313205979041787
6,1036,<UNK>,283.65,a,was,4.084294226368599
6,1037,of,273.3625,<UNK>,a,3.6916533809966614
6,1038,a,264.73417721518985,of,<UNK>,4.622167762356662
6,1039,<UNK>,281.525,a,of,4.434212387844452
6,1040,<UNK>,359.59493670886076,<UNK>,a,2.4548907538477347
6,1041,<UNK>,349.49367088607596,<UNK>,<UNK>,1.8561512659871076
6,1042,Mom,393.7974683544304,<UNK>,<UNK>,6.118831143028423
6,1043,"said,",357.7721518987342,Mom,<UNK>,5.272999558563747
6,1044,<UNK>,333.34177215189874,"said,",Mom,5.676753802268282
6,1045,Abby,315.2692307692308,<UNK>,"said,",5.676753802268282
6,1046,a,292.87179487179486,Abby,<UNK>,5.703782474656201
6,1047,<UNK>,280.4871794871795,a,Abby,5.676753802268282
6,1048,with,287.825,<UNK>,a,5.483412850224717
6,1049,her,285.48148148148147,with,<UNK>,5.734958092124651
6,1050,<UNK>,284.05,her,with,4.985317486111966
6,1051,'I,333.85,<UNK>,her,5.730099782973574
6,1052,<UNK>,356.4125,'I,<UNK>,5.281510248231656
6,1053,because,347.8875,<UNK>,'I,5.676753802268282
6,1054,<UNK>,331.6296296296296,because,<UNK>,5.6937321388027
6,1055,already,344.7037037037037,<UNK>,because,5.675040005790547
6,1056,on,296.61728395061726,already,<UNK>,5.675040005790547
6,1057,the,292.425,on,already,5.675040005790547
6,1058,<UNK>,278.4177215189873,the,on,3.578604923653681
6,1059,<UNK>,329.5875,<UNK>,the,2.1873722808932077
6,1060,<UNK>,358.9259259259259,<UNK>,<UNK>,1.8561512659871076
6,1061,<UNK>,321.9,<UNK>,<UNK>,1.8561512659871076
6,1062,grown,319.55,<UNK>,<UNK>,6.524296251136588
6,1063,<UNK>,323.2875,grown,<UNK>,5.675040005790547
6,1064,When,335.2875,<UNK>,grown,5.676753802268282
6,1065,did,390.45,When,<UNK>,5.680172609017068
6,1066,that,329.6296296296296,did,When,5.675040005790547
6,1067,<UNK>,310.08641975308643,that,did,5.675040005790547
6,1068,You,315.641975308642,<UNK>,that,5.717027701406222
6,1069,<UNK>,310.320987654321,You,<UNK>,5.272999558563747
6,1070,put,339.8,<UNK>,You,5.676753802268282
6,1071,an,300.30864197530866,put,<UNK>,5.675040005790547
6,1072,<UNK>,344.60493827160496,an,put,5.676753802268282
6,1073,in,317.85185185185185,<UNK>,an,5.702114417555504
6,1074,<UNK>,308.58024691358025,in,<UNK>,3.984343667007772
6,1075,last,303.25925925925924,<UNK>,in,5.723585101952381
6,1076,time,308.5432098765432,last,<UNK>,5.675040005790547
6,1077,we,306.2345679012346,time,last,5.675040005790547
6,1078,did,297.4567901234568,we,time,5.675040005790547
6,1079,<UNK>,290.6296296296296,did,we,5.675040005790547
6,1080,<UNK>,336.12345679012344,<UNK>,did,5.675040005790547
6,1081,I,313.91358024691357,<UNK>,<UNK>,5.138001890016697
6,1082,know,310.5679012345679,I,<UNK>,5.303304908059076
6,1083,"it,",326.2716049382716,know,I,5.676753802268282
6,1084,<UNK>,296.9,"it,",know,5.675040005790547
6,1085,be,302.2962962962963,<UNK>,"it,",5.675040005790547
6,1086,all,284.7875,be,<UNK>,5.676753802268282
6,1087,grown,283.45,all,be,5.675040005790547
6,1088,<UNK>,301.0365853658537,grown,all,5.675040005790547
6,1089,On,297.1951219512195,<UNK>,grown,5.676753802268282
6,1090,her,318.0853658536585,On,<UNK>,5.272999558563747
6,1091,mom's,316.4512195121951,her,On,5.676753802268282
6,1092,<UNK>,305.8395061728395,mom's,her,5.676753802268282
6,1093,Abby,305.0365853658537,<UNK>,mom's,5.676753802268282
6,1094,then,314.7710843373494,Abby,<UNK>,5.703782474656201
6,1095,put,328.28915662650604,then,Abby,5.675040005790547
6,1096,her,311.30120481927713,put,then,5.675040005790547
6,1097,head,324.2261904761905,her,put,5.676753802268282
6,1098,and,333.4117647058824,head,her,5.675040005790547
6,1099,<UNK>,445.7294117647059,and,head,4.987025428457122
7,2,text,402.4375,The,<UNK>,5.776103136235827
7,3,message,380.67088607594934,text,The,5.675040005790547
7,4,said,403.87179487179486,message,text,5.676753802268282
7,5,that,371.126582278481,said,message,5.675040005790547
7,6,Lucy,360.53846153846155,that,said,5.2798138949834765
7,7,<UNK>,400.76623376623377,Lucy,that,5.676753802268282
7,8,was,501.17721518987344,<UNK>,Lucy,5.688668836846153
7,9,a,387.79487179487177,was,<UNK>,5.723585101952381
7,10,<UNK>,419.96153846153845,a,was,4.084294226368599
7,11,It,460.52,<UNK>,a,5.8888779583328805
7,12,said,374.5394736842105,It,<UNK>,5.316484670503486
7,13,she,373.97402597402595,said,It,5.676753802268282
7,14,was,328.6233766233766,she,said,5.675040005790547
7,15,<UNK>,367.46753246753246,was,she,4.437596485828692
7,16,had,376.42105263157896,<UNK>,was,5.7698822763607245
7,17,no,385.0133333333333,had,<UNK>,5.29162837839724
7,18,<UNK>,340.18918918918916,no,had,4.988730458708206
7,19,and,350.6666666666667,<UNK>,no,5.688668836846153
7,20,the,364.9342105263158,and,<UNK>,3.6954368546600955
7,21,world,366.85526315789474,the,and,5.713732805509369
7,22,<UNK>,355.7894736842105,world,the,4.987025428457122
7,23,her.,360.18918918918916,<UNK>,world,5.678464666671911
7,24,At,370.80263157894734,her.,<UNK>,5.676753802268282
7,25,least,358.3333333333333,At,her.,5.675040005790547
7,26,that,339.64473684210526,least,At,5.675040005790547
7,27,was,350.86842105263156,that,least,5.675040005790547
7,28,what,310.4736842105263,was,that,5.69204721843778
7,29,it,330.2631578947368,what,was,5.675040005790547
7,30,said,337.86842105263156,it,what,5.681877639268151
7,31,to,307.7368421052632,said,it,5.675040005790547
7,32,<UNK>,362.4266666666667,to,said,5.274707500908903
7,33,It,399.07894736842104,<UNK>,to,5.823045895483019
7,34,said,346.7894736842105,It,<UNK>,5.316484670503486
7,35,that,361.6842105263158,said,It,5.676753802268282
7,36,and,349.3421052631579,that,said,5.685279003091641
7,37,a,387.11842105263156,and,that,5.675040005790547
7,38,whole,376.88157894736844,a,and,5.688668836846153
7,39,<UNK>,322.8933333333333,whole,a,5.675040005790547
7,40,more,323.7105263157895,<UNK>,whole,5.683579767338681
7,41,that,339.55263157894734,more,<UNK>,5.678464666671911
7,42,she,338.4605263157895,that,more,5.675040005790547
7,43,was,315.44736842105266,she,that,4.998900037877835
7,44,<UNK>,365.38157894736844,was,she,4.437596485828692
7,45,to,352.17105263157896,<UNK>,was,4.853591544486569
7,46,<UNK>,380.38157894736844,to,<UNK>,2.8452074908420353
7,47,The,400.1842105263158,<UNK>,to,5.417580787374854
7,48,<UNK>,374.93333333333334,The,<UNK>,3.4247278790723494
7,49,text,367.32894736842104,<UNK>,The,5.71042701737487
7,50,of,334.4078947368421,text,<UNK>,5.676753802268282
7,51,the,339.9605263157895,of,text,5.675040005790547
7,52,<UNK>,356.9868421052632,the,of,2.8210735895056054
7,53,said,364.5584415584416,<UNK>,the,6.119197913617533
7,54,that,342.7763157894737,said,<UNK>,5.681877639268151
7,55,Lucy,384.67105263157896,that,said,5.2798138949834765
7,56,better,357.2236842105263,Lucy,that,5.676753802268282
7,57,not,349.72,better,Lucy,5.675040005790547
7,58,show,353.0263157894737,not,better,5.675040005790547
7,59,up,341.4868421052632,show,not,5.675040005790547
7,60,at,344.7567567567568,up,show,5.675040005790547
7,61,the,337.67105263157896,at,up,4.987025428457122
7,62,<UNK>,339.2763157894737,the,at,4.19803702077923
7,63,<UNK>,361.36486486486484,<UNK>,the,2.1873722808932077
7,64,because,404.73333333333335,<UNK>,<UNK>,5.6080055192624325
7,65,it,361.9078947368421,because,<UNK>,5.6937321388027
7,66,was,338.2236842105263,it,because,5.675040005790547
7,67,going,321.2763157894737,was,it,5.718671087149952
7,68,to,321.89473684210526,going,was,4.763881877142913
7,69,be,300.4342105263158,to,going,5.278114659230518
7,70,<UNK>,331.8933333333333,be,to,4.089332020398556
7,71,<UNK>,398.64473684210526,<UNK>,be,4.620058798481842
7,72,<UNK>,446.3333333333333,<UNK>,<UNK>,1.8561512659871076
7,73,<UNK>,463.29333333333335,<UNK>,<UNK>,1.8561512659871076
7,74,who,376.7236842105263,<UNK>,<UNK>,5.27153328264122
7,75,had,372.60526315789474,who,<UNK>,4.469186810116282
7,76,started,354.6533333333333,had,who,5.69035945432406
7,77,<UNK>,387.0,started,had,5.675040005790547
7,78,these,380.61842105263156,<UNK>,started,5.675040005790547
7,79,messages,359.68,these,<UNK>,5.678464666671911
7,80,a,362.2894736842105,messages,these,5.675040005790547
7,81,few,345.2368421052632,a,messages,5.675040005790547
7,82,<UNK>,341.3421052631579,few,a,4.586666714423532
7,83,<UNK>,347.73333333333335,<UNK>,few,5.278114659230518
7,84,<UNK>,370.5394736842105,<UNK>,<UNK>,1.8561512659871076
7,85,the,359.55263157894734,<UNK>,<UNK>,3.45624331600297
7,86,<UNK>,419.69736842105266,the,<UNK>,2.5031016933792296
7,87,<UNK>,379.9078947368421,<UNK>,the,2.1873722808932077
7,88,to,367.9736842105263,<UNK>,<UNK>,4.081949215767383
7,89,make,385.2236842105263,to,<UNK>,5.122474775851791
7,90,the,335.7236842105263,make,to,5.683579767338681
7,91,message,346.44,the,make,5.675040005790547
7,92,<UNK>,379.2162162162162,message,the,5.678464666671911
7,93,from,392.8421052631579,<UNK>,message,5.675040005790547
7,94,<UNK>,389.1066666666667,from,<UNK>,4.799090878625398
7,95,She,402.76,<UNK>,from,5.69204721843778
7,96,only,374.67105263157896,She,<UNK>,5.700443573390687
7,97,wished,374.4736842105263,only,She,5.675040005790547
7,98,it,353.88,wished,only,5.675040005790547
7,99,was,321.4868421052632,it,wished,5.675040005790547
7,100,as,309.5,was,it,5.718671087149952
7,101,<UNK>,351.05263157894734,as,was,4.985317486111966
7,102,to,320.15584415584414,<UNK>,as,5.7120812774708964
7,103,<UNK>,319.4025974025974,to,<UNK>,2.8452074908420353
7,104,her,314.6363636363636,<UNK>,to,4.906755163608864
7,105,heart,327.1842105263158,her,<UNK>,5.713732805509369
7,106,and,345.52,heart,her,5.675040005790547
7,107,<UNK>,346.9736842105263,and,heart,5.675040005790547
7,108,the,328.0933333333333,<UNK>,and,4.58787868887803
7,109,<UNK>,343.32,the,<UNK>,2.5031016933792296
7,110,the,371.28,<UNK>,the,4.327438444389479
7,111,message,440.61333333333334,the,<UNK>,5.482026848616839
7,112,had,360.26666666666665,message,the,5.678464666671911
7,113,left,364.0933333333333,had,message,5.676753802268282
7,114,<UNK>,349.0,left,had,5.675040005790547
7,115,<UNK>,405.3066666666667,<UNK>,left,5.676753802268282
7,116,that,385.94666666666666,<UNK>,<UNK>,4.17292099397311
7,117,another,358.97333333333336,that,<UNK>,5.772997543677674
7,118,one,354.9594594594595,another,that,5.675040005790547
7,119,of,330.92,one,another,5.675040005790547
7,120,those,330.14666666666665,of,one,5.688668836846153
7,121,<UNK>,375.93333333333334,those,of,5.676753802268282
7,122,her,369.3333333333333,<UNK>,those,5.676753802268282
7,123,mom,348.38666666666666,her,<UNK>,5.020585624949423
7,124,"asked,",358.68,mom,her,5.681877639268151
7,125,who,387.4736842105263,"asked,",mom,5.675040005790547
7,126,was,334.61842105263156,who,"asked,",5.675040005790547
7,127,<UNK>,367.80263157894734,was,who,4.315820056435613
7,128,the,335.2236842105263,<UNK>,was,5.36441716825256
7,129,<UNK>,365.11842105263156,the,<UNK>,2.5031016933792296
7,130,Lucy,451.69736842105266,<UNK>,the,6.119197913617533
7,131,<UNK>,371.83116883116884,Lucy,<UNK>,4.440969170307332
7,132,her,358.7236842105263,<UNK>,Lucy,5.688668836846153
7,133,<UNK>,359.70666666666665,her,<UNK>,4.327438444389479
7,134,<UNK>,380.2133333333333,<UNK>,her,4.2260223861973
7,135,was,359.26666666666665,<UNK>,<UNK>,5.020218854360313
7,136,<UNK>,368.32894736842104,was,<UNK>,4.018837009713955
7,137,as,369.85333333333335,<UNK>,was,5.36441716825256
7,138,she,382.6933333333333,as,<UNK>,5.326256735237278
7,139,<UNK>,380.4605263157895,she,as,4.304065093204169
7,140,<UNK>,445.12,<UNK>,she,4.789157022101107
7,141,'I'm,440.5263157894737,<UNK>,<UNK>,6.524296251136588
7,142,<UNK>,385.5394736842105,'I'm,<UNK>,5.272999558563747
7,143,to,349.49333333333334,<UNK>,'I'm,5.271288694160117
7,144,<UNK>,335.75,to,<UNK>,2.8452074908420353
7,145,it,359.48,<UNK>,to,5.823045895483019
7,146,<UNK>,365.86842105263156,it,<UNK>,5.700443573390687
7,147,<UNK>,396.96,<UNK>,it,5.2832037287379885
7,148,you,381.961038961039,<UNK>,<UNK>,5.27153328264122
7,149,reported,347.94666666666666,you,<UNK>,5.697093486505405
7,150,it,372.64473684210526,reported,you,5.675040005790547
7,151,<UNK>,333.4594594594595,it,reported,5.675040005790547
7,152,asked,363.5394736842105,<UNK>,it,5.688668836846153
7,153,"Jill,",363.5733333333333,asked,<UNK>,5.676753802268282
7,154,Lucy's,407.39473684210526,"Jill,",asked,5.675040005790547
7,155,older,444.53333333333336,Lucy's,"Jill,",5.675040005790547
7,156,<UNK>,387.17333333333335,older,Lucy's,5.675040005790547
7,157,who,417.82666666666665,<UNK>,older,5.676753802268282
7,158,was,374.0,who,<UNK>,4.217872381835376
7,159,sitting,336.36486486486484,was,who,5.702114417555504
7,160,in,320.4,sitting,was,5.676753802268282
7,161,the,305.28,in,sitting,5.676753802268282
7,162,<UNK>,354.0394736842105,the,in,2.968080742223481
7,163,<UNK>,380.60526315789474,<UNK>,the,2.1873722808932077
7,164,<UNK>,397.4,<UNK>,<UNK>,1.8561512659871076
7,165,Lucy,386.72,<UNK>,<UNK>,5.425683962468478
7,166,<UNK>,358.5263157894737,Lucy,<UNK>,4.440969170307332
7,167,<UNK>,357.0921052631579,<UNK>,Lucy,5.2832037287379885
7,168,through,403.8666666666667,<UNK>,<UNK>,6.524296251136588
7,169,her,357.14666666666665,through,<UNK>,5.683579767338681
7,170,<UNK>,342.82666666666665,her,through,5.675040005790547
7,171,That,398.76,<UNK>,her,5.730099782973574
7,172,Lucy,346.67105263157896,That,<UNK>,5.688668836846153
7,173,should,373.89473684210526,Lucy,That,5.675040005790547
7,174,not,360.50666666666666,should,Lucy,5.675040005790547
7,175,let,336.6233766233766,not,should,5.675040005790547
7,176,the,334.89473684210526,let,not,5.675040005790547
7,177,messages,333.4266666666667,the,let,5.675040005790547
7,178,get,322.44736842105266,messages,the,5.678464666671911
7,179,to,309.28,get,messages,5.675040005790547
7,180,her,332.80263157894734,to,get,5.675040005790547
7,181,and,348.96,her,to,5.681877639268151
7,182,that,335.0263157894737,and,her,5.678464666671911
7,183,the,348.26666666666665,that,and,5.2832037287379885
7,184,<UNK>,347.02666666666664,the,that,3.7776749528970677
7,185,was,353.8666666666667,<UNK>,the,4.509760001183433
7,186,only,321.05333333333334,was,<UNK>,5.723585101952381
7,187,<UNK>,335.96,only,was,5.680172609017068
7,188,were,366.1333333333333,<UNK>,only,5.675040005790547
7,189,Lucy's,382.0933333333333,were,<UNK>,5.703782474656201
7,190,mom's,383.4533333333333,Lucy's,were,5.675040005790547
7,191,<UNK>,420.13698630136986,mom's,Lucy's,5.675040005790547
7,192,in,423.2567567567568,<UNK>,mom's,5.676753802268282
7,193,an,364.17105263157896,in,<UNK>,5.3706380281276624
7,194,<UNK>,371.1095890410959,an,in,4.583265350600041
7,195,to,329.69736842105266,<UNK>,an,5.296649309447339
7,196,<UNK>,331.8933333333333,to,<UNK>,2.8452074908420353
7,197,her,369.1066666666667,<UNK>,to,4.906755163608864
7,198,<UNK>,355.2,her,<UNK>,4.327438444389479
7,199,Lucy's,408.82666666666665,<UNK>,her,5.730099782973574
7,200,mom,349.85526315789474,Lucy's,<UNK>,5.676753802268282
7,201,suddenly,382.32,mom,Lucy's,5.675040005790547
7,202,felt,331.0921052631579,suddenly,mom,5.675040005790547
7,203,<UNK>,369.17105263157896,felt,suddenly,5.675040005790547
7,204,for,385.89473684210526,<UNK>,felt,5.676753802268282
7,205,she,324.92,for,<UNK>,5.731721843345443
7,206,had,324.3466666666667,she,for,5.272999558563747
7,207,been,347.50666666666666,had,she,5.697093486505405
7,208,the,325.63157894736844,been,had,5.695414224985685
7,209,one,314.4266666666667,the,been,5.676753802268282
7,210,to,305.7894736842105,one,the,5.678464666671911
7,211,buy,322.26666666666665,to,one,5.675040005790547
7,212,the,339.25,buy,to,5.678464666671911
7,213,phone,333.26666666666665,the,buy,5.675040005790547
7,214,for,325.82894736842104,phone,the,5.678464666671911
7,215,Lucy,320.6933333333333,for,phone,5.675040005790547
7,216,just,334.38157894736844,Lucy,for,5.675040005790547
7,217,a,331.70666666666665,just,Lucy,5.675040005790547
7,218,<UNK>,318.0657894736842,a,just,5.271288694160117
7,219,of,315.50666666666666,<UNK>,a,3.6916533809966614
7,220,<UNK>,313.4342105263158,of,<UNK>,2.6560549059838294
7,221,<UNK>,324.3157894736842,<UNK>,of,3.1004028961178793
7,222,She,330.64473684210526,<UNK>,<UNK>,5.138001890016697
7,223,then,319.16,She,<UNK>,5.700443573390687
7,224,<UNK>,321.2631578947368,then,She,5.675040005790547
7,225,her,318.42105263157896,<UNK>,then,5.278114659230518
7,226,<UNK>,341.7894736842105,her,<UNK>,4.327438444389479
7,227,about,357.6,<UNK>,her,5.730099782973574
7,228,the,317.4605263157895,about,<UNK>,5.281510248231656
7,229,phone,314.4605263157895,the,about,5.678464666671911
7,230,was,323.2266666666667,phone,the,5.678464666671911
7,231,still,352.61842105263156,was,phone,5.675040005790547
7,232,<UNK>,343.05333333333334,still,was,4.985317486111966
7,233,her,352.2105263157895,<UNK>,still,5.681877639268151
7,234,out,353.49333333333334,her,<UNK>,5.713732805509369
7,235,<UNK>,358.3333333333333,out,her,5.675040005790547
7,236,as,358.67105263157896,<UNK>,out,5.676753802268282
7,237,she,359.2763157894737,as,<UNK>,5.326256735237278
7,238,<UNK>,338.9078947368421,she,as,4.304065093204169
7,239,'I,384.94594594594594,<UNK>,she,5.705447753975262
7,240,never,364.1578947368421,'I,<UNK>,5.68697535633982
7,241,should,336.0135135135135,never,'I,5.675040005790547
7,242,have,323.68,should,never,5.675040005790547
7,243,given,310.7972972972973,have,should,5.675040005790547
7,244,you,311.8378378378378,given,have,5.675040005790547
7,245,that,302.6216216216216,you,given,5.675040005790547
7,246,phone,311.7162162162162,that,you,5.675040005790547
7,247,<UNK>,357.5131578947368,phone,that,5.675040005790547
7,248,<UNK>,365.3157894736842,<UNK>,phone,5.676753802268282
7,249,it's,338.63157894736844,<UNK>,<UNK>,6.118831143028423
7,250,<UNK>,330.8,it's,<UNK>,5.676753802268282
7,251,I,322.8157894736842,<UNK>,it's,5.676753802268282
7,252,love,321.32,I,<UNK>,5.70877001616724
7,253,<UNK>,310.38157894736844,love,I,5.675040005790547
7,254,said,324.36,<UNK>,love,5.675040005790547
7,255,Lucy,346.9868421052632,said,<UNK>,5.681877639268151
7,256,<UNK>,333.61333333333334,Lucy,said,5.675040005790547
7,257,that,320.4342105263158,<UNK>,Lucy,5.2832037287379885
7,258,<UNK>,324.48,that,<UNK>,3.693556001997838
7,259,the,383.61842105263156,<UNK>,that,4.800736969532067
7,260,phone,339.53333333333336,the,<UNK>,5.887491956725004
7,261,had,319.39473684210526,phone,the,5.678464666671911
7,262,been,321.0133333333333,had,phone,5.675040005790547
7,263,no,322.19736842105266,been,had,5.695414224985685
7,264,small,322.49333333333334,no,been,5.675040005790547
7,265,thing,313.2133333333333,small,no,5.675040005790547
7,266,for,324.47297297297297,thing,small,5.675040005790547
7,267,her,301.3333333333333,for,thing,5.675040005790547
7,268,<UNK>,315.4594594594595,her,for,5.675040005790547
7,269,It,400.36842105263156,<UNK>,her,5.32463467486541
7,270,had,308.84,It,<UNK>,5.72194977861165
7,271,been,297.2236842105263,had,It,5.676753802268282
7,272,<UNK>,313.8666666666667,been,had,4.309119863865794
7,273,but,318.62666666666667,<UNK>,been,5.288267030694535
7,274,<UNK>,319.3333333333333,but,<UNK>,5.045036720813588
7,275,<UNK>,324.30263157894734,<UNK>,but,5.274707500908903
7,276,Lucy,379.6933333333333,<UNK>,<UNK>,5.425683962468478
7,277,did,344.7763157894737,Lucy,<UNK>,5.6937321388027
7,278,not,320.1842105263158,did,Lucy,5.675040005790547
7,279,know,307.0657894736842,not,did,5.2798138949834765
7,280,who,306.9736842105263,know,not,5.676753802268282
7,281,it,311.70666666666665,who,know,5.675040005790547
7,282,was,308.55263157894734,it,who,5.675040005790547
7,283,that,294.8666666666667,was,it,5.025523906590006
7,284,was,354.4078947368421,that,was,5.681877639268151
7,285,<UNK>,309.88,was,that,4.439284249942412
7,286,her,300.6842105263158,<UNK>,was,5.36441716825256
7,287,the,306.7866666666667,her,<UNK>,5.020585624949423
7,288,<UNK>,312.4868421052632,the,her,4.985317486111966
7,289,and,349.55263157894734,<UNK>,the,3.676850878248329
7,290,she,303.50666666666666,and,<UNK>,4.848116364598481
7,291,did,299.02666666666664,she,and,5.681877639268151
7,292,not,300.05263157894734,did,she,5.274707500908903
7,293,know,296.49333333333334,not,did,5.2798138949834765
7,294,how,311.5131578947368,know,not,5.676753802268282
7,295,they,305.72,how,know,5.675040005790547
7,296,had,309.67105263157896,they,how,5.675040005790547
7,297,got,312.9605263157895,had,they,5.680172609017068
7,298,her,305.5733333333333,got,had,5.675040005790547
7,299,<UNK>,324.24,her,got,5.675040005790547
7,300,but,352.0133333333333,<UNK>,her,5.32463467486541
7,301,<UNK>,337.1842105263158,but,<UNK>,5.045036720813588
7,302,it,310.11842105263156,<UNK>,but,5.680172609017068
7,303,"was,",309.4,it,<UNK>,5.700443573390687
7,304,he,304.3466666666667,"was,",it,5.676753802268282
7,305,or,360.50666666666666,he,"was,",5.675040005790547
7,306,she,316.14473684210526,or,he,5.675040005790547
7,307,had,296.42105263157896,she,or,5.675040005790547
7,308,slowly,301.9736842105263,had,she,5.697093486505405
7,309,taken,338.72,slowly,had,5.675040005790547
7,310,over,315.0,taken,slowly,5.675040005790547
7,311,Lucy's,304.9866666666667,over,taken,5.675040005790547
7,312,<UNK>,311.5,Lucy's,over,5.675040005790547
7,313,She,335.8666666666667,<UNK>,Lucy's,5.676753802268282
7,314,was,299.5,She,<UNK>,4.784152841516532
7,315,getting,322.5394736842105,was,She,5.681877639268151
7,316,several,314.38157894736844,getting,was,5.676753802268282
7,317,<UNK>,303.5131578947368,several,getting,5.675040005790547
7,318,a,323.67105263157896,<UNK>,several,5.678464666671911
7,319,day,301.8421052631579,a,<UNK>,5.734958092124651
7,320,<UNK>,316.6,day,a,5.676753802268282
7,321,all,335.8493150684931,<UNK>,day,5.675040005790547
7,322,of,316.72972972972974,all,<UNK>,5.681877639268151
7,323,which,309.7027027027027,of,all,5.678464666671911
7,324,were,300.74666666666667,which,of,5.675040005790547
7,325,<UNK>,331.74666666666667,were,which,5.678464666671911
7,326,and,360.46666666666664,<UNK>,were,4.794136285500715
7,327,<UNK>,301.2133333333333,and,<UNK>,2.3632097148104805
7,328,Lucy,343.48,<UNK>,and,5.840641657373398
7,329,<UNK>,370.35616438356163,Lucy,<UNK>,4.440969170307332
7,330,what,343.3421052631579,<UNK>,Lucy,5.688668836846153
7,331,the,345.64,what,<UNK>,5.681877639268151
7,332,person,311.4533333333333,the,what,5.676753802268282
7,333,who,308.82894736842104,person,the,5.675040005790547
7,334,was,325.08,who,person,5.675040005790547
7,335,<UNK>,343.0263157894737,was,who,4.315820056435613
7,336,her,335.4736842105263,<UNK>,was,5.36441716825256
7,337,might,327.29333333333335,her,<UNK>,5.713732805509369
7,338,be,317.86842105263156,might,her,5.675040005790547
7,339,<UNK>,310.96,be,might,5.272999558563747
7,340,or,334.2368421052632,<UNK>,be,5.313205979041787
7,341,<UNK>,344.53333333333336,or,<UNK>,3.23704312882365
7,342,to,297.67105263157896,<UNK>,or,5.723585101952381
7,343,<UNK>,310.24,to,<UNK>,2.8452074908420353
7,344,with,309.05333333333334,<UNK>,to,5.823045895483019
7,345,all,351.61842105263156,with,<UNK>,5.734958092124651
7,346,of,306.49333333333334,all,with,5.272999558563747
7,347,their,337.2631578947368,of,all,5.678464666671911
7,348,<UNK>,314.04,their,of,4.985317486111966
7,349,<UNK>,330.94736842105266,<UNK>,their,5.29162837839724
7,350,As,362.70666666666665,<UNK>,<UNK>,6.118831143028423
7,351,the,317.44,As,<UNK>,4.767289035464526
7,352,<UNK>,306.0921052631579,the,As,4.583265350600041
7,353,<UNK>,302.50666666666666,<UNK>,the,2.1873722808932077
7,354,up,355.18666666666667,<UNK>,<UNK>,5.831149070576642
7,355,outside,303.3157894736842,up,<UNK>,5.69204721843778
7,356,the,328.35526315789474,outside,up,5.675040005790547
7,357,<UNK>,313.38666666666666,the,outside,4.985317486111966
7,358,which,379.5394736842105,<UNK>,the,5.713732805509369
7,359,looked,349.85333333333335,which,<UNK>,5.705447753975262
7,360,like,306.82666666666665,looked,which,5.675040005790547
7,361,a,307.5135135135135,like,looked,5.675040005790547
7,362,large,298.8918918918919,a,like,5.681877639268151
7,363,<UNK>,313.85333333333335,large,a,4.985317486111966
7,364,in,332.9864864864865,<UNK>,large,5.678464666671911
7,365,the,305.16,in,<UNK>,3.250374491927572
7,366,<UNK>,328.6756756756757,the,in,2.968080742223481
7,367,of,335.1333333333333,<UNK>,the,3.1234656400635425
7,368,a,299.2432432432432,of,<UNK>,4.622167762356662
7,369,<UNK>,315.73333333333335,a,of,4.434212387844452
7,370,"evening,",335.9189189189189,<UNK>,a,5.8888779583328805
7,371,Lucy,393.8933333333333,"evening,",<UNK>,5.675040005790547
7,372,felt,363.14666666666665,Lucy,"evening,",5.675040005790547
7,373,a,306.3466666666667,felt,Lucy,5.675040005790547
7,374,<UNK>,326.9866666666667,a,felt,5.675040005790547
7,375,<UNK>,322.0,<UNK>,a,2.4548907538477347
7,376,down,308.08,<UNK>,<UNK>,6.118831143028423
7,377,her,306.2162162162162,down,<UNK>,5.681877639268151
7,378,<UNK>,313.35135135135135,her,down,5.675040005790547
7,379,<UNK>,364.2567567567568,<UNK>,her,4.2260223861973
7,380,by,344.04,<UNK>,<UNK>,4.819548158898162
7,381,"Jill,",316.94520547945206,by,<UNK>,5.723585101952381
7,382,who,370.05333333333334,"Jill,",by,5.675040005790547
7,383,did,342.35135135135135,who,"Jill,",5.676753802268282
7,384,not,302.68918918918916,did,who,5.675040005790547
7,385,want,309.3918918918919,not,did,5.685279003091641
7,386,to,299.16,want,not,5.675040005790547
7,387,be,290.25333333333333,to,want,5.675040005790547
7,388,late,299.36986301369865,be,to,5.698769932832657
7,389,to,312.96,late,be,5.675040005790547
7,390,her,317.4109589041096,to,late,5.675040005790547
7,391,own,312.2133333333333,her,to,5.681877639268151
7,392,<UNK>,352.7837837837838,own,her,5.675040005790547
7,393,Lucy,382.64,<UNK>,own,5.676753802268282
7,394,<UNK>,469.9054054054054,Lucy,<UNK>,4.440969170307332
7,395,<UNK>,382.7866666666667,<UNK>,Lucy,5.2832037287379885
7,396,out,378.8933333333333,<UNK>,<UNK>,5.27153328264122
7,397,of,310.4594594594595,out,<UNK>,4.598481197837295
7,398,the,285.16,of,out,4.775756486563625
7,399,<UNK>,300.0933333333333,the,of,2.8210735895056054
7,400,and,304.82666666666665,<UNK>,the,3.676850878248329
7,401,walked,320.8783783783784,and,<UNK>,5.541263545158426
7,402,<UNK>,307.5733333333333,walked,and,5.271288694160117
7,403,the,290.0810810810811,<UNK>,walked,5.676753802268282
7,404,<UNK>,314.70666666666665,the,<UNK>,2.5031016933792296
7,405,It,373.31081081081084,<UNK>,the,5.426050733057588
7,406,was,306.8,It,<UNK>,3.581883615115379
7,407,Jill,305.1756756756757,was,It,5.70877001616724
7,408,who,293.41333333333336,Jill,was,5.675040005790547
7,409,in,305.5945945945946,who,Jill,5.675040005790547
7,410,her,300.9864864864865,in,who,5.675040005790547
7,411,<UNK>,320.1621621621622,her,in,4.767289035464526
7,412,<UNK>,316.7027027027027,<UNK>,her,4.2260223861973
7,413,of,308.61333333333334,<UNK>,<UNK>,3.9216065656922034
7,414,high,333.8243243243243,of,<UNK>,5.87493073085203
7,415,school,330.37333333333333,high,of,5.675040005790547
7,416,had,346.3918918918919,school,high,5.675040005790547
7,417,<UNK>,330.93243243243245,had,school,5.675040005790547
7,418,<UNK>,326.68918918918916,<UNK>,had,4.469186810116282
7,419,in,318.05405405405406,<UNK>,<UNK>,4.273004452530092
7,420,<UNK>,364.4054054054054,in,<UNK>,3.984343667007772
7,421,<UNK>,339.7162162162162,<UNK>,in,4.33729074083249
7,422,this,323.6575342465753,<UNK>,<UNK>,6.118831143028423
7,423,<UNK>,338.81333333333333,this,<UNK>,5.680172609017068
7,424,school,330.9864864864865,<UNK>,this,5.69204721843778
7,425,<UNK>,336.3918918918919,school,<UNK>,5.675040005790547
7,426,<UNK>,333.64864864864865,<UNK>,school,5.675040005790547
7,427,and,325.3783783783784,<UNK>,<UNK>,3.367295829986474
7,428,she,319.5405405405405,and,<UNK>,4.848116364598481
7,429,took,307.7733333333333,she,and,5.681877639268151
7,430,her,316.85135135135135,took,she,5.675040005790547
7,431,<UNK>,333.64864864864865,her,took,5.675040005790547
7,432,very,323.52702702702703,<UNK>,her,5.730099782973574
7,433,<UNK>,335.97297297297297,very,<UNK>,4.985317486111966
7,434,Lucy,373.40277777777777,<UNK>,very,5.695414224985685
7,435,<UNK>,341.2837837837838,Lucy,<UNK>,4.440969170307332
7,436,behind,368.7567567567568,<UNK>,Lucy,5.688668836846153
7,437,"Jill,",342.8,behind,<UNK>,5.681877639268151
7,438,<UNK>,390.8493150684931,"Jill,",behind,5.675040005790547
7,439,on,360.18666666666667,<UNK>,"Jill,",5.675040005790547
7,440,the,327.02666666666664,on,<UNK>,3.84850959970582
7,441,<UNK>,331.29333333333335,the,on,3.578604923653681
7,442,<UNK>,382.7567567567568,<UNK>,the,2.1873722808932077
7,443,<UNK>,381.0933333333333,<UNK>,<UNK>,1.8561512659871076
7,444,that,342.7567567567568,<UNK>,<UNK>,4.17292099397311
7,445,had,325.4864864864865,that,<UNK>,5.772997543677674
7,446,<UNK>,305.3333333333333,had,that,5.274707500908903
7,447,<UNK>,326.7162162162162,<UNK>,had,4.469186810116282
7,448,to,322.8767123287671,<UNK>,<UNK>,4.081949215767383
7,449,"Jill,",309.85333333333335,to,<UNK>,5.815621956411737
7,450,in,370.56756756756755,"Jill,",to,5.675040005790547
7,451,order,360.44,in,"Jill,",5.675040005790547
7,452,to,306.32876712328766,order,in,4.985317486111966
7,453,keep,328.7808219178082,to,order,5.272999558563747
7,454,her,336.9189189189189,keep,to,5.272999558563747
7,455,<UNK>,321.5733333333333,her,keep,5.676753802268282
7,456,as,333.9054054054054,<UNK>,her,5.730099782973574
7,457,the,322.4189189189189,as,<UNK>,5.326256735237278
7,458,<UNK>,327.4,the,as,4.586666714423532
7,459,fell,323.2027027027027,<UNK>,the,5.713732805509369
7,460,all,304.81333333333333,fell,<UNK>,5.676753802268282
7,461,around,314.0810810810811,all,fell,5.675040005790547
7,462,them.,320.0405405405405,around,all,5.675040005790547
7,463,As,338.5810810810811,them.,around,5.675040005790547
7,464,the,331.1066666666667,As,them.,5.675040005790547
7,465,<UNK>,318.2432432432432,the,As,4.583265350600041
7,466,entered,321.2,<UNK>,the,6.119197913617533
7,467,the,332.1506849315069,entered,<UNK>,5.675040005790547
7,468,hall,313.46666666666664,the,entered,5.676753802268282
7,469,where,334.2837837837838,hall,the,5.676753802268282
7,470,the,330.18666666666667,where,hall,5.675040005790547
7,471,show,301.77027027027026,the,where,5.675040005790547
7,472,was,306.3466666666667,show,the,5.675040005790547
7,473,to,303.2837837837838,was,show,5.675040005790547
7,474,take,312.8933333333333,to,was,5.680172609017068
7,475,"place,",315.05405405405406,take,to,5.678464666671911
7,476,Jill,320.0810810810811,"place,",take,5.675040005790547
7,477,<UNK>,307.0405405405405,Jill,"place,",5.675040005790547
7,478,with,313.1216216216216,<UNK>,Jill,5.675040005790547
7,479,<UNK>,365.3972602739726,with,<UNK>,3.8631559152230595
7,480,while,344.3243243243243,<UNK>,with,5.703782474656201
7,481,Lucy,342.58666666666664,while,<UNK>,5.678464666671911
7,482,<UNK>,345.0405405405405,Lucy,while,5.675040005790547
7,483,that,329.9189189189189,<UNK>,Lucy,5.2832037287379885
7,484,she,306.2432432432432,that,<UNK>,4.856706811803519
7,485,had,306.77027027027026,she,that,4.998900037877835
7,486,<UNK>,307.9866666666667,had,she,5.003946305945459
7,487,her,323.9864864864865,<UNK>,had,5.316484670503486
7,488,mother,297.37333333333333,her,<UNK>,5.308267697401205
7,489,she,315.0933333333333,mother,her,5.680172609017068
7,490,would,302.9054054054054,she,mother,5.675040005790547
7,491,<UNK>,308.53333333333336,would,she,5.272999558563747
7,492,in,323.52054794520546,<UNK>,would,5.683579767338681
7,493,the,298.36,in,<UNK>,3.250374491927572
7,494,<UNK>,302.7260273972603,the,in,2.968080742223481
7,495,<UNK>,344.96,<UNK>,the,2.1873722808932077
7,496,<UNK>,334.67123287671234,<UNK>,<UNK>,1.8561512659871076
7,497,your,319.8,<UNK>,<UNK>,6.524296251136588
7,498,<UNK>,308.55405405405406,your,<UNK>,5.675040005790547
7,499,would,310.7972972972973,<UNK>,your,5.678464666671911
7,500,be,305.4594594594595,would,<UNK>,4.987025428457122
7,501,a,299.85333333333335,be,would,5.68697535633982
7,502,real,314.9054054054054,a,be,5.676753802268282
7,503,<UNK>,293.35135135135135,real,a,5.675040005790547
7,504,for,312.2739726027397,<UNK>,real,5.676753802268282
7,505,you,293.9066666666667,for,<UNK>,5.731721843345443
7,506,have,291.18918918918916,you,for,5.675040005790547
7,507,such,299.3333333333333,have,you,5.675040005790547
7,508,a,300.5810810810811,such,have,5.675040005790547
7,509,beautiful,314.88,a,such,5.676753802268282
7,510,<UNK>,331.6081081081081,beautiful,a,5.676753802268282
7,511,her,319.5,<UNK>,beautiful,5.675040005790547
7,512,mother,306.88,her,<UNK>,5.308267697401205
7,513,had,311.8918918918919,mother,her,5.274707500908903
7,514,<UNK>,305.9866666666667,had,mother,5.271288694160117
7,515,two,303.32,<UNK>,had,5.72194977861165
7,516,<UNK>,312.68918918918916,two,<UNK>,4.988730458708206
7,517,"back,",329.7027027027027,<UNK>,two,5.685279003091641
7,518,when,301.027397260274,"back,",<UNK>,5.678464666671911
7,519,the,299.5405405405405,when,"back,",5.675040005790547
7,520,<UNK>,304.4931506849315,the,when,5.278114659230518
7,521,was,320.67123287671234,<UNK>,the,4.509760001183433
7,522,first,301.69444444444446,was,<UNK>,5.723585101952381
7,523,<UNK>,313.5890410958904,first,was,5.675040005790547
7,524,Lucy,320.52777777777777,<UNK>,first,5.685279003091641
7,525,had,315.18918918918916,Lucy,<UNK>,5.000584958242754
7,526,been,289.83561643835617,had,Lucy,5.681877639268151
7,527,<UNK>,299.55405405405406,been,had,4.309119863865794
7,528,"it,",319.24657534246575,<UNK>,been,5.6937321388027
7,529,for,314.1756756756757,"it,",<UNK>,5.675040005790547
7,530,she,289.4864864864865,for,"it,",5.675040005790547
7,531,did,301.5342465753425,she,for,5.678464666671911
7,532,love,312.88,did,she,5.680172609017068
7,533,to,290.52054794520546,love,did,5.675040005790547
7,534,<UNK>,293.0133333333333,to,love,5.675040005790547
7,535,That,300.55405405405406,<UNK>,to,5.823045895483019
7,536,very,305.72,That,<UNK>,5.688668836846153
7,537,<UNK>,297.7567567567568,very,That,5.675040005790547
7,538,the,314.14666666666665,<UNK>,very,5.695414224985685
7,539,first,297.2432432432432,the,<UNK>,4.788879668056894
7,540,text,322.4054054054054,first,the,5.69204721843778
7,541,message,355.18918918918916,text,first,5.675040005790547
7,542,had,316.6081081081081,message,text,5.676753802268282
7,543,come,310.68,had,message,5.676753802268282
7,544,<UNK>,321.05479452054794,come,had,5.271288694160117
7,545,<UNK>,334.4,<UNK>,come,5.274707500908903
7,546,<UNK>,317.36486486486484,<UNK>,<UNK>,1.8561512659871076
7,547,it,306.1066666666667,<UNK>,<UNK>,5.6080055192624325
7,548,feel,293.5733333333333,it,<UNK>,5.700443573390687
7,549,to,293.32,feel,it,5.675040005790547
7,550,be,285.5810810810811,to,feel,5.675040005790547
7,551,<UNK>,279.02666666666664,be,to,4.089332020398556
7,552,and,307.35135135135135,<UNK>,be,5.025523906590006
7,553,<UNK>,318.1066666666667,and,<UNK>,2.3632097148104805
7,554,like,328.4054054054054,<UNK>,and,5.840641657373398
7,555,a,314.50666666666666,like,<UNK>,5.681877639268151
7,556,<UNK>,350.88,a,like,4.765586907393996
7,557,it,351.64,<UNK>,a,5.483412850224717
7,558,had,313.02666666666664,it,<UNK>,5.0072963928307415
7,559,"asked,",315.46666666666664,had,it,5.678464666671911
7,560,taking,342.972602739726,"asked,",had,5.675040005790547
7,561,Lucy,393.2162162162162,taking,"asked,",5.675040005790547
7,562,by,313.1506849315069,Lucy,taking,5.675040005790547
7,563,<UNK>,318.1756756756757,by,Lucy,5.675040005790547
7,564,One,331.75342465753425,<UNK>,by,5.697093486505405
7,565,of,306.94520547945206,One,<UNK>,4.985317486111966
7,566,the,302.041095890411,of,One,5.272999558563747
7,567,<UNK>,326.22972972972974,the,of,2.8210735895056054
7,568,<UNK>,320.81944444444446,<UNK>,the,2.1873722808932077
7,569,Lucy,315.75342465753425,<UNK>,<UNK>,5.425683962468478
7,570,had,311.5810810810811,Lucy,<UNK>,5.000584958242754
7,571,always,307.7945205479452,had,Lucy,5.276412531159987
7,572,known,298.86301369863014,always,had,5.680172609017068
7,573,she,302.6621621621622,known,always,5.675040005790547
7,574,<UNK>,367.4246575342466,she,known,5.675040005790547
7,575,but,370.7432432432432,<UNK>,she,5.705447753975262
7,576,before,422.1917808219178,but,<UNK>,5.332718793265369
7,577,the,398.5,before,but,5.676753802268282
7,578,messages,365.041095890411,the,before,5.676753802268282
7,579,<UNK>,344.7808219178082,messages,the,5.678464666671911
7,580,Lucy,343.94520547945206,<UNK>,messages,5.675040005790547
7,581,had,324.3783783783784,Lucy,<UNK>,5.000584958242754
7,582,always,302.7916666666667,had,Lucy,5.276412531159987
7,583,been,290.4864864864865,always,had,4.987025428457122
7,584,quite,291.9178082191781,been,always,5.678464666671911
7,585,<UNK>,311.5135135135135,quite,been,5.675040005790547
7,586,of,293.46666666666664,<UNK>,quite,5.678464666671911
7,587,being,304.7808219178082,of,<UNK>,5.469465622743866
7,588,a,296.2837837837838,being,of,5.676753802268282
7,589,little,308.8918918918919,a,being,5.676753802268282
7,590,<UNK>,361.1066666666667,little,a,5.276412531159987
7,591,<UNK>,344.6986301369863,<UNK>,little,5.002267044425739
7,592,text,334.56164383561645,<UNK>,<UNK>,6.524296251136588
7,593,by,325.6756756756757,text,<UNK>,5.676753802268282
7,594,<UNK>,313.7671232876712,by,text,5.675040005790547
7,595,Lucy's,339.44594594594594,<UNK>,by,5.697093486505405
7,596,<UNK>,357.29333333333335,Lucy's,<UNK>,5.676753802268282
7,597,had,332.3333333333333,<UNK>,Lucy's,5.676753802268282
7,598,<UNK>,324.64864864864865,had,<UNK>,5.29162837839724
7,599,"and,",346.4266666666667,<UNK>,had,5.72194977861165
7,600,in,328.13513513513516,"and,",<UNK>,5.680172609017068
7,601,the,295.2763157894737,in,"and,",5.675040005790547
7,602,<UNK>,288.9594594594595,the,in,2.968080742223481
7,603,it,331.97333333333336,<UNK>,the,6.119197913617533
7,604,had,300.7808219178082,it,<UNK>,5.0072963928307415
7,605,taken,284.96,had,it,5.678464666671911
7,606,some,299.14864864864865,taken,had,5.678464666671911
7,607,<UNK>,298.14666666666665,some,taken,5.675040005790547
7,608,to,317.86486486486484,<UNK>,some,5.683579767338681
7,609,get,303.88,to,<UNK>,5.410156848303572
7,610,her,311.9864864864865,get,to,5.678464666671911
7,611,to,295.8933333333333,her,get,5.675040005790547
7,612,<UNK>,310.97297297297297,to,her,5.675040005790547
7,613,to,294.53333333333336,<UNK>,to,5.1298987149230735
7,614,<UNK>,291.4189189189189,to,<UNK>,2.8452074908420353
7,615,in,284.7733333333333,<UNK>,to,5.417580787374854
7,616,the,280.8783783783784,in,<UNK>,3.250374491927572
7,617,<UNK>,291.3333333333333,the,in,2.968080742223481
7,618,<UNK>,319.1081081081081,<UNK>,the,2.1873722808932077
7,619,"however,",330.62666666666667,<UNK>,<UNK>,6.118831143028423
7,620,Lucy,294.1081081081081,"however,",<UNK>,5.681877639268151
7,621,had,290.3466666666667,Lucy,"however,",5.675040005790547
7,622,no,287.1081081081081,had,Lucy,5.681877639268151
7,623,<UNK>,286.85333333333335,no,had,4.988730458708206
7,624,but,271.9866666666667,<UNK>,no,5.688668836846153
7,625,to,269.4864864864865,but,<UNK>,5.738183901373533
7,626,make,266.58666666666664,to,but,5.675040005790547
7,627,her,291.7567567567568,make,to,5.683579767338681
7,628,way,286.4657534246575,her,make,5.675040005790547
7,629,towards,279.06666666666666,way,her,5.675040005790547
7,630,the,291.8,towards,way,5.675040005790547
7,631,<UNK>,285.7837837837838,the,towards,5.272999558563747
7,632,where,282.94594594594594,<UNK>,the,5.713732805509369
7,633,Jill,303.77027027027026,where,<UNK>,5.680172609017068
7,634,was,288.25333333333333,Jill,where,5.675040005790547
7,635,<UNK>,296.63513513513516,was,Jill,5.675040005790547
7,636,<UNK>,361.52,<UNK>,was,3.75497925581846
7,637,to,334.46666666666664,<UNK>,<UNK>,4.081949215767383
7,638,her.,319.31081081081084,to,<UNK>,5.815621956411737
7,639,She,349.88,her.,to,5.676753802268282
7,640,was,312.77027027027026,She,her.,5.678464666671911
7,641,the,289.97333333333336,was,She,5.681877639268151
7,642,first,298.36,the,was,5.296649309447339
7,643,<UNK>,300.16438356164383,first,the,4.775756486563625
7,644,<UNK>,357.36986301369865,<UNK>,first,5.685279003091641
7,645,<UNK>,350.05333333333334,<UNK>,<UNK>,1.8561512659871076
7,646,by,339.72972972972974,<UNK>,<UNK>,4.819548158898162
7,647,her,318.25333333333333,by,<UNK>,5.030437921392435
7,648,<UNK>,327.3918918918919,her,by,5.272999558563747
7,649,to,324.0,<UNK>,her,5.0369526024136295
7,650,the,310.4054054054054,to,<UNK>,3.8007189358694715
7,651,<UNK>,312.0133333333333,the,to,3.5900336194773037
7,652,was,327.2027027027027,<UNK>,the,4.509760001183433
7,653,all,304.3066666666667,was,<UNK>,5.723585101952381
7,654,nerves,295.7432432432432,all,was,5.676753802268282
7,655,as,310.46666666666664,nerves,all,5.675040005790547
7,656,she,322.52702702702703,as,nerves,5.271288694160117
7,657,walked,298.73333333333335,she,as,5.69035945432406
7,658,out,286.45205479452056,walked,she,5.675040005790547
7,659,onto,287.88,out,walked,5.675040005790547
7,660,the,284.31081081081084,onto,out,5.675040005790547
7,661,<UNK>,294.9866666666667,the,onto,5.271288694160117
7,662,of,295.56,<UNK>,the,3.1234656400635425
7,663,the,288.3918918918919,of,<UNK>,3.0417173867958143
7,664,<UNK>,297.16,the,of,2.8210735895056054
7,665,where,307.3333333333333,<UNK>,the,5.713732805509369
7,666,there,284.8783783783784,where,<UNK>,5.680172609017068
7,667,was,281.8,there,where,5.271288694160117
7,668,<UNK>,289.36486486486484,was,there,5.274707500908903
7,669,but,284.8,<UNK>,was,5.36441716825256
7,670,a,300.22972972972974,but,<UNK>,5.332718793265369
7,671,<UNK>,295.49333333333334,a,but,4.987025428457122
7,672,and,320.05405405405406,<UNK>,a,4.502583597212991
7,673,her.,298.36486486486484,and,<UNK>,5.94672865326659
7,674,She,385.4864864864865,her.,and,5.675040005790547
7,675,heard,339.37333333333333,She,her.,5.678464666671911
7,676,the,307.3378378378378,heard,She,5.271288694160117
7,677,<UNK>,316.43243243243245,the,heard,4.988730458708206
7,678,<UNK>,305.17333333333335,<UNK>,the,2.1873722808932077
7,679,and,313.75342465753425,<UNK>,<UNK>,3.367295829986474
7,680,could,284.9866666666667,and,<UNK>,5.94672865326659
7,681,feel,302.63513513513516,could,and,5.676753802268282
7,682,a,292.96,feel,could,5.675040005790547
7,683,<UNK>,288.5753424657534,a,feel,5.675040005790547
7,684,of,286.31081081081084,<UNK>,a,3.6916533809966614
7,685,<UNK>,299.3378378378378,of,<UNK>,2.6560549059838294
7,686,<UNK>,322.7945205479452,<UNK>,of,3.1004028961178793
7,687,from,367.5,<UNK>,<UNK>,5.138001890016697
7,688,the,316.5890410958904,from,<UNK>,3.7694714614442395
7,689,other,298.5135135135135,the,from,5.703782474656201
7,690,<UNK>,312.13698630136986,other,the,4.995521656286208
7,691,of,296.43243243243245,<UNK>,other,5.68697535633982
7,692,the,281.7808219178082,of,<UNK>,3.0417173867958143
7,693,heavy,278.4594594594595,the,of,5.791488055075306
7,694,<UNK>,362.2328767123288,heavy,the,5.675040005790547
7,695,As,353.7972972972973,<UNK>,heavy,5.678464666671911
7,696,the,324.4657534246575,As,<UNK>,4.767289035464526
7,697,<UNK>,306.7432432432432,the,As,4.583265350600041
7,698,began,319.4931506849315,<UNK>,the,6.119197913617533
7,699,to,310.3243243243243,began,<UNK>,5.271288694160117
7,700,<UNK>,323.35616438356163,to,began,4.584967478670572
7,701,she,313.5945945945946,<UNK>,to,5.417580787374854
7,702,<UNK>,311.05479452054794,she,<UNK>,5.002267044425739
7,703,a,341.6575342465753,<UNK>,she,5.705447753975262
7,704,<UNK>,305.9864864864865,a,<UNK>,3.132268406680267
7,705,look,309.67123287671234,<UNK>,a,5.8888779583328805
7,706,at,294.63513513513516,look,<UNK>,5.675040005790547
7,707,Jill,294.013698630137,at,look,5.675040005790547
7,708,in,314.4594594594595,Jill,at,5.675040005790547
7,709,the,301.85135135135135,in,Jill,5.675040005790547
7,710,<UNK>,326.2739726027397,the,in,2.968080742223481
7,711,who,366.9054054054054,<UNK>,the,5.202907181743378
7,712,<UNK>,320.9864864864865,who,<UNK>,5.72194977861165
7,713,her,357.32876712328766,<UNK>,who,5.681877639268151
7,714,with,285.63513513513516,her,<UNK>,5.713732805509369
7,715,a,301.5342465753425,with,her,5.676753802268282
7,716,<UNK>,314.5405405405405,a,with,4.302374475726262
7,717,<UNK>,313.82191780821915,<UNK>,a,2.4548907538477347
7,718,<UNK>,354.1095890410959,<UNK>,<UNK>,1.8561512659871076
7,719,Lucy,369.2083333333333,<UNK>,<UNK>,5.425683962468478
7,720,thought,316.05479452054794,Lucy,<UNK>,5.6937321388027
7,721,to,319.8082191780822,thought,Lucy,5.675040005790547
7,722,herself,300.56756756756755,to,thought,5.676753802268282
7,723,that,300.4864864864865,herself,to,5.675040005790547
7,724,she,307.56756756756755,that,herself,5.675040005790547
7,725,could,288.86301369863014,she,that,5.69204721843778
7,726,not,287.7260273972603,could,she,4.988730458708206
7,727,go,288.3378378378378,not,could,5.68697535633982
7,728,through,293.73972602739724,go,not,5.676753802268282
7,729,with,293.06756756756755,through,go,5.675040005790547
7,730,this,277.6575342465753,with,through,5.675040005790547
7,731,and,295.77027027027026,this,with,5.676753802268282
7,732,that,296.9178082191781,and,this,5.675040005790547
7,733,<UNK>,284.3918918918919,that,and,5.688668836846153
7,734,<UNK>,291.67123287671234,<UNK>,that,5.0238805208462765
7,735,her,312.8378378378378,<UNK>,<UNK>,6.118831143028423
7,736,older,278.0,her,<UNK>,5.713732805509369
7,737,<UNK>,294.63013698630135,older,her,5.675040005790547
7,738,was,291.22222222222223,<UNK>,older,5.676753802268282
7,739,not,286.54794520547944,was,<UNK>,5.318119993844216
7,740,<UNK>,290.36486486486484,not,was,4.770684624465665
7,741,<UNK>,295.2027027027027,<UNK>,not,5.304961909266705
7,742,to,291.93243243243245,<UNK>,<UNK>,4.081949215767383
7,743,put,275.52054794520546,to,<UNK>,5.410156848303572
7,744,herself,282.47297297297297,put,to,5.676753802268282
7,745,before,293.3013698630137,herself,put,5.675040005790547
7,746,the,284.2027027027027,before,herself,5.675040005790547
7,747,<UNK>,287.45205479452056,the,before,5.676753802268282
7,748,<UNK>,344.1081081081081,<UNK>,the,2.1873722808932077
7,749,The,343.3243243243243,<UNK>,<UNK>,4.578386102081274
7,750,<UNK>,339.63380281690144,The,<UNK>,3.4247278790723494
7,751,looked,305.2837837837838,<UNK>,The,5.71042701737487
7,752,up,294.68918918918916,looked,<UNK>,5.675040005790547
7,753,at,291.75,up,looked,5.271288694160117
7,754,her,290.5405405405405,at,up,5.680172609017068
7,755,and,289.17808219178085,her,at,5.676753802268282
7,756,Lucy,292.7972972972973,and,her,5.678464666671911
7,757,was,285.4594594594595,Lucy,and,5.675040005790547
7,758,ready,320.16438356164383,was,Lucy,5.676753802268282
7,759,to,288.4109589041096,ready,was,5.675040005790547
7,760,<UNK>,296.93150684931504,to,ready,5.678464666671911
7,761,when,329.3972602739726,<UNK>,to,5.823045895483019
7,762,the,305.47297297297297,when,<UNK>,5.286582110329616
7,763,first,313.8082191780822,the,when,5.683579767338681
7,764,<UNK>,295.5733333333333,first,the,4.775756486563625
7,765,of,306.4054054054054,<UNK>,first,5.685279003091641
7,766,the,292.5068493150685,of,<UNK>,3.0417173867958143
7,767,<UNK>,289.0945945945946,the,of,2.8210735895056054
7,768,<UNK>,301.81081081081084,<UNK>,the,2.1873722808932077
7,769,out,290.6575342465753,<UNK>,<UNK>,5.27153328264122
7,770,and,300.027397260274,out,<UNK>,5.697093486505405
7,771,a,313.55555555555554,and,out,5.675040005790547
7,772,<UNK>,307.2739726027397,a,and,4.435905868350785
7,773,<UNK>,307.72972972972974,<UNK>,a,2.4548907538477347
7,774,<UNK>,307.3611111111111,<UNK>,<UNK>,1.8561512659871076
7,775,over,315.22972972972974,<UNK>,<UNK>,5.6080055192624325
7,776,her.,316.3611111111111,over,<UNK>,5.683579767338681
7,777,She,328.4864864864865,her.,over,5.675040005790547
7,778,<UNK>,307.52054794520546,She,her.,5.678464666671911
7,779,her,292.4054054054054,<UNK>,She,5.681877639268151
7,780,eyes,289.17808219178085,her,<UNK>,5.713732805509369
7,781,and,283.02702702702703,eyes,her,5.675040005790547
7,782,<UNK>,289.85135135135135,and,eyes,5.676753802268282
7,783,<UNK>,300.3888888888889,<UNK>,and,3.355735007585398
7,784,"out,",296.2191780821918,<UNK>,<UNK>,6.524296251136588
7,785,including,322.9594594594595,"out,",<UNK>,5.680172609017068
7,786,the,321.73972602739724,including,"out,",5.675040005790547
7,787,<UNK>,302.0405405405405,the,including,5.676753802268282
7,788,the,301.4931506849315,<UNK>,the,4.327438444389479
7,789,nerves,306.05405405405406,the,<UNK>,5.887491956725004
7,790,that,307.5890410958904,nerves,the,5.675040005790547
7,791,<UNK>,284.6756756756757,that,nerves,5.675040005790547
7,792,to,301.28767123287673,<UNK>,that,5.311562593298057
7,793,take,303.05479452054794,to,<UNK>,5.410156848303572
7,794,<UNK>,278.27027027027026,take,to,5.678464666671911
7,795,the,306.94520547945206,<UNK>,take,5.676753802268282
7,796,text,285.6621621621622,the,<UNK>,5.887491956725004
7,797,<UNK>,306.52054794520546,text,the,5.675040005790547
7,798,and,333.31081081081084,<UNK>,text,5.675040005790547
7,799,the,299.7671232876712,and,<UNK>,3.6954368546600955
7,800,way,286.68918918918916,the,and,5.308267697401205
7,801,they,296.6027397260274,way,the,5.678464666671911
7,802,made,292.64383561643837,they,way,5.675040005790547
7,803,her,295.7260273972603,made,they,5.675040005790547
7,804,<UNK>,286.7945205479452,her,made,5.675040005790547
7,805,It,306.13698630136986,<UNK>,her,5.32463467486541
7,806,was,291.28767123287673,It,<UNK>,3.581883615115379
7,807,just,283.8783783783784,was,It,5.303304908059076
7,808,her,279.63013698630135,just,was,5.680172609017068
7,809,and,271.3378378378378,her,just,5.675040005790547
7,810,the,283.0405405405405,and,her,5.678464666671911
7,811,<UNK>,283.2191780821918,the,and,4.0089847132709435
7,812,and,280.14864864864865,<UNK>,the,3.676850878248329
7,813,it,280.24657534246575,and,<UNK>,5.030437921392435
7,814,was,281.75342465753425,it,and,4.988730458708206
7,815,a,268.43243243243245,was,it,5.313205979041787
7,816,love,284.09589041095893,a,was,5.6937321388027
7,817,story,290.1081081081081,love,a,5.675040005790547
7,818,that,287.63013698630135,story,love,5.675040005790547
7,819,had,285.72972972972974,that,story,5.675040005790547
7,820,been,277.0,had,that,5.274707500908903
7,821,going,280.22972972972974,been,had,5.695414224985685
7,822,on,271.7808219178082,going,been,5.675040005790547
7,823,her,272.3783783783784,on,going,5.675040005790547
7,824,whole,317.8082191780822,her,on,5.676753802268282
7,825,<UNK>,281.52702702702703,whole,her,5.675040005790547
7,826,She,310.4246575342466,<UNK>,whole,5.683579767338681
7,827,began,272.958904109589,She,<UNK>,5.700443573390687
7,828,to,282.4864864864865,began,She,5.675040005790547
7,829,<UNK>,288.4189189189189,to,began,4.584967478670572
7,830,and,275.2432432432432,<UNK>,to,4.906755163608864
7,831,all,267.94520547945206,and,<UNK>,5.253581472706645
7,832,the,270.1756756756757,all,and,4.985317486111966
7,833,<UNK>,271.63013698630135,the,all,4.774068722449905
7,834,and,283.0821917808219,<UNK>,the,3.676850878248329
7,835,confusion,279.8378378378378,and,<UNK>,5.541263545158426
7,836,that,279.93150684931504,confusion,and,5.676753802268282
7,837,the,276.5068493150685,that,confusion,5.675040005790547
7,838,messages,272.52702702702703,the,that,5.723585101952381
7,839,had,289.93150684931504,messages,the,5.678464666671911
7,840,been,291.31081081081084,had,messages,5.675040005790547
7,841,<UNK>,284.7027027027027,been,had,4.309119863865794
7,842,<UNK>,303.63013698630135,<UNK>,been,5.000584958242754
7,843,her,315.8918918918919,<UNK>,<UNK>,6.118831143028423
7,844,just,296.82191780821915,her,<UNK>,5.713732805509369
7,845,<UNK>,284.68918918918916,just,her,5.675040005790547
7,846,out.,298.31081081081084,<UNK>,just,5.675040005790547
7,847,The,331.7837837837838,out.,<UNK>,5.675040005790547
7,848,words,291.6575342465753,The,out.,5.675040005790547
7,849,were,293.8767123287671,words,The,5.675040005790547
7,850,not,281.7837837837838,were,words,5.675040005790547
7,851,<UNK>,291.86301369863014,not,were,5.675040005790547
7,852,for,294.2567567567568,<UNK>,not,5.304961909266705
7,853,it,282.0821917808219,for,<UNK>,5.731721843345443
7,854,was,280.3918918918919,it,for,5.675040005790547
7,855,the,301.7945205479452,was,it,5.025523906590006
7,856,<UNK>,282.6216216216216,the,was,4.315820056435613
7,857,behind,283.4109589041096,<UNK>,the,6.119197913617533
7,858,them,282.55405405405406,behind,<UNK>,5.681877639268151
7,859,that,299.041095890411,them,behind,5.675040005790547
7,860,she,278.3972602739726,that,them,5.675040005790547
7,861,<UNK>,276.7837837837838,she,that,5.286582110329616
7,862,<UNK>,309.2739726027397,<UNK>,she,4.789157022101107
7,863,Lucy,302.6621621621622,<UNK>,<UNK>,5.425683962468478
7,864,was,305.5890410958904,Lucy,<UNK>,5.6937321388027
7,865,in,314.0135135135135,was,Lucy,5.676753802268282
7,866,the,296.02777777777777,in,was,5.271288694160117
7,867,heart,272.97297297297297,the,in,5.771441123130016
7,868,of,292.55555555555554,heart,the,5.676753802268282
7,869,the,296.4583333333333,of,heart,5.675040005790547
7,870,<UNK>,306.3972602739726,the,of,2.8210735895056054
7,871,with,300.31944444444446,<UNK>,the,5.202907181743378
7,872,the,295.52054794520546,with,<UNK>,4.12552017969055
7,873,rest,285.86301369863014,the,with,5.6937321388027
7,874,of,279.55555555555554,rest,the,4.985317486111966
7,875,the,256.86301369863014,of,rest,5.678464666671911
7,876,world,269.9861111111111,the,of,5.791488055075306
7,877,<UNK>,292.93055555555554,world,the,4.987025428457122
7,878,away.,310.4657534246575,<UNK>,world,5.678464666671911
7,879,When,312.44444444444446,away.,<UNK>,5.678464666671911
7,880,the,307.1232876712329,When,away.,5.675040005790547
7,881,<UNK>,296.8888888888889,the,When,5.676753802268282
7,882,<UNK>,292.68055555555554,<UNK>,the,2.1873722808932077
7,883,and,303.32394366197184,<UNK>,<UNK>,3.367295829986474
7,884,the,280.0945945945946,and,<UNK>,3.6954368546600955
7,885,last,290.24657534246575,the,and,5.713732805509369
7,886,<UNK>,279.6756756756757,last,the,5.271288694160117
7,887,<UNK>,287.7808219178082,<UNK>,last,5.272999558563747
7,888,"away,",290.2432432432432,<UNK>,<UNK>,6.118831143028423
7,889,she,294.013698630137,"away,",<UNK>,5.676753802268282
7,890,opened,289.73972602739724,she,"away,",5.675040005790547
7,891,her,293.05405405405406,opened,she,5.675040005790547
7,892,eyes.,296.32876712328766,her,opened,5.675040005790547
7,893,To,301.5890410958904,eyes.,her,5.676753802268282
7,894,see,290.986301369863,To,eyes.,5.675040005790547
7,895,the,292.24657534246575,see,To,5.675040005790547
7,896,whole,300.3835616438356,the,see,5.676753802268282
7,897,<UNK>,294.2027027027027,whole,the,4.985317486111966
7,898,on,292.0135135135135,<UNK>,whole,5.683579767338681
7,899,their,284.47945205479454,on,<UNK>,5.720311776607412
7,900,feet,280.9054054054054,their,on,5.675040005790547
7,901,and,279.13698630136986,feet,their,5.675040005790547
7,902,the,297.47297297297297,and,feet,5.676753802268282
7,903,hall,286.5945945945946,the,and,5.713732805509369
7,904,<UNK>,287.2972972972973,hall,the,5.676753802268282
7,905,with,291.16438356164383,<UNK>,hall,5.675040005790547
7,906,<UNK>,305.6027397260274,with,<UNK>,3.8631559152230595
7,907,and,284.5068493150685,<UNK>,with,5.703782474656201
7,908,<UNK>,276.34722222222223,and,<UNK>,2.3632097148104805
7,909,was,283.35616438356163,<UNK>,and,5.840641657373398
7,910,not,312.1756756756757,was,<UNK>,5.318119993844216
7,911,what,305.7808219178082,not,was,5.68697535633982
7,912,Lucy,297.63013698630135,what,not,5.675040005790547
7,913,had,309.13513513513516,Lucy,what,5.675040005790547
7,914,<UNK>,323.3783783783784,had,Lucy,5.681877639268151
7,915,Lucy,320.72,<UNK>,had,5.72194977861165
7,916,<UNK>,303.5135135135135,Lucy,<UNK>,4.440969170307332
7,917,herself,297.16,<UNK>,Lucy,5.688668836846153
7,918,to,300.77027027027026,herself,<UNK>,5.676753802268282
7,919,<UNK>,290.6533333333333,to,herself,5.675040005790547
7,920,the,287.2162162162162,<UNK>,to,3.951243718581427
7,921,<UNK>,286.0405405405405,the,<UNK>,2.5031016933792296
7,922,of,283.29333333333335,<UNK>,the,3.1234656400635425
7,923,<UNK>,278.8783783783784,of,<UNK>,2.6560549059838294
7,924,and,294.26666666666665,<UNK>,of,4.270474148768134
7,925,<UNK>,284.2054794520548,and,<UNK>,2.3632097148104805
7,926,that,307.28767123287673,<UNK>,and,4.742029368705289
7,927,she,301.06849315068496,that,<UNK>,4.856706811803519
7,928,had,297.0135135135135,she,that,4.998900037877835
7,929,not,317.56164383561645,had,she,5.29162837839724
7,930,felt,300.5135135135135,not,had,5.681877639268151
7,931,in,313.1232876712329,felt,not,5.675040005790547
7,932,a,271.44594594594594,in,felt,5.675040005790547
7,933,very,268.63013698630135,a,in,5.68697535633982
7,934,long,263.93243243243245,very,a,5.675040005790547
7,935,time.,286.35616438356163,long,very,5.675040005790547
7,936,Then,293.45205479452056,time.,long,5.675040005790547
7,937,she,291.1621621621622,Then,time.,5.675040005790547
7,938,saw,277.09589041095893,she,Then,5.676753802268282
7,939,her,271.63513513513516,saw,she,5.680172609017068
7,940,<UNK>,289.97222222222223,her,saw,5.678464666671911
7,941,who,277.7945205479452,<UNK>,her,5.730099782973574
7,942,was,286.5068493150685,who,<UNK>,4.217872381835376
7,943,<UNK>,276.2567567567568,was,who,4.315820056435613
7,944,the,280.6849315068493,<UNK>,was,5.36441716825256
7,945,<UNK>,281.6621621621622,the,<UNK>,2.5031016933792296
7,946,of,275.3918918918919,<UNK>,the,3.1234656400635425
7,947,all,277.2162162162162,of,<UNK>,5.181783550292085
7,948,in,282.0,all,of,5.680172609017068
7,949,the,267.8082191780822,in,all,5.675040005790547
7,950,<UNK>,272.2054794520548,the,in,2.968080742223481
7,951,and,303.94444444444446,<UNK>,the,3.676850878248329
7,952,"Jill,",269.5890410958904,and,<UNK>,5.94672865326659
7,953,who,287.6027397260274,"Jill,",and,5.675040005790547
7,954,was,289.68055555555554,who,"Jill,",5.676753802268282
7,955,<UNK>,281.09589041095893,was,who,4.315820056435613
7,956,at,295.3150684931507,<UNK>,was,5.7698822763607245
7,957,her,271.56756756756755,at,<UNK>,5.705447753975262
7,958,with,291.40277777777777,her,at,5.676753802268282
7,959,<UNK>,277.0821917808219,with,her,5.676753802268282
7,960,from,284.0,<UNK>,with,5.703782474656201
7,961,the,278.6575342465753,from,<UNK>,3.7694714614442395
7,962,<UNK>,289.8918918918919,the,from,4.0943445622221
7,963,She,326.47945205479454,<UNK>,the,6.119197913617533
7,964,knew,283.9054054054054,She,<UNK>,5.700443573390687
7,965,she,280.4657534246575,knew,She,5.675040005790547
7,966,<UNK>,283.7972972972973,she,knew,5.675040005790547
7,967,them,293.1506849315069,<UNK>,she,5.705447753975262
7,968,big,334.0810810810811,them,<UNK>,5.683579767338681
7,969,time,289.36986301369865,big,them,5.675040005790547
7,970,for,285.06756756756755,time,big,5.675040005790547
7,971,<UNK>,301.85135135135135,for,time,5.676753802268282
7,972,her,317.2567567567568,<UNK>,for,5.695414224985685
7,973,what,294.3150684931507,her,<UNK>,5.713732805509369
7,974,she,287.7972972972973,what,her,5.675040005790547
7,975,was,283.6216216216216,she,what,5.675040005790547
7,976,<UNK>,282.2328767123288,was,she,4.437596485828692
7,977,of,271.3918918918919,<UNK>,was,5.36441716825256
7,978,and,281.05405405405406,of,<UNK>,5.87493073085203
7,979,who,278.3783783783784,and,of,5.675040005790547
7,980,she,298.13698630136986,who,and,5.675040005790547
7,981,really,294.97297297297297,she,who,5.675040005790547
7,982,<UNK>,292.31081081081084,really,she,5.675040005790547
7,983,The,279.47297297297297,<UNK>,really,5.676753802268282
7,984,next,281.31081081081084,The,<UNK>,4.859812404361672
7,985,time,281.16438356164383,next,The,5.680172609017068
7,986,her,283.5810810810811,time,next,5.675040005790547
7,987,phone,272.94594594594594,her,time,5.675040005790547
7,988,<UNK>,297.61842105263156,phone,her,5.675040005790547
7,989,she,337.61842105263156,<UNK>,phone,5.676753802268282
7,990,would,344.3421052631579,she,<UNK>,5.695414224985685
7,991,<UNK>,340.13157894736844,would,she,5.272999558563747
7,992,the,300.4342105263158,<UNK>,would,5.683579767338681
7,993,message,328.75,the,<UNK>,5.482026848616839
7,994,straight,350.3333333333333,message,the,5.678464666671911
7,995,into,324.5,straight,message,5.675040005790547
7,996,<UNK>,350.54794520547944,into,straight,5.676753802268282
7,997,where,383.72972972972974,<UNK>,into,5.685279003091641
7,998,it,347.0263157894737,where,<UNK>,5.680172609017068
7,999,<UNK>,442.42105263157896,it,where,5.676753802268282
8,2,Roswell,456.9342105263158,The,<UNK>,5.776103136235827
8,3,UFO,426.2236842105263,Roswell,The,5.675040005790547
8,4,<UNK>,458.9594594594595,UFO,Roswell,5.271288694160117
8,5,was,372.82894736842104,<UNK>,UFO,5.685279003091641
8,6,the,387.77027027027026,was,<UNK>,4.807294370078226
8,7,<UNK>,411.11842105263156,the,was,4.315820056435613
8,8,<UNK>,444.18666666666667,<UNK>,the,2.1873722808932077
8,9,of,385.3972602739726,<UNK>,<UNK>,3.9216065656922034
8,10,<UNK>,507.375,of,<UNK>,2.6560549059838294
8,11,<UNK>,467.06756756756755,<UNK>,of,3.1004028961178793
8,12,including,440.32,<UNK>,<UNK>,6.524296251136588
8,13,alien,384.35526315789474,including,<UNK>,5.680172609017068
8,14,<UNK>,404.4594594594595,alien,including,5.675040005790547
8,15,from,406.1917808219178,<UNK>,alien,5.680172609017068
8,16,an,406.35526315789474,from,<UNK>,5.715381610499553
8,17,object,401.81333333333333,an,from,5.676753802268282
8,18,that,363.14285714285717,object,an,5.675040005790547
8,19,crashed,354.4868421052632,that,object,5.678464666671911
8,20,near,351.14666666666665,crashed,that,5.675040005790547
8,21,<UNK>,346.013698630137,near,crashed,5.675040005790547
8,22,New,387.6216216216216,<UNK>,near,5.676753802268282
8,23,<UNK>,392.41333333333336,New,<UNK>,5.675040005790547
8,24,on,365.5131578947368,<UNK>,New,5.678464666671911
8,25,or,340.06666666666666,on,<UNK>,5.720311776607412
8,26,about,347.18666666666667,or,on,5.675040005790547
8,27,July,340.38157894736844,about,or,5.675040005790547
8,28,<UNK>,393.56756756756755,July,about,5.675040005790547
8,29,nineteen,510.49333333333334,<UNK>,July,5.272999558563747
8,30,forty-seven.,652.0428571428571,nineteen,<UNK>,5.678464666671911
8,31,<UNK>,621.1369863013699,forty-seven.,nineteen,5.272999558563747
8,32,the,460.16,<UNK>,forty-seven.,5.676753802268282
8,33,late,349.7866666666667,the,<UNK>,5.887491956725004
8,34,nineteen,393.75,late,the,5.676753802268282
8,35,<UNK>,488.52,nineteen,late,5.675040005790547
8,36,the,427.2133333333333,<UNK>,nineteen,5.697093486505405
8,37,incident,408.96,the,<UNK>,5.887491956725004
8,38,has,366.0657894736842,incident,the,5.676753802268282
8,39,been,332.0131578947368,has,incident,5.676753802268282
8,40,the,328.94666666666666,been,has,5.675040005790547
8,41,subject,369.2,the,been,5.676753802268282
8,42,of,387.38157894736844,subject,the,5.271288694160117
8,43,<UNK>,368.14864864864865,of,subject,5.271288694160117
8,44,<UNK>,415.3611111111111,<UNK>,of,3.1004028961178793
8,45,and,357.88,<UNK>,<UNK>,3.367295829986474
8,46,the,335.4533333333333,and,<UNK>,3.6954368546600955
8,47,subject,341.28,the,and,5.713732805509369
8,48,of,319.55263157894734,subject,the,5.271288694160117
8,49,<UNK>,327.37333333333333,of,subject,5.271288694160117
8,50,<UNK>,330.62666666666667,<UNK>,of,3.1004028961178793
8,51,as,334.7894736842105,<UNK>,<UNK>,5.27153328264122
8,52,to,356.6666666666667,as,<UNK>,5.731721843345443
8,53,the,340.55405405405406,to,as,5.675040005790547
8,54,true,366.9054054054054,the,to,5.730099782973574
8,55,<UNK>,335.14666666666665,true,the,4.985317486111966
8,56,of,297.72972972972974,<UNK>,true,5.274707500908903
8,57,the,297.48,of,<UNK>,3.0417173867958143
8,58,object,320.31081081081084,the,of,5.791488055075306
8,59,that,339.17808219178085,object,the,5.675040005790547
8,60,<UNK>,328.97333333333336,that,object,5.272999558563747
8,61,The,338.16438356164383,<UNK>,that,5.717027701406222
8,62,United,353.5135135135135,The,<UNK>,5.776103136235827
8,63,<UNK>,342.35616438356163,United,The,5.675040005790547
8,64,military,390.0135135135135,<UNK>,United,5.678464666671911
8,65,<UNK>,340.7837837837838,military,<UNK>,5.675040005790547
8,66,the,359.041095890411,<UNK>,military,5.678464666671911
8,67,debris,334.8243243243243,the,<UNK>,5.887491956725004
8,68,recovered,397.4054054054054,debris,the,5.675040005790547
8,69,was,328.48,recovered,debris,5.675040005790547
8,70,from,346.4,was,recovered,5.675040005790547
8,71,an,316.08,from,was,5.675040005790547
8,72,<UNK>,359.18918918918916,an,from,5.676753802268282
8,73,<UNK>,394.5068493150685,<UNK>,an,3.997366325317079
8,74,<UNK>,438.12,<UNK>,<UNK>,1.8561512659871076
8,75,balloon,448.06666666666666,<UNK>,<UNK>,6.524296251136588
8,76,that,378.8082191780822,balloon,<UNK>,5.675040005790547
8,77,<UNK>,367.56,that,balloon,5.675040005790547
8,78,to,377.2133333333333,<UNK>,that,5.311562593298057
8,79,a,310.8,to,<UNK>,5.410156848303572
8,80,classified,313.36,a,to,5.683579767338681
8,81,<UNK>,338.4594594594595,classified,a,5.675040005790547
8,82,named,355.28,<UNK>,classified,5.675040005790547
8,83,<UNK>,477.6478873239437,named,<UNK>,5.678464666671911
8,84,"However,",574.9166666666666,<UNK>,named,5.675040005790547
8,85,many,415.2027027027027,"However,",<UNK>,5.68697535633982
8,86,UFO,356.31081081081084,many,"However,",5.675040005790547
8,87,<UNK>,407.3918918918919,UFO,many,5.675040005790547
8,88,<UNK>,440.4189189189189,<UNK>,UFO,4.992131822531696
8,89,"that,",403.0810810810811,<UNK>,<UNK>,6.118831143028423
8,90,in,379.12,"that,",<UNK>,5.271288694160117
8,91,<UNK>,352.6933333333333,in,"that,",5.271288694160117
8,92,a,313.41333333333336,<UNK>,in,5.318119993844216
8,93,crashed,358.4266666666667,a,<UNK>,5.734958092124651
8,94,alien,369.44,crashed,a,5.676753802268282
8,95,<UNK>,348.94666666666666,alien,crashed,5.675040005790547
8,96,and,395.62666666666667,<UNK>,alien,5.680172609017068
8,97,<UNK>,387.4533333333333,and,<UNK>,2.3632097148104805
8,98,were,354.08,<UNK>,and,5.147494476813453
8,99,<UNK>,332.9066666666667,were,<UNK>,3.9990343824177756
8,100,and,336.93333333333334,<UNK>,were,4.794136285500715
8,101,that,321.81333333333333,and,<UNK>,5.253581472706645
8,102,the,327.3466666666667,that,and,5.2832037287379885
8,103,military,330.6533333333333,the,that,5.723585101952381
8,104,then,335.14666666666665,military,the,5.675040005790547
8,105,<UNK>,348.37333333333333,then,military,5.675040005790547
8,106,in,332.5733333333333,<UNK>,then,5.683579767338681
8,107,a,341.25333333333333,in,<UNK>,4.859812404361672
8,108,<UNK>,338.6,a,in,4.770684624465665
8,109,The,369.86486486486484,<UNK>,a,5.8888779583328805
8,110,incident,352.4533333333333,The,<UNK>,5.776103136235827
8,111,has,337.8918918918919,incident,The,5.675040005790547
8,112,turned,309.93243243243245,has,incident,5.676753802268282
8,113,into,364.5,turned,has,5.675040005790547
8,114,a,338.44,into,turned,5.675040005790547
8,115,<UNK>,312.41333333333336,a,into,4.988730458708206
8,116,known,332.8933333333333,<UNK>,a,5.8888779583328805
8,117,<UNK>,350.72972972972974,known,<UNK>,5.272999558563747
8,118,<UNK>,343.86486486486484,<UNK>,known,5.676753802268282
8,119,<UNK>,326.58666666666664,<UNK>,<UNK>,1.8561512659871076
8,120,making,352.1081081081081,<UNK>,<UNK>,6.524296251136588
8,121,the,323.14666666666665,making,<UNK>,5.675040005790547
8,122,name,299.2105263157895,the,making,5.675040005790547
8,123,Roswell,342.04,name,the,5.675040005790547
8,124,<UNK>,372.8243243243243,Roswell,name,5.675040005790547
8,125,with,399.2133333333333,<UNK>,Roswell,5.681877639268151
8,126,<UNK>,368.8243243243243,with,<UNK>,3.8631559152230595
8,127,It,406.2162162162162,<UNK>,with,5.703782474656201
8,128,<UNK>,380.0810810810811,It,<UNK>,5.316484670503486
8,129,as,327.0135135135135,<UNK>,It,5.678464666671911
8,130,one,312.6027397260274,as,<UNK>,5.731721843345443
8,131,of,300.5135135135135,one,as,5.272999558563747
8,132,the,303.47297297297297,of,one,4.302374475726262
8,133,most,332.77027027027026,the,of,5.791488055075306
8,134,<UNK>,326.06756756756755,most,the,4.300680995219929
8,135,and,354.56164383561645,<UNK>,most,4.993828175779875
8,136,<UNK>,371.0394736842105,and,<UNK>,2.3632097148104805
8,137,<UNK>,342.43243243243245,<UNK>,and,3.355735007585398
8,138,UFO,372.04,<UNK>,<UNK>,6.524296251136588
8,139,<UNK>,329.4054054054054,UFO,<UNK>,5.675040005790547
8,140,On,380.48,<UNK>,UFO,5.685279003091641
8,141,July,335.93243243243245,On,<UNK>,5.678464666671911
8,142,<UNK>,378.34722222222223,July,On,5.675040005790547
8,143,nineteen,504.3835616438356,<UNK>,July,5.272999558563747
8,144,<UNK>,552.6805555555555,nineteen,<UNK>,5.272999558563747
8,145,a,424.55555555555554,<UNK>,nineteen,5.697093486505405
8,146,<UNK>,438.85135135135135,a,<UNK>,3.132268406680267
8,147,<UNK>,371.972602739726,<UNK>,a,2.4548907538477347
8,148,that,362.9189189189189,<UNK>,<UNK>,4.17292099397311
8,149,Roswell,351.8243243243243,that,<UNK>,5.772997543677674
8,150,<UNK>,349.46666666666664,Roswell,that,5.675040005790547
8,151,Air,367.3333333333333,<UNK>,Roswell,5.276412531159987
8,152,<UNK>,348.3243243243243,Air,<UNK>,4.985317486111966
8,153,<UNK>,374.16438356164383,<UNK>,Air,4.987025428457122
8,154,<UNK>,360.8378378378378,<UNK>,<UNK>,1.8561512659871076
8,155,that,386.93243243243245,<UNK>,<UNK>,4.17292099397311
8,156,<UNK>,350.86486486486484,that,<UNK>,3.693556001997838
8,157,from,348.5405405405405,<UNK>,that,5.717027701406222
8,158,the,347.4533333333333,from,<UNK>,3.7694714614442395
8,159,<UNK>,327.43243243243245,the,from,4.0943445622221
8,160,<UNK>,335.75342465753425,<UNK>,the,2.1873722808932077
8,161,<UNK>,437.7972972972973,<UNK>,<UNK>,1.8561512659871076
8,162,had,358.0821917808219,<UNK>,<UNK>,5.831149070576642
8,163,recovered,341.7027027027027,had,<UNK>,5.697093486505405
8,164,a,322.6756756756757,recovered,had,5.675040005790547
8,165,crashed,347.6756756756757,a,recovered,5.675040005790547
8,166,<UNK>,365.35135135135135,crashed,a,5.676753802268282
8,167,<UNK>,409.6081081081081,<UNK>,crashed,5.675040005790547
8,168,from,381.77027027027026,<UNK>,<UNK>,5.138001890016697
8,169,a,337.8666666666667,from,<UNK>,5.309916502391388
8,170,<UNK>,329.49333333333334,a,from,4.987025428457122
8,171,near,351.1756756756757,<UNK>,a,5.8888779583328805
8,172,<UNK>,349.43243243243245,near,<UNK>,5.678464666671911
8,173,<UNK>,376.8243243243243,<UNK>,near,5.676753802268282
8,174,<UNK>,373.77027027027026,<UNK>,<UNK>,1.8561512659871076
8,175,<UNK>,401.08,<UNK>,<UNK>,1.8561512659871076
8,176,<UNK>,404.17333333333335,<UNK>,<UNK>,1.8561512659871076
8,177,<UNK>,400.61333333333334,<UNK>,<UNK>,1.8561512659871076
8,178,the,342.22972972972974,<UNK>,<UNK>,3.45624331600297
8,179,<UNK>,318.14666666666665,the,<UNK>,2.5031016933792296
8,180,"day,",314.32,<UNK>,the,6.119197913617533
8,181,the,324.92,"day,",<UNK>,5.675040005790547
8,182,<UNK>,355.7837837837838,the,"day,",5.675040005790547
8,183,<UNK>,410.6666666666667,<UNK>,the,2.1873722808932077
8,184,of,346.3333333333333,<UNK>,<UNK>,3.9216065656922034
8,185,the,326.7733333333333,of,<UNK>,3.0417173867958143
8,186,<UNK>,318.14666666666665,the,of,2.8210735895056054
8,187,Air,377.8378378378378,<UNK>,the,6.119197913617533
8,188,<UNK>,367.6,Air,<UNK>,4.985317486111966
8,189,<UNK>,333.986301369863,<UNK>,Air,4.987025428457122
8,190,"that,",360.43243243243245,<UNK>,<UNK>,6.118831143028423
8,191,in,348.1066666666667,"that,",<UNK>,5.271288694160117
8,192,<UNK>,329.6666666666667,in,"that,",5.271288694160117
8,193,a,318.4,<UNK>,in,5.318119993844216
8,194,weather,318.6533333333333,a,<UNK>,5.734958092124651
8,195,balloon,321.7763157894737,weather,a,5.675040005790547
8,196,had,346.2837837837838,balloon,weather,5.676753802268282
8,197,been,326.1333333333333,had,balloon,5.675040005790547
8,198,recovered,318.26666666666665,been,had,5.695414224985685
8,199,by,335.77027027027026,recovered,been,5.675040005790547
8,200,the,302.68,by,recovered,5.675040005790547
8,201,Roswell,303.04,the,by,5.71042701737487
8,202,<UNK>,324.46666666666664,Roswell,the,5.274707500908903
8,203,Air,331.5466666666667,<UNK>,Roswell,5.276412531159987
8,204,<UNK>,321.88,Air,<UNK>,4.985317486111966
8,205,<UNK>,377.9864864864865,<UNK>,Air,4.987025428457122
8,206,<UNK>,370.18666666666667,<UNK>,<UNK>,1.8561512659871076
8,207,than,312.28,<UNK>,<UNK>,6.118831143028423
8,208,a,284.1333333333333,than,<UNK>,5.278114659230518
8,209,<UNK>,307.6533333333333,a,than,5.271288694160117
8,210,<UNK>,363.013698630137,<UNK>,a,2.4548907538477347
8,211,A,373.94594594594594,<UNK>,<UNK>,6.118831143028423
8,212,<UNK>,366.3243243243243,A,<UNK>,4.770684624465665
8,213,<UNK>,373.45205479452056,<UNK>,A,5.276412531159987
8,214,<UNK>,363.27027027027026,<UNK>,<UNK>,1.8561512659871076
8,215,was,341.85135135135135,<UNK>,<UNK>,5.020218854360313
8,216,<UNK>,322.0405405405405,was,<UNK>,4.018837009713955
8,217,<UNK>,337.0,<UNK>,was,3.75497925581846
8,218,debris,351.41333333333336,<UNK>,<UNK>,6.524296251136588
8,219,from,359.53333333333336,debris,<UNK>,5.675040005790547
8,220,the,346.52,from,debris,5.678464666671911
8,221,crashed,316.22972972972974,the,from,5.703782474656201
8,222,object,362.68,crashed,the,5.675040005790547
8,223,that,324.36,object,crashed,5.675040005790547
8,224,<UNK>,335.06756756756755,that,object,5.272999558563747
8,225,the,330.17333333333335,<UNK>,that,4.800736969532067
8,226,weather,319.35616438356163,the,<UNK>,5.887491956725004
8,227,balloon,340.88,weather,the,5.675040005790547
8,228,<UNK>,363.85333333333335,balloon,weather,5.676753802268282
8,229,The,375.4189189189189,<UNK>,balloon,5.675040005790547
8,230,case,348.8,The,<UNK>,5.776103136235827
8,231,was,349.05333333333334,case,The,5.675040005790547
8,232,quickly,327.88,was,case,5.675040005790547
8,233,<UNK>,299.08,quickly,was,5.675040005790547
8,234,and,321.50666666666666,<UNK>,quickly,5.675040005790547
8,235,almost,307.82666666666665,and,<UNK>,5.94672865326659
8,236,<UNK>,336.81333333333333,almost,and,5.675040005790547
8,237,<UNK>,327.88,<UNK>,almost,5.271288694160117
8,238,even,316.48,<UNK>,<UNK>,6.524296251136588
8,239,by,330.7763157894737,even,<UNK>,5.676753802268282
8,240,UFO,323.44594594594594,by,even,5.675040005790547
8,241,<UNK>,353.2739726027397,UFO,by,5.675040005790547
8,242,for,350.64864864864865,<UNK>,UFO,5.685279003091641
8,243,more,312.82666666666665,for,<UNK>,5.326256735237278
8,244,than,316.9594594594595,more,for,5.271288694160117
8,245,<UNK>,318.68918918918916,than,more,5.272999558563747
8,246,years.,390.4864864864865,<UNK>,than,5.680172609017068
8,247,<UNK>,367.8,years.,<UNK>,5.272999558563747
8,248,in,363.72972972972974,<UNK>,years.,5.676753802268282
8,249,nineteen,319.43243243243245,in,<UNK>,4.523340167740459
8,250,<UNK>,574.6164383561644,nineteen,in,4.434212387844452
8,251,<UNK>,557.4864864864865,<UNK>,nineteen,4.598481197837295
8,252,<UNK>,478.28,<UNK>,<UNK>,1.8561512659871076
8,253,and,373.93243243243245,<UNK>,<UNK>,3.367295829986474
8,254,<UNK>,355.62666666666667,and,<UNK>,2.3632097148104805
8,255,<UNK>,363.28,<UNK>,and,3.355735007585398
8,256,<UNK>,416.90277777777777,<UNK>,<UNK>,1.8561512659871076
8,257,<UNK>,412.44,<UNK>,<UNK>,1.8561512659871076
8,258,<UNK>,395.06666666666666,<UNK>,<UNK>,1.8561512659871076
8,259,<UNK>,396.8767123287671,<UNK>,<UNK>,1.8561512659871076
8,260,the,387.958904109589,<UNK>,<UNK>,3.45624331600297
8,261,only,335.05405405405406,the,<UNK>,5.887491956725004
8,262,person,332.5733333333333,only,the,5.675040005790547
8,263,known,340.8666666666667,person,only,5.675040005790547
8,264,to,315.02702702702703,known,person,5.675040005790547
8,265,have,313.64473684210526,to,known,5.676753802268282
8,266,<UNK>,348.9066666666667,have,to,4.998900037877835
8,267,the,397.5,<UNK>,have,5.286582110329616
8,268,Roswell,353.5,the,<UNK>,5.482026848616839
8,269,debris,373.88157894736844,Roswell,the,5.680172609017068
8,270,from,342.0133333333333,debris,Roswell,5.675040005790547
8,271,where,348.64,from,debris,5.678464666671911
8,272,it,328.35526315789474,where,from,5.675040005790547
8,273,was,347.17105263157896,it,where,5.676753802268282
8,274,recovered,338.94736842105266,was,it,5.718671087149952
8,275,to,337.88157894736844,recovered,was,5.675040005790547
8,276,<UNK>,325.9078947368421,to,recovered,5.675040005790547
8,277,<UNK>,424.05333333333334,<UNK>,to,3.5717540968765236
8,278,<UNK>,408.1506849315069,<UNK>,<UNK>,1.8561512659871076
8,279,the,362.0933333333333,<UNK>,<UNK>,3.45624331600297
8,280,next,335.4266666666667,the,<UNK>,5.482026848616839
8,281,few,325.05333333333334,next,the,5.678464666671911
8,282,<UNK>,314.3066666666667,few,next,5.675040005790547
8,283,the,321.84,<UNK>,few,5.683579767338681
8,284,accounts,318.94666666666666,the,<UNK>,5.887491956725004
8,285,he,310.8666666666667,accounts,the,5.675040005790547
8,286,and,303.4266666666667,he,accounts,5.675040005790547
8,287,<UNK>,335.13157894736844,and,he,5.676753802268282
8,288,gave,315.52,<UNK>,and,5.840641657373398
8,289,<UNK>,326.8783783783784,gave,<UNK>,5.676753802268282
8,290,Roswell,372.02666666666664,<UNK>,gave,5.676753802268282
8,291,from,329.2837837837838,Roswell,<UNK>,5.675040005790547
8,292,a,314.4533333333333,from,Roswell,5.675040005790547
8,293,<UNK>,312.97333333333336,a,from,4.987025428457122
8,294,incident,314.27027027027026,<UNK>,a,5.8888779583328805
8,295,to,323.74666666666667,incident,<UNK>,5.676753802268282
8,296,<UNK>,307.25333333333333,to,incident,5.675040005790547
8,297,the,310.2432432432432,<UNK>,to,3.951243718581427
8,298,most,337.8933333333333,the,<UNK>,5.1943447761650585
8,299,famous,299.6933333333333,most,the,5.68697535633982
8,300,UFO,315.04,famous,most,5.675040005790547
8,301,case,321.2133333333333,UFO,famous,5.675040005790547
8,302,of,318.70666666666665,case,UFO,5.675040005790547
8,303,all,294.31081081081084,of,case,5.675040005790547
8,304,time.,330.06849315068496,all,of,5.680172609017068
8,305,By,331.17808219178085,time.,all,5.675040005790547
8,306,the,303.4594594594595,By,time.,5.675040005790547
8,307,early,306.2837837837838,the,By,5.676753802268282
8,308,nineteen,331.52702702702703,early,the,5.678464666671911
8,309,"nineties,",364.36486486486484,nineteen,early,5.675040005790547
8,310,UFO,419.1232876712329,"nineties,",nineteen,5.678464666671911
8,311,<UNK>,424.36486486486484,UFO,"nineties,",5.675040005790547
8,312,had,396.7027027027027,<UNK>,UFO,5.685279003091641
8,313,<UNK>,341.4189189189189,had,<UNK>,5.29162837839724
8,314,several,335.958904109589,<UNK>,had,5.72194977861165
8,315,hundred,361.71830985915494,several,<UNK>,5.678464666671911
8,316,people,381.56756756756755,hundred,several,5.675040005790547
8,317,who,342.6756756756757,people,hundred,5.676753802268282
8,318,<UNK>,338.1621621621622,who,people,5.678464666671911
8,319,or,350.0,<UNK>,who,5.681877639268151
8,320,who,340.28,or,<UNK>,5.72194977861165
8,321,claimed,315.8783783783784,who,or,5.675040005790547
8,322,to,343.8933333333333,claimed,who,4.985317486111966
8,323,have,306.72,to,claimed,4.985317486111966
8,324,<UNK>,308.88,have,to,4.998900037877835
8,325,a,327.29333333333335,<UNK>,have,5.286582110329616
8,326,<UNK>,316.2133333333333,a,<UNK>,3.132268406680267
8,327,with,343.56,<UNK>,a,5.483412850224717
8,328,the,301.32894736842104,with,<UNK>,4.12552017969055
8,329,events,289.49333333333334,the,with,5.6937321388027
8,330,at,335.29333333333335,events,the,5.676753802268282
8,331,Roswell,315.7671232876712,at,events,5.675040005790547
8,332,in,314.1216216216216,Roswell,at,5.676753802268282
8,333,nineteen,326.9864864864865,in,Roswell,5.675040005790547
8,334,forty-seven.,411.5833333333333,nineteen,in,5.281510248231656
8,335,<UNK>,524.081081081081,forty-seven.,nineteen,5.272999558563747
8,336,hundreds,418.2972972972973,<UNK>,forty-seven.,5.676753802268282
8,337,of,360.3333333333333,hundreds,<UNK>,5.675040005790547
8,338,<UNK>,376.0933333333333,of,hundreds,5.676753802268282
8,339,were,343.0,<UNK>,of,5.7745515455444085
8,340,<UNK>,330.14864864864865,were,<UNK>,3.9990343824177756
8,341,by,328.14666666666665,<UNK>,were,5.71042701737487
8,342,<UNK>,322.53333333333336,by,<UNK>,4.219507705176107
8,343,of,351.24,<UNK>,by,5.003946305945459
8,344,<UNK>,320.16,of,<UNK>,2.6560549059838294
8,345,<UNK>,357.93333333333334,<UNK>,of,3.1004028961178793
8,346,<UNK>,354.41333333333336,<UNK>,<UNK>,1.8561512659871076
8,347,as,348.88,<UNK>,<UNK>,5.27153328264122
8,348,were,339.28,as,<UNK>,5.731721843345443
8,349,some,356.74666666666667,were,as,5.675040005790547
8,350,that,311.1081081081081,some,were,5.675040005790547
8,351,<UNK>,359.94666666666666,that,some,5.675040005790547
8,352,<UNK>,410.28,<UNK>,that,5.0238805208462765
8,353,<UNK>,387.5466666666667,<UNK>,<UNK>,1.8561512659871076
8,354,<UNK>,439.64383561643837,<UNK>,<UNK>,1.8561512659871076
8,355,<UNK>,369.2,<UNK>,<UNK>,1.8561512659871076
8,356,were,345.73333333333335,<UNK>,<UNK>,5.831149070576642
8,357,that,330.9054054054054,were,<UNK>,5.703782474656201
8,358,at,310.9066666666667,that,were,5.675040005790547
8,359,least,307.3466666666667,at,that,5.675040005790547
8,360,one,303.96,least,at,5.271288694160117
8,361,alien,313.46666666666664,one,least,5.676753802268282
8,362,<UNK>,324.92,alien,one,5.675040005790547
8,363,had,314.16,<UNK>,alien,5.680172609017068
8,364,crashed,331.7631578947368,had,<UNK>,5.697093486505405
8,365,in,317.4054054054054,crashed,had,5.675040005790547
8,366,the,313.5135135135135,in,crashed,5.271288694160117
8,367,Roswell,326.2027027027027,the,in,5.771441123130016
8,368,<UNK>,342.44444444444446,Roswell,the,5.274707500908903
8,369,that,347.2972972972973,<UNK>,Roswell,5.681877639268151
8,370,<UNK>,344.027397260274,that,<UNK>,3.693556001997838
8,371,some,350.85135135135135,<UNK>,that,5.717027701406222
8,372,<UNK>,337.43835616438355,some,<UNK>,5.678464666671911
8,373,still,355.2432432432432,<UNK>,some,5.683579767338681
8,374,<UNK>,341.9594594594595,still,<UNK>,5.675040005790547
8,375,were,345.8082191780822,<UNK>,still,5.681877639268151
8,376,<UNK>,339.3333333333333,were,<UNK>,3.9990343824177756
8,377,and,334.47297297297297,<UNK>,were,4.794136285500715
8,378,that,328.36,and,<UNK>,5.253581472706645
8,379,a,308.4054054054054,that,and,5.688668836846153
8,380,<UNK>,316.72,a,that,4.987025428457122
8,381,<UNK>,323.3918918918919,<UNK>,a,2.4548907538477347
8,382,of,319.0945945945946,<UNK>,<UNK>,3.9216065656922034
8,383,any,309.3378378378378,of,<UNK>,5.87493073085203
8,384,<UNK>,322.16,any,of,5.675040005790547
8,385,of,342.32876712328766,<UNK>,any,5.680172609017068
8,386,the,314.08,of,<UNK>,3.0417173867958143
8,387,incident,309.94594594594594,the,of,5.791488055075306
8,388,was,318.7972972972973,incident,the,5.676753802268282
8,389,put,322.4,was,incident,5.675040005790547
8,390,in,298.5810810810811,put,was,5.675040005790547
8,391,<UNK>,318.6621621621622,in,put,5.676753802268282
8,392,<UNK>,374.0405405405405,<UNK>,in,4.33729074083249
8,393,<UNK>,348.1232876712329,<UNK>,<UNK>,1.8561512659871076
8,394,<UNK>,364.06944444444446,<UNK>,<UNK>,1.8561512659871076
8,395,<UNK>,363.63013698630135,<UNK>,<UNK>,1.8561512659871076
8,396,<UNK>,358.0933333333333,<UNK>,<UNK>,1.8561512659871076
8,397,and,338.6756756756757,<UNK>,<UNK>,3.367295829986474
8,398,even,350.62666666666667,and,<UNK>,5.030437921392435
8,399,a,316.1756756756757,even,and,5.680172609017068
8,400,<UNK>,335.8933333333333,a,even,5.271288694160117
8,401,<UNK>,370.5733333333333,<UNK>,a,2.4548907538477347
8,402,<UNK>,341.2,<UNK>,<UNK>,1.8561512659871076
8,403,the,339.48,<UNK>,<UNK>,3.45624331600297
8,404,nineteen,317.92,the,<UNK>,5.482026848616839
8,405,<UNK>,361.44,nineteen,the,4.985317486111966
8,406,incident,381.3066666666667,<UNK>,nineteen,5.697093486505405
8,407,<UNK>,370.44594594594594,incident,<UNK>,5.676753802268282
8,408,and,348.5405405405405,<UNK>,incident,5.675040005790547
8,409,<UNK>,357.2266666666667,and,<UNK>,2.3632097148104805
8,410,so,359.94594594594594,<UNK>,and,5.840641657373398
8,411,that,332.13513513513516,so,<UNK>,5.288267030694535
8,412,by,319.041095890411,that,so,5.680172609017068
8,413,the,303.9864864864865,by,that,5.675040005790547
8,414,mid,302.0945945945946,the,by,5.71042701737487
8,415,nineteen,351.6081081081081,mid,the,5.272999558563747
8,416,"nineties,",362.2328767123288,nineteen,mid,5.676753802268282
8,417,strong,402.22535211267603,"nineties,",nineteen,5.678464666671911
8,418,<UNK>,395.7432432432432,strong,"nineties,",5.675040005790547
8,419,in,361.2972972972973,<UNK>,strong,5.678464666671911
8,420,<UNK>,319.7567567567568,in,<UNK>,3.984343667007772
8,421,such,384.2054794520548,<UNK>,in,5.318119993844216
8,422,as,341.5405405405405,such,<UNK>,4.583265350600041
8,423,a,297.47945205479454,as,such,5.681877639268151
8,424,nineteen,342.13698630136986,a,as,5.688668836846153
8,425,<UNK>,430.55405405405406,nineteen,a,5.675040005790547
8,426,<UNK>,503.6216216216216,<UNK>,nineteen,4.598481197837295
8,427,<UNK>,433.43243243243245,<UNK>,<UNK>,1.8561512659871076
8,428,<UNK>,386.17808219178085,<UNK>,<UNK>,1.8561512659871076
8,429,believed,389.027397260274,<UNK>,<UNK>,6.524296251136588
8,430,that,357.986301369863,believed,<UNK>,5.675040005790547
8,431,aliens,347.47945205479454,that,believed,5.675040005790547
8,432,had,324.90277777777777,aliens,that,5.271288694160117
8,433,<UNK>,326.7638888888889,had,aliens,5.271288694160117
8,434,earth,331.5753424657534,<UNK>,had,5.72194977861165
8,435,and,315.18918918918916,earth,<UNK>,5.675040005790547
8,436,<UNK>,347.3243243243243,and,earth,5.675040005790547
8,437,that,325.16438356164383,<UNK>,and,4.742029368705289
8,438,aliens,311.47945205479454,that,<UNK>,5.772997543677674
8,439,had,301.7945205479452,aliens,that,5.271288694160117
8,440,<UNK>,312.93055555555554,had,aliens,5.271288694160117
8,441,at,313.5890410958904,<UNK>,had,5.72194977861165
8,442,Roswell,305.013698630137,at,<UNK>,5.705447753975262
8,443,and,342.26027397260276,Roswell,at,5.676753802268282
8,444,the,348.8904109589041,and,Roswell,5.675040005790547
8,445,government,387.52054794520546,the,and,5.713732805509369
8,446,was,308.44444444444446,government,the,5.676753802268282
8,447,<UNK>,319.69444444444446,was,government,5.675040005790547
8,448,up,316.8333333333333,<UNK>,was,5.7698822763607245
8,449,the,317.9166666666667,up,<UNK>,4.998900037877835
8,450,<UNK>,313.3943661971831,the,up,5.678464666671911
8,451,<UNK>,326.92857142857144,<UNK>,the,2.1873722808932077
8,452,the,375.4142857142857,<UNK>,<UNK>,3.45624331600297
8,453,nineteen,304.8142857142857,the,<UNK>,5.482026848616839
8,454,<UNK>,373.90140845070425,nineteen,the,4.985317486111966
8,455,and,370.82608695652175,<UNK>,nineteen,5.29162837839724
8,456,nineteen,354.14285714285717,and,<UNK>,5.94672865326659
8,457,"nineties,",365.0289855072464,nineteen,and,5.675040005790547
8,458,a,341.84507042253523,"nineties,",nineteen,5.678464666671911
8,459,new,329.3943661971831,a,"nineties,",5.675040005790547
8,460,<UNK>,329.46478873239437,new,a,4.987025428457122
8,461,<UNK>,333.3333333333333,<UNK>,new,4.768988271217486
8,462,which,383.31944444444446,<UNK>,<UNK>,4.914858338702487
8,463,was,347.0,which,<UNK>,5.2999826458670976
8,464,at,330.7464788732394,was,which,5.676753802268282
8,465,strong,326.67605633802816,at,was,5.675040005790547
8,466,<UNK>,362.1267605633803,strong,at,5.675040005790547
8,467,with,327.8904109589041,<UNK>,strong,5.678464666671911
8,468,what,300.72222222222223,with,<UNK>,5.734958092124651
8,469,was,311.55555555555554,what,with,5.675040005790547
8,470,reported,306.2083333333333,was,what,5.675040005790547
8,471,in,331.97222222222223,reported,was,5.675040005790547
8,472,nineteen,313.1267605633803,in,reported,5.675040005790547
8,473,forty-seven.,450.43055555555554,nineteen,in,5.281510248231656
8,474,This,385.0810810810811,forty-seven.,nineteen,5.678464666671911
8,475,<UNK>,362.06849315068496,This,forty-seven.,5.675040005790547
8,476,<UNK>,327.0138888888889,<UNK>,This,5.676753802268282
8,477,over,356.6901408450704,<UNK>,<UNK>,5.6080055192624325
8,478,the,322.30555555555554,over,<UNK>,5.278114659230518
8,479,years,319.77464788732397,the,over,5.678464666671911
8,480,from,322.3943661971831,years,the,5.676753802268282
8,481,the,307.17808219178085,from,years,5.675040005790547
8,482,time,306.34722222222223,the,from,5.703782474656201
8,483,the,314.2054794520548,time,the,5.676753802268282
8,484,first,311.83561643835617,the,time,5.676753802268282
8,485,book,318.8767123287671,first,the,5.69204721843778
8,486,on,297.1506849315069,book,first,5.675040005790547
8,487,Roswell,308.36986301369865,on,book,5.675040005790547
8,488,was,311.94444444444446,Roswell,on,5.675040005790547
8,489,<UNK>,336.30555555555554,was,Roswell,5.675040005790547
8,490,in,318.0821917808219,<UNK>,was,4.671269987692615
8,491,nineteen,309.26027397260276,in,<UNK>,4.523340167740459
8,492,<UNK>,362.1111111111111,nineteen,in,4.434212387844452
8,493,as,417.16901408450707,<UNK>,nineteen,5.697093486505405
8,494,many,352.5753424657534,as,<UNK>,5.731721843345443
8,495,new,317.6027397260274,many,as,5.676753802268282
8,496,witnesses,343.31081081081084,new,many,5.675040005790547
8,497,and,334.2112676056338,witnesses,new,5.675040005790547
8,498,accounts,335.73972602739724,and,witnesses,5.676753802268282
8,499,<UNK>,333.16438356164383,accounts,and,5.675040005790547
8,500,<UNK>,339.24657534246575,<UNK>,accounts,5.675040005790547
8,501,out,339.4583333333333,<UNK>,<UNK>,5.27153328264122
8,502,in,323.63013698630135,out,<UNK>,5.697093486505405
8,503,part,287.6575342465753,in,out,5.676753802268282
8,504,by,301.82191780821915,part,in,5.676753802268282
8,505,the,299.28767123287673,by,part,5.675040005790547
8,506,<UNK>,304.40277777777777,the,by,4.206349620598596
8,507,on,327.0,<UNK>,the,6.119197913617533
8,508,the,306.09722222222223,on,<UNK>,3.84850959970582
8,509,<UNK>,318.09589041095893,the,on,3.578604923653681
8,510,<UNK>,362.3888888888889,<UNK>,the,2.1873722808932077
8,511,the,310.3783783783784,<UNK>,<UNK>,3.45624331600297
8,512,hundreds,317.7945205479452,the,<UNK>,5.887491956725004
8,513,of,320.6756756756757,hundreds,the,5.675040005790547
8,514,witnesses,337.8918918918919,of,hundreds,5.676753802268282
8,515,that,335.6164383561644,witnesses,of,5.675040005790547
8,516,the,346.24657534246575,that,witnesses,5.675040005790547
8,517,<UNK>,327.5945945945946,the,that,3.7776749528970677
8,518,<UNK>,344.5890410958904,<UNK>,the,2.1873722808932077
8,519,<UNK>,357.3835616438356,<UNK>,<UNK>,1.8561512659871076
8,520,a,424.05479452054794,<UNK>,<UNK>,4.819548158898162
8,521,<UNK>,367.35616438356163,a,<UNK>,3.132268406680267
8,522,<UNK>,342.4109589041096,<UNK>,a,2.4548907538477347
8,523,<UNK>,354.43835616438355,<UNK>,<UNK>,1.8561512659871076
8,524,a,352.81944444444446,<UNK>,<UNK>,4.819548158898162
8,525,<UNK>,401.36986301369865,a,<UNK>,3.132268406680267
8,526,few,356.90410958904107,<UNK>,a,5.8888779583328805
8,527,were,343.09589041095893,few,<UNK>,5.675040005790547
8,528,true,346.6986301369863,were,few,5.675040005790547
8,529,<UNK>,421.3835616438356,true,were,5.675040005790547
8,530,who,398.2916666666667,<UNK>,true,5.680172609017068
8,531,claimed,378.5138888888889,who,<UNK>,5.72194977861165
8,532,to,319.83098591549293,claimed,who,4.985317486111966
8,533,have,329.77464788732397,to,claimed,4.985317486111966
8,534,actually,305.0,have,to,5.69204721843778
8,535,seen,306.6027397260274,actually,have,5.675040005790547
8,536,debris,322.5342465753425,seen,actually,5.675040005790547
8,537,or,327.24657534246575,debris,seen,5.675040005790547
8,538,<UNK>,319.5753424657534,or,debris,5.675040005790547
8,539,<UNK>,356.64383561643837,<UNK>,or,3.644143560272545
8,540,of,305.7260273972603,<UNK>,<UNK>,3.9216065656922034
8,541,these,303.3611111111111,of,<UNK>,5.181783550292085
8,542,<UNK>,334.2638888888889,these,of,5.680172609017068
8,543,witnesses,329.38028169014086,<UNK>,these,5.680172609017068
8,544,were,314.75,witnesses,<UNK>,5.676753802268282
8,545,<UNK>,312.2361111111111,were,witnesses,5.675040005790547
8,546,the,340.125,<UNK>,were,5.71042701737487
8,547,<UNK>,315.986301369863,the,<UNK>,2.5031016933792296
8,548,of,323.2739726027397,<UNK>,the,3.1234656400635425
8,549,<UNK>,338.07042253521126,of,<UNK>,2.6560549059838294
8,550,and,314.98571428571427,<UNK>,of,4.270474148768134
8,551,their,320.28985507246375,and,<UNK>,5.94672865326659
8,552,<UNK>,368.65714285714284,their,and,5.675040005790547
8,553,would,322.3142857142857,<UNK>,their,5.697093486505405
8,554,be,313.7887323943662,would,<UNK>,4.987025428457122
8,555,<UNK>,350.77142857142854,be,would,4.434212387844452
8,556,<UNK>,405.65277777777777,<UNK>,be,4.620058798481842
8,557,in,399.4166666666667,<UNK>,<UNK>,4.273004452530092
8,558,an,349.1666666666667,in,<UNK>,5.3706380281276624
8,559,<UNK>,346.49295774647885,an,in,4.583265350600041
8,560,<UNK>,334.35714285714283,<UNK>,an,3.997366325317079
8,561,As,368.6619718309859,<UNK>,<UNK>,6.118831143028423
8,562,for,318.74285714285713,As,<UNK>,5.683579767338681
8,563,the,312.8,for,As,5.675040005790547
8,564,several,331.2957746478873,the,for,5.6937321388027
8,565,accounts,355.0,several,the,5.675040005790547
8,566,from,315.3098591549296,accounts,several,5.675040005790547
8,567,those,308.1267605633803,from,accounts,5.676753802268282
8,568,who,302.5633802816901,those,from,5.675040005790547
8,569,claimed,297.32394366197184,who,those,5.675040005790547
8,570,to,308.25714285714287,claimed,who,4.985317486111966
8,571,have,309.14084507042253,to,claimed,4.985317486111966
8,572,seen,323.7361111111111,have,to,5.69204721843778
8,573,<UNK>,356.55555555555554,seen,have,5.675040005790547
8,574,<UNK>,349.07042253521126,<UNK>,seen,5.676753802268282
8,575,<UNK>,375.6111111111111,<UNK>,<UNK>,1.8561512659871076
8,576,a,338.15277777777777,<UNK>,<UNK>,4.819548158898162
8,577,<UNK>,333.40277777777777,a,<UNK>,3.132268406680267
8,578,of,312.5211267605634,<UNK>,a,3.6916533809966614
8,579,problems,307.11267605633805,of,<UNK>,5.87493073085203
8,580,with,319.6666666666667,problems,of,5.675040005790547
8,581,them.,373.6056338028169,with,problems,5.678464666671911
8,582,<UNK>,380.2535211267606,them.,with,5.675040005790547
8,583,problems,314.34722222222223,<UNK>,them.,5.676753802268282
8,584,<UNK>,322.16438356164383,problems,<UNK>,5.681877639268151
8,585,from,339.44444444444446,<UNK>,problems,5.675040005790547
8,586,the,325.75,from,<UNK>,3.7694714614442395
8,587,<UNK>,350.2083333333333,the,from,4.0943445622221
8,588,of,363.5138888888889,<UNK>,the,3.1234656400635425
8,589,<UNK>,346.94444444444446,of,<UNK>,2.6560549059838294
8,590,"accounts,",427.0422535211268,<UNK>,of,5.7745515455444085
8,591,to,338.0833333333333,"accounts,",<UNK>,5.676753802268282
8,592,<UNK>,315.1111111111111,to,"accounts,",5.675040005790547
8,593,<UNK>,349.3150684931507,<UNK>,to,3.5717540968765236
8,594,problems,378.83561643835617,<UNK>,<UNK>,6.118831143028423
8,595,with,377.3835616438356,problems,<UNK>,5.681877639268151
8,596,witnesses,331.83561643835617,with,problems,5.678464666671911
8,597,making,342.625,witnesses,with,5.675040005790547
8,598,<UNK>,373.2191780821918,making,witnesses,5.675040005790547
8,599,<UNK>,400.2916666666667,<UNK>,making,5.675040005790547
8,600,or,343.3972602739726,<UNK>,<UNK>,4.384230087640317
8,601,<UNK>,562.7260273972603,or,<UNK>,3.23704312882365
8,602,<UNK>,641.7083333333334,<UNK>,or,3.644143560272545
8,603,to,413.67123287671234,<UNK>,<UNK>,4.081949215767383
8,604,<UNK>,361.5416666666667,to,<UNK>,2.8452074908420353
8,605,<UNK>,413.63013698630135,<UNK>,to,3.5717540968765236
8,606,<UNK>,530.3472222222222,<UNK>,<UNK>,1.8561512659871076
8,607,or,383.958904109589,<UNK>,<UNK>,4.384230087640317
8,608,accounts,344.24657534246575,or,<UNK>,5.72194977861165
8,609,from,351.6666666666667,accounts,or,5.675040005790547
8,610,<UNK>,350.34722222222223,from,accounts,5.676753802268282
8,611,or,339.0416666666667,<UNK>,from,5.69204721843778
8,612,<UNK>,339.77777777777777,or,<UNK>,3.23704312882365
8,613,<UNK>,350.6388888888889,<UNK>,or,3.644143560272545
8,614,<UNK>,402.6056338028169,<UNK>,<UNK>,1.8561512659871076
8,615,A,374.27777777777777,<UNK>,<UNK>,6.118831143028423
8,616,<UNK>,341.90140845070425,A,<UNK>,4.770684624465665
8,617,problem,324.32394366197184,<UNK>,A,5.681877639268151
8,618,with,332.943661971831,problem,<UNK>,5.675040005790547
8,619,all,302.5633802816901,with,problem,5.675040005790547
8,620,the,308.5,all,with,5.678464666671911
8,621,<UNK>,314.375,the,all,4.774068722449905
8,622,"accounts,",353.7083333333333,<UNK>,the,6.119197913617533
8,623,<UNK>,387.2142857142857,"accounts,",<UNK>,5.676753802268282
8,624,to,343.9718309859155,<UNK>,"accounts,",5.675040005790547
8,625,the,301.9166666666667,to,<UNK>,3.8007189358694715
8,626,<UNK>,310.27777777777777,the,to,3.5900336194773037
8,627,is,315.9583333333333,<UNK>,the,6.119197913617533
8,628,that,303.84722222222223,is,<UNK>,5.29162837839724
8,629,they,310.19444444444446,that,is,5.676753802268282
8,630,all,312.3333333333333,they,that,5.678464666671911
8,631,came,294.1111111111111,all,they,5.675040005790547
8,632,a,290.6849315068493,came,all,5.675040005790547
8,633,<UNK>,334.5,a,came,5.675040005790547
8,634,of,331.8611111111111,<UNK>,a,3.6916533809966614
8,635,<UNK>,359.5833333333333,of,<UNK>,2.6560549059838294
8,636,years,376.65714285714284,<UNK>,of,5.7745515455444085
8,637,after,382.32394366197184,years,<UNK>,5.271288694160117
8,638,the,333.09859154929575,after,years,5.271288694160117
8,639,events,319.77464788732397,the,after,5.678464666671911
8,640,in,324.2676056338028,events,the,5.676753802268282
8,641,<UNK>,363.71830985915494,in,events,5.675040005790547
8,642,and,324.59154929577466,<UNK>,in,5.030437921392435
8,643,in,326.9154929577465,and,<UNK>,5.94672865326659
8,644,many,325.0845070422535,in,and,5.675040005790547
8,645,<UNK>,327.56164383561645,many,in,5.675040005790547
8,646,were,320.7916666666667,<UNK>,many,5.680172609017068
8,647,<UNK>,313.02777777777777,were,<UNK>,3.9990343824177756
8,648,more,350.25,<UNK>,were,5.71042701737487
8,649,than,338.19718309859155,more,<UNK>,5.678464666671911
8,650,<UNK>,327.0845070422535,than,more,5.272999558563747
8,651,years,355.40277777777777,<UNK>,than,5.680172609017068
8,652,after,342.72222222222223,years,<UNK>,5.271288694160117
8,653,the,316.9861111111111,after,years,5.271288694160117
8,654,<UNK>,313.2054794520548,the,after,5.272999558563747
8,655,<UNK>,372.4861111111111,<UNK>,the,2.1873722808932077
8,656,only,340.44444444444446,<UNK>,<UNK>,6.118831143028423
8,657,are,316.15277777777777,only,<UNK>,5.676753802268282
8,658,memories,340.80555555555554,are,only,5.675040005790547
8,659,this,351.25,memories,are,5.675040005790547
8,660,old,316.68055555555554,this,memories,5.675040005790547
8,661,of,320.34722222222223,old,this,5.675040005790547
8,662,<UNK>,330.2857142857143,of,old,5.675040005790547
8,663,<UNK>,357.98591549295776,<UNK>,of,3.1004028961178793
8,664,they,358.71830985915494,<UNK>,<UNK>,5.425683962468478
8,665,were,339.09859154929575,they,<UNK>,5.284894346215896
8,666,also,335.1666666666667,were,they,5.68697535633982
8,667,subject,311.34722222222223,also,were,5.675040005790547
8,668,to,319.056338028169,subject,also,5.675040005790547
8,669,<UNK>,354.47945205479454,to,subject,5.675040005790547
8,670,from,370.2191780821918,<UNK>,to,5.823045895483019
8,671,other,341.97222222222223,from,<UNK>,5.715381610499553
8,672,accounts,311.68055555555554,other,from,5.675040005790547
8,673,the,328.09859154929575,accounts,other,5.675040005790547
8,674,witnesses,368.5138888888889,the,accounts,5.675040005790547
8,675,may,328.5492957746479,witnesses,the,5.675040005790547
8,676,have,311.0416666666667,may,witnesses,5.675040005790547
8,677,been,324.3333333333333,have,may,5.675040005790547
8,678,<UNK>,315.3380281690141,been,have,5.272999558563747
8,679,<UNK>,317.36619718309856,<UNK>,been,5.000584958242754
8,680,<UNK>,396.09859154929575,<UNK>,<UNK>,1.8561512659871076
8,681,there,375.76056338028167,<UNK>,<UNK>,6.524296251136588
8,682,had,360.0281690140845,there,<UNK>,5.678464666671911
8,683,always,343.30555555555554,had,there,5.675040005790547
8,684,been,326.7361111111111,always,had,4.987025428457122
8,685,<UNK>,326.93055555555554,been,always,5.272999558563747
8,686,who,321.5416666666667,<UNK>,been,5.6937321388027
8,687,had,319.0416666666667,who,<UNK>,4.469186810116282
8,688,many,312.92957746478874,had,who,5.69035945432406
8,689,<UNK>,348.88732394366195,many,had,5.675040005790547
8,690,to,334.6619718309859,<UNK>,many,5.680172609017068
8,691,the,311.97222222222223,to,<UNK>,3.8007189358694715
8,692,<UNK>,327.8611111111111,the,to,3.5900336194773037
8,693,of,328.63380281690144,<UNK>,the,3.1234656400635425
8,694,these,324.98591549295776,of,<UNK>,5.181783550292085
8,695,"accounts,",353.04285714285714,these,of,5.680172609017068
8,696,it,365.4366197183099,"accounts,",these,5.675040005790547
8,697,was,293.23943661971833,it,"accounts,",5.675040005790547
8,698,not,287.43055555555554,was,it,5.025523906590006
8,699,until,298.2191780821918,not,was,5.68697535633982
8,700,the,296.5416666666667,until,not,5.675040005790547
8,701,mid,297.85714285714283,the,until,5.676753802268282
8,702,nineteen,307.71014492753625,mid,the,5.272999558563747
8,703,<UNK>,385.98571428571427,nineteen,mid,5.676753802268282
8,704,that,352.4428571428571,<UNK>,nineteen,5.697093486505405
8,705,a,322.85714285714283,that,<UNK>,5.36753243556951
8,706,strong,314.55555555555554,a,that,5.680172609017068
8,707,<UNK>,384.59154929577466,strong,a,5.675040005790547
8,708,to,407.84507042253523,<UNK>,strong,5.678464666671911
8,709,the,332.3333333333333,to,<UNK>,3.8007189358694715
8,710,<UNK>,315.34722222222223,the,to,3.5900336194773037
8,711,of,319.4246575342466,<UNK>,the,3.1234656400635425
8,712,aliens,317.8904109589041,of,<UNK>,5.87493073085203
8,713,was,315.0,aliens,of,5.675040005790547
8,714,<UNK>,313.05555555555554,was,aliens,5.675040005790547
8,715,<UNK>,350.6478873239437,<UNK>,was,3.75497925581846
8,716,The,345.8611111111111,<UNK>,<UNK>,4.578386102081274
8,717,<UNK>,349.75,The,<UNK>,3.4247278790723494
8,718,<UNK>,330.43835616438355,<UNK>,The,4.324132656254979
8,719,<UNK>,340.88732394366195,<UNK>,<UNK>,1.8561512659871076
8,720,<UNK>,345.972602739726,<UNK>,<UNK>,1.8561512659871076
8,721,an,367.65277777777777,<UNK>,<UNK>,6.118831143028423
8,722,<UNK>,363.1917808219178,an,<UNK>,4.767289035464526
8,723,and,338.90140845070425,<UNK>,an,5.702114417555504
8,724,<UNK>,310.7361111111111,and,<UNK>,2.3632097148104805
8,725,the,299.94444444444446,<UNK>,and,4.58787868887803
8,726,<UNK>,319.22222222222223,the,<UNK>,2.5031016933792296
8,727,of,307.59722222222223,<UNK>,the,3.1234656400635425
8,728,the,301.7916666666667,of,<UNK>,3.0417173867958143
8,729,<UNK>,312.55555555555554,the,of,2.8210735895056054
8,730,of,307.22535211267603,<UNK>,the,3.1234656400635425
8,731,the,362.6027397260274,of,<UNK>,3.0417173867958143
8,732,Air,335.0,the,of,5.791488055075306
8,733,<UNK>,368.54285714285714,Air,the,5.675040005790547
8,734,to,331.4788732394366,<UNK>,Air,5.680172609017068
8,735,<UNK>,328.9,to,<UNK>,2.8452074908420353
8,736,an,341.0,<UNK>,to,5.417580787374854
8,737,<UNK>,305.34285714285716,an,<UNK>,4.767289035464526
8,738,<UNK>,331.3142857142857,<UNK>,an,3.997366325317079
8,739,The,346.1617647058824,<UNK>,<UNK>,4.578386102081274
8,740,result,346.0422535211268,The,<UNK>,5.776103136235827
8,741,was,318.5072463768116,result,The,5.675040005790547
8,742,<UNK>,355.22058823529414,was,result,5.675040005790547
8,743,in,331.82608695652175,<UNK>,was,4.671269987692615
8,744,two,311.3768115942029,in,<UNK>,5.776103136235827
8,745,<UNK>,303.536231884058,two,in,5.675040005790547
8,746,The,337.7916666666667,<UNK>,two,5.685279003091641
8,747,"first,",319.6666666666667,The,<UNK>,5.776103136235827
8,748,<UNK>,299.7083333333333,"first,",The,5.675040005790547
8,749,in,304.05555555555554,<UNK>,"first,",5.675040005790547
8,750,nineteen,306.82191780821915,in,<UNK>,4.523340167740459
8,751,<UNK>,398.2857142857143,nineteen,in,4.434212387844452
8,752,<UNK>,434.2112676056338,<UNK>,nineteen,4.598481197837295
8,753,that,352.7808219178082,<UNK>,<UNK>,4.17292099397311
8,754,the,305.8333333333333,that,<UNK>,4.2689201469014
8,755,reported,303.88732394366195,the,that,5.723585101952381
8,756,recovered,340.59154929577466,reported,the,5.675040005790547
8,757,<UNK>,397.40845070422534,recovered,reported,5.675040005790547
8,758,in,368.28169014084506,<UNK>,recovered,5.675040005790547
8,759,nineteen,339.7916666666667,in,<UNK>,4.523340167740459
8,760,<UNK>,344.2463768115942,nineteen,in,4.434212387844452
8,761,was,361.92857142857144,<UNK>,nineteen,5.697093486505405
8,762,likely,328.2028985507246,was,<UNK>,5.723585101952381
8,763,debris,362.6478873239437,likely,was,5.675040005790547
8,764,from,321.6714285714286,debris,likely,5.675040005790547
8,765,a,309.59154929577466,from,debris,5.678464666671911
8,766,<UNK>,334.6142857142857,a,from,4.987025428457122
8,767,government,359.32394366197184,<UNK>,a,5.8888779583328805
8,768,<UNK>,343.05797101449275,government,<UNK>,5.675040005790547
8,769,called,337.0,<UNK>,government,5.675040005790547
8,770,<UNK>,338.07246376811594,called,<UNK>,5.676753802268282
8,771,<UNK>,397.3188405797101,<UNK>,called,5.675040005790547
8,772,which,368.27536231884056,<UNK>,<UNK>,4.914858338702487
8,773,<UNK>,337.8857142857143,which,<UNK>,4.452684785479894
8,774,high,330.3333333333333,<UNK>,which,5.69204721843778
8,775,<UNK>,330.3,high,<UNK>,5.271288694160117
8,776,<UNK>,350.0857142857143,<UNK>,high,5.676753802268282
8,777,<UNK>,329.3623188405797,<UNK>,<UNK>,1.8561512659871076
8,778,to,330.5857142857143,<UNK>,<UNK>,4.081949215767383
8,779,<UNK>,304.77142857142854,to,<UNK>,2.8452074908420353
8,780,<UNK>,317.4,<UNK>,to,3.5717540968765236
8,781,<UNK>,334.11267605633805,<UNK>,<UNK>,1.8561512659871076
8,782,<UNK>,348.8285714285714,<UNK>,<UNK>,1.8561512659871076
8,783,by,338.2957746478873,<UNK>,<UNK>,4.819548158898162
8,784,<UNK>,320.6619718309859,by,<UNK>,4.219507705176107
8,785,<UNK>,322.67605633802816,<UNK>,by,5.29162837839724
8,786,<UNK>,363.4714285714286,<UNK>,<UNK>,1.8561512659871076
8,787,tests,359.8169014084507,<UNK>,<UNK>,6.118831143028423
8,788,and,349.9154929577465,tests,<UNK>,5.678464666671911
8,789,<UNK>,336.24285714285713,and,tests,5.675040005790547
8,790,<UNK>,370.92857142857144,<UNK>,and,3.355735007585398
8,791,The,368.90140845070425,<UNK>,<UNK>,4.578386102081274
8,792,second,372.2112676056338,The,<UNK>,5.3706380281276624
8,793,<UNK>,348.92957746478874,second,The,5.676753802268282
8,794,<UNK>,341.6521739130435,<UNK>,second,5.676753802268282
8,795,two,328.0571428571429,<UNK>,<UNK>,6.524296251136588
8,796,years,323.53521126760563,two,<UNK>,5.681877639268151
8,797,<UNK>,316.8142857142857,years,two,5.675040005790547
8,798,in,316.19718309859155,<UNK>,years,5.676753802268282
8,799,nineteen,314.07142857142856,in,<UNK>,4.523340167740459
8,800,<UNK>,356.15714285714284,nineteen,in,4.434212387844452
8,801,<UNK>,466.98591549295776,<UNK>,nineteen,4.598481197837295
8,802,that,362.3333333333333,<UNK>,<UNK>,4.17292099397311
8,803,<UNK>,315.27142857142854,that,<UNK>,3.693556001997838
8,804,of,360.5774647887324,<UNK>,that,5.717027701406222
8,805,recovered,342.3285714285714,of,<UNK>,5.87493073085203
8,806,alien,353.8169014084507,recovered,of,5.675040005790547
8,807,<UNK>,338.943661971831,alien,recovered,5.675040005790547
8,808,were,347.07042253521126,<UNK>,alien,5.680172609017068
8,809,likely,326.3,were,<UNK>,5.703782474656201
8,810,a,335.48571428571427,likely,were,5.675040005790547
8,811,<UNK>,350.7042253521127,a,likely,5.675040005790547
8,812,of,329.35714285714283,<UNK>,a,3.6916533809966614
8,813,<UNK>,355.55555555555554,of,<UNK>,2.6560549059838294
8,814,<UNK>,364.9154929577465,<UNK>,of,3.1004028961178793
8,815,memories,402.3188405797101,<UNK>,<UNK>,6.118831143028423
8,816,of,382.2,memories,<UNK>,5.271288694160117
8,817,military,340.36619718309856,of,memories,5.676753802268282
8,818,<UNK>,369.1,military,of,5.675040005790547
8,819,<UNK>,399.2957746478873,<UNK>,military,5.272999558563747
8,820,<UNK>,389.056338028169,<UNK>,<UNK>,1.8561512659871076
8,821,or,347.35714285714283,<UNK>,<UNK>,4.384230087640317
8,822,<UNK>,338.65714285714284,or,<UNK>,3.23704312882365
8,823,<UNK>,338.82608695652175,<UNK>,or,3.644143560272545
8,824,<UNK>,364.5285714285714,<UNK>,<UNK>,1.8561512659871076
8,825,<UNK>,412.11267605633805,<UNK>,<UNK>,1.8561512659871076
8,826,memories,386.6,<UNK>,<UNK>,6.118831143028423
8,827,of,401.2676056338028,memories,<UNK>,5.271288694160117
8,828,the,330.53521126760563,of,memories,5.676753802268282
8,829,<UNK>,321.49295774647885,the,of,2.8210735895056054
8,830,of,336.1857142857143,<UNK>,the,3.1234656400635425
8,831,<UNK>,490.6478873239437,of,<UNK>,2.6560549059838294
8,832,<UNK>,528.1739130434783,<UNK>,of,3.1004028961178793
8,833,in,401.48571428571427,<UNK>,<UNK>,4.273004452530092
8,834,military,366.35714285714283,in,<UNK>,5.776103136235827
8,835,<UNK>,364.12857142857143,military,in,5.675040005790547
8,836,<UNK>,373.07142857142856,<UNK>,military,5.272999558563747
8,837,<UNK>,413.82608695652175,<UNK>,<UNK>,1.8561512659871076
8,838,in,338.7857142857143,<UNK>,<UNK>,4.273004452530092
8,839,the,324.84285714285716,in,<UNK>,3.250374491927572
8,840,nineteen,326.7323943661972,the,in,5.771441123130016
8,841,<UNK>,373.0285714285714,nineteen,the,4.985317486111966
8,842,and,375.23943661971833,<UNK>,nineteen,5.29162837839724
8,843,<UNK>,344.95714285714286,and,<UNK>,2.3632097148104805
8,844,that,375.6,<UNK>,and,4.742029368705289
8,845,<UNK>,326.0857142857143,that,<UNK>,3.693556001997838
8,846,witnesses,339.7142857142857,<UNK>,that,5.717027701406222
8,847,and,312.4714285714286,witnesses,<UNK>,5.676753802268282
8,848,UFO,302.0869565217391,and,witnesses,5.676753802268282
8,849,<UNK>,331.28169014084506,UFO,and,5.675040005790547
8,850,<UNK>,407.056338028169,<UNK>,UFO,4.992131822531696
8,851,The,402.9154929577465,<UNK>,<UNK>,4.578386102081274
8,852,<UNK>,408.056338028169,The,<UNK>,3.4247278790723494
8,853,<UNK>,379.07042253521126,<UNK>,The,4.324132656254979
8,854,of,319.76056338028167,<UNK>,<UNK>,3.9216065656922034
8,855,time,307.50704225352115,of,<UNK>,5.469465622743866
8,856,<UNK>,341.54285714285714,time,of,5.676753802268282
8,857,and,391.9577464788732,<UNK>,time,5.678464666671911
8,858,confusion,353.15492957746477,and,<UNK>,5.541263545158426
8,859,about,377.34285714285716,confusion,and,5.676753802268282
8,860,when,316.5211267605634,about,confusion,5.675040005790547
8,861,events,336.38028169014086,when,about,5.675040005790547
8,862,<UNK>,324.8142857142857,events,when,5.675040005790547
8,863,<UNK>,329.90277777777777,<UNK>,events,5.675040005790547
8,864,the,326.94444444444446,<UNK>,<UNK>,3.45624331600297
8,865,<UNK>,325.7887323943662,the,<UNK>,2.5031016933792296
8,866,with,345.97222222222223,<UNK>,the,5.202907181743378
8,867,the,315.2535211267606,with,<UNK>,4.12552017969055
8,868,years,306.5068493150685,the,with,5.6937321388027
8,869,in,365.4714285714286,years,the,5.676753802268282
8,870,<UNK>,353.8888888888889,in,years,5.675040005790547
8,871,In,376.84507042253523,<UNK>,in,5.723585101952381
8,872,<UNK>,326.5833333333333,In,<UNK>,4.435905868350785
8,873,nineteen,357.59722222222223,<UNK>,In,5.683579767338681
8,874,<UNK>,474.59154929577466,nineteen,<UNK>,5.272999558563747
8,875,<UNK>,434.72222222222223,<UNK>,nineteen,4.598481197837295
8,876,<UNK>,444.3382352941176,<UNK>,<UNK>,1.8561512659871076
8,877,one,401.75,<UNK>,<UNK>,6.524296251136588
8,878,of,347.38028169014086,one,<UNK>,5.678464666671911
8,879,the,300.7887323943662,of,one,4.302374475726262
8,880,more,299.52777777777777,the,of,5.386022946967143
8,881,<UNK>,330.98571428571427,more,the,5.271288694160117
8,882,<UNK>,365.9166666666667,<UNK>,more,4.995521656286208
8,883,<UNK>,446.36764705882354,<UNK>,<UNK>,1.8561512659871076
8,884,"said,",419.1142857142857,<UNK>,<UNK>,6.524296251136588
8,885,<UNK>,352.6478873239437,"said,",<UNK>,5.675040005790547
8,886,on,351.98571428571427,<UNK>,"said,",5.676753802268282
8,887,my,308.2676056338028,on,<UNK>,5.0271645960474665
8,888,research,308.9154929577465,my,on,5.678464666671911
8,889,and,323.8169014084507,research,my,5.675040005790547
8,890,that,337.72857142857146,and,research,5.675040005790547
8,891,of,322.6714285714286,that,and,5.688668836846153
8,892,<UNK>,316.1267605633803,of,that,5.676753802268282
8,893,<UNK>,327.14285714285717,<UNK>,of,3.1004028961178793
8,894,as,307.0281690140845,<UNK>,<UNK>,5.27153328264122
8,895,<UNK>,327.40845070422534,as,<UNK>,4.478958874850075
8,896,as,307.32394366197184,<UNK>,as,4.613468988802786
8,897,it's,307.2957746478873,as,<UNK>,5.731721843345443
8,898,<UNK>,333.16901408450707,it's,as,5.675040005790547
8,899,to,319.3943661971831,<UNK>,it's,5.676753802268282
8,900,be,306.90140845070425,to,<UNK>,4.717009667743627
8,901,without,328.3380281690141,be,to,5.698769932832657
8,902,<UNK>,356.3857142857143,without,be,5.675040005790547
8,903,<UNK>,331.1857142857143,<UNK>,without,5.675040005790547
8,904,that,351.51428571428573,<UNK>,<UNK>,4.17292099397311
8,905,no,308.98591549295776,that,<UNK>,5.772997543677674
8,906,flying,325.05555555555554,no,that,5.675040005790547
8,907,<UNK>,321.7916666666667,flying,no,5.675040005790547
8,908,or,316.8857142857143,<UNK>,flying,5.675040005790547
8,909,<UNK>,322.50704225352115,or,<UNK>,3.23704312882365
8,910,crashed,334.67605633802816,<UNK>,or,5.723585101952381
8,911,in,327.7042253521127,crashed,<UNK>,5.675040005790547
8,912,the,305.7323943661972,in,crashed,5.271288694160117
8,913,<UNK>,337.2112676056338,the,in,2.968080742223481
8,914,<UNK>,316.74285714285713,<UNK>,the,2.1873722808932077
8,915,of,320.72857142857146,<UNK>,<UNK>,3.9216065656922034
8,916,Roswell,310.4927536231884,of,<UNK>,5.87493073085203
8,917,or,334.9,Roswell,of,5.676753802268282
8,918,on,296.49295774647885,or,Roswell,5.675040005790547
8,919,the,316.3142857142857,on,or,5.675040005790547
8,920,<UNK>,296.3521126760563,the,on,3.578604923653681
8,921,of,332.0285714285714,<UNK>,the,3.1234656400635425
8,922,<UNK>,318.7464788732394,of,<UNK>,2.6560549059838294
8,923,<UNK>,338.2142857142857,<UNK>,of,3.1004028961178793
8,924,in,394.4366197183099,<UNK>,<UNK>,4.273004452530092
8,925,nineteen,360.37142857142857,in,<UNK>,4.523340167740459
8,926,<UNK>,378.7647058823529,nineteen,in,4.434212387844452
8,927,He,388.61971830985914,<UNK>,nineteen,5.697093486505405
8,928,then,340.056338028169,He,<UNK>,5.6937321388027
8,929,<UNK>,309.8285714285714,then,He,5.675040005790547
8,930,'The,326.1142857142857,<UNK>,then,5.683579767338681
8,931,debris,356.14084507042253,'The,<UNK>,5.681877639268151
8,932,found,312.1470588235294,debris,'The,5.675040005790547
8,933,was,324.3943661971831,found,debris,5.675040005790547
8,934,the,305.4428571428571,was,found,5.675040005790547
8,935,<UNK>,309.85915492957747,the,was,4.315820056435613
8,936,of,299.2857142857143,<UNK>,the,3.1234656400635425
8,937,something,292.7887323943662,of,<UNK>,5.87493073085203
8,938,very,316.2,something,of,5.675040005790547
8,939,<UNK>,310.943661971831,very,something,5.675040005790547
8,940,all,355.7,<UNK>,very,5.695414224985685
8,941,but,348.23943661971833,all,<UNK>,5.681877639268151
8,942,<UNK>,356.1714285714286,but,all,5.675040005790547
8,943,something,345.3521126760563,<UNK>,but,5.680172609017068
8,944,from,352.2676056338028,something,<UNK>,5.676753802268282
8,945,the,315.27142857142854,from,something,5.675040005790547
8,946,<UNK>,291.4225352112676,the,from,4.0943445622221
8,947,<UNK>,319.46478873239437,<UNK>,the,2.1873722808932077
8,948,<UNK>,316.87142857142857,<UNK>,<UNK>,1.8561512659871076
8,949,<UNK>,343.0144927536232,<UNK>,<UNK>,1.8561512659871076
8,950,Although,407.77142857142854,<UNK>,<UNK>,6.118831143028423
8,951,most,371.7391304347826,Although,<UNK>,5.680172609017068
8,952,now,327.9142857142857,most,Although,5.675040005790547
8,953,<UNK>,335.82608695652175,now,most,5.675040005790547
8,954,with,322.5285714285714,<UNK>,now,5.685279003091641
8,955,this,300.3,with,<UNK>,5.734958092124651
8,956,<UNK>,320.3188405797101,this,with,5.676753802268282
8,957,each,342.84285714285716,<UNK>,this,5.69204721843778
8,958,<UNK>,354.6231884057971,each,<UNK>,5.676753802268282
8,959,during,330.7,<UNK>,each,5.675040005790547
8,960,July,327.1014492753623,during,<UNK>,5.678464666671911
8,961,<UNK>,326.4,July,during,5.675040005790547
8,962,<UNK>,370.1764705882353,<UNK>,July,5.678464666671911
8,963,the,376.8285714285714,<UNK>,<UNK>,3.45624331600297
8,964,City,312.6714285714286,the,<UNK>,5.887491956725004
8,965,of,314.25714285714287,City,the,5.271288694160117
8,966,Roswell,329.4492753623188,of,City,5.676753802268282
8,967,<UNK>,314.7971014492754,Roswell,of,5.676753802268282
8,968,the,352.9428571428571,<UNK>,Roswell,5.681877639268151
8,969,Roswell,323.768115942029,the,<UNK>,5.482026848616839
8,970,UFO,302.54285714285714,Roswell,the,5.680172609017068
8,971,<UNK>,322.2647058823529,UFO,Roswell,5.271288694160117
8,972,<UNK>,339.3098591549296,<UNK>,UFO,4.992131822531696
8,973,all,345.4507042253521,<UNK>,<UNK>,6.524296251136588
8,974,things,315.69444444444446,all,<UNK>,5.681877639268151
8,975,<UNK>,333.4861111111111,things,all,5.675040005790547
8,976,<UNK>,347.56164383561645,<UNK>,things,5.675040005790547
8,977,<UNK>,339.013698630137,<UNK>,<UNK>,1.8561512659871076
8,978,<UNK>,407.15714285714284,<UNK>,<UNK>,1.8561512659871076
8,979,and,403.7260273972603,<UNK>,<UNK>,3.367295829986474
8,980,<UNK>,476.3611111111111,and,<UNK>,2.3632097148104805
9,2,mania,495.51807228915663,<UNK>,<UNK>,6.524296251136588
9,3,was,463.9277108433735,mania,<UNK>,5.675040005790547
9,4,a,346.64285714285717,was,mania,5.678464666671911
9,5,<UNK>,343.3614457831325,a,was,4.084294226368599
9,6,in,350.9166666666667,<UNK>,a,5.195730777772936
9,7,the,322.07142857142856,in,<UNK>,3.250374491927572
9,8,Dutch,358.9,the,in,5.771441123130016
9,9,<UNK>,387.7261904761905,Dutch,the,5.271288694160117
9,10,<UNK>,391.0722891566265,<UNK>,Dutch,4.987025428457122
9,11,during,431.81481481481484,<UNK>,<UNK>,6.118831143028423
9,12,which,407.1566265060241,during,<UNK>,5.678464666671911
9,13,<UNK>,425.5061728395062,which,during,5.675040005790547
9,14,prices,449.5243902439024,<UNK>,which,5.69204721843778
9,15,for,448.109756097561,prices,<UNK>,5.272999558563747
9,16,bulbs,384.325,for,prices,5.272999558563747
9,17,of,366.890243902439,bulbs,for,5.676753802268282
9,18,the,329.3703703703704,of,bulbs,5.676753802268282
9,19,<UNK>,383.7654320987654,the,of,2.8210735895056054
9,20,<UNK>,406.97435897435895,<UNK>,the,2.1873722808932077
9,21,tulip,406.7875,<UNK>,<UNK>,6.118831143028423
9,22,<UNK>,397.4,tulip,<UNK>,4.988730458708206
9,23,<UNK>,408.7088607594937,<UNK>,tulip,5.272999558563747
9,24,high,388.65,<UNK>,<UNK>,6.524296251136588
9,25,<UNK>,381.37179487179486,high,<UNK>,5.271288694160117
9,26,and,373.1794871794872,<UNK>,high,5.676753802268282
9,27,then,376.5875,and,<UNK>,5.541263545158426
9,28,suddenly,343.875,then,and,5.681877639268151
9,29,<UNK>,413.8101265822785,suddenly,then,5.675040005790547
9,30,At,417.525,<UNK>,suddenly,5.680172609017068
9,31,the,346.27848101265823,At,<UNK>,5.683579767338681
9,32,<UNK>,354.7901234567901,the,At,5.675040005790547
9,33,of,342.2926829268293,<UNK>,the,3.1234656400635425
9,34,tulip,316.125,of,<UNK>,5.469465622743866
9,35,mania,340.5,tulip,of,5.676753802268282
9,36,in,364.4,mania,tulip,5.678464666671911
9,37,<UNK>,375.54545454545456,in,mania,5.675040005790547
9,38,sixteen,465.55696202531647,<UNK>,in,5.723585101952381
9,39,<UNK>,862.1111111111111,sixteen,<UNK>,5.271288694160117
9,40,tulip,800.1728395061729,<UNK>,sixteen,5.276412531159987
9,41,contracts,584.2207792207793,tulip,<UNK>,5.681877639268151
9,42,<UNK>,466.2875,contracts,tulip,5.675040005790547
9,43,for,366.53164556962025,<UNK>,contracts,5.675040005790547
9,44,more,393.44303797468353,for,<UNK>,5.326256735237278
9,45,than,364.77777777777777,more,for,5.271288694160117
9,46,ten,383.6125,than,more,5.678464666671911
9,47,times,381.3375,ten,than,5.675040005790547
9,48,the,371.65,times,ten,5.676753802268282
9,49,<UNK>,374.9240506329114,the,times,5.675040005790547
9,50,<UNK>,346.43589743589746,<UNK>,the,2.1873722808932077
9,51,of,348.39240506329116,<UNK>,<UNK>,3.9216065656922034
9,52,a,370.46753246753246,of,<UNK>,4.622167762356662
9,53,<UNK>,362.43037974683546,a,of,4.434212387844452
9,54,<UNK>,429.89473684210526,<UNK>,a,2.4548907538477347
9,55,It,439.20512820512823,<UNK>,<UNK>,5.27153328264122
9,56,is,359.3,It,<UNK>,4.62333748994354
9,57,generally,368.6875,is,It,5.683579767338681
9,58,<UNK>,410.875,generally,is,5.676753802268282
9,59,the,358.34177215189874,<UNK>,generally,5.675040005790547
9,60,first,349.1375,the,<UNK>,4.788879668056894
9,61,<UNK>,378.0379746835443,first,the,4.775756486563625
9,62,economic,413.95,<UNK>,first,5.685279003091641
9,63,<UNK>,408.24050632911394,economic,<UNK>,5.675040005790547
9,64,The,472.1948051948052,<UNK>,economic,5.678464666671911
9,65,<UNK>,467.8375,The,<UNK>,3.4247278790723494
9,66,<UNK>,465.2564102564103,<UNK>,The,4.324132656254979
9,67,to,372.9875,<UNK>,<UNK>,4.081949215767383
9,68,<UNK>,351.4,to,<UNK>,2.8452074908420353
9,69,in,358.60759493670884,<UNK>,to,5.417580787374854
9,70,the,337.1875,in,<UNK>,3.250374491927572
9,71,mid,359.4375,the,in,5.771441123130016
9,72,<UNK>,388.126582278481,mid,the,5.678464666671911
9,73,<UNK>,455.31168831168833,<UNK>,mid,5.675040005790547
9,74,from,410.37974683544303,<UNK>,<UNK>,5.138001890016697
9,75,the,406.1375,from,<UNK>,3.7694714614442395
9,76,<UNK>,415.9113924050633,the,from,4.0943445622221
9,77,<UNK>,423.94871794871796,<UNK>,the,2.1873722808932077
9,78,became,414.7848101265823,<UNK>,<UNK>,6.118831143028423
9,79,very,404.0375,became,<UNK>,5.676753802268282
9,80,<UNK>,363.7875,very,became,5.676753802268282
9,81,in,374.65384615384613,<UNK>,very,5.695414224985685
9,82,the,324.7974683544304,in,<UNK>,3.250374491927572
9,83,United,327.1625,the,in,5.365976015021851
9,84,<UNK>,394.0875,United,the,5.271288694160117
9,85,which,536.2051282051282,<UNK>,United,5.678464666671911
9,86,we,359.55,which,<UNK>,5.705447753975262
9,87,now,331.175,we,which,5.675040005790547
9,88,know,337.8125,now,we,5.675040005790547
9,89,as,338.62025316455697,know,now,5.675040005790547
9,90,the,331.9875,as,know,5.675040005790547
9,91,<UNK>,399.45569620253167,the,as,4.586666714423532
9,92,<UNK>,520.3552631578947,<UNK>,the,2.1873722808932077
9,93,<UNK>,527.0875,<UNK>,<UNK>,1.8561512659871076
9,94,in,418.8625,<UNK>,<UNK>,4.273004452530092
9,95,the,348.41975308641975,in,<UNK>,3.250374491927572
9,96,United,341.3625,the,in,5.365976015021851
9,97,<UNK>,390.925,United,the,5.271288694160117
9,98,is,373.5,<UNK>,United,5.678464666671911
9,99,generally,364.6125,is,<UNK>,5.697093486505405
9,100,thought,371.2875,generally,is,5.676753802268282
9,101,to,342.35,thought,generally,5.675040005790547
9,102,have,328.875,to,thought,5.676753802268282
9,103,started,336.05128205128204,have,to,5.69204721843778
9,104,in,347.375,started,have,5.675040005790547
9,105,<UNK>,405.325,in,started,5.675040005790547
9,106,around,393.3625,<UNK>,in,5.723585101952381
9,107,<UNK>,384.71794871794873,around,<UNK>,5.683579767338681
9,108,<UNK>,639.7179487179487,<UNK>,around,5.271288694160117
9,109,after,526.2658227848101,<UNK>,<UNK>,6.118831143028423
9,110,the,438.825,after,<UNK>,5.678464666671911
9,111,<UNK>,398.0,the,after,5.272999558563747
9,112,<UNK>,455.9493670886076,<UNK>,the,2.1873722808932077
9,113,<UNK>,451.3246753246753,<UNK>,<UNK>,1.8561512659871076
9,114,de,406.4567901234568,<UNK>,<UNK>,6.118831143028423
9,115,<UNK>,502.1578947368421,de,<UNK>,5.271288694160117
9,116,had,467.4177215189873,<UNK>,de,5.678464666671911
9,117,taken,380.2125,had,<UNK>,5.697093486505405
9,118,up,341.0632911392405,taken,had,5.678464666671911
9,119,a,332.3,up,taken,5.675040005790547
9,120,<UNK>,380.725,a,up,5.675040005790547
9,121,at,324.675,<UNK>,a,5.8888779583328805
9,122,the,311.59493670886076,at,<UNK>,4.606835465307152
9,123,<UNK>,357.1111111111111,the,at,4.19803702077923
9,124,of,354.1375,<UNK>,the,3.1234656400635425
9,125,<UNK>,364.05194805194805,of,<UNK>,2.6560549059838294
9,126,and,382.1645569620253,<UNK>,of,4.270474148768134
9,127,<UNK>,391.775,and,<UNK>,2.3632097148104805
9,128,a,337.15,<UNK>,and,5.435176549265234
9,129,<UNK>,363.62025316455697,a,<UNK>,3.132268406680267
9,130,<UNK>,401.94871794871796,<UNK>,a,2.4548907538477347
9,131,which,432.11392405063293,<UNK>,<UNK>,4.914858338702487
9,132,is,340.7,which,<UNK>,5.705447753975262
9,133,famous,343.55,is,which,5.675040005790547
9,134,as,347.6875,famous,is,5.675040005790547
9,135,one,323.63291139240505,as,famous,5.675040005790547
9,136,of,319.975,one,as,5.272999558563747
9,137,the,325.8375,of,one,4.302374475726262
9,138,<UNK>,306.253164556962,the,of,2.8210735895056054
9,139,in,325.15,<UNK>,the,4.866434945122165
9,140,the,325.0375,in,<UNK>,3.250374491927572
9,141,world.,348.61538461538464,the,in,5.771441123130016
9,142,<UNK>,395.126582278481,world.,the,5.675040005790547
9,143,he,364.3375,<UNK>,world.,5.676753802268282
9,144,<UNK>,361.7564102564103,he,<UNK>,3.9940218405942316
9,145,his,306.2625,<UNK>,he,5.032070574816321
9,146,<UNK>,317.5375,his,<UNK>,4.189654742026425
9,147,of,307.1898734177215,<UNK>,his,5.72194977861165
9,148,tulip,320.4,of,<UNK>,5.469465622743866
9,149,bulbs,326.45,tulip,of,5.676753802268282
9,150,that,346.8205128205128,bulbs,tulip,5.676753802268282
9,151,the,321.625,that,bulbs,5.675040005790547
9,152,<UNK>,330.525,the,that,3.7776749528970677
9,153,<UNK>,399.5897435897436,<UNK>,the,2.1873722808932077
9,154,<UNK>,420.36708860759495,<UNK>,<UNK>,1.8561512659871076
9,155,to,341.075,<UNK>,<UNK>,4.081949215767383
9,156,him,333.7721518987342,to,<UNK>,5.815621956411737
9,157,from,326.9113924050633,him,to,5.675040005790547
9,158,<UNK>,375.2307692307692,from,him,5.675040005790547
9,159,which,421.1794871794872,<UNK>,from,5.69204721843778
9,160,were,350.9873417721519,which,<UNK>,5.705447753975262
9,161,able,323.425,were,which,5.678464666671911
9,162,to,344.3333333333333,able,were,5.675040005790547
9,163,<UNK>,347.8625,to,able,4.987025428457122
9,164,the,334.6835443037975,<UNK>,to,3.951243718581427
9,165,<UNK>,336.9125,the,<UNK>,2.5031016933792296
9,166,conditions,355.87179487179486,<UNK>,the,6.119197913617533
9,167,of,320.5875,conditions,<UNK>,5.676753802268282
9,168,the,311.325,of,conditions,5.675040005790547
9,169,<UNK>,331.25,the,of,2.8210735895056054
9,170,<UNK>,351.09090909090907,<UNK>,the,2.1873722808932077
9,171,It,391.6625,<UNK>,<UNK>,5.27153328264122
9,172,was,347.1875,It,<UNK>,3.581883615115379
9,173,<UNK>,340.8333333333333,was,It,5.303304908059076
9,174,<UNK>,358.1392405063291,<UNK>,was,3.75497925581846
9,175,that,351.06410256410254,<UNK>,<UNK>,4.17292099397311
9,176,the,359.63291139240505,that,<UNK>,4.2689201469014
9,177,tulips,335.45569620253167,the,that,5.723585101952381
9,178,began,362.3333333333333,tulips,the,5.675040005790547
9,179,to,313.9873417721519,began,tulips,5.675040005790547
9,180,grow,311.85897435897436,to,began,5.683579767338681
9,181,in,332.43037974683546,grow,to,5.675040005790547
9,182,<UNK>,381.0632911392405,in,grow,5.675040005790547
9,183,The,393.8076923076923,<UNK>,in,5.723585101952381
9,184,<UNK>,342.7974683544304,The,<UNK>,3.4247278790723494
9,185,<UNK>,334.62025316455697,<UNK>,The,4.324132656254979
9,186,became,343.9493670886076,<UNK>,<UNK>,6.118831143028423
9,187,a,321.30379746835445,became,<UNK>,5.676753802268282
9,188,<UNK>,329.0632911392405,a,became,5.675040005790547
9,189,<UNK>,346.2692307692308,<UNK>,a,2.4548907538477347
9,190,<UNK>,382.44303797468353,<UNK>,<UNK>,1.8561512659871076
9,191,and,337.17721518987344,<UNK>,<UNK>,3.367295829986474
9,192,a,330.5189873417722,and,<UNK>,4.848116364598481
9,193,<UNK>,333.0759493670886,a,and,4.435905868350785
9,194,<UNK>,331.5974025974026,<UNK>,a,2.4548907538477347
9,195,and,326.82278481012656,<UNK>,<UNK>,3.367295829986474
9,196,a,314.6923076923077,and,<UNK>,4.848116364598481
9,197,<UNK>,326.60759493670884,a,and,4.435905868350785
9,198,of,353.7974683544304,<UNK>,a,3.6916533809966614
9,199,varieties,343.5822784810127,of,<UNK>,5.87493073085203
9,200,<UNK>,377.12820512820514,varieties,of,5.675040005790547
9,201,They,401.7435897435897,<UNK>,varieties,5.676753802268282
9,202,were,322.1898734177215,They,<UNK>,5.274707500908903
9,203,classified,330.40506329113924,were,They,5.676753802268282
9,204,in,317.67088607594934,classified,were,5.675040005790547
9,205,<UNK>,340.7974683544304,in,classified,5.675040005790547
9,206,<UNK>,440.4805194805195,<UNK>,in,4.33729074083249
9,207,tulips,484.37974683544303,<UNK>,<UNK>,6.118831143028423
9,208,of,427.97435897435895,tulips,<UNK>,5.678464666671911
9,209,<UNK>,409.67088607594934,of,tulips,5.675040005790547
9,210,<UNK>,425.59493670886076,<UNK>,of,3.1004028961178793
9,211,or,383.26582278481015,<UNK>,<UNK>,4.384230087640317
9,212,white,438.1818181818182,or,<UNK>,5.72194977861165
9,213,were,401.9102564102564,white,or,5.675040005790547
9,214,known,347.3333333333333,were,white,5.675040005790547
9,215,as,324.70512820512823,known,were,5.675040005790547
9,216,<UNK>,561.6578947368421,as,known,5.676753802268282
9,217,but,534.6315789473684,<UNK>,as,5.7120812774708964
9,218,it,357.0769230769231,but,<UNK>,4.821893169499378
9,219,was,323.78205128205127,it,but,4.586666714423532
9,220,the,321.79487179487177,was,it,5.025523906590006
9,221,<UNK>,388.40506329113924,the,was,4.315820056435613
9,222,<UNK>,406.5064935064935,<UNK>,the,2.1873722808932077
9,223,<UNK>,486.7922077922078,<UNK>,<UNK>,1.8561512659871076
9,224,or,396.0759493670886,<UNK>,<UNK>,4.384230087640317
9,225,<UNK>,381.11538461538464,or,<UNK>,3.23704312882365
9,226,on,375.15384615384613,<UNK>,or,5.030437921392435
9,227,white,387.75949367088606,on,<UNK>,5.314846668499247
9,228,<UNK>,494.35064935064935,white,on,5.271288694160117
9,229,<UNK>,569.2467532467532,<UNK>,white,5.678464666671911
9,230,<UNK>,533.7051282051282,<UNK>,<UNK>,1.8561512659871076
9,231,or,366.46835443037975,<UNK>,<UNK>,4.384230087640317
9,232,<UNK>,345.85897435897436,or,<UNK>,3.23704312882365
9,233,on,345.6923076923077,<UNK>,or,5.030437921392435
9,234,white,376.45569620253167,on,<UNK>,5.314846668499247
9,235,<UNK>,430.4025974025974,white,on,5.271288694160117
9,236,"and,",400.40506329113924,<UNK>,white,5.678464666671911
9,237,to,334.575,"and,",<UNK>,5.680172609017068
9,238,a,368.0126582278481,to,"and,",5.675040005790547
9,239,<UNK>,350.54430379746833,a,to,5.278114659230518
9,240,<UNK>,320.36708860759495,<UNK>,a,2.4548907538477347
9,241,the,329.46835443037975,<UNK>,<UNK>,3.45624331600297
9,242,<UNK>,382.9871794871795,the,<UNK>,2.5031016933792296
9,243,<UNK>,468.82278481012656,<UNK>,the,2.1873722808932077
9,244,<UNK>,409.50632911392404,<UNK>,<UNK>,1.8561512659871076
9,245,or,377.7974683544304,<UNK>,<UNK>,4.384230087640317
9,246,<UNK>,371.62820512820514,or,<UNK>,3.23704312882365
9,247,on,355.52564102564105,<UNK>,or,5.030437921392435
9,248,<UNK>,347.85,on,<UNK>,5.0271645960474665
9,249,<UNK>,412.47435897435895,<UNK>,on,5.274707500908903
9,250,that,396.93589743589746,<UNK>,<UNK>,4.17292099397311
9,251,were,345.3544303797468,that,<UNK>,4.674385255009565
9,252,the,313.0506329113924,were,that,5.278114659230518
9,253,most,313.72151898734177,the,were,5.271288694160117
9,254,<UNK>,356.8101265822785,most,the,4.300680995219929
9,255,<UNK>,350.47435897435895,<UNK>,most,4.993828175779875
9,256,<UNK>,399.7692307692308,<UNK>,<UNK>,1.8561512659871076
9,257,and,387.30379746835445,<UNK>,<UNK>,3.367295829986474
9,258,<UNK>,362.1794871794872,and,<UNK>,2.3632097148104805
9,259,<UNK>,362.126582278481,<UNK>,and,3.355735007585398
9,260,tulip,383.0769230769231,<UNK>,<UNK>,6.118831143028423
9,261,bulbs,351.8607594936709,tulip,<UNK>,5.681877639268151
9,262,would,356.1898734177215,bulbs,tulip,5.676753802268282
9,263,grow,354.0506329113924,would,bulbs,5.675040005790547
9,264,<UNK>,348.3544303797468,grow,would,5.676753802268282
9,265,with,354.61538461538464,<UNK>,grow,5.675040005790547
9,266,<UNK>,358.2278481012658,with,<UNK>,3.8631559152230595
9,267,<UNK>,384.5128205128205,<UNK>,with,4.31748811353631
9,268,<UNK>,383.9746835443038,<UNK>,<UNK>,1.8561512659871076
9,269,and,366.28205128205127,<UNK>,<UNK>,3.367295829986474
9,270,<UNK>,399.11392405063293,and,<UNK>,2.3632097148104805
9,271,on,334.2911392405063,<UNK>,and,5.435176549265234
9,272,the,321.0379746835443,on,<UNK>,3.84850959970582
9,273,<UNK>,362.72151898734177,the,on,3.578604923653681
9,274,as,354.2857142857143,<UNK>,the,5.202907181743378
9,275,a,323.32911392405066,as,<UNK>,5.038574662785497
9,276,<UNK>,317.126582278481,a,as,4.590056548178043
9,277,it,330.59493670886076,<UNK>,a,5.483412850224717
9,278,is,307.82278481012656,it,<UNK>,5.294978465282522
9,279,now,296.5128205128205,is,it,5.678464666671911
9,280,<UNK>,332.78205128205127,now,is,5.675040005790547
9,281,of,337.4177215189873,<UNK>,now,5.685279003091641
9,282,being,351.73417721518985,of,<UNK>,5.469465622743866
9,283,<UNK>,346.375,being,of,5.676753802268282
9,284,with,386.35,<UNK>,being,5.676753802268282
9,285,<UNK>,440.0,with,<UNK>,3.8631559152230595
9,286,<UNK>,452.7875,<UNK>,with,4.31748811353631
9,287,known,401.8987341772152,<UNK>,<UNK>,6.524296251136588
9,288,as,346.3205128205128,known,<UNK>,5.678464666671911
9,289,the,345.3333333333333,as,known,5.676753802268282
9,290,<UNK>,390.63157894736844,the,as,4.586666714423532
9,291,<UNK>,406.44736842105266,<UNK>,the,2.1873722808932077
9,292,<UNK>,446.42105263157896,<UNK>,<UNK>,1.8561512659871076
9,293,The,419.45454545454544,<UNK>,<UNK>,4.578386102081274
9,294,Dutch,361.87179487179486,The,<UNK>,5.776103136235827
9,295,<UNK>,350.126582278481,Dutch,The,5.675040005790547
9,296,<UNK>,349.425,<UNK>,Dutch,4.987025428457122
9,297,<UNK>,359.34615384615387,<UNK>,<UNK>,1.8561512659871076
9,298,named,387.69620253164555,<UNK>,<UNK>,6.524296251136588
9,299,their,364.75949367088606,named,<UNK>,5.678464666671911
9,300,new,348.8101265822785,their,named,5.675040005790547
9,301,varieties,354.36708860759495,new,their,5.675040005790547
9,302,with,340.32911392405066,varieties,new,5.675040005790547
9,303,<UNK>,367.47435897435895,with,varieties,5.676753802268282
9,304,<UNK>,392.0,<UNK>,with,4.31748811353631
9,305,Many,370.2692307692308,<UNK>,<UNK>,6.524296251136588
9,306,early,347.15584415584414,Many,<UNK>,5.678464666671911
9,307,forms,369.0769230769231,early,Many,5.675040005790547
9,308,were,338.93589743589746,forms,early,5.675040005790547
9,309,<UNK>,337.0,were,forms,5.675040005790547
9,310,with,375.8076923076923,<UNK>,were,5.71042701737487
9,311,<UNK>,431.7894736842105,with,<UNK>,3.8631559152230595
9,312,often,419.62820512820514,<UNK>,with,5.703782474656201
9,313,<UNK>,390.3333333333333,often,<UNK>,5.675040005790547
9,314,with,343.88461538461536,<UNK>,often,5.276412531159987
9,315,the,341.3376623376623,with,<UNK>,4.12552017969055
9,316,<UNK>,353.7368421052632,the,with,4.189654742026425
9,317,<UNK>,380.30263157894734,<UNK>,the,2.1873722808932077
9,318,<UNK>,438.3333333333333,<UNK>,<UNK>,1.8561512659871076
9,319,was,412.97402597402595,<UNK>,<UNK>,5.020218854360313
9,320,another,373.53333333333336,was,<UNK>,5.723585101952381
9,321,<UNK>,359.2077922077922,another,was,5.675040005790547
9,322,that,363.57142857142856,<UNK>,another,5.678464666671911
9,323,found,338.6233766233766,that,<UNK>,5.772997543677674
9,324,its,324.9736842105263,found,that,5.675040005790547
9,325,way,336.0,its,found,5.675040005790547
9,326,into,311.19736842105266,way,its,5.675040005790547
9,327,the,295.4935064935065,into,way,5.675040005790547
9,328,<UNK>,309.4736842105263,the,into,4.435905868350785
9,329,of,303.7142857142857,<UNK>,the,3.1234656400635425
9,330,around,302.94805194805195,of,<UNK>,5.87493073085203
9,331,<UNK>,347.5974025974026,around,of,5.675040005790547
9,332,<UNK>,394.7368421052632,<UNK>,around,5.271288694160117
9,333,<UNK>,463.92,<UNK>,<UNK>,1.8561512659871076
9,334,came,357.36,<UNK>,<UNK>,6.118831143028423
9,335,varieties,359.05263157894734,came,<UNK>,5.683579767338681
9,336,with,352.0128205128205,varieties,came,5.675040005790547
9,337,even,357.76623376623377,with,varieties,5.676753802268282
9,338,more,328.8961038961039,even,with,5.675040005790547
9,339,<UNK>,320.06493506493507,more,even,4.985317486111966
9,340,<UNK>,342.1168831168831,<UNK>,more,4.995521656286208
9,341,such,343.0263157894737,<UNK>,<UNK>,6.118831143028423
9,342,as,313.1948051948052,such,<UNK>,4.583265350600041
9,343,even,337.038961038961,as,such,5.681877639268151
9,344,<UNK>,460.2207792207792,even,as,5.675040005790547
9,345,of,426.0921052631579,<UNK>,even,5.680172609017068
9,346,<UNK>,453.84,of,<UNK>,2.6560549059838294
9,347,and,408.54545454545456,<UNK>,of,4.270474148768134
9,348,<UNK>,371.4415584415584,and,<UNK>,2.3632097148104805
9,349,of,354.57142857142856,<UNK>,and,5.435176549265234
9,350,<UNK>,349.1578947368421,of,<UNK>,2.6560549059838294
9,351,<UNK>,369.54545454545456,<UNK>,of,3.1004028961178793
9,352,of,366.46753246753246,<UNK>,<UNK>,3.9216065656922034
9,353,these,316.3636363636364,of,<UNK>,5.181783550292085
9,354,varieties,343.57142857142856,these,of,5.680172609017068
9,355,have,327.83116883116884,varieties,these,5.675040005790547
9,356,now,329.7402597402597,have,varieties,5.675040005790547
9,357,<UNK>,300.48,now,have,5.675040005790547
9,358,"out,",315.02597402597405,<UNK>,now,5.685279003091641
9,359,though,344.2597402597403,"out,",<UNK>,5.680172609017068
9,360,<UNK>,364.76623376623377,though,"out,",5.675040005790547
9,361,<UNK>,362.64,<UNK>,though,5.675040005790547
9,362,tulips,406.4266666666667,<UNK>,<UNK>,6.118831143028423
9,363,<UNK>,411.6233766233766,tulips,<UNK>,5.678464666671911
9,364,in,342.2631578947368,<UNK>,tulips,5.676753802268282
9,365,the,333.71794871794873,in,<UNK>,3.250374491927572
9,366,<UNK>,342.75,the,in,2.968080742223481
9,367,<UNK>,364.24,<UNK>,the,2.1873722808932077
9,368,grow,331.2077922077922,<UNK>,<UNK>,6.524296251136588
9,369,from,355.46753246753246,grow,<UNK>,5.675040005790547
9,370,<UNK>,336.84415584415586,from,grow,5.675040005790547
9,371,and,356.82894736842104,<UNK>,from,5.286582110329616
9,372,can,342.961038961039,and,<UNK>,5.94672865326659
9,373,be,303.90909090909093,can,and,5.675040005790547
9,374,<UNK>,349.961038961039,be,can,5.271288694160117
9,375,through,392.7894736842105,<UNK>,be,5.718671087149952
9,376,both,351.27272727272725,through,<UNK>,5.683579767338681
9,377,<UNK>,349.2763157894737,both,through,5.675040005790547
9,378,and,325.44,<UNK>,both,5.271288694160117
9,379,<UNK>,363.90410958904107,and,<UNK>,2.3632097148104805
9,380,<UNK>,494.80263157894734,<UNK>,and,3.355735007585398
9,381,from,431.94736842105266,<UNK>,<UNK>,5.138001890016697
9,382,a,343.14666666666665,from,<UNK>,5.309916502391388
9,383,tulip,347.4736842105263,a,from,5.680172609017068
9,384,will,350.35526315789474,tulip,a,5.675040005790547
9,385,<UNK>,379.30263157894734,will,tulip,5.675040005790547
9,386,a,314.2133333333333,<UNK>,will,5.678464666671911
9,387,<UNK>,331.8831168831169,a,<UNK>,3.132268406680267
9,388,bulb,337.57142857142856,<UNK>,a,5.483412850224717
9,389,after,397.68831168831167,bulb,<UNK>,5.678464666671911
9,390,<UNK>,584.9864864864865,after,bulb,5.675040005790547
9,391,years.,873.1142857142858,<UNK>,after,5.678464666671911
9,392,When,597.7466666666667,years.,<UNK>,5.678464666671911
9,393,a,424.92,When,years.,5.675040005790547
9,394,bulb,380.7894736842105,a,When,5.675040005790547
9,395,<UNK>,372.8181818181818,bulb,a,5.675040005790547
9,396,into,344.2857142857143,<UNK>,bulb,5.675040005790547
9,397,the,327.72727272727275,into,<UNK>,4.601831284722577
9,398,<UNK>,363.7012987012987,the,into,4.435905868350785
9,399,the,393.0131578947368,<UNK>,the,4.327438444389479
9,400,<UNK>,372.2207792207792,the,<UNK>,2.5031016933792296
9,401,bulb,357.0263157894737,<UNK>,the,6.119197913617533
9,402,will,336.7894736842105,bulb,<UNK>,5.678464666671911
9,403,<UNK>,407.2236842105263,will,bulb,5.675040005790547
9,404,but,402.11842105263156,<UNK>,will,5.678464666671911
9,405,a,382.32894736842104,but,<UNK>,5.332718793265369
9,406,<UNK>,346.60526315789474,a,but,4.987025428457122
9,407,bulb,380.6753246753247,<UNK>,a,5.483412850224717
9,408,forms,357.4805194805195,bulb,<UNK>,5.678464666671911
9,409,in,354.5921052631579,forms,bulb,5.675040005790547
9,410,its,347.4415584415584,in,forms,5.675040005790547
9,411,"place,",357.0657894736842,its,in,5.676753802268282
9,412,as,363.72727272727275,"place,",its,5.675040005790547
9,413,do,353.06493506493507,as,"place,",5.675040005790547
9,414,several,359.2077922077922,do,as,5.675040005790547
9,415,<UNK>,352.8181818181818,several,do,5.675040005790547
9,416,<UNK>,517.0933333333334,<UNK>,several,5.272999558563747
9,417,<UNK>,448.14285714285717,<UNK>,<UNK>,1.8561512659871076
9,418,these,410.13157894736844,<UNK>,<UNK>,6.118831143028423
9,419,<UNK>,337.7012987012987,these,<UNK>,5.272999558563747
9,420,will,361.9736842105263,<UNK>,these,5.680172609017068
9,421,<UNK>,318.2631578947368,will,<UNK>,5.675040005790547
9,422,bulbs,330.03846153846155,<UNK>,will,5.678464666671911
9,423,of,353.84415584415586,bulbs,<UNK>,5.678464666671911
9,424,their,336.4155844155844,of,bulbs,5.676753802268282
9,425,<UNK>,406.0394736842105,their,of,4.985317486111966
9,426,The,423.10526315789474,<UNK>,their,5.697093486505405
9,427,<UNK>,385.52564102564105,The,<UNK>,3.4247278790723494
9,428,<UNK>,365.93589743589746,<UNK>,The,4.324132656254979
9,429,<UNK>,398.5584415584416,<UNK>,<UNK>,1.8561512659871076
9,430,which,387.92105263157896,<UNK>,<UNK>,4.914858338702487
9,431,many,357.83116883116884,which,<UNK>,5.705447753975262
9,432,<UNK>,353.38157894736844,many,which,5.675040005790547
9,433,have,355.2763157894737,<UNK>,many,5.680172609017068
9,434,<UNK>,338.72,have,<UNK>,4.988730458708206
9,435,<UNK>,412.0,<UNK>,have,4.775756486563625
9,436,only,344.57894736842104,<UNK>,<UNK>,6.118831143028423
9,437,through,351.2857142857143,only,<UNK>,5.676753802268282
9,438,<UNK>,356.31168831168833,through,only,5.675040005790547
9,439,not,408.4868421052632,<UNK>,through,5.676753802268282
9,440,<UNK>,424.5394736842105,not,<UNK>,5.278114659230518
9,441,and,378.9866666666667,<UNK>,not,5.304961909266705
9,442,so,376.5657894736842,and,<UNK>,5.541263545158426
9,443,<UNK>,374.64935064935065,so,and,5.272999558563747
9,444,the,388.9605263157895,<UNK>,so,4.997212273764115
9,445,most,333.2207792207792,the,<UNK>,5.1943447761650585
9,446,<UNK>,352.45454545454544,most,the,4.300680995219929
9,447,varieties,387.1168831168831,<UNK>,most,5.68697535633982
9,448,<UNK>,386.7792207792208,varieties,<UNK>,5.675040005790547
9,449,years.,396.82894736842104,<UNK>,varieties,5.676753802268282
9,450,<UNK>,512.2236842105264,years.,<UNK>,5.272999558563747
9,451,is,405.45454545454544,<UNK>,years.,5.676753802268282
9,452,<UNK>,372.7012987012987,is,<UNK>,4.598481197837295
9,453,<UNK>,405.97402597402595,<UNK>,is,4.998900037877835
9,454,down,375.5064935064935,<UNK>,<UNK>,6.118831143028423
9,455,by,330.13157894736844,down,<UNK>,5.681877639268151
9,456,the,322.1038961038961,by,down,5.675040005790547
9,457,<UNK>,329.6233766233766,the,by,4.206349620598596
9,458,<UNK>,480.5064935064935,<UNK>,the,2.1873722808932077
9,459,<UNK>,410.57142857142856,<UNK>,<UNK>,1.8561512659871076
9,460,in,386.7763157894737,<UNK>,<UNK>,4.273004452530092
9,461,<UNK>,346.24675324675326,in,<UNK>,3.984343667007772
9,462,and,393.38961038961037,<UNK>,in,5.030437921392435
9,463,<UNK>,327.2368421052632,and,<UNK>,2.3632097148104805
9,464,for,338.2597402597403,<UNK>,and,5.840641657373398
9,465,about,352.2236842105263,for,<UNK>,5.731721843345443
9,466,a,326.06493506493507,about,for,5.675040005790547
9,467,<UNK>,330.88157894736844,a,about,5.675040005790547
9,468,and,345.9342105263158,<UNK>,a,4.502583597212991
9,469,the,331.7792207792208,and,<UNK>,3.6954368546600955
9,470,<UNK>,347.68831168831167,the,and,4.0089847132709435
9,471,<UNK>,345.05194805194805,<UNK>,the,2.1873722808932077
9,472,appear,383.5974025974026,<UNK>,<UNK>,6.524296251136588
9,473,<UNK>,397.0,appear,<UNK>,5.675040005790547
9,474,<UNK>,393.4230769230769,<UNK>,appear,5.676753802268282
9,475,<UNK>,479.0,<UNK>,<UNK>,1.8561512659871076
9,476,can,373.7763157894737,<UNK>,<UNK>,6.118831143028423
9,477,be,366.05194805194805,can,<UNK>,5.678464666671911
9,478,<UNK>,354.88157894736844,be,can,5.271288694160117
9,479,and,362.46153846153845,<UNK>,be,5.025523906590006
9,480,<UNK>,349.9871794871795,and,<UNK>,2.3632097148104805
9,481,about,335.35897435897436,<UNK>,and,5.435176549265234
9,482,from,359.88461538461536,about,<UNK>,5.68697535633982
9,483,<UNK>,355.53246753246754,from,about,5.675040005790547
9,484,to,362.45569620253167,<UNK>,from,5.286582110329616
9,485,<UNK>,386.6753246753247,to,<UNK>,2.8452074908420353
9,486,and,386.5394736842105,<UNK>,to,4.906755163608864
9,487,thus,354.72727272727275,and,<UNK>,5.541263545158426
9,488,<UNK>,349.1818181818182,thus,and,5.676753802268282
9,489,<UNK>,388.97402597402595,<UNK>,thus,5.676753802268282
9,490,<UNK>,415.31168831168833,<UNK>,<UNK>,1.8561512659871076
9,491,during,393.4805194805195,<UNK>,<UNK>,6.118831143028423
9,492,these,357.63157894736844,during,<UNK>,5.678464666671911
9,493,<UNK>,324.5128205128205,these,during,5.675040005790547
9,494,As,407.4736842105263,<UNK>,these,5.680172609017068
9,495,the,391.2857142857143,As,<UNK>,4.767289035464526
9,496,<UNK>,386.35064935064935,the,As,4.583265350600041
9,497,grew,339.2105263157895,<UNK>,the,5.713732805509369
9,498,in,345.2857142857143,grew,<UNK>,5.676753802268282
9,499,<UNK>,337.72727272727275,in,grew,5.675040005790547
9,500,<UNK>,388.9078947368421,<UNK>,in,4.33729074083249
9,501,<UNK>,343.17105263157896,<UNK>,<UNK>,1.8561512659871076
9,502,<UNK>,352.3636363636364,<UNK>,<UNK>,1.8561512659871076
9,503,higher,354.72727272727275,<UNK>,<UNK>,6.524296251136588
9,504,and,338.27272727272725,higher,<UNK>,5.675040005790547
9,505,higher,335.8831168831169,and,higher,5.272999558563747
9,506,prices,335.9871794871795,higher,and,5.680172609017068
9,507,for,320.8333333333333,prices,higher,5.675040005790547
9,508,bulbs,307.4533333333333,for,prices,5.272999558563747
9,509,with,312.961038961039,bulbs,for,5.676753802268282
9,510,the,301.90909090909093,with,bulbs,5.675040005790547
9,511,<UNK>,309.2857142857143,the,with,4.189654742026425
9,512,By,358.5844155844156,<UNK>,the,5.713732805509369
9,513,sixteen,392.97402597402595,By,<UNK>,5.678464666671911
9,514,<UNK>,592.1466666666666,sixteen,By,5.675040005790547
9,515,in,442.2857142857143,<UNK>,sixteen,5.681877639268151
9,516,part,428.53846153846155,in,<UNK>,5.776103136235827
9,517,as,362.4871794871795,part,in,5.676753802268282
9,518,a,338.53246753246754,as,part,5.675040005790547
9,519,result,320.5974025974026,a,as,5.688668836846153
9,520,of,313.9078947368421,result,a,5.675040005790547
9,521,<UNK>,321.7142857142857,of,result,5.676753802268282
9,522,from,336.08,<UNK>,of,5.7745515455444085
9,523,the,308.3636363636364,from,<UNK>,3.7694714614442395
9,524,<UNK>,341.83116883116884,the,from,4.0943445622221
9,525,<UNK>,406.4155844155844,<UNK>,the,2.1873722808932077
9,526,began,395.0131578947368,<UNK>,<UNK>,6.524296251136588
9,527,to,338.92105263157896,began,<UNK>,5.271288694160117
9,528,<UNK>,316.83116883116884,to,began,4.584967478670572
9,529,the,317.7142857142857,<UNK>,to,3.951243718581427
9,530,<UNK>,301.0394736842105,the,<UNK>,2.5031016933792296
9,531,In,338.6533333333333,<UNK>,the,5.202907181743378
9,532,sixteen,343.0133333333333,In,<UNK>,5.688668836846153
9,533,<UNK>,449.7368421052632,sixteen,In,5.675040005790547
9,534,the,435.89473684210526,<UNK>,sixteen,5.681877639268151
9,535,Dutch,347.5844155844156,the,<UNK>,5.887491956725004
9,536,<UNK>,333.987012987013,Dutch,the,5.271288694160117
9,537,a,315.5897435897436,<UNK>,Dutch,5.680172609017068
9,538,<UNK>,306.47435897435895,a,<UNK>,3.132268406680267
9,539,of,298.1948051948052,<UNK>,a,3.6916533809966614
9,540,<UNK>,306.85897435897436,of,<UNK>,2.6560549059838294
9,541,<UNK>,327.1645569620253,<UNK>,of,3.1004028961178793
9,542,<UNK>,410.56410256410254,<UNK>,<UNK>,1.8561512659871076
9,543,which,419.5,<UNK>,<UNK>,4.914858338702487
9,544,<UNK>,350.70512820512823,which,<UNK>,4.452684785479894
9,545,used,330.0769230769231,<UNK>,which,5.69204721843778
9,546,to,326.42857142857144,used,<UNK>,5.675040005790547
9,547,<UNK>,324.53246753246754,to,used,4.985317486111966
9,548,and,319.96153846153845,<UNK>,to,4.906755163608864
9,549,buy,317.1025641025641,and,<UNK>,5.541263545158426
9,550,contracts,332.15384615384613,buy,and,5.676753802268282
9,551,to,349.1794871794872,contracts,buy,5.675040005790547
9,552,buy,335.7435897435897,to,contracts,5.678464666671911
9,553,bulbs,350.3466666666667,buy,to,5.678464666671911
9,554,at,324.75324675324674,bulbs,buy,5.675040005790547
9,555,the,316.61038961038963,at,bulbs,5.676753802268282
9,556,end,311.5194805194805,the,at,5.296649309447339
9,557,of,305.1038961038961,end,the,5.271288694160117
9,558,the,290.15584415584414,of,end,5.271288694160117
9,559,<UNK>,308.2987012987013,the,of,2.8210735895056054
9,560,<UNK>,401.0128205128205,<UNK>,the,2.1873722808932077
9,561,<UNK>,377.78205128205127,<UNK>,<UNK>,1.8561512659871076
9,562,at,362.92,<UNK>,<UNK>,5.27153328264122
9,563,<UNK>,373.6623376623377,at,<UNK>,4.789157022101107
9,564,and,353.54545454545456,<UNK>,at,5.68697535633982
9,565,<UNK>,345.97402597402595,and,<UNK>,2.3632097148104805
9,566,were,325.42105263157896,<UNK>,and,5.147494476813453
9,567,<UNK>,322.7142857142857,were,<UNK>,3.9990343824177756
9,568,to,322.24675324675326,<UNK>,were,5.304961909266705
9,569,pay,309.24675324675326,to,<UNK>,5.122474775851791
9,570,a,333.14102564102564,pay,to,5.678464666671911
9,571,<UNK>,312.29487179487177,a,pay,5.675040005790547
9,572,<UNK>,308.64935064935065,<UNK>,a,2.4548907538477347
9,573,<UNK>,355.2105263157895,<UNK>,<UNK>,1.8561512659871076
9,574,<UNK>,395.15584415584414,<UNK>,<UNK>,1.8561512659871076
9,575,were,370.5844155844156,<UNK>,<UNK>,5.831149070576642
9,576,<UNK>,352.7402597402597,were,<UNK>,3.9990343824177756
9,577,bulbs,370.57142857142856,<UNK>,were,5.71042701737487
9,578,at,359.5,bulbs,<UNK>,5.678464666671911
9,579,higher,309.3333333333333,at,bulbs,5.676753802268282
9,580,and,297.1794871794872,higher,at,5.675040005790547
9,581,higher,303.3974358974359,and,higher,5.272999558563747
9,582,<UNK>,348.0769230769231,higher,and,5.680172609017068
9,583,<UNK>,368.35897435897436,<UNK>,higher,5.675040005790547
9,584,to,339.43589743589746,<UNK>,<UNK>,4.081949215767383
9,585,<UNK>,311.62820512820514,to,<UNK>,2.8452074908420353
9,586,them,328.15584415584414,<UNK>,to,5.823045895483019
9,587,for,319.52564102564105,them,<UNK>,5.683579767338681
9,588,a,302.79487179487177,for,them,5.675040005790547
9,589,<UNK>,322.56410256410254,a,for,4.768988271217486
9,590,"However,",371.0769230769231,<UNK>,a,5.8888779583328805
9,591,such,344.76623376623377,"However,",<UNK>,5.68697535633982
9,592,a,310.5064935064935,such,"However,",5.675040005790547
9,593,<UNK>,342.8974358974359,a,such,5.676753802268282
9,594,could,311.20512820512823,<UNK>,a,5.483412850224717
9,595,not,301.2435897435897,could,<UNK>,5.683579767338681
9,596,last,290.97435897435895,not,could,5.68697535633982
9,597,<UNK>,310.20512820512823,last,not,5.675040005790547
9,598,<UNK>,294.9230769230769,<UNK>,last,5.272999558563747
9,599,was,319.8974358974359,<UNK>,<UNK>,5.020218854360313
9,600,<UNK>,321.7402597402597,was,<UNK>,4.018837009713955
9,601,<UNK>,355.97435897435895,<UNK>,was,3.75497925581846
9,602,to,315.7088607594937,<UNK>,<UNK>,4.081949215767383
9,603,pay,284.7564102564103,to,<UNK>,5.122474775851791
9,604,such,293.8205128205128,pay,to,5.678464666671911
9,605,high,296.1666666666667,such,pay,5.675040005790547
9,606,prices,309.59493670886076,high,such,5.675040005790547
9,607,and,300.4871794871795,prices,high,5.678464666671911
9,608,take,299.6578947368421,and,prices,5.675040005790547
9,609,<UNK>,314.37179487179486,take,and,5.675040005790547
9,610,of,346.55128205128204,<UNK>,take,5.676753802268282
9,611,the,310.0769230769231,of,<UNK>,3.0417173867958143
9,612,<UNK>,313.05128205128204,the,of,2.8210735895056054
9,613,In,350.05128205128204,<UNK>,the,5.202907181743378
9,614,<UNK>,313.46153846153845,In,<UNK>,4.435905868350785
9,615,sixteen,380.24675324675326,<UNK>,In,5.683579767338681
9,616,<UNK>,486.50666666666666,sixteen,<UNK>,5.271288694160117
9,617,tulip,476.55128205128204,<UNK>,sixteen,5.276412531159987
9,618,<UNK>,377.76623376623377,tulip,<UNK>,4.988730458708206
9,619,could,345.5,<UNK>,tulip,5.678464666671911
9,620,no,354.85897435897436,could,<UNK>,5.683579767338681
9,621,longer,337.5844155844156,no,could,5.675040005790547
9,622,find,307.7402597402597,longer,no,5.680172609017068
9,623,new,321.61538461538464,find,longer,5.675040005790547
9,624,<UNK>,328.7402597402597,new,find,5.675040005790547
9,625,<UNK>,314.4871794871795,<UNK>,new,4.768988271217486
9,626,to,341.987012987013,<UNK>,<UNK>,4.081949215767383
9,627,pay,302.8333333333333,to,<UNK>,5.122474775851791
9,628,<UNK>,339.84615384615387,pay,to,5.678464666671911
9,629,<UNK>,337.31168831168833,<UNK>,pay,5.675040005790547
9,630,prices,330.62820512820514,<UNK>,<UNK>,6.524296251136588
9,631,for,319.14102564102564,prices,<UNK>,5.272999558563747
9,632,their,310.15384615384613,for,prices,5.678464666671911
9,633,<UNK>,307.92105263157896,their,for,5.675040005790547
9,634,As,332.0263157894737,<UNK>,their,5.697093486505405
9,635,this,317.6363636363636,As,<UNK>,5.683579767338681
9,636,<UNK>,312.21794871794873,this,As,5.675040005790547
9,637,<UNK>,330.987012987013,<UNK>,this,4.998900037877835
9,638,<UNK>,312.8333333333333,<UNK>,<UNK>,1.8561512659871076
9,639,the,317.8076923076923,<UNK>,<UNK>,3.45624331600297
9,640,<UNK>,335.2207792207792,the,<UNK>,2.5031016933792296
9,641,for,339.15384615384613,<UNK>,the,5.202907181743378
9,642,tulips,306.64935064935065,for,<UNK>,5.731721843345443
9,643,<UNK>,300.62820512820514,tulips,for,5.675040005790547
9,644,and,367.61538461538464,<UNK>,tulips,5.676753802268282
9,645,prices,313.64102564102564,and,<UNK>,5.94672865326659
9,646,<UNK>,308.75324675324674,prices,and,5.675040005790547
9,647,The,361.52564102564105,<UNK>,prices,5.676753802268282
9,648,<UNK>,341.1818181818182,The,<UNK>,3.4247278790723494
9,649,<UNK>,379.38961038961037,<UNK>,The,4.324132656254979
9,650,<UNK>,333.02597402597405,<UNK>,<UNK>,1.8561512659871076
9,651,Some,345.7368421052632,<UNK>,<UNK>,6.118831143028423
9,652,were,344.7142857142857,Some,<UNK>,5.678464666671911
9,653,left,331.97435897435895,were,Some,5.675040005790547
9,654,<UNK>,320.3076923076923,left,were,5.675040005790547
9,655,contracts,326.8076923076923,<UNK>,left,5.676753802268282
9,656,to,327.11538461538464,contracts,<UNK>,5.271288694160117
9,657,<UNK>,320.3246753246753,to,contracts,5.272999558563747
9,658,tulips,321.34615384615387,<UNK>,to,5.823045895483019
9,659,at,315.5,tulips,<UNK>,5.678464666671911
9,660,prices,315.6923076923077,at,tulips,5.675040005790547
9,661,now,303.70512820512823,prices,at,5.675040005790547
9,662,ten,309.34615384615387,now,prices,5.675040005790547
9,663,times,333.96153846153845,ten,now,5.675040005790547
9,664,<UNK>,314.71794871794873,times,ten,5.676753802268282
9,665,than,315.8181818181818,<UNK>,times,5.676753802268282
9,666,those,307.93589743589746,than,<UNK>,5.683579767338681
9,667,on,293.52564102564105,those,than,5.675040005790547
9,668,the,298.12820512820514,on,those,5.675040005790547
9,669,<UNK>,296.03846153846155,the,on,3.578604923653681
9,670,<UNK>,358.14285714285717,<UNK>,the,2.1873722808932077
9,671,while,344.4342105263158,<UNK>,<UNK>,6.524296251136588
9,672,<UNK>,347.8961038961039,while,<UNK>,5.678464666671911
9,673,found,322.2435897435897,<UNK>,while,5.676753802268282
9,674,themselves,295.7307692307692,found,<UNK>,5.676753802268282
9,675,in,324.8333333333333,themselves,found,5.675040005790547
9,676,<UNK>,323.6923076923077,in,themselves,5.676753802268282
9,677,of,310.46153846153845,<UNK>,in,5.318119993844216
9,678,bulbs,297.55128205128204,of,<UNK>,5.87493073085203
9,679,now,312.6794871794872,bulbs,of,5.675040005790547
9,680,<UNK>,301.5921052631579,now,bulbs,5.675040005790547
9,681,a,306.79487179487177,<UNK>,now,5.685279003091641
9,682,<UNK>,319.4230769230769,a,<UNK>,3.132268406680267
9,683,of,301.62820512820514,<UNK>,a,3.6916533809966614
9,684,the,292.1666666666667,of,<UNK>,3.0417173867958143
9,685,<UNK>,302.97435897435895,the,of,2.8210735895056054
9,686,they,292.1666666666667,<UNK>,the,6.119197913617533
9,687,had,305.6666666666667,they,<UNK>,5.284894346215896
9,688,<UNK>,318.61538461538464,had,they,5.680172609017068
9,689,The,339.8666666666667,<UNK>,had,5.316484670503486
9,690,<UNK>,304.05263157894734,The,<UNK>,3.4247278790723494
9,691,was,324.65384615384613,<UNK>,The,5.71042701737487
9,692,<UNK>,334.8333333333333,was,<UNK>,4.018837009713955
9,693,in,341.8051948051948,<UNK>,was,4.671269987692615
9,694,<UNK>,337.65384615384613,in,<UNK>,3.984343667007772
9,695,<UNK>,359.62820512820514,<UNK>,in,4.33729074083249
9,696,by,420.02597402597405,<UNK>,<UNK>,4.819548158898162
9,697,the,330.84615384615387,by,<UNK>,3.644143560272545
9,698,book,306.78205128205127,the,by,5.71042701737487
9,699,<UNK>,415.6666666666667,book,the,5.675040005790547
9,700,<UNK>,404.71794871794873,<UNK>,book,5.675040005790547
9,701,<UNK>,440.9342105263158,<UNK>,<UNK>,1.8561512659871076
9,702,and,400.15384615384613,<UNK>,<UNK>,3.367295829986474
9,703,the,352.3974358974359,and,<UNK>,3.6954368546600955
9,704,<UNK>,339.3376623376623,the,and,4.0089847132709435
9,705,of,338.46753246753246,<UNK>,the,3.1234656400635425
9,706,<UNK>,381.49333333333334,of,<UNK>,2.6560549059838294
9,707,that,399.61538461538464,<UNK>,of,4.858260813670253
9,708,a,345.0,that,<UNK>,5.36753243556951
9,709,<UNK>,320.75,a,that,4.987025428457122
9,710,<UNK>,329.90909090909093,<UNK>,a,2.4548907538477347
9,711,<UNK>,345.2236842105263,<UNK>,<UNK>,1.8561512659871076
9,712,Mackay,369.5405405405405,<UNK>,<UNK>,6.524296251136588
9,713,<UNK>,396.5769230769231,Mackay,<UNK>,5.271288694160117
9,714,That,389.2987012987013,<UNK>,Mackay,5.678464666671911
9,715,<UNK>,354.2857142857143,That,<UNK>,5.688668836846153
9,716,of,378.4805194805195,<UNK>,That,5.675040005790547
9,717,people,331.7432432432432,of,<UNK>,5.469465622743866
9,718,often,323.46753246753246,people,of,5.676753802268282
9,719,<UNK>,311.88461538461536,often,people,5.675040005790547
9,720,<UNK>,347.6666666666667,<UNK>,often,5.276412531159987
9,721,was,341.83116883116884,<UNK>,<UNK>,5.020218854360313
9,722,the,305.35897435897436,was,<UNK>,4.807294370078226
9,723,<UNK>,317.0,the,was,4.315820056435613
9,724,<UNK>,326.3766233766234,<UNK>,the,2.1873722808932077
9,725,of,324.3076923076923,<UNK>,<UNK>,3.9216065656922034
9,726,the,311.4230769230769,of,<UNK>,3.0417173867958143
9,727,<UNK>,281.7564102564103,the,of,2.8210735895056054
9,728,and,322.65384615384613,<UNK>,the,3.676850878248329
9,729,tulip,300.126582278481,and,<UNK>,5.94672865326659
9,730,mania,343.0921052631579,tulip,and,5.675040005790547
9,731,was,309.97402597402595,mania,tulip,5.678464666671911
9,732,one,294.35064935064935,was,mania,5.678464666671911
9,733,of,279.56410256410254,one,was,5.272999558563747
9,734,the,272.84615384615387,of,one,4.302374475726262
9,735,<UNK>,303.52564102564105,the,of,2.8210735895056054
9,736,<UNK>,319.1392405063291,<UNK>,the,2.1873722808932077
9,737,<UNK>,339.26582278481015,<UNK>,<UNK>,1.8561512659871076
9,738,to,321.5657894736842,<UNK>,<UNK>,4.081949215767383
9,739,<UNK>,320.37179487179486,to,<UNK>,2.8452074908420353
9,740,at,337.2597402597403,<UNK>,to,5.823045895483019
9,741,one,317.05128205128204,at,<UNK>,5.705447753975262
9,742,point,340.78205128205127,one,at,5.675040005790547
9,743,<UNK>,315.2025316455696,point,one,5.676753802268282
9,744,<UNK>,326.4025974025974,<UNK>,point,5.675040005790547
9,745,of,335.5128205128205,<UNK>,<UNK>,3.9216065656922034
9,746,land,303.9230769230769,of,<UNK>,5.469465622743866
9,747,were,298.4415584415584,land,of,5.676753802268282
9,748,<UNK>,301.9102564102564,were,land,5.675040005790547
9,749,for,317.27848101265823,<UNK>,were,5.71042701737487
9,750,a,309.71794871794873,for,<UNK>,4.478958874850075
9,751,<UNK>,305.87012987012986,a,for,4.768988271217486
9,752,<UNK>,439.7631578947368,<UNK>,a,2.4548907538477347
9,753,<UNK>,455.9868421052632,<UNK>,<UNK>,1.8561512659871076
9,754,He,468.02564102564105,<UNK>,<UNK>,6.524296251136588
9,755,<UNK>,377.47435897435895,He,<UNK>,5.288267030694535
9,756,that,334.7307692307692,<UNK>,He,5.680172609017068
9,757,many,323.29487179487177,that,<UNK>,5.079850363117729
9,758,such,345.30263157894734,many,that,5.678464666671911
9,759,<UNK>,345.7402597402597,such,many,5.675040005790547
9,760,<UNK>,331.1038961038961,<UNK>,such,5.675040005790547
9,761,by,332.6842105263158,<UNK>,<UNK>,4.819548158898162
9,762,the,355.961038961039,by,<UNK>,3.644143560272545
9,763,<UNK>,310.9220779220779,the,by,4.206349620598596
9,764,in,304.13157894736844,<UNK>,the,4.866434945122165
9,765,prices,323.0394736842105,in,<UNK>,5.776103136235827
9,766,were,320.8243243243243,prices,in,5.675040005790547
9,767,<UNK>,326.6842105263158,were,prices,5.675040005790547
9,768,and,337.4736842105263,<UNK>,were,4.794136285500715
9,769,Dutch,317.6578947368421,and,<UNK>,5.94672865326659
9,770,<UNK>,323.87012987012986,Dutch,and,5.675040005790547
9,771,<UNK>,354.88461538461536,<UNK>,Dutch,4.987025428457122
9,772,a,318.4025974025974,<UNK>,<UNK>,4.819548158898162
9,773,<UNK>,308.24675324675326,a,<UNK>,3.132268406680267
9,774,<UNK>,340.16883116883116,<UNK>,a,2.4548907538477347
9,775,In,356.3246753246753,<UNK>,<UNK>,6.118831143028423
9,776,<UNK>,337.85897435897436,In,<UNK>,4.435905868350785
9,777,<UNK>,356.09090909090907,<UNK>,In,5.278114659230518
9,778,the,357.38961038961037,<UNK>,<UNK>,3.45624331600297
9,779,<UNK>,332.987012987013,the,<UNK>,2.5031016933792296
9,780,tulip,344.15584415584414,<UNK>,the,6.119197913617533
9,781,<UNK>,344.94736842105266,tulip,<UNK>,4.988730458708206
9,782,<UNK>,371.12,<UNK>,tulip,5.272999558563747
9,783,help,350.3376623376623,<UNK>,<UNK>,6.524296251136588
9,784,from,326.35064935064935,help,<UNK>,5.675040005790547
9,785,the,301.64935064935065,from,help,5.675040005790547
9,786,government,311.6842105263158,the,from,5.703782474656201
9,787,of,330.2236842105263,government,the,5.676753802268282
9,788,the,320.0394736842105,of,government,5.675040005790547
9,789,<UNK>,371.8666666666667,the,of,2.8210735895056054
9,790,which,334.67105263157896,<UNK>,the,5.713732805509369
9,791,<UNK>,317.0657894736842,which,<UNK>,4.452684785479894
9,792,by,320.94805194805195,<UNK>,which,5.69204721843778
9,793,<UNK>,313.72727272727275,by,<UNK>,4.219507705176107
9,794,that,310.64473684210526,<UNK>,by,5.697093486505405
9,795,<UNK>,304.4415584415584,that,<UNK>,3.693556001997838
9,796,who,305.61842105263156,<UNK>,that,5.717027701406222
9,797,had,303.7922077922078,who,<UNK>,4.469186810116282
9,798,<UNK>,282.31168831168833,had,who,4.997212273764115
9,799,contracts,298.2987012987013,<UNK>,had,5.72194977861165
9,800,to,342.5897435897436,contracts,<UNK>,5.271288694160117
9,801,<UNK>,315.7402597402597,to,contracts,5.272999558563747
9,802,bulbs,305.6363636363636,<UNK>,to,5.823045895483019
9,803,in,295.961038961039,bulbs,<UNK>,5.678464666671911
9,804,the,284.7012987012987,in,bulbs,5.675040005790547
9,805,<UNK>,301.5064935064935,the,in,2.968080742223481
9,806,could,316.88157894736844,<UNK>,the,6.119197913617533
9,807,<UNK>,312.3333333333333,could,<UNK>,5.278114659230518
9,808,their,305.7402597402597,<UNK>,could,5.685279003091641
9,809,<UNK>,300.94871794871796,their,<UNK>,4.586666714423532
9,810,by,319.2207792207792,<UNK>,their,5.697093486505405
9,811,<UNK>,312.06493506493507,by,<UNK>,4.219507705176107
9,812,of,317.5974025974026,<UNK>,by,5.003946305945459
9,813,a,296.76623376623377,of,<UNK>,4.622167762356662
9,814,ten,325.30263157894734,a,of,5.68697535633982
9,815,<UNK>,372.4736842105263,ten,a,5.675040005790547
9,816,<UNK>,350.24675324675326,<UNK>,ten,5.676753802268282
9,817,<UNK>,384.986301369863,<UNK>,<UNK>,1.8561512659871076
9,818,that,383.48,<UNK>,<UNK>,4.17292099397311
9,819,were,339.4025974025974,that,<UNK>,4.674385255009565
9,820,made,327.1168831168831,were,that,5.683579767338681
9,821,to,320.3376623376623,made,were,5.675040005790547
9,822,<UNK>,301.12987012987014,to,made,5.675040005790547
9,823,the,316.2207792207792,<UNK>,to,3.951243718581427
9,824,<UNK>,299.35064935064935,the,<UNK>,2.5031016933792296
9,825,to,323.6623376623377,<UNK>,the,5.202907181743378
9,826,the,330.82894736842104,to,<UNK>,3.8007189358694715
9,827,<UNK>,339.5194805194805,the,to,3.5900336194773037
9,828,of,324.1168831168831,<UNK>,the,3.1234656400635425
9,829,all,284.961038961039,of,<UNK>,5.181783550292085
9,830,<UNK>,288.20512820512823,all,of,5.680172609017068
9,831,were,301.4805194805195,<UNK>,all,5.685279003091641
9,832,<UNK>,353.0263157894737,were,<UNK>,3.9990343824177756
9,833,The,357.6578947368421,<UNK>,were,5.71042701737487
9,834,mania,348.3157894736842,The,<UNK>,5.776103136235827
9,835,finally,340.1948051948052,mania,The,5.675040005790547
9,836,<UNK>,333.15584415584414,finally,mania,5.675040005790547
9,837,Mackay,320.3636363636364,<UNK>,finally,5.676753802268282
9,838,<UNK>,349.38157894736844,Mackay,<UNK>,5.271288694160117
9,839,with,313.038961038961,<UNK>,Mackay,5.272999558563747
9,840,<UNK>,313.6623376623377,with,<UNK>,3.8631559152230595
9,841,<UNK>,316.2987012987013,<UNK>,with,4.31748811353631
9,842,with,325.2987012987013,<UNK>,<UNK>,4.819548158898162
9,843,the,347.038961038961,with,<UNK>,4.12552017969055
9,844,bulbs,317.10526315789474,the,with,5.6937321388027
9,845,they,311.4868421052632,bulbs,the,5.675040005790547
9,846,held,308.76623376623377,they,bulbs,5.675040005790547
9,847,at,312.09090909090907,held,they,5.675040005790547
9,848,the,313.038961038961,at,held,5.675040005790547
9,849,end,309.4025974025974,the,at,5.296649309447339
9,850,of,300.68831168831167,end,the,5.271288694160117
9,851,the,283.3157894736842,of,end,5.271288694160117
9,852,<UNK>,306.24675324675326,the,of,2.8210735895056054
9,853,No,383.37333333333333,<UNK>,the,6.119197913617533
9,854,<UNK>,321.27272727272725,No,<UNK>,5.271288694160117
9,855,would,326.2207792207792,<UNK>,No,5.678464666671911
9,856,<UNK>,329.3766233766234,would,<UNK>,5.680172609017068
9,857,<UNK>,329.2077922077922,<UNK>,would,5.278114659230518
9,858,of,310.12987012987014,<UNK>,<UNK>,3.9216065656922034
9,859,a,297.63157894736844,of,<UNK>,4.622167762356662
9,860,<UNK>,303.88157894736844,a,of,4.434212387844452
9,861,since,364.4868421052632,<UNK>,a,5.8888779583328805
9,862,<UNK>,317.97435897435895,since,<UNK>,5.678464666671911
9,863,<UNK>,314.92,<UNK>,since,5.675040005790547
9,864,the,338.49333333333334,<UNK>,<UNK>,3.45624331600297
9,865,<UNK>,314.2972972972973,the,<UNK>,2.5031016933792296
9,866,as,316.06666666666666,<UNK>,the,5.202907181743378
9,867,<UNK>,344.85526315789474,as,<UNK>,4.478958874850075
9,868,through,372.4078947368421,<UNK>,as,5.7120812774708964
9,869,<UNK>,358.5131578947368,through,<UNK>,5.683579767338681
9,870,and,365.8918918918919,<UNK>,through,5.676753802268282
9,871,thus,342.2368421052632,and,<UNK>,5.541263545158426
9,872,not,326.76623376623377,thus,and,5.676753802268282
9,873,<UNK>,324.68831168831167,not,thus,5.675040005790547
9,874,by,319.6756756756757,<UNK>,not,5.71042701737487
9,875,<UNK>,372.1232876712329,by,<UNK>,4.219507705176107
9,876,Although,363.94594594594594,<UNK>,by,5.697093486505405
9,877,<UNK>,339.4054054054054,Although,<UNK>,5.680172609017068
9,878,book,338.72,<UNK>,Although,5.675040005790547
9,879,is,313.7866666666667,book,<UNK>,5.675040005790547
9,880,a,290.68,is,book,5.675040005790547
9,881,<UNK>,290.0921052631579,a,is,5.276412531159987
9,882,that,308.4736842105263,<UNK>,a,5.8888779583328805
9,883,many,299.92,that,<UNK>,5.079850363117729
9,884,<UNK>,313.0,many,that,5.678464666671911
9,885,<UNK>,317.2631578947368,<UNK>,many,5.680172609017068
9,886,<UNK>,338.81081081081084,<UNK>,<UNK>,1.8561512659871076
9,887,<UNK>,308.7763157894737,<UNK>,<UNK>,1.8561512659871076
9,888,<UNK>,374.97333333333336,<UNK>,<UNK>,1.8561512659871076
9,889,his,355.3066666666667,<UNK>,<UNK>,6.524296251136588
9,890,<UNK>,322.88,his,<UNK>,4.189654742026425
9,891,is,302.5394736842105,<UNK>,his,5.72194977861165
9,892,<UNK>,320.49333333333334,is,<UNK>,4.598481197837295
9,893,Many,416.46666666666664,<UNK>,is,5.69204721843778
9,894,<UNK>,342.8157894736842,Many,<UNK>,5.678464666671911
9,895,<UNK>,317.5657894736842,<UNK>,Many,5.675040005790547
9,896,<UNK>,312.3333333333333,<UNK>,<UNK>,1.8561512659871076
9,897,the,324.24,<UNK>,<UNK>,3.45624331600297
9,898,mania,301.10526315789474,the,<UNK>,5.887491956725004
9,899,was,303.2266666666667,mania,the,5.675040005790547
9,900,not,297.4805194805195,was,mania,5.678464666671911
9,901,as,291.9868421052632,not,was,5.68697535633982
9,902,<UNK>,300.6933333333333,as,not,5.675040005790547
9,903,as,305.55263157894734,<UNK>,as,4.613468988802786
9,904,Mackay,292.9866666666667,as,<UNK>,5.731721843345443
9,905,<UNK>,336.44736842105266,Mackay,as,5.675040005790547
9,906,with,324.5263157894737,<UNK>,Mackay,5.272999558563747
9,907,some,318.84,with,<UNK>,5.734958092124651
9,908,<UNK>,305.2266666666667,some,with,5.675040005790547
9,909,that,325.80263157894734,<UNK>,some,5.278114659230518
9,910,the,284.84,that,<UNK>,4.2689201469014
9,911,<UNK>,277.9866666666667,the,that,3.7776749528970677
9,912,<UNK>,277.2763157894737,<UNK>,the,2.1873722808932077
9,913,may,301.57894736842104,<UNK>,<UNK>,5.831149070576642
9,914,not,295.32894736842104,may,<UNK>,5.685279003091641
9,915,have,298.2236842105263,not,may,5.676753802268282
9,916,<UNK>,314.1081081081081,have,not,5.271288694160117
9,917,a,362.80263157894734,<UNK>,have,5.286582110329616
9,918,<UNK>,323.26666666666665,a,<UNK>,3.132268406680267
9,919,<UNK>,363.9605263157895,<UNK>,a,2.4548907538477347
9,920,on,377.2133333333333,<UNK>,<UNK>,5.831149070576642
9,921,the,316.60526315789474,on,<UNK>,3.84850959970582
9,922,tulip,289.8831168831169,the,on,5.718671087149952
9,923,mania,316.43243243243245,tulip,the,5.675040005790547
9,924,is,311.5921052631579,mania,tulip,5.678464666671911
9,925,<UNK>,309.4342105263158,is,mania,5.675040005790547
9,926,because,312.3766233766234,<UNK>,is,5.69204721843778
9,927,of,304.15584415584414,because,<UNK>,5.6937321388027
9,928,the,302.5,of,because,5.675040005790547
9,929,<UNK>,290.2894736842105,the,of,2.8210735895056054
9,930,<UNK>,287.12,<UNK>,the,2.1873722808932077
9,931,from,298.39473684210526,<UNK>,<UNK>,5.138001890016697
9,932,the,294.2631578947368,from,<UNK>,3.7694714614442395
9,933,sixteen,297.25,the,from,5.703782474656201
9,934,<UNK>,306.0263157894737,sixteen,the,5.675040005790547
9,935,"However,",413.4054054054054,<UNK>,sixteen,5.681877639268151
9,936,some,358.14473684210526,"However,",<UNK>,5.68697535633982
9,937,<UNK>,349.29333333333335,some,"However,",5.675040005790547
9,938,<UNK>,386.80263157894734,<UNK>,some,5.278114659230518
9,939,have,341.13157894736844,<UNK>,<UNK>,5.831149070576642
9,940,<UNK>,308.69736842105266,have,<UNK>,4.988730458708206
9,941,<UNK>,331.85526315789474,<UNK>,have,4.775756486563625
9,942,<UNK>,397.7922077922078,<UNK>,<UNK>,1.8561512659871076
9,943,<UNK>,355.0,<UNK>,<UNK>,1.8561512659871076
9,944,than,333.67105263157896,<UNK>,<UNK>,6.118831143028423
9,945,a,314.3421052631579,than,<UNK>,5.278114659230518
9,946,<UNK>,322.0394736842105,a,than,5.271288694160117
9,947,<UNK>,359.60526315789474,<UNK>,a,2.4548907538477347
9,948,for,333.9736842105263,<UNK>,<UNK>,5.138001890016697
9,949,the,329.53333333333336,for,<UNK>,4.633109554677333
9,950,<UNK>,302.7631578947368,the,for,4.440969170307332
9,951,and,293.61038961038963,<UNK>,the,3.676850878248329
9,952,<UNK>,284.5733333333333,and,<UNK>,2.3632097148104805
9,953,in,305.3378378378378,<UNK>,and,5.435176549265234
9,954,<UNK>,319.4605263157895,in,<UNK>,3.984343667007772
9,955,For,351.4736842105263,<UNK>,in,5.723585101952381
9,956,"example,",305.7866666666667,For,<UNK>,4.988730458708206
9,957,other,317.57894736842104,"example,",For,5.678464666671911
9,958,<UNK>,318.04,other,"example,",5.675040005790547
9,959,such,354.7631578947368,<UNK>,other,5.68697535633982
9,960,as,290.22972972972974,such,<UNK>,4.583265350600041
9,961,the,277.2763157894737,as,such,5.681877639268151
9,962,<UNK>,291.0131578947368,the,as,4.586666714423532
9,963,also,371.8421052631579,<UNK>,the,6.119197913617533
9,964,had,320.89473684210526,also,<UNK>,5.675040005790547
9,965,high,302.6575342465753,had,also,5.675040005790547
9,966,prices,296.32894736842104,high,had,5.675040005790547
9,967,on,307.2894736842105,prices,high,5.678464666671911
9,968,the,291.41333333333336,on,prices,5.675040005790547
9,969,<UNK>,301.6533333333333,the,on,3.578604923653681
9,970,<UNK>,365.6621621621622,<UNK>,the,2.1873722808932077
9,971,which,348.3066666666667,<UNK>,<UNK>,4.914858338702487
9,972,then,321.64864864864865,which,<UNK>,5.705447753975262
9,973,fell,305.2266666666667,then,which,5.675040005790547
9,974,<UNK>,311.8243243243243,fell,then,5.675040005790547
9,975,The,329.75,<UNK>,fell,5.675040005790547
9,976,high,322.81333333333333,The,<UNK>,5.776103136235827
9,977,prices,331.72972972972974,high,The,5.675040005790547
9,978,may,311.47297297297297,prices,high,5.678464666671911
9,979,also,285.2432432432432,may,prices,5.675040005790547
9,980,have,287.35135135135135,also,may,5.675040005790547
9,981,been,293.61333333333334,have,also,5.675040005790547
9,982,<UNK>,298.7567567567568,been,have,5.272999558563747
9,983,by,280.1333333333333,<UNK>,been,5.6937321388027
9,984,<UNK>,316.3013698630137,by,<UNK>,4.219507705176107
9,985,of,325.1081081081081,<UNK>,by,5.003946305945459
9,986,a,296.94594594594594,of,<UNK>,4.622167762356662
9,987,<UNK>,323.62666666666667,a,of,4.434212387844452
9,988,<UNK>,386.4864864864865,<UNK>,a,2.4548907538477347
9,989,that,394.5263157894737,<UNK>,<UNK>,4.17292099397311
9,990,contracts,334.14473684210526,that,<UNK>,5.772997543677674
9,991,could,335.1842105263158,contracts,that,5.675040005790547
9,992,be,317.0933333333333,could,contracts,5.675040005790547
9,993,<UNK>,300.7894736842105,be,could,5.676753802268282
9,994,for,313.43243243243245,<UNK>,be,5.313205979041787
9,995,a,311.3066666666667,for,<UNK>,4.478958874850075
9,996,small,303.32,a,for,5.685279003091641
9,997,<UNK>,335.92,small,a,5.675040005790547
9,998,thus,307.55263157894734,<UNK>,small,5.676753802268282
9,999,<UNK>,348.28,thus,<UNK>,5.675040005790547
9,1000,the,356.8,<UNK>,thus,5.676753802268282
9,1001,<UNK>,299.38666666666666,the,<UNK>,2.5031016933792296
9,1002,to,306.7763157894737,<UNK>,the,5.202907181743378
9,1003,<UNK>,320.94666666666666,to,<UNK>,2.8452074908420353
9,1004,<UNK>,387.92105263157896,<UNK>,to,3.5717540968765236
9,1005,these,337.5405405405405,<UNK>,<UNK>,6.118831143028423
9,1006,<UNK>,317.30263157894734,these,<UNK>,5.272999558563747
9,1007,about,368.50666666666666,<UNK>,these,5.680172609017068
9,1008,<UNK>,329.8157894736842,about,<UNK>,5.281510248231656
9,1009,the,336.7368421052632,<UNK>,about,5.272999558563747
9,1010,<UNK>,307.56,the,<UNK>,2.5031016933792296
9,1011,<UNK>,339.3333333333333,<UNK>,the,2.1873722808932077
9,1012,<UNK>,379.11842105263156,<UNK>,<UNK>,1.8561512659871076
9,1013,an,367.16883116883116,<UNK>,<UNK>,6.118831143028423
9,1014,economic,333.70666666666665,an,<UNK>,5.683579767338681
9,1015,<UNK>,331.5394736842105,economic,an,5.675040005790547
9,1016,the,364.68918918918916,<UNK>,economic,5.678464666671911
9,1017,<UNK>,333.11842105263156,the,<UNK>,2.5031016933792296
9,1018,<UNK>,308.89473684210526,<UNK>,the,2.1873722808932077
9,1019,<UNK>,340.14666666666665,<UNK>,<UNK>,1.8561512659871076
9,1020,is,345.16,<UNK>,<UNK>,5.6080055192624325
9,1021,still,309.7837837837838,is,<UNK>,5.697093486505405
9,1022,often,294.60526315789474,still,is,5.675040005790547
9,1023,used,302.9736842105263,often,still,5.675040005790547
9,1024,<UNK>,335.93506493506493,used,often,5.675040005790547
9,1025,to,349.36486486486484,<UNK>,used,5.675040005790547
9,1026,<UNK>,315.1578947368421,to,<UNK>,2.8452074908420353
9,1027,to,292.4078947368421,<UNK>,to,5.1298987149230735
9,1028,any,286.2133333333333,to,<UNK>,5.815621956411737
9,1029,large,314.1818181818182,any,to,5.675040005790547
9,1030,economic,320.23376623376623,large,any,5.675040005790547
9,1031,<UNK>,315.3766233766234,economic,large,5.675040005790547
9,1032,when,390.1012658227848,<UNK>,economic,5.678464666671911
9,1033,<UNK>,307.12820512820514,when,<UNK>,5.286582110329616
9,1034,prices,328.0657894736842,<UNK>,when,5.676753802268282
9,1035,<UNK>,342.6623376623377,prices,<UNK>,5.678464666671911
9,1036,from,367.32911392405066,<UNK>,prices,5.676753802268282
9,1037,<UNK>,397.3766233766234,from,<UNK>,4.799090878625398
9,1038,<UNK>,516.5064935064935,<UNK>,from,4.998900037877835
10,2,<UNK>,522.8181818181819,Tourette's,<UNK>,5.276412531159987
10,3,a,464.75,<UNK>,Tourette's,5.681877639268151
10,4,<UNK>,447.6623376623377,a,<UNK>,3.132268406680267
10,5,<UNK>,427.23376623376623,<UNK>,a,2.4548907538477347
10,6,<UNK>,463.63513513513516,<UNK>,<UNK>,1.8561512659871076
10,7,by,394.92105263157896,<UNK>,<UNK>,4.819548158898162
10,8,<UNK>,421.44736842105266,by,<UNK>,4.219507705176107
10,9,<UNK>,437.7027027027027,<UNK>,by,5.29162837839724
10,10,<UNK>,427.4657534246575,<UNK>,<UNK>,1.8561512659871076
10,11,was,487.68918918918916,<UNK>,<UNK>,5.020218854360313
10,12,named,359.63513513513516,was,<UNK>,5.723585101952381
10,13,for,365.6216216216216,named,was,5.675040005790547
10,14,<UNK>,337.97222222222223,for,named,5.675040005790547
10,15,<UNK>,427.125,<UNK>,for,5.28994911687752
10,16,<UNK>,473.7638888888889,<UNK>,<UNK>,1.8561512659871076
10,17,de,470.25,<UNK>,<UNK>,6.118831143028423
10,18,<UNK>,413.44444444444446,de,<UNK>,5.271288694160117
10,19,<UNK>,486.38028169014086,<UNK>,de,5.678464666671911
10,20,the,440.8082191780822,<UNK>,<UNK>,3.45624331600297
10,21,<UNK>,432.1621621621622,the,<UNK>,2.5031016933792296
10,22,<UNK>,393.5890410958904,<UNK>,the,2.1873722808932077
10,23,<UNK>,398.6666666666667,<UNK>,<UNK>,1.8561512659871076
10,24,who,414.40845070422534,<UNK>,<UNK>,5.27153328264122
10,25,first,381.1,who,<UNK>,5.72194977861165
10,26,<UNK>,371.43055555555554,first,who,5.675040005790547
10,27,the,387.6986301369863,<UNK>,first,5.685279003091641
10,28,condition,383.027397260274,the,<UNK>,5.887491956725004
10,29,in,346.3918918918919,condition,the,5.675040005790547
10,30,an,335.54794520547944,in,condition,5.675040005790547
10,31,<UNK>,687.3661971830986,an,in,4.583265350600041
10,32,<UNK>,596.4444444444445,<UNK>,an,3.997366325317079
10,33,<UNK>,694.7916666666666,<UNK>,<UNK>,1.8561512659871076
10,34,It,559.6849315068494,<UNK>,<UNK>,5.27153328264122
10,35,is,390.6164383561644,It,<UNK>,4.62333748994354
10,36,almost,379.7027027027027,is,It,5.683579767338681
10,37,always,407.36,almost,is,5.675040005790547
10,38,in,410.8082191780822,always,almost,5.675040005790547
10,39,<UNK>,356.72972972972974,in,always,5.675040005790547
10,40,that,370.06756756756755,<UNK>,in,5.723585101952381
10,41,the,341.8082191780822,that,<UNK>,4.2689201469014
10,42,early,372.71232876712327,the,that,5.723585101952381
10,43,symptoms,456.4109589041096,early,the,5.678464666671911
10,44,of,349.55405405405406,symptoms,early,5.675040005790547
10,45,Tourette's,337.64383561643837,of,symptoms,5.271288694160117
10,46,are,339.1232876712329,Tourette's,of,5.274707500908903
10,47,first,365.375,are,Tourette's,5.676753802268282
10,48,<UNK>,354.43835616438355,first,are,5.675040005790547
10,49,with,350.8904109589041,<UNK>,first,5.685279003091641
10,50,the,357.958904109589,with,<UNK>,4.12552017969055
10,51,<UNK>,377.16438356164383,the,with,4.189654742026425
10,52,<UNK>,375.38028169014086,<UNK>,the,2.1873722808932077
10,53,<UNK>,374.875,<UNK>,<UNK>,1.8561512659871076
10,54,the,338.02777777777777,<UNK>,<UNK>,3.45624331600297
10,55,<UNK>,331.36986301369865,the,<UNK>,2.5031016933792296
10,56,of,375.027397260274,<UNK>,the,3.1234656400635425
10,57,<UNK>,382.7671232876712,of,<UNK>,2.6560549059838294
10,58,and,373.3424657534247,<UNK>,of,4.270474148768134
10,59,ten,374.6111111111111,and,<UNK>,5.94672865326659
10,60,years.,381.72222222222223,ten,and,5.675040005790547
10,61,It,431.2739726027397,years.,ten,5.675040005790547
10,62,is,357.6575342465753,It,years.,5.675040005790547
10,63,<UNK>,365.43835616438355,is,It,5.683579767338681
10,64,that,355.8904109589041,<UNK>,is,5.69204721843778
10,65,two,366.35135135135135,that,<UNK>,5.772997543677674
10,66,hundred,354.9166666666667,two,that,5.675040005790547
10,67,<UNK>,366.5416666666667,hundred,two,5.675040005790547
10,68,<UNK>,422.056338028169,<UNK>,hundred,5.675040005790547
10,69,have,432.93150684931504,<UNK>,<UNK>,5.831149070576642
10,70,the,397.5068493150685,have,<UNK>,5.681877639268151
10,71,most,369.6164383561644,the,have,5.675040005790547
10,72,<UNK>,352.16901408450707,most,the,4.300680995219929
10,73,<UNK>,398.8888888888889,<UNK>,most,4.993828175779875
10,74,of,358.71232876712327,<UNK>,<UNK>,3.9216065656922034
10,75,"Tourette's,",375.2191780821918,of,<UNK>,5.469465622743866
10,76,and,360.47945205479454,"Tourette's,",of,5.676753802268282
10,77,as,341.84722222222223,and,"Tourette's,",5.675040005790547
10,78,many,379.4246575342466,as,and,5.675040005790547
10,79,as,340.0135135135135,many,as,5.676753802268282
10,80,one,330.7027027027027,as,many,5.675040005790547
10,81,in,327.47297297297297,one,as,5.678464666671911
10,82,a,368.3150684931507,in,one,5.675040005790547
10,83,hundred,375.4054054054054,a,in,5.68697535633982
10,84,people,413.0405405405405,hundred,a,5.675040005790547
10,85,<UNK>,415.8243243243243,people,hundred,5.676753802268282
10,86,<UNK>,349.0,<UNK>,people,5.680172609017068
10,87,and,442.4189189189189,<UNK>,<UNK>,3.367295829986474
10,88,<UNK>,364.8378378378378,and,<UNK>,2.3632097148104805
10,89,<UNK>,356.31081081081084,<UNK>,and,3.355735007585398
10,90,symptoms,365.97297297297297,<UNK>,<UNK>,6.118831143028423
10,91,that,365.2328767123288,symptoms,<UNK>,5.678464666671911
10,92,include,392.8918918918919,that,symptoms,5.675040005790547
10,93,<UNK>,365.14864864864865,include,that,5.271288694160117
10,94,motor,360.36486486486484,<UNK>,include,5.683579767338681
10,95,and,383.22972972972974,motor,<UNK>,5.678464666671911
10,96,vocal,407.72972972972974,and,motor,5.271288694160117
10,97,tics,373.7260273972603,vocal,and,5.271288694160117
10,98,or,427.54794520547944,tics,vocal,5.680172609017068
10,99,<UNK>,449.56756756756755,or,tics,5.675040005790547
10,100,tics,372.4109589041096,<UNK>,or,5.723585101952381
10,101,of,409.72972972972974,tics,<UNK>,5.676753802268282
10,102,<UNK>,445.0821917808219,of,tics,5.675040005790547
10,103,For,433.5138888888889,<UNK>,of,5.7745515455444085
10,104,the,361.8783783783784,For,<UNK>,5.681877639268151
10,105,<UNK>,396.81081081081084,the,For,5.675040005790547
10,106,of,355.64864864864865,<UNK>,the,3.1234656400635425
10,107,people,367.94594594594594,of,<UNK>,5.469465622743866
10,108,<UNK>,383.24657534246575,people,of,5.676753802268282
10,109,with,380.7808219178082,<UNK>,people,5.680172609017068
10,110,the,339.2739726027397,with,<UNK>,4.12552017969055
10,111,<UNK>,399.7945205479452,the,with,4.189654742026425
10,112,Tourette's,385.7945205479452,<UNK>,the,6.119197913617533
10,113,is,387.05479452054794,Tourette's,<UNK>,5.276412531159987
10,114,not,358.47945205479454,is,Tourette's,5.681877639268151
10,115,a,375.5068493150685,not,is,5.676753802268282
10,116,<UNK>,351.8243243243243,a,not,5.271288694160117
10,117,condition,404.013698630137,<UNK>,a,5.8888779583328805
10,118,with,401.3013698630137,condition,<UNK>,5.675040005790547
10,119,symptoms,373.88,with,condition,5.675040005790547
10,120,<UNK>,372.4594594594595,symptoms,with,5.675040005790547
10,121,a,349.2432432432432,<UNK>,symptoms,5.675040005790547
10,122,<UNK>,371.77027027027026,a,<UNK>,3.132268406680267
10,123,<UNK>,399.8918918918919,<UNK>,a,2.4548907538477347
10,124,it,341.5405405405405,<UNK>,<UNK>,5.6080055192624325
10,125,is,319.36486486486484,it,<UNK>,5.294978465282522
10,126,a,348.13698630136986,is,it,5.678464666671911
10,127,condition,378.1111111111111,a,is,5.681877639268151
10,128,<UNK>,348.3013698630137,condition,a,5.675040005790547
10,129,<UNK>,349.83561643835617,<UNK>,condition,5.675040005790547
10,130,<UNK>,368.18918918918916,<UNK>,<UNK>,1.8561512659871076
10,131,in,334.3783783783784,<UNK>,<UNK>,4.273004452530092
10,132,the,342.3783783783784,in,<UNK>,3.250374491927572
10,133,early,333.0945945945946,the,in,5.771441123130016
10,134,<UNK>,322.7027027027027,early,the,5.678464666671911
10,135,with,358.3013698630137,<UNK>,early,5.675040005790547
10,136,<UNK>,393.67123287671234,with,<UNK>,3.8631559152230595
10,137,<UNK>,369.9054054054054,<UNK>,with,4.31748811353631
10,138,in,396.3783783783784,<UNK>,<UNK>,4.273004452530092
10,139,the,318.0405405405405,in,<UNK>,3.250374491927572
10,140,late,315.35135135135135,the,in,5.771441123130016
10,141,<UNK>,328.1917808219178,late,the,5.676753802268282
10,142,and,332.2328767123288,<UNK>,late,5.675040005790547
10,143,<UNK>,324.31081081081084,and,<UNK>,2.3632097148104805
10,144,into,346.22972972972974,<UNK>,and,5.147494476813453
10,145,<UNK>,358.70666666666665,into,<UNK>,4.447680604895319
10,146,"However,",375.5,<UNK>,into,5.685279003091641
10,147,<UNK>,363.0810810810811,"However,",<UNK>,4.993828175779875
10,148,ten,391.45205479452056,<UNK>,"However,",5.678464666671911
10,149,<UNK>,388.3835616438356,ten,<UNK>,5.675040005790547
10,150,of,350.6027397260274,<UNK>,ten,5.676753802268282
10,151,those,339.5135135135135,of,<UNK>,5.87493073085203
10,152,affected,355.4246575342466,those,of,5.676753802268282
10,153,have,340.8767123287671,affected,those,5.675040005790547
10,154,a,327.1095890410959,have,affected,5.675040005790547
10,155,<UNK>,340.375,a,have,4.987025428457122
10,156,or,356.5890410958904,<UNK>,a,5.8888779583328805
10,157,<UNK>,345.5753424657534,or,<UNK>,3.23704312882365
10,158,<UNK>,357.75342465753425,<UNK>,or,3.644143560272545
10,159,that,370.2,<UNK>,<UNK>,4.17292099397311
10,160,<UNK>,355.97297297297297,that,<UNK>,3.693556001997838
10,161,into,333.2027027027027,<UNK>,that,5.717027701406222
10,162,<UNK>,390.0,into,<UNK>,4.447680604895319
10,163,It,360.3424657534247,<UNK>,into,5.685279003091641
10,164,is,335.0,It,<UNK>,4.62333748994354
10,165,not,315.8378378378378,is,It,5.683579767338681
10,166,<UNK>,326.5810810810811,not,is,5.676753802268282
10,167,for,335.18918918918916,<UNK>,not,5.304961909266705
10,168,symptoms,352.6027397260274,for,<UNK>,5.731721843345443
10,169,to,348.63013698630135,symptoms,for,5.675040005790547
10,170,be,341.958904109589,to,symptoms,5.675040005790547
10,171,<UNK>,369.05479452054794,be,to,4.089332020398556
10,172,for,332.85135135135135,<UNK>,be,5.313205979041787
10,173,an,347.80281690140845,for,<UNK>,5.731721843345443
10,174,<UNK>,346.2972972972973,an,for,5.675040005790547
10,175,<UNK>,345.5753424657534,<UNK>,an,3.997366325317079
10,176,of,318.05555555555554,<UNK>,<UNK>,3.9216065656922034
10,177,time,312.7837837837838,of,<UNK>,5.469465622743866
10,178,before,322.1081081081081,time,of,5.676753802268282
10,179,a,326.7432432432432,before,time,5.675040005790547
10,180,<UNK>,332.1232876712329,a,before,5.675040005790547
10,181,diagnosis,336.6575342465753,<UNK>,a,5.8888779583328805
10,182,of,326.9594594594595,diagnosis,<UNK>,5.675040005790547
10,183,Tourette's,340.2432432432432,of,diagnosis,5.271288694160117
10,184,is,364.52702702702703,Tourette's,of,5.274707500908903
10,185,<UNK>,360.27027027027026,is,Tourette's,5.681877639268151
10,186,The,368.3150684931507,<UNK>,is,5.69204721843778
10,187,<UNK>,348.05405405405406,The,<UNK>,3.4247278790723494
10,188,for,327.56164383561645,<UNK>,The,5.71042701737487
10,189,this,340.8783783783784,for,<UNK>,5.326256735237278
10,190,are,356.56944444444446,this,for,5.676753802268282
10,191,many,369.77027027027026,are,this,5.675040005790547
10,192,and,320.6164383561644,many,are,5.676753802268282
10,193,may,336.041095890411,and,many,5.675040005790547
10,194,include,406.2739726027397,may,and,5.675040005790547
10,195,the,343.1756756756757,include,may,5.675040005790547
10,196,fact,340.8493150684931,the,include,5.675040005790547
10,197,that,323.46666666666664,fact,the,5.675040005790547
10,198,for,314.97333333333336,that,fact,5.680172609017068
10,199,<UNK>,338.958904109589,for,that,5.675040005790547
10,200,and,331.73972602739724,<UNK>,for,5.28994911687752
10,201,<UNK>,351.81081081081084,and,<UNK>,2.3632097148104805
10,202,<UNK>,352.7027027027027,<UNK>,and,3.355735007585398
10,203,with,349.4583333333333,<UNK>,<UNK>,4.819548158898162
10,204,"Tourette's,",348.64383561643837,with,<UNK>,5.734958092124651
10,205,<UNK>,376.32876712328766,"Tourette's,",with,5.675040005790547
10,206,and,339.44594594594594,<UNK>,"Tourette's,",5.675040005790547
10,207,even,351.3783783783784,and,<UNK>,5.030437921392435
10,208,<UNK>,352.90410958904107,even,and,5.274707500908903
10,209,<UNK>,330.13698630136986,<UNK>,even,5.680172609017068
10,210,symptoms,333.2972972972973,<UNK>,<UNK>,6.118831143028423
10,211,may,346.3150684931507,symptoms,<UNK>,5.678464666671911
10,212,be,335.2432432432432,may,symptoms,5.675040005790547
10,213,<UNK>,324.94520547945206,be,may,5.678464666671911
10,214,<UNK>,431.35135135135135,<UNK>,be,4.620058798481842
10,215,part,438.94444444444446,<UNK>,<UNK>,6.524296251136588
10,216,of,360.1232876712329,part,<UNK>,5.675040005790547
10,217,a,335.1111111111111,of,part,5.676753802268282
10,218,<UNK>,397.85135135135135,a,of,4.434212387844452
10,219,<UNK>,393.31081081081084,<UNK>,a,2.4548907538477347
10,220,or,339.36486486486484,<UNK>,<UNK>,4.384230087640317
10,221,the,350.5416666666667,or,<UNK>,5.72194977861165
10,222,result,327.63513513513516,the,or,5.675040005790547
10,223,of,312.2837837837838,result,the,5.675040005790547
10,224,another,313.1095890410959,of,result,5.676753802268282
10,225,<UNK>,382.52054794520546,another,of,5.675040005790547
10,226,For,372.7945205479452,<UNK>,another,5.678464666671911
10,227,"example,",347.63013698630135,For,<UNK>,4.988730458708206
10,228,<UNK>,331.7916666666667,"example,",For,5.272999558563747
10,229,may,319.2191780821918,<UNK>,"example,",5.676753802268282
10,230,<UNK>,350.86301369863014,may,<UNK>,5.2798138949834765
10,231,that,314.93055555555554,<UNK>,may,5.678464666671911
10,232,eye,318.77777777777777,that,<UNK>,5.772997543677674
10,233,<UNK>,333.0,eye,that,5.675040005790547
10,234,is,358.0416666666667,<UNK>,eye,5.676753802268282
10,235,related,336.7323943661972,is,<UNK>,5.29162837839724
10,236,to,313.1388888888889,related,is,5.271288694160117
10,237,<UNK>,334.8888888888889,to,related,5.272999558563747
10,238,problems,319.0138888888889,<UNK>,to,5.823045895483019
10,239,or,333.45205479452056,problems,<UNK>,5.681877639268151
10,240,that,323.0138888888889,or,problems,5.675040005790547
10,241,<UNK>,319.986301369863,that,or,5.675040005790547
10,242,is,374.59722222222223,<UNK>,that,5.717027701406222
10,243,related,343.27777777777777,is,<UNK>,5.29162837839724
10,244,to,323.55555555555554,related,is,5.271288694160117
10,245,<UNK>,384.75,to,related,5.272999558563747
10,246,<UNK>,345.4492753623188,<UNK>,to,3.5717540968765236
10,247,There,403.01408450704224,<UNK>,<UNK>,6.524296251136588
10,248,are,336.61971830985914,There,<UNK>,5.274707500908903
10,249,many,321.8888888888889,are,There,5.676753802268282
10,250,patients,354.7323943661972,many,are,5.676753802268282
10,251,who,346.4788732394366,patients,many,5.675040005790547
10,252,are,319.07042253521126,who,patients,5.675040005790547
10,253,<UNK>,378.55555555555554,are,who,5.271288694160117
10,254,after,378.7323943661972,<UNK>,are,5.69035945432406
10,255,<UNK>,349.27777777777777,after,<UNK>,5.678464666671911
10,256,their,374.1666666666667,<UNK>,after,5.678464666671911
10,257,<UNK>,380.8169014084507,their,<UNK>,4.586666714423532
10,258,other,365.958904109589,<UNK>,their,5.697093486505405
10,259,<UNK>,355.24657534246575,other,<UNK>,5.675040005790547
10,260,or,349.9189189189189,<UNK>,other,5.281510248231656
10,261,<UNK>,322.31081081081084,or,<UNK>,3.23704312882365
10,262,<UNK>,324.47945205479454,<UNK>,or,3.644143560272545
10,263,or,316.09589041095893,<UNK>,<UNK>,4.384230087640317
10,264,hear,315.43835616438355,or,<UNK>,5.72194977861165
10,265,about,302.6621621621622,hear,or,5.675040005790547
10,266,Tourette's,335.6575342465753,about,hear,5.675040005790547
10,267,from,331.93150684931504,Tourette's,about,5.675040005790547
10,268,others.,344.47222222222223,from,Tourette's,5.675040005790547
10,269,Tics,361.8918918918919,others.,from,5.675040005790547
10,270,are,343.3835616438356,Tics,others.,5.271288694160117
10,271,classified,344.6756756756757,are,Tics,5.676753802268282
10,272,as,347.6111111111111,classified,are,5.675040005790547
10,273,<UNK>,324.0,as,classified,5.675040005790547
10,274,simple,308.0,<UNK>,as,5.7120812774708964
10,275,or,357.94520547945206,simple,<UNK>,5.676753802268282
10,276,<UNK>,327.041095890411,or,simple,5.675040005790547
10,277,<UNK>,365.958904109589,<UNK>,or,3.644143560272545
10,278,motor,356.24657534246575,<UNK>,<UNK>,6.118831143028423
10,279,tics,370.16438356164383,motor,<UNK>,5.272999558563747
10,280,are,330.3835616438356,tics,motor,5.680172609017068
10,281,<UNK>,331.7361111111111,are,tics,5.271288694160117
10,282,<UNK>,400.1506849315069,<UNK>,are,4.774068722449905
10,283,<UNK>,347.55555555555554,<UNK>,<UNK>,1.8561512659871076
10,284,<UNK>,384.83561643835617,<UNK>,<UNK>,1.8561512659871076
10,285,that,352.43835616438355,<UNK>,<UNK>,4.17292099397311
10,286,<UNK>,326.875,that,<UNK>,3.693556001997838
10,287,a,333.68918918918916,<UNK>,that,5.717027701406222
10,288,<UNK>,340.09589041095893,a,<UNK>,3.132268406680267
10,289,<UNK>,338.63013698630135,<UNK>,a,2.4548907538477347
10,290,of,316.6164383561644,<UNK>,<UNK>,3.9216065656922034
10,291,<UNK>,328.17808219178085,of,<UNK>,2.6560549059838294
10,292,<UNK>,355.5753424657534,<UNK>,of,3.1004028961178793
10,293,Some,347.1917808219178,<UNK>,<UNK>,6.118831143028423
10,294,of,317.59722222222223,Some,<UNK>,5.272999558563747
10,295,the,313.93055555555554,of,Some,5.271288694160117
10,296,more,326.2676056338028,the,of,5.386022946967143
10,297,<UNK>,312.40277777777777,more,the,5.271288694160117
10,298,simple,313.31944444444446,<UNK>,more,5.688668836846153
10,299,tics,342.8082191780822,simple,<UNK>,5.676753802268282
10,300,include,308.18055555555554,tics,simple,5.675040005790547
10,301,eye,358.875,include,tics,5.678464666671911
10,302,<UNK>,367.7042253521127,eye,include,5.675040005790547
10,303,<UNK>,352.6575342465753,<UNK>,eye,5.676753802268282
10,304,<UNK>,397.8888888888889,<UNK>,<UNK>,1.8561512659871076
10,305,shoulder,472.94444444444446,<UNK>,<UNK>,6.524296251136588
10,306,<UNK>,465.68055555555554,shoulder,<UNK>,5.675040005790547
10,307,and,406.55555555555554,<UNK>,shoulder,5.678464666671911
10,308,head,353.90277777777777,and,<UNK>,5.94672865326659
10,309,or,363.68055555555554,head,and,5.675040005790547
10,310,shoulder,364.22222222222223,or,head,5.675040005790547
10,311,<UNK>,374.2112676056338,shoulder,or,5.675040005790547
10,312,<UNK>,372.5,<UNK>,shoulder,5.272999558563747
10,313,<UNK>,476.05555555555554,<UNK>,<UNK>,1.8561512659871076
10,314,which,382.34722222222223,<UNK>,<UNK>,4.914858338702487
10,315,motor,373.28169014084506,which,<UNK>,5.705447753975262
10,316,tics,389.3888888888889,motor,which,5.675040005790547
10,317,<UNK>,366.72222222222223,tics,motor,5.680172609017068
10,318,<UNK>,376.40277777777777,<UNK>,tics,5.675040005790547
10,319,might,510.0833333333333,<UNK>,<UNK>,6.524296251136588
10,320,include,416.4246575342466,might,<UNK>,5.675040005790547
10,321,<UNK>,402.83561643835617,include,might,5.271288694160117
10,322,<UNK>,484.8169014084507,<UNK>,include,4.767289035464526
10,323,<UNK>,523.8356164383562,<UNK>,<UNK>,1.8561512659871076
10,324,or,402.27777777777777,<UNK>,<UNK>,4.384230087640317
10,325,<UNK>,375.83561643835617,or,<UNK>,3.23704312882365
10,326,<UNK>,400.6849315068493,<UNK>,or,3.644143560272545
10,327,Complex,431.63013698630135,<UNK>,<UNK>,6.118831143028423
10,328,tics,395.4246575342466,Complex,<UNK>,5.678464666671911
10,329,are,375.22222222222223,tics,Complex,5.675040005790547
10,330,<UNK>,366.40277777777777,are,tics,5.271288694160117
10,331,<UNK>,404.76056338028167,<UNK>,are,4.774068722449905
10,332,<UNK>,394.7323943661972,<UNK>,<UNK>,1.8561512659871076
10,333,of,353.8169014084507,<UNK>,<UNK>,3.9216065656922034
10,334,<UNK>,343.25,of,<UNK>,2.6560549059838294
10,335,that,351.2328767123288,<UNK>,of,4.858260813670253
10,336,<UNK>,321.2054794520548,that,<UNK>,3.693556001997838
10,337,several,327.22222222222223,<UNK>,that,5.717027701406222
10,338,<UNK>,350.5,several,<UNK>,5.678464666671911
10,339,<UNK>,347.35616438356163,<UNK>,several,5.272999558563747
10,340,Complex,345.5068493150685,<UNK>,<UNK>,6.118831143028423
10,341,motor,344.05555555555554,Complex,<UNK>,5.678464666671911
10,342,tics,329.52054794520546,motor,Complex,5.675040005790547
10,343,might,345.5,tics,motor,5.680172609017068
10,344,include,327.5774647887324,might,tics,5.675040005790547
10,345,<UNK>,320.67605633802816,include,might,5.271288694160117
10,346,<UNK>,352.6478873239437,<UNK>,include,4.767289035464526
10,347,<UNK>,394.81944444444446,<UNK>,<UNK>,1.8561512659871076
10,348,with,337.013698630137,<UNK>,<UNK>,4.819548158898162
10,349,a,315.63013698630135,with,<UNK>,4.636345803456541
10,350,head,326.8493150684931,a,with,5.688668836846153
10,351,<UNK>,340.98591549295776,head,a,5.675040005790547
10,352,and,351.3521126760563,<UNK>,head,5.675040005790547
10,353,a,364.9577464788732,and,<UNK>,4.848116364598481
10,354,shoulder,335.88732394366195,a,and,5.688668836846153
10,355,<UNK>,349.69444444444446,shoulder,a,5.675040005790547
10,356,<UNK>,361.92957746478874,<UNK>,shoulder,5.272999558563747
10,357,<UNK>,344.8611111111111,<UNK>,<UNK>,1.8561512659871076
10,358,motor,338.80555555555554,<UNK>,<UNK>,6.118831143028423
10,359,tics,316.30555555555554,motor,<UNK>,5.272999558563747
10,360,may,317.7887323943662,tics,motor,5.680172609017068
10,361,actually,323.43055555555554,may,tics,5.675040005790547
10,362,appear,323.40277777777777,actually,may,5.675040005790547
10,363,<UNK>,320.4861111111111,appear,actually,5.675040005790547
10,364,including,401.28169014084506,<UNK>,appear,5.676753802268282
10,365,<UNK>,371.625,including,<UNK>,5.680172609017068
10,366,or,368.84722222222223,<UNK>,including,5.676753802268282
10,367,<UNK>,352.8888888888889,or,<UNK>,3.23704312882365
10,368,<UNK>,389.01408450704224,<UNK>,or,3.644143560272545
10,369,<UNK>,405.0422535211268,<UNK>,<UNK>,1.8561512659871076
10,370,<UNK>,438.80281690140845,<UNK>,<UNK>,1.8561512659871076
10,371,<UNK>,437.5211267605634,<UNK>,<UNK>,1.8561512659871076
10,372,or,400.3521126760563,<UNK>,<UNK>,4.384230087640317
10,373,<UNK>,383.40277777777777,or,<UNK>,3.23704312882365
10,374,Complex,397.68055555555554,<UNK>,or,5.723585101952381
10,375,vocal,412.92957746478874,Complex,<UNK>,5.678464666671911
10,376,tics,338.6619718309859,vocal,Complex,5.675040005790547
10,377,include,354.77777777777777,tics,vocal,5.680172609017068
10,378,words,349.15492957746477,include,tics,5.678464666671911
10,379,or,341.2112676056338,words,include,5.675040005790547
10,380,<UNK>,341.16901408450707,or,words,5.271288694160117
10,381,<UNK>,352.7083333333333,<UNK>,or,3.644143560272545
10,382,the,344.2083333333333,<UNK>,<UNK>,3.45624331600297
10,383,most,313.93055555555554,the,<UNK>,5.1943447761650585
10,384,<UNK>,354.06944444444446,most,the,4.300680995219929
10,385,and,330.2083333333333,<UNK>,most,4.993828175779875
10,386,<UNK>,323.69444444444446,and,<UNK>,2.3632097148104805
10,387,tics,329.97222222222223,<UNK>,and,5.840641657373398
10,388,include,324.6666666666667,tics,<UNK>,5.676753802268282
10,389,motor,326.55555555555554,include,tics,5.678464666671911
10,390,<UNK>,348.0138888888889,motor,include,5.675040005790547
10,391,that,355.5774647887324,<UNK>,motor,5.675040005790547
10,392,result,329.01408450704224,that,<UNK>,5.772997543677674
10,393,in,322.80281690140845,result,that,5.675040005790547
10,394,<UNK>,342.90140845070425,in,result,5.675040005790547
10,395,such,346.3380281690141,<UNK>,in,5.318119993844216
10,396,as,346.92957746478874,such,<UNK>,4.583265350600041
10,397,<UNK>,336.1267605633803,as,such,5.276412531159987
10,398,<UNK>,344.3380281690141,<UNK>,as,4.325786916351006
10,399,in,367.4225352112676,<UNK>,<UNK>,4.273004452530092
10,400,the,320.8611111111111,in,<UNK>,3.250374491927572
10,401,"face,",326.59722222222223,the,in,5.365976015021851
10,402,or,328.80555555555554,"face,",the,5.676753802268282
10,403,vocal,321.5492957746479,or,"face,",5.675040005790547
10,404,tics,359.6901408450704,vocal,or,5.675040005790547
10,405,including,334.2957746478873,tics,vocal,5.680172609017068
10,406,<UNK>,485.4142857142857,including,tics,5.675040005790547
10,407,which,504.9577464788732,<UNK>,including,5.676753802268282
10,408,<UNK>,439.68055555555554,which,<UNK>,4.452684785479894
10,409,<UNK>,375.30555555555554,<UNK>,which,4.775756486563625
10,410,<UNK>,385.06944444444446,<UNK>,<UNK>,1.8561512659871076
10,411,<UNK>,392.47222222222223,<UNK>,<UNK>,1.8561512659871076
10,412,or,388.80555555555554,<UNK>,<UNK>,4.384230087640317
10,413,<UNK>,600.0555555555555,or,<UNK>,3.23704312882365
10,414,which,430.47222222222223,<UNK>,or,5.723585101952381
10,415,<UNK>,358.2083333333333,which,<UNK>,4.452684785479894
10,416,<UNK>,402.3888888888889,<UNK>,which,4.775756486563625
10,417,the,355.09722222222223,<UNK>,<UNK>,3.45624331600297
10,418,words,346.2638888888889,the,<UNK>,5.887491956725004
10,419,or,358.95714285714286,words,the,5.675040005790547
10,420,<UNK>,368.5211267605634,or,words,5.271288694160117
10,421,of,366.50704225352115,<UNK>,or,5.723585101952381
10,422,others.,352.6901408450704,of,<UNK>,5.87493073085203
10,423,Tics,406.1142857142857,others.,of,5.675040005790547
10,424,are,412.6901408450704,Tics,others.,5.271288694160117
10,425,often,341.0,are,Tics,5.676753802268282
10,426,<UNK>,336.55555555555554,often,are,5.675040005790547
10,427,with,342.59722222222223,<UNK>,often,5.276412531159987
10,428,<UNK>,347.8888888888889,with,<UNK>,3.8631559152230595
10,429,or,361.30555555555554,<UNK>,with,5.298317366548036
10,430,<UNK>,368.83098591549293,or,<UNK>,3.23704312882365
10,431,and,340.02777777777777,<UNK>,or,5.723585101952381
10,432,better,333.47222222222223,and,<UNK>,5.541263545158426
10,433,during,321.55555555555554,better,and,5.676753802268282
10,434,<UNK>,316.6388888888889,during,better,5.675040005790547
10,435,<UNK>,326.75,<UNK>,during,5.675040005790547
10,436,<UNK>,373.5833333333333,<UNK>,<UNK>,1.8561512659871076
10,437,<UNK>,399.93055555555554,<UNK>,<UNK>,1.8561512659871076
10,438,<UNK>,359.77777777777777,<UNK>,<UNK>,1.8561512659871076
10,439,<UNK>,385.09859154929575,<UNK>,<UNK>,1.8561512659871076
10,440,can,366.125,<UNK>,<UNK>,6.118831143028423
10,441,trigger,323.625,can,<UNK>,5.678464666671911
10,442,or,344.05555555555554,trigger,can,5.675040005790547
10,443,<UNK>,345.1388888888889,or,trigger,5.675040005790547
10,444,<UNK>,343.4507042253521,<UNK>,or,3.644143560272545
10,445,For,320.84507042253523,<UNK>,<UNK>,6.524296251136588
10,446,"example,",339.28169014084506,For,<UNK>,4.988730458708206
10,447,<UNK>,387.85915492957747,"example,",For,5.272999558563747
10,448,<UNK>,377.61971830985914,<UNK>,"example,",5.676753802268282
10,449,may,394.3521126760563,<UNK>,<UNK>,5.831149070576642
10,450,trigger,351.19718309859155,may,<UNK>,5.2798138949834765
10,451,<UNK>,349.19718309859155,trigger,may,5.676753802268282
10,452,<UNK>,346.19444444444446,<UNK>,trigger,5.675040005790547
10,453,or,340.0416666666667,<UNK>,<UNK>,4.384230087640317
10,454,<UNK>,342.9718309859155,or,<UNK>,3.23704312882365
10,455,another,327.0138888888889,<UNK>,or,5.723585101952381
10,456,person,357.80555555555554,another,<UNK>,5.676753802268282
10,457,<UNK>,322.34722222222223,person,another,5.675040005790547
10,458,or,332.30555555555554,<UNK>,person,5.675040005790547
10,459,<UNK>,345.5416666666667,or,<UNK>,3.23704312882365
10,460,may,339.6901408450704,<UNK>,or,5.723585101952381
10,461,trigger,336.40277777777777,may,<UNK>,5.2798138949834765
10,462,the,321.375,trigger,may,5.676753802268282
10,463,<UNK>,308.80555555555554,the,trigger,5.675040005790547
10,464,of,302.2916666666667,<UNK>,the,3.1234656400635425
10,465,<UNK>,311.1666666666667,of,<UNK>,2.6560549059838294
10,466,<UNK>,326.6666666666667,<UNK>,of,3.1004028961178793
10,467,Tics,349.7857142857143,<UNK>,<UNK>,6.524296251136588
10,468,come,366.6478873239437,Tics,<UNK>,5.676753802268282
10,469,and,330.14084507042253,come,Tics,5.675040005790547
10,470,go,333.5633802816901,and,come,5.675040005790547
10,471,over,320.8169014084507,go,and,5.675040005790547
10,472,<UNK>,319.40277777777777,over,go,5.675040005790547
10,473,<UNK>,314.09722222222223,<UNK>,over,5.678464666671911
10,474,in,326.6111111111111,<UNK>,<UNK>,4.273004452530092
10,475,<UNK>,309.5,in,<UNK>,3.984343667007772
10,476,<UNK>,321.7916666666667,<UNK>,in,4.33729074083249
10,477,<UNK>,334.9583333333333,<UNK>,<UNK>,1.8561512659871076
10,478,and,324.7857142857143,<UNK>,<UNK>,3.367295829986474
10,479,<UNK>,348.5492957746479,and,<UNK>,2.3632097148104805
10,480,The,340.14084507042253,<UNK>,and,4.924350925499243
10,481,first,321.0571428571429,The,<UNK>,5.776103136235827
10,482,symptoms,328.84057971014494,first,The,5.675040005790547
10,483,Tourette's,362.75714285714287,symptoms,first,5.675040005790547
10,484,patients,381.5774647887324,Tourette's,symptoms,5.675040005790547
10,485,<UNK>,423.5633802816901,patients,Tourette's,5.675040005790547
10,486,<UNK>,356.9154929577465,<UNK>,patients,5.675040005790547
10,487,<UNK>,348.14084507042253,<UNK>,<UNK>,1.8561512659871076
10,488,in,316.63380281690144,<UNK>,<UNK>,4.273004452530092
10,489,the,311.9166666666667,in,<UNK>,3.250374491927572
10,490,head,310.4428571428571,the,in,5.771441123130016
10,491,and,322.0857142857143,head,the,5.678464666671911
10,492,<UNK>,330.27142857142854,and,head,4.987025428457122
10,493,<UNK>,359.2,<UNK>,and,3.355735007585398
10,494,though,341.35714285714283,<UNK>,<UNK>,6.118831143028423
10,495,they,336.1830985915493,though,<UNK>,5.678464666671911
10,496,may,315.9718309859155,they,though,5.676753802268282
10,497,<UNK>,320.71830985915494,may,they,5.675040005790547
10,498,to,324.93055555555554,<UNK>,may,5.678464666671911
10,499,include,328.56944444444446,to,<UNK>,5.815621956411737
10,500,<UNK>,326.2638888888889,include,to,5.675040005790547
10,501,of,340.7887323943662,<UNK>,include,5.683579767338681
10,502,the,302.375,of,<UNK>,3.0417173867958143
10,503,<UNK>,298.5833333333333,the,of,2.8210735895056054
10,504,and,355.59722222222223,<UNK>,the,3.676850878248329
10,505,<UNK>,347.7916666666667,and,<UNK>,2.3632097148104805
10,506,The,391.6478873239437,<UNK>,and,4.924350925499243
10,507,symptoms,356.4507042253521,The,<UNK>,5.776103136235827
10,508,of,349.14084507042253,symptoms,The,5.675040005790547
10,509,Tourette's,318.2957746478873,of,symptoms,5.271288694160117
10,510,are,315.34722222222223,Tourette's,of,5.274707500908903
10,511,<UNK>,340.15277777777777,are,Tourette's,5.676753802268282
10,512,but,332.40277777777777,<UNK>,are,5.69035945432406
10,513,there,334.27777777777777,but,<UNK>,5.738183901373533
10,514,are,317.3333333333333,there,but,5.678464666671911
10,515,some,328.80555555555554,are,there,5.675040005790547
10,516,people,316.90277777777777,some,are,5.675040005790547
10,517,who,307.5492957746479,people,some,5.675040005790547
10,518,can,298.2957746478873,who,people,5.678464666671911
10,519,<UNK>,305.49295774647885,can,who,5.675040005790547
10,520,<UNK>,336.8611111111111,<UNK>,can,5.680172609017068
10,521,<UNK>,357.34722222222223,<UNK>,<UNK>,1.8561512659871076
10,522,or,363.9166666666667,<UNK>,<UNK>,4.384230087640317
10,523,<UNK>,362.40277777777777,or,<UNK>,3.23704312882365
10,524,<UNK>,348.3333333333333,<UNK>,or,3.644143560272545
10,525,their,321.84722222222223,<UNK>,<UNK>,6.524296251136588
10,526,tics,307.1666666666667,their,<UNK>,5.2798138949834765
10,527,in,321.98591549295776,tics,their,5.676753802268282
10,528,an,314.875,in,tics,5.675040005790547
10,529,<UNK>,327.80555555555554,an,in,4.583265350600041
10,530,to,300.625,<UNK>,an,5.296649309447339
10,531,<UNK>,291.55555555555554,to,<UNK>,2.8452074908420353
10,532,their,301.8732394366197,<UNK>,to,5.417580787374854
10,533,<UNK>,315.84722222222223,their,<UNK>,4.586666714423532
10,534,on,304.25,<UNK>,their,5.697093486505405
10,535,<UNK>,329.25714285714287,on,<UNK>,5.0271645960474665
10,536,"However,",417.55555555555554,<UNK>,on,5.680172609017068
10,537,people,351.46478873239437,"However,",<UNK>,5.68697535633982
10,538,affected,331.84507042253523,people,"However,",5.675040005790547
10,539,by,328.0281690140845,affected,people,5.675040005790547
10,540,Tourette's,326.0571428571429,by,affected,5.676753802268282
10,541,often,338.83098591549293,Tourette's,by,5.675040005790547
10,542,<UNK>,321.8732394366197,often,Tourette's,5.675040005790547
10,543,a,314.92957746478874,<UNK>,often,5.681877639268151
10,544,<UNK>,326.95714285714286,a,<UNK>,3.132268406680267
10,545,<UNK>,320.65714285714284,<UNK>,a,2.4548907538477347
10,546,in,319.4714285714286,<UNK>,<UNK>,4.273004452530092
10,547,<UNK>,360.9714285714286,in,<UNK>,3.984343667007772
10,548,when,324.72857142857146,<UNK>,in,5.723585101952381
10,549,<UNK>,332.7857142857143,when,<UNK>,5.286582110329616
10,550,their,341.07246376811594,<UNK>,when,5.676753802268282
10,551,tics,328.65714285714284,their,<UNK>,5.2798138949834765
10,552,to,303.3521126760563,tics,their,5.676753802268282
10,553,the,314.943661971831,to,tics,5.675040005790547
10,554,point,303.6714285714286,the,to,5.730099782973574
10,555,where,299.95714285714286,point,the,5.675040005790547
10,556,they,306.5571428571429,where,point,5.675040005790547
10,557,often,316.8985507246377,they,where,5.678464666671911
10,558,feel,317.51428571428573,often,they,5.675040005790547
10,559,that,306.5211267605634,feel,often,5.675040005790547
10,560,the,298.19718309859155,that,feel,5.675040005790547
10,561,<UNK>,289.07042253521126,the,that,3.7776749528970677
10,562,must,305.5492957746479,<UNK>,the,6.119197913617533
10,563,be,302.6714285714286,must,<UNK>,5.271288694160117
10,564,<UNK>,323.45714285714286,be,must,5.276412531159987
10,565,Tics,379.8550724637681,<UNK>,be,5.718671087149952
10,566,in,376.37142857142857,Tics,<UNK>,5.676753802268282
10,567,<UNK>,327.0,in,Tics,5.675040005790547
10,568,to,304.6857142857143,<UNK>,in,5.723585101952381
10,569,an,318.2142857142857,to,<UNK>,5.815621956411737
10,570,<UNK>,336.77464788732397,an,to,5.675040005790547
10,571,trigger,335.9428571428571,<UNK>,an,5.702114417555504
10,572,can,323.2957746478873,trigger,<UNK>,5.675040005790547
10,573,appear,320.2112676056338,can,trigger,5.675040005790547
10,574,to,363.83098591549293,appear,can,5.675040005790547
10,575,be,297.3285714285714,to,appear,5.675040005790547
10,576,<UNK>,312.85714285714283,be,to,4.089332020398556
10,577,or,325.22857142857146,<UNK>,be,5.313205979041787
10,578,<UNK>,363.42857142857144,or,<UNK>,3.23704312882365
10,579,but,336.6521739130435,<UNK>,or,5.723585101952381
10,580,are,331.77142857142854,but,<UNK>,5.738183901373533
10,581,<UNK>,363.14285714285717,are,but,5.675040005790547
10,582,Many,328.7042253521127,<UNK>,are,5.69035945432406
10,583,people,330.6901408450704,Many,<UNK>,5.678464666671911
10,584,with,336.76056338028167,people,Many,5.675040005790547
10,585,Tourette's,320.80281690140845,with,people,5.675040005790547
10,586,<UNK>,316.2112676056338,Tourette's,with,5.676753802268282
10,587,<UNK>,352.7042253521127,<UNK>,Tourette's,4.988730458708206
10,588,<UNK>,417.76056338028167,<UNK>,<UNK>,1.8561512659871076
10,589,problems,480.8169014084507,<UNK>,<UNK>,6.118831143028423
10,590,that,372.85915492957747,problems,<UNK>,5.276412531159987
10,591,include,345.15492957746477,that,problems,5.676753802268282
10,592,<UNK>,379.7464788732394,include,that,5.271288694160117
10,593,<UNK>,566.2394366197183,<UNK>,include,4.767289035464526
10,594,and,438.38028169014086,<UNK>,<UNK>,3.367295829986474
10,595,<UNK>,380.37142857142857,and,<UNK>,2.3632097148104805
10,596,<UNK>,415.22535211267603,<UNK>,and,3.355735007585398
10,597,with,368.07042253521126,<UNK>,<UNK>,4.819548158898162
10,598,Tourette's,342.8732394366197,with,<UNK>,5.734958092124651
10,599,have,341.38028169014086,Tourette's,with,5.676753802268282
10,600,also,345.3098591549296,have,Tourette's,5.675040005790547
10,601,reported,335.0422535211268,also,have,5.675040005790547
10,602,problems,314.3098591549296,reported,also,5.675040005790547
10,603,with,317.9718309859155,problems,reported,5.675040005790547
10,604,<UNK>,332.3380281690141,with,problems,5.678464666671911
10,605,or,341.943661971831,<UNK>,with,5.298317366548036
10,606,<UNK>,338.6619718309859,or,<UNK>,3.23704312882365
10,607,<UNK>,390.875,<UNK>,or,3.644143560272545
10,608,as,350.9718309859155,<UNK>,<UNK>,5.27153328264122
10,609,well,327.12857142857143,as,<UNK>,5.038574662785497
10,610,as,329.8732394366197,well,as,4.987025428457122
10,611,other,338.5774647887324,as,well,5.678464666671911
10,612,<UNK>,344.4366197183099,other,as,5.675040005790547
10,613,Tourette's,357.4507042253521,<UNK>,other,5.68697535633982
10,614,<UNK>,389.4788732394366,Tourette's,<UNK>,5.276412531159987
10,615,may,326.0281690140845,<UNK>,Tourette's,5.681877639268151
10,616,or,309.2957746478873,may,<UNK>,5.685279003091641
10,617,may,322.15492957746477,or,may,5.675040005790547
10,618,not,312.7464788732394,may,or,5.675040005790547
10,619,<UNK>,322.27142857142854,not,may,5.676753802268282
10,620,<UNK>,327.7887323943662,<UNK>,not,5.304961909266705
10,621,Tourette's,389.80281690140845,<UNK>,<UNK>,6.118831143028423
10,622,is,407.28169014084506,Tourette's,<UNK>,5.276412531159987
10,623,a,396.9577464788732,is,Tourette's,5.681877639268151
10,624,diagnosis,342.75714285714287,a,is,5.681877639268151
10,625,<UNK>,355.5857142857143,diagnosis,a,5.675040005790547
10,626,make,433.8732394366197,<UNK>,diagnosis,5.675040005790547
10,627,after,373.2676056338028,make,<UNK>,5.675040005790547
10,628,<UNK>,320.056338028169,after,make,5.675040005790547
10,629,that,332.4366197183099,<UNK>,after,5.678464666671911
10,630,the,310.92957746478874,that,<UNK>,4.2689201469014
10,631,<UNK>,317.4788732394366,the,that,3.7776749528970677
10,632,has,326.2,<UNK>,the,6.119197913617533
10,633,had,300.77464788732397,has,<UNK>,5.678464666671911
10,634,both,317.9154929577465,had,has,5.675040005790547
10,635,motor,318.4366197183099,both,had,5.675040005790547
10,636,and,323.92957746478874,motor,both,5.675040005790547
10,637,vocal,322.7,and,motor,5.271288694160117
10,638,tics,324.2857142857143,vocal,and,5.271288694160117
10,639,for,321.74285714285713,tics,vocal,5.680172609017068
10,640,at,302.0289855072464,for,tics,5.675040005790547
10,641,least,315.24285714285713,at,for,5.675040005790547
10,642,one,298.98571428571427,least,at,5.271288694160117
10,643,<UNK>,332.6521739130435,one,least,5.676753802268282
10,644,The,378.7391304347826,<UNK>,one,5.68697535633982
10,645,<UNK>,342.9130434782609,The,<UNK>,3.4247278790723494
10,646,of,324.95522388059703,<UNK>,The,5.71042701737487
10,647,other,309.92753623188406,of,<UNK>,5.87493073085203
10,648,<UNK>,328.75,other,of,5.675040005790547
10,649,or,366.5652173913044,<UNK>,other,5.281510248231656
10,650,<UNK>,341.42028985507244,or,<UNK>,3.23704312882365
10,651,conditions,349.60869565217394,<UNK>,or,5.723585101952381
10,652,can,324.75714285714287,conditions,<UNK>,5.676753802268282
10,653,also,314.98571428571427,can,conditions,5.675040005790547
10,654,help,303.42028985507244,also,can,5.675040005790547
10,655,<UNK>,297.9,help,also,5.675040005790547
10,656,<UNK>,313.3857142857143,<UNK>,help,5.675040005790547
10,657,the,314.1142857142857,<UNK>,<UNK>,3.45624331600297
10,658,diagnosis,299.48571428571427,the,<UNK>,5.887491956725004
10,659,of,305.536231884058,diagnosis,the,5.675040005790547
10,660,Tourette's,312.74285714285713,of,diagnosis,5.271288694160117
10,661,is,355.51428571428573,Tourette's,of,5.274707500908903
10,662,the,333.25714285714287,is,Tourette's,5.681877639268151
10,663,<UNK>,336.9154929577465,the,is,5.676753802268282
10,664,one.,357.3285714285714,<UNK>,the,6.119197913617533
10,665,<UNK>,446.63380281690144,one.,<UNK>,5.271288694160117
10,666,<UNK>,409.5211267605634,<UNK>,one.,5.272999558563747
10,667,<UNK>,458.8169014084507,<UNK>,<UNK>,1.8561512659871076
10,668,by,387.57142857142856,<UNK>,<UNK>,4.819548158898162
10,669,patients,326.76056338028167,by,<UNK>,5.723585101952381
10,670,do,334.5652173913044,patients,by,5.675040005790547
10,671,not,339.3380281690141,do,patients,5.675040005790547
10,672,often,320.7857142857143,not,do,5.675040005790547
10,673,<UNK>,321.2142857142857,often,not,5.675040005790547
10,674,<UNK>,423.7464788732394,<UNK>,often,5.276412531159987
10,675,<UNK>,359.19718309859155,<UNK>,<UNK>,1.8561512659871076
10,676,"However,",371.6478873239437,<UNK>,<UNK>,6.524296251136588
10,677,<UNK>,385.09859154929575,"However,",<UNK>,4.993828175779875
10,678,symptoms,412.1830985915493,<UNK>,"However,",5.678464666671911
10,679,or,363.01408450704224,symptoms,<UNK>,5.678464666671911
10,680,<UNK>,329.7323943661972,or,symptoms,5.675040005790547
10,681,<UNK>,376.36619718309856,<UNK>,or,3.644143560272545
10,682,such,328.6056338028169,<UNK>,<UNK>,6.118831143028423
10,683,as,316.95714285714286,such,<UNK>,4.583265350600041
10,684,<UNK>,318.63380281690144,as,such,5.276412531159987
10,685,of,322.3521126760563,<UNK>,as,5.7120812774708964
10,686,symptoms,318.7464788732394,of,<UNK>,5.87493073085203
10,687,in,317.59154929577466,symptoms,of,5.675040005790547
10,688,<UNK>,308.01408450704224,in,symptoms,5.675040005790547
10,689,may,344.71830985915494,<UNK>,in,5.723585101952381
10,690,<UNK>,330.6478873239437,may,<UNK>,5.2798138949834765
10,691,<UNK>,348.0281690140845,<UNK>,may,5.678464666671911
10,692,<UNK>,346.1830985915493,<UNK>,<UNK>,1.8561512659871076
10,693,for,340.8169014084507,<UNK>,<UNK>,5.138001890016697
10,694,<UNK>,355.943661971831,for,<UNK>,4.633109554677333
10,695,There,354.6714285714286,<UNK>,for,5.695414224985685
10,696,are,327.9428571428571,There,<UNK>,5.274707500908903
10,697,no,313.8857142857143,are,There,5.676753802268282
10,698,<UNK>,339.7857142857143,no,are,5.675040005790547
10,699,or,317.07042253521126,<UNK>,no,5.688668836846153
10,700,<UNK>,345.01408450704224,or,<UNK>,3.23704312882365
10,701,tests,311.9130434782609,<UNK>,or,5.723585101952381
10,702,needed,318.74285714285713,tests,<UNK>,5.678464666671911
10,703,for,318.34285714285716,needed,tests,5.675040005790547
10,704,<UNK>,330.3142857142857,for,needed,5.675040005790547
10,705,"However,",358.45714285714286,<UNK>,for,5.695414224985685
10,706,<UNK>,418.84722222222223,"However,",<UNK>,4.993828175779875
10,707,<UNK>,476.875,<UNK>,"However,",5.678464666671911
10,708,which,420.6388888888889,<UNK>,<UNK>,4.914858338702487
10,709,include,378.1830985915493,which,<UNK>,5.705447753975262
10,710,<UNK>,353.1267605633803,include,which,5.675040005790547
10,711,<UNK>,366.9142857142857,<UNK>,include,4.767289035464526
10,712,<UNK>,380.75,<UNK>,<UNK>,1.8561512659871076
10,713,<UNK>,405.15277777777777,<UNK>,<UNK>,1.8561512659871076
10,714,<UNK>,450.34722222222223,<UNK>,<UNK>,1.8561512659871076
10,715,and,438.3611111111111,<UNK>,<UNK>,3.367295829986474
10,716,<UNK>,569.8823529411765,and,<UNK>,2.3632097148104805
10,717,as,432.9718309859155,<UNK>,and,4.924350925499243
10,718,well,353.9166666666667,as,<UNK>,5.038574662785497
10,719,as,307.76056338028167,well,as,4.987025428457122
10,720,<UNK>,318.2112676056338,as,well,5.678464666671911
10,721,<UNK>,323.5633802816901,<UNK>,as,4.325786916351006
10,722,tests,339.4225352112676,<UNK>,<UNK>,6.118831143028423
10,723,may,329.3521126760563,tests,<UNK>,5.678464666671911
10,724,be,322.01408450704224,may,tests,5.675040005790547
10,725,used,316.01408450704224,be,may,5.678464666671911
10,726,to,309.80281690140845,used,be,5.675040005790547
10,727,<UNK>,309.6478873239437,to,used,4.985317486111966
10,728,out,301.04285714285714,<UNK>,to,5.417580787374854
10,729,other,299.60869565217394,out,<UNK>,5.697093486505405
10,730,conditions,315.3333333333333,other,out,5.675040005790547
10,731,that,330.07246376811594,conditions,other,5.675040005790547
10,732,Tourette's,335.0144927536232,that,conditions,5.675040005790547
10,733,might,374.2463768115942,Tourette's,that,5.678464666671911
10,734,be,319.3333333333333,might,Tourette's,5.675040005790547
10,735,<UNK>,316.92753623188406,be,might,5.272999558563747
10,736,<UNK>,326.95652173913044,<UNK>,be,4.620058798481842
10,737,In,341.25,<UNK>,<UNK>,6.118831143028423
10,738,<UNK>,329.5735294117647,In,<UNK>,4.435905868350785
10,739,of,302.3235294117647,<UNK>,In,5.683579767338681
10,740,the,284.7391304347826,of,<UNK>,3.0417173867958143
10,741,role,283.7536231884058,the,of,5.791488055075306
10,742,of,281.95652173913044,role,the,5.675040005790547
10,743,genes,302.4492753623188,of,role,5.675040005790547
10,744,in,314.2463768115942,genes,of,5.675040005790547
10,745,the,328.40579710144925,in,genes,5.675040005790547
10,746,<UNK>,325.44117647058823,the,in,2.968080742223481
10,747,<UNK>,355.20588235294116,<UNK>,the,2.1873722808932077
10,748,from,336.75,<UNK>,<UNK>,5.138001890016697
10,749,<UNK>,301.8695652173913,from,<UNK>,4.799090878625398
10,750,and,326.1159420289855,<UNK>,from,5.286582110329616
10,751,family,332.71014492753625,and,<UNK>,5.94672865326659
10,752,studies,320.3623188405797,family,and,5.675040005790547
10,753,<UNK>,356.7391304347826,studies,family,5.676753802268282
10,754,that,314.59420289855075,<UNK>,studies,5.675040005790547
10,755,Tourette's,311.64179104477614,that,<UNK>,5.772997543677674
10,756,is,320.55882352941177,Tourette's,that,5.678464666671911
10,757,an,298.54411764705884,is,Tourette's,5.681877639268151
10,758,<UNK>,320.38235294117646,an,is,5.675040005790547
10,759,<UNK>,377.74626865671644,<UNK>,an,3.997366325317079
10,760,Although,404.9850746268657,<UNK>,<UNK>,6.118831143028423
10,761,early,329.97058823529414,Although,<UNK>,5.680172609017068
10,762,family,337.94117647058823,early,Although,5.675040005790547
10,763,studies,357.20588235294116,family,early,5.675040005790547
10,764,suggested,318.0735294117647,studies,family,5.676753802268282
10,765,an,319.8840579710145,suggested,studies,5.675040005790547
10,766,<UNK>,379.4347826086956,an,suggested,5.675040005790547
10,767,<UNK>,507.92753623188406,<UNK>,an,3.997366325317079
10,768,<UNK>,441.0869565217391,<UNK>,<UNK>,1.8561512659871076
10,769,of,364.8840579710145,<UNK>,<UNK>,3.9216065656922034
10,770,<UNK>,371.3478260869565,of,<UNK>,2.6560549059838294
10,771,<UNK>,403.77941176470586,<UNK>,of,3.1004028961178793
10,772,the,365.1304347826087,<UNK>,<UNK>,3.45624331600297
10,773,<UNK>,374.6666666666667,the,<UNK>,2.5031016933792296
10,774,more,368.3333333333333,<UNK>,the,6.119197913617533
10,775,<UNK>,352.15942028985506,more,<UNK>,5.678464666671911
10,776,studies,336.80882352941177,<UNK>,more,5.688668836846153
10,777,discovered,331.27941176470586,studies,<UNK>,5.676753802268282
10,778,the,353.7536231884058,discovered,studies,5.675040005790547
10,779,<UNK>,345.0735294117647,the,discovered,5.676753802268282
10,780,of,322.9852941176471,<UNK>,the,3.1234656400635425
10,781,<UNK>,346.0,of,<UNK>,2.6560549059838294
10,782,was,348.42424242424244,<UNK>,of,5.7745515455444085
10,783,much,340.04477611940297,was,<UNK>,5.723585101952381
10,784,more,358.8059701492537,much,was,5.675040005790547
10,785,<UNK>,351.44776119402985,more,much,5.675040005790547
10,786,Although,362.55223880597015,<UNK>,more,5.688668836846153
10,787,there,364.7910447761194,Although,<UNK>,5.680172609017068
10,788,may,323.25373134328356,there,Although,5.675040005790547
10,789,be,324.94029850746267,may,there,5.675040005790547
10,790,a,322.9852941176471,be,may,5.678464666671911
10,791,few,319.5507246376812,a,be,5.676753802268282
10,792,genes,302.38235294117646,few,a,5.685279003091641
10,793,that,338.54411764705884,genes,few,5.675040005790547
10,794,have,317.4927536231884,that,genes,5.675040005790547
10,795,<UNK>,317.7971014492754,have,that,5.271288694160117
10,796,<UNK>,331.8695652173913,<UNK>,have,4.775756486563625
10,797,it's,340.84057971014494,<UNK>,<UNK>,6.118831143028423
10,798,also,360.3333333333333,it's,<UNK>,5.676753802268282
10,799,<UNK>,301.3768115942029,also,it's,5.675040005790547
10,800,that,322.0,<UNK>,also,5.272999558563747
10,801,many,325.60869565217394,that,<UNK>,5.079850363117729
10,802,genes,311.5072463768116,many,that,5.678464666671911
10,803,with,311.4492753623188,genes,many,5.675040005790547
10,804,<UNK>,312.463768115942,with,genes,5.675040005790547
10,805,<UNK>,323.4927536231884,<UNK>,with,4.31748811353631
10,806,and,335.2173913043478,<UNK>,<UNK>,3.367295829986474
10,807,<UNK>,327.3529411764706,and,<UNK>,2.3632097148104805
10,808,<UNK>,351.8695652173913,<UNK>,and,3.355735007585398
10,809,may,335.0882352941176,<UNK>,<UNK>,5.831149070576642
10,810,play,318.94202898550725,may,<UNK>,5.685279003091641
10,811,a,311.39130434782606,play,may,5.675040005790547
10,812,role,292.40579710144925,a,play,5.675040005790547
10,813,in,297.8840579710145,role,a,5.675040005790547
10,814,the,289.27536231884056,in,role,5.676753802268282
10,815,<UNK>,301.3623188405797,the,in,2.968080742223481
10,816,of,309.7536231884058,<UNK>,the,3.1234656400635425
10,817,<UNK>,351.6617647058824,of,<UNK>,2.6560549059838294
10,818,<UNK>,386.75,<UNK>,of,3.1004028961178793
10,819,studies,346.6521739130435,<UNK>,<UNK>,6.524296251136588
10,820,also,327.71014492753625,studies,<UNK>,5.676753802268282
10,821,<UNK>,321.11764705882354,also,studies,5.675040005790547
10,822,that,306.1449275362319,<UNK>,also,5.272999558563747
10,823,some,309.0285714285714,that,<UNK>,5.772997543677674
10,824,forms,304.4852941176471,some,that,5.675040005790547
10,825,of,294.6764705882353,forms,some,5.675040005790547
10,826,<UNK>,324.5,of,forms,5.675040005790547
10,827,<UNK>,351.6376811594203,<UNK>,of,3.1004028961178793
10,828,<UNK>,386.7826086956522,<UNK>,<UNK>,1.8561512659871076
10,829,<UNK>,380.3970588235294,<UNK>,<UNK>,1.8561512659871076
10,830,and,385.2173913043478,<UNK>,<UNK>,3.367295829986474
10,831,<UNK>,327.2173913043478,and,<UNK>,2.3632097148104805
10,832,<UNK>,329.82608695652175,<UNK>,and,3.355735007585398
10,833,<UNK>,341.0144927536232,<UNK>,<UNK>,1.8561512659871076
10,834,are,339.0289855072464,<UNK>,<UNK>,6.524296251136588
10,835,<UNK>,314.54411764705884,are,<UNK>,5.276412531159987
10,836,related,316.9130434782609,<UNK>,are,5.69035945432406
10,837,to,322.0869565217391,related,<UNK>,5.675040005790547
10,838,"Tourette's,",313.57971014492756,to,related,5.678464666671911
10,839,but,329.9710144927536,"Tourette's,",to,5.675040005790547
10,840,there,314.15942028985506,but,"Tourette's,",5.675040005790547
10,841,is,291.9855072463768,there,but,5.678464666671911
10,842,<UNK>,308.39130434782606,is,there,5.675040005790547
10,843,<UNK>,304.1159420289855,<UNK>,is,4.998900037877835
10,844,for,294.3333333333333,<UNK>,<UNK>,5.138001890016697
10,845,a,295.4492753623188,for,<UNK>,4.478958874850075
10,846,genetic,308.7391304347826,a,for,5.685279003091641
10,847,<UNK>,303.5507246376812,genetic,a,5.271288694160117
10,848,<UNK>,319.3188405797101,<UNK>,genetic,5.678464666671911
10,849,Tourette's,319.40579710144925,<UNK>,<UNK>,6.118831143028423
10,850,and,320.4492753623188,Tourette's,<UNK>,5.681877639268151
10,851,other,301.40579710144925,and,Tourette's,5.675040005790547
10,852,<UNK>,320.1304347826087,other,and,5.675040005790547
10,853,problems,375.1304347826087,<UNK>,other,5.68697535633982
10,854,that,321.4927536231884,problems,<UNK>,5.276412531159987
10,855,Tourette's,326.5652173913044,that,problems,5.676753802268282
10,856,<UNK>,335.3333333333333,Tourette's,that,5.678464666671911
10,857,<UNK>,364.01428571428573,<UNK>,Tourette's,4.988730458708206
10,858,<UNK>,400.04285714285714,<UNK>,<UNK>,1.8561512659871076
10,859,<UNK>,363.1304347826087,<UNK>,<UNK>,1.8561512659871076
10,860,<UNK>,322.3,<UNK>,<UNK>,1.8561512659871076
10,861,role,365.6231884057971,<UNK>,<UNK>,6.524296251136588
10,862,in,324.39130434782606,role,<UNK>,5.675040005790547
10,863,Tourette's,316.0,in,role,5.676753802268282
10,864,<UNK>,364.7857142857143,Tourette's,in,5.675040005790547
10,865,<UNK>,347.6376811594203,<UNK>,Tourette's,4.988730458708206
10,866,is,339.2857142857143,<UNK>,<UNK>,5.6080055192624325
10,867,<UNK>,324.0289855072464,is,<UNK>,4.598481197837295
10,868,by,309.0144927536232,<UNK>,is,5.69204721843778
10,869,the,297.2173913043478,by,<UNK>,3.644143560272545
10,870,<UNK>,313.07142857142856,the,by,4.206349620598596
10,871,of,307.0,<UNK>,the,3.1234656400635425
10,872,the,335.42857142857144,of,<UNK>,3.0417173867958143
10,873,<UNK>,322.4507042253521,the,of,2.8210735895056054
10,874,In,325.15492957746477,<UNK>,the,5.202907181743378
10,875,<UNK>,309.9583333333333,In,<UNK>,4.435905868350785
10,876,<UNK>,302.5774647887324,<UNK>,In,5.278114659230518
10,877,affected,322.44444444444446,<UNK>,<UNK>,6.524296251136588
10,878,by,308.63380281690144,affected,<UNK>,5.675040005790547
10,879,the,299.55555555555554,by,affected,5.676753802268282
10,880,<UNK>,293.22222222222223,the,by,4.206349620598596
10,881,are,301.1267605633803,<UNK>,the,6.119197913617533
10,882,more,306.1388888888889,are,<UNK>,5.276412531159987
10,883,likely,289.84507042253523,more,are,5.271288694160117
10,884,to,285.85915492957747,likely,more,5.271288694160117
10,885,have,293.056338028169,to,likely,5.271288694160117
10,886,tics,301.67605633802816,have,to,5.69204721843778
10,887,and,308.7536231884058,tics,have,5.675040005790547
10,888,<UNK>,315.92957746478874,and,tics,5.675040005790547
10,889,who,310.55555555555554,<UNK>,and,5.840641657373398
10,890,have,288.7638888888889,who,<UNK>,5.72194977861165
10,891,a,294.0571428571429,have,who,5.675040005790547
10,892,genetic,317.28169014084506,a,have,5.680172609017068
10,893,<UNK>,343.1142857142857,genetic,a,5.271288694160117
10,894,are,350.34285714285716,<UNK>,genetic,5.678464666671911
10,895,more,317.50704225352115,are,<UNK>,5.276412531159987
10,896,likely,298.2957746478873,more,are,5.271288694160117
10,897,to,300.49295774647885,likely,more,5.271288694160117
10,898,have,300.12857142857143,to,likely,5.271288694160117
10,899,<UNK>,423.4428571428571,have,to,4.998900037877835
10,900,<UNK>,510.6212121212121,<UNK>,have,4.775756486563625
10,901,<UNK>,422.1159420289855,<UNK>,<UNK>,1.8561512659871076
10,902,<UNK>,357.27142857142854,<UNK>,<UNK>,1.8561512659871076
10,903,research,469.4714285714286,<UNK>,<UNK>,6.524296251136588
10,904,is,372.7,research,<UNK>,5.675040005790547
10,905,<UNK>,323.3142857142857,is,research,5.675040005790547
10,906,at,316.62857142857143,<UNK>,is,5.69204721843778
10,907,better,305.34285714285716,at,<UNK>,5.705447753975262
10,908,<UNK>,337.34285714285716,better,at,5.675040005790547
10,909,the,338.4428571428571,<UNK>,better,5.678464666671911
10,910,genetic,311.74285714285713,the,<UNK>,5.887491956725004
10,911,<UNK>,320.72857142857146,genetic,the,5.675040005790547
10,912,and,304.6857142857143,<UNK>,genetic,5.678464666671911
10,913,<UNK>,357.84285714285716,and,<UNK>,2.3632097148104805
10,914,of,394.4,<UNK>,and,5.435176549265234
10,915,"Tourette's,",417.8857142857143,of,<UNK>,5.469465622743866
10,916,as,359.76056338028167,"Tourette's,",of,5.676753802268282
10,917,well,315.0281690140845,as,"Tourette's,",5.675040005790547
10,918,as,299.7,well,as,4.987025428457122
10,919,its,309.9714285714286,as,well,5.678464666671911
10,920,<UNK>,338.04347826086956,its,as,5.675040005790547
10,921,to,330.12857142857143,<UNK>,its,5.681877639268151
10,922,related,316.9142857142857,to,<UNK>,5.815621956411737
10,923,<UNK>,311.14285714285717,related,to,5.675040005790547
10,924,The,338.4492753623188,<UNK>,related,5.675040005790547
10,925,<UNK>,317.3098591549296,The,<UNK>,3.4247278790723494
10,926,is,313.80281690140845,<UNK>,The,5.71042701737487
10,927,that,321.3380281690141,is,<UNK>,5.29162837839724
10,928,this,296.9577464788732,that,is,5.676753802268282
10,929,research,313.0422535211268,this,that,5.676753802268282
10,930,<UNK>,316.14084507042253,research,this,5.675040005790547
10,931,to,313.09859154929575,<UNK>,research,5.675040005790547
10,932,better,301.2957746478873,to,<UNK>,5.815621956411737
10,933,<UNK>,304.8550724637681,better,to,5.675040005790547
10,934,<UNK>,351.50704225352115,<UNK>,better,5.678464666671911
10,935,and,323.5857142857143,<UNK>,<UNK>,3.367295829986474
10,936,better,317.4142857142857,and,<UNK>,5.541263545158426
10,937,<UNK>,335.2676056338028,better,and,5.676753802268282
10,938,for,359.8611111111111,<UNK>,better,5.678464666671911
10,939,<UNK>,506.72857142857146,for,<UNK>,4.633109554677333
