item,zone,word,RT,gpt2_surprisal
1,2,you,369.01190476190476,3.246448278427124
1,3,were,368.18390804597703,4.155486106872559
1,4,to,344.3181818181818,1.6343013048171997
1,5,journey,354.63953488372096,9.875773429870605
1,6,to,349.6741573033708,1.665705919265747
1,7,the,376.3707865168539,1.6869174242019653
1,8,North,327.3103448275862,4.5456156730651855
1,9,of,365.4943820224719,4.538362503051758
1,10,"England,",344.9310344827586,3.2611255645751953
1,11,you,400.2696629213483,1.2644554376602173
1,12,would,372.59090909090907,0.7200813889503479
1,13,come,350.37931034482756,3.9534707069396973
1,14,to,319.08045977011494,1.5315755605697632
1,15,a,355.9310344827586,2.1570756435394287
1,16,valley,343.8588235294118,6.629080295562744
1,17,that,330.7325581395349,3.254007339477539
1,18,is,346.77906976744185,1.7938367128372192
1,19,surrounded,360.28735632183907,5.267955780029297
1,20,by,337.04651162790697,0.13559159636497498
1,21,moors,359.36470588235295,9.330524638295174
1,22,as,395.43023255813955,6.0987229347229
1,23,high,414.5977011494253,4.335244655609131
1,24,as,390.95348837209303,0.036165863275527954
1,25,mountains.,434.03614457831327,5.898821294307709
1,26,It,457.3452380952381,2.473604440689087
1,27,is,399.92857142857144,0.5527043342590332
1,28,in,325.2470588235294,4.4845662117004395
1,29,this,318.2674418604651,0.9777402877807617
1,30,valley,341.22352941176473,0.20214013755321503
1,31,where,375.8,3.251721143722534
1,32,you,363.1294117647059,1.6264686584472656
1,33,would,365.4367816091954,2.292536497116089
1,34,find,323.5581395348837,1.3292455673217773
1,35,the,305.32941176470587,1.2970895767211914
1,36,city,355.85714285714283,5.863070487976074
1,37,of,320.2988505747126,0.22675050795078278
1,38,"Bradford,",418.4367816091954,8.059793591499329
1,39,where,440.5764705882353,1.7435365915298462
1,40,once,377.3095238095238,6.452592372894287
1,41,a,353.95402298850576,2.204892635345459
1,42,thousand,397.41379310344826,4.604693412780762
1,43,spinning,455.13953488372096,12.922134399414062
1,44,jennies,459.0238095238095,13.40089775621891
1,45,that,539.3176470588236,6.3235626220703125
1,46,hummed,538.5348837209302,10.333628356456757
1,47,and,432.3139534883721,2.522423267364502
1,48,clattered,407.40697674418607,8.59184980392456
1,49,spun,414.81176470588235,11.063379287719727
1,50,wool,453.9647058823529,9.294904708862305
1,51,into,426.8720930232558,4.047094345092773
1,52,money,392.5595238095238,8.896595001220703
1,53,for,384.2068965517241,4.983412265777588
1,54,the,385.4712643678161,0.8850898146629333
1,55,long-bearded,462.6470588235294,17.2185298204422
1,56,mill,441.19767441860466,6.033129692077637
1,57,owners.,476.8690476190476,5.327461063861847
1,58,That,480.58620689655174,4.664853096008301
1,59,all,415.6896551724138,7.101363658905029
1,60,mill,439.01149425287355,11.123397827148438
1,61,owners,429.5287356321839,1.0223538875579834
1,62,were,381.5287356321839,1.8033075332641602
1,63,generally,387.19767441860466,8.294939994812012
1,64,busy,378.5402298850575,7.668162822723389
1,65,as,369.51190476190476,5.289848327636719
1,66,beavers,388.72093023255815,8.354225397109985
1,67,and,359.7906976744186,1.5982611179351807
1,68,quite,362.5057471264368,9.612062454223633
1,69,pleased,385.735632183908,5.936389923095703
1,70,with,343.93023255813955,0.7312051057815552
1,71,themselves,370.37931034482756,3.390066385269165
1,72,for,371.47058823529414,3.4846301078796387
1,73,being,349.0581395348837,2.9364547729492188
1,74,so,339.4651162790698,2.3841934204101562
1,75,successful,345.9647058823529,4.486929416656494
1,76,and,380.4767441860465,3.4346117973327637
1,77,well,362.9529411764706,4.019822120666504
1,78,off,361.2738095238095,3.9689249992370605
1,79,was,357.0919540229885,3.0490026473999023
1,80,known,353.41379310344826,4.629720211029053
1,81,to,357.0232558139535,1.272005319595337
1,82,the,344.45348837209303,1.738320231437683
1,83,residents,381.80232558139534,5.984614849090576
1,84,of,365.5,0.5658295750617981
1,85,"Bradford,",388.9651162790698,3.3257830142974854
1,86,and,399.61176470588236,1.3510792255401611
1,87,if,367.6309523809524,5.045467376708984
1,88,you,328.6860465116279,1.0310003757476807
1,89,were,329.86206896551727,2.1450438499450684
1,90,to,331.6046511627907,0.4744480848312378
1,91,go,315.4186046511628,1.987182855606079
1,92,into,344.7931034482759,3.282435894012451
1,93,the,332.2823529411765,1.0768122673034668
1,94,city,326.1294117647059,2.2142438888549805
1,95,to,319.5833333333333,3.6279377937316895
1,96,visit,319.0813953488372,2.091244697570801
1,97,the,330.9186046511628,1.111656665802002
1,98,stately,370.7325581395349,9.460950493812561
1,99,City,393.69767441860466,7.043209075927734
1,100,"Hall,",385.6279069767442,1.8462147116661072
1,101,you,395.39080459770116,0.5128107070922852
1,102,would,334.367816091954,0.15670768916606903
1,103,see,327.7931034482759,2.152559280395508
1,104,there,333.4418604651163,4.093930244445801
1,105,the,341.1162790697674,3.1475234031677246
1,106,Crest,391.2298850574713,12.118191719055176
1,107,of,381.24418604651163,0.6636694669723511
1,108,the,333.6385542168675,1.9987103939056396
1,109,City,341.7142857142857,3.25514817237854
1,110,of,353.95348837209303,1.8769001960754395
1,111,"Bradford,",357.91764705882355,1.6038130521774292
1,112,which,387.5882352941176,1.6750082969665527
1,113,those,374.15294117647056,9.480635643005371
1,114,same,356.63529411764705,5.669145584106445
1,115,mill,394.0919540229885,1.5128344297409058
1,116,owners,350.5,0.11613202840089798
1,117,created,380.0581395348837,6.73581600189209
1,118,to,360.83720930232556,2.9323015213012695
1,119,celebrate,371.52941176470586,4.019966125488281
1,120,their,342.9529411764706,1.1904184818267822
1,121,achievements.,400.26190476190476,5.001194775104523
1,122,It,419.1860465116279,2.897245407104492
1,123,shows,388.62068965517244,6.760085582733154
1,124,a,338.9080459770115,3.414250612258911
1,125,sinister,380.2906976744186,9.890257835388184
1,126,looking,426.8837209302326,5.799521446228027
1,127,boar's,407.5176470588235,15.654258608818054
1,128,head,406.3837209302326,1.9956344366073608
1,129,sitting,424.8390804597701,5.1490797996521
1,130,on,356.8488372093023,1.3200942277908325
1,131,top,340.74418604651163,2.6755380630493164
1,132,of,349.91954022988506,0.02362332120537758
1,133,a,350.04597701149424,0.8271670937538147
1,134,well,343.13953488372096,5.341588020324707
1,135,which,375.66279069767444,4.088070869445801
1,136,seems,423.2352941176471,5.778404235839844
1,137,puzzling,425.9647058823529,12.063200950622559
1,138,at,375.2068965517241,2.892990827560425
1,139,"first,",353.5176470588235,1.4849203638732433
1,140,but,343.74418604651163,0.3742654025554657
1,141,the,331.1046511627907,2.859675168991089
1,142,reason,358.85057471264366,5.859057426452637
1,143,for,340.8735632183908,1.928160309791565
1,144,this,341.3103448275862,1.2198823690414429
1,145,symbol,340.5581395348837,8.214054107666016
1,146,is,348.88505747126436,0.696628212928772
1,147,a,328.1511627906977,4.684845447540283
1,148,matter,355.44827586206895,4.2514448165893555
1,149,of,327.264367816092,0.15913040935993195
1,150,legend.,372.4117647058824,3.685851573944092
1,151,There,392.7241379310345,3.899754524230957
1,152,was,364.28735632183907,1.9505131244659424
1,153,"once,",331.6551724137931,7.155151128768921
1,154,legend,342.8965517241379,8.653554916381836
1,155,has,455.28735632183907,1.6946245431900024
1,156,"it,",376.02298850574715,0.03555464884266257
1,157,a,358.2068965517241,0.5856713652610779
1,158,fearsome,369.04597701149424,8.670583724975586
1,159,"boar,",369.9767441860465,4.262827237951569
1,160,which,375.0232558139535,1.79945969581604
1,161,lived,363.3837209302326,3.8206946849823
1,162,in,324.90588235294115,0.9653770923614502
1,163,a,302.56976744186045,1.860095739364624
1,164,wood,363.19767441860466,6.179237365722656
1,165,located,357.7674418604651,8.960078239440918
1,166,just,424.8735632183908,3.736874580383301
1,167,outside,342.74117647058824,1.536932110786438
1,168,the,323.74418604651163,0.5345120429992676
1,169,manor,350.36046511627904,8.887347638607025
1,170,of,353.3333333333333,2.380922317504883
1,171,Bradford.,407.0232558139535,2.6086530685424805
1,172,A,391.6162790697674,3.7672414779663086
1,173,source,365.5348837209302,7.6235480308532715
1,174,of,345.7931034482759,1.347877025604248
1,175,great,333.8045977011494,3.2156755924224854
1,176,trouble,358.3103448275862,5.348334789276123
1,177,to,338.4651162790698,1.3929443359375
1,178,the,319.2093023255814,0.724523663520813
1,179,local,308.9418604651163,4.741872787475586
1,180,folk,307.4470588235294,4.010023593902588
1,181,the,336.04651162790697,6.121960639953613
1,182,boar,346.2352941176471,1.3497589901089668
1,183,"was,",342.5529411764706,6.3187679052352905
1,184,bringing,374.7142857142857,10.444334983825684
1,185,terror,374.5,5.228248119354248
1,186,to,347.4235294117647,0.7687940001487732
1,187,the,320.5,0.751534104347229
1,188,peaceful,332.1511627906977,10.154038429260254
1,189,flocks,336.86046511627904,8.555593218654394
1,190,and,329.51162790697674,2.588484525680542
1,191,ravaging,341.6860465116279,9.330415606498718
1,192,the,359.86046511627904,0.868448793888092
1,193,countryside,397.1162790697674,3.622018814086914
1,194,around.,414.54761904761904,7.705765724182129
1,195,Even,429.8048780487805,5.653290748596191
1,196,"worse,",385.1309523809524,4.898300647735596
1,197,"however,",364.8255813953488,5.771728780120611
1,198,the,360.6511627906977,1.5509138107299805
1,199,boar,324.4186046511628,0.5001137033104897
1,200,most,337.50588235294117,9.007180213928223
1,201,liked,356.4767441860465,6.456003189086914
1,202,to,343.0232558139535,0.580278754234314
1,203,go,331.9651162790698,4.104262351989746
1,204,to,309.56470588235294,1.503835678100586
1,205,the,318.4186046511628,1.5222721099853516
1,206,well,323.8953488372093,3.956913948059082
1,207,that,349.56976744186045,5.570013046264648
1,208,was,338.2906976744186,1.5630708932876587
1,209,in,324.5232558139535,3.7351012229919434
1,210,the,300.6511627906977,0.6092172265052795
1,211,wood,311.7906976744186,5.222365379333496
1,212,and,356.7093023255814,1.8508074283599854
1,213,drink,338.35714285714283,4.614762306213379
1,214,its,352.45882352941175,2.3399910926818848
1,215,fresh,326.78823529411767,7.605296611785889
1,216,"water,",324.3764705882353,2.857947885990143
1,217,so,366.78823529411767,2.928645610809326
1,218,that,339.8139534883721,1.1972923278808594
1,219,the,313.45882352941175,1.9992971420288086
1,220,people,301.56626506024094,2.8212180137634277
1,221,of,331.0,1.3737421035766602
1,222,Bradford,313.91764705882355,0.4525874853134155
1,223,had,318.9294117647059,3.7923269271850586
1,224,second,353.8720930232558,10.1566162109375
1,225,thoughts,350.16470588235296,0.6416301727294922
1,226,about,335.3837209302326,1.4858373403549194
1,227,visiting,337.67816091954023,4.938056468963623
1,228,the,319.4418604651163,1.0646910667419434
1,229,well.,335.3139534883721,1.3717743158340454
1,230,That,445.2093023255814,4.497321128845215
1,231,the,350.47058823529414,3.0766091346740723
1,232,people,341.0,3.8777213096618652
1,233,of,335.54651162790697,0.4346286654472351
1,234,Bradford,319.5238095238095,0.1526428759098053
1,235,bore,337.0813953488372,8.941549301147461
1,236,the,351.56470588235294,1.4024503231048584
1,237,brunt,370.6588235294118,2.184072971343994
1,238,of,358.1162790697674,0.02057763561606407
1,239,the,336.21176470588233,1.019111156463623
1,240,beast's,333.70238095238096,6.143043577671051
1,241,ferocity,382.64285714285717,7.557207027915865
1,242,was,402.26190476190476,1.2822035551071167
1,243,unfair,386.8333333333333,11.484841346740723
1,244,in,343.4651162790698,4.324292182922363
1,245,the,314.95348837209303,2.009611129760742
1,246,eyes,308.15294117647056,0.7361716628074646
1,247,of,323.2906976744186,0.002023079665377736
1,248,the,312.72093023255815,0.9906100630760193
1,249,people,348.8255813953488,1.7719734907150269
1,250,of,325.2,0.3533969819545746
1,251,the,305.2352941176471,1.2628191709518433
1,252,region.,380.4470588235294,5.108289003372192
1,253,"Eventually,",415.66279069767444,7.340919673442841
1,254,the,342.66279069767444,1.6137762069702148
1,255,issue,326.6860465116279,9.781021118164062
1,256,reached,341.36046511627904,5.915080547332764
1,257,the,336.66279069767444,0.8197507262229919
1,258,ears,346.6279069767442,1.8366050720214844
1,259,of,320.8488372093023,0.01564338430762291
1,260,the,307.40697674418607,0.6250135898590088
1,261,kindly,328.0,9.479730606079102
1,262,Lord,325.3255813953488,5.2836809158325195
1,263,of,326.48837209302326,3.532763719558716
1,264,the,302.01162790697674,1.2751693725585938
1,265,Manor,322.2906976744186,3.8162875175476074
1,266,who,317.5813953488372,3.425530195236206
1,267,the,349.2674418604651,6.757633686065674
1,268,people,327.36046511627904,3.5941152572631836
1,269,had,334.8941176470588,3.8042752742767334
1,270,often,321.0348837209302,5.6368865966796875
1,271,asked,326.1046511627907,3.145531177520752
1,272,for,317.8837209302326,2.0600969791412354
1,273,help.,310.5348837209302,4.265772819519043
1,274,The,334.95348837209303,1.6399258375167847
1,275,Lord,323.5813953488372,1.6872739791870117
1,276,saw,311.0813953488372,6.572943687438965
1,277,the,322.4418604651163,1.690920114517212
1,278,severity,334.83529411764704,9.488931655883789
1,279,of,340.0352941176471,0.21294809877872467
1,280,the,317.5764705882353,0.3069884777069092
1,281,problem,324.74117647058824,1.7107418775558472
1,282,the,310.2,5.948652267456055
1,283,people,330.5232558139535,1.3109420537948608
1,284,faced,317.2674418604651,2.7668488025665283
1,285,and,327.22093023255815,0.739238977432251
1,286,suggested,325.06976744186045,4.52149772644043
1,287,a,348.59302325581393,3.0970206260681152
1,288,contest,331.5348837209302,8.137611389160156
1,289,could,328.54117647058825,6.673591136932373
1,290,solve,332.6,8.166393280029297
1,291,the,295.4642857142857,1.3379778861999512
1,292,problem.,308.2470588235294,0.9686968475580215
1,293,He,331.8705882352941,3.3417165279388428
1,294,said,315.7529411764706,3.4954140186309814
1,295,that,313.47058823529414,0.9359993934631348
1,296,whoever,306.61176470588236,5.149064064025879
1,297,could,338.47058823529414,1.6929278373718262
1,298,kill,308.45348837209303,6.364125728607178
1,299,the,310.83720930232556,0.539378821849823
1,300,boar,297.8235294117647,0.4744737616274506
1,301,and,303.6470588235294,2.655341625213623
1,302,bring,286.7294117647059,2.6774356365203857
1,303,as,288.52941176470586,6.7738165855407715
1,304,proof,331.61176470588236,11.536660194396973
1,305,its,340.7294117647059,4.766819953918457
1,306,head,300.5529411764706,5.785696983337402
1,307,to,300.0235294117647,1.687373161315918
1,308,the,294.4470588235294,0.7347446084022522
1,309,Manor,320.7647058823529,5.95714807510376
1,310,House,316.90588235294115,5.361678600311279
1,311,would,328.8809523809524,1.2871639728546143
1,312,be,317.3333333333333,1.18565034866333
1,313,rewarded,321.42857142857144,2.031175136566162
1,314,with,305.49411764705883,0.49465763568878174
1,315,land,314.09411764705885,6.964602470397949
1,316,and,328.32142857142856,1.6771609783172607
1,317,fame.,335.9761904761905,5.3978623151779175
1,318,It,318.2261904761905,3.3590376377105713
1,319,was,329.32941176470587,0.6884092688560486
1,320,the,316.2705882352941,3.177910804748535
1,321,people,309.5301204819277,4.055308818817139
1,322,of,316.0722891566265,0.6017136573791504
1,323,Bradford,328.90361445783134,0.2869713306427002
1,324,and,324.0,4.8357062339782715
1,325,the,331.0352941176471,0.9435634613037109
1,326,people,293.82142857142856,2.13932204246521
1,327,who,299.86746987951807,2.965167999267578
1,328,knew,332.90588235294115,4.240440845489502
1,329,them,340.2823529411765,5.688085556030273
1,330,who,318.54651162790697,3.3085641860961914
1,331,rejoiced,361.98823529411766,9.209232222521678
1,332,at,347.77647058823527,1.4183050394058228
1,333,this,325.1904761904762,1.6348873376846313
1,334,proclamation,367.22352941176473,8.032529830932617
1,335,but,365.70588235294116,5.408082485198975
1,336,one,356.18823529411765,6.138466835021973
1,337,question,349.3809523809524,5.558357238769531
1,338,remained:,381.2705882352941,2.939699411392212
1,339,who,383.3452380952381,1.940248966217041
1,340,would,331.78823529411767,0.9229458570480347
1,341,kill,317.91764705882355,3.7558531761169434
1,342,the,317.4117647058824,0.28446516394615173
1,343,boar?,295.1058823529412,1.0921633137040772
1,344,By,324.3058823529412,5.942728042602539
1,345,the,309.3529411764706,1.5699833631515503
1,346,handsome,331.38823529411764,9.85422134399414
1,347,reward,355.4823529411765,7.009339332580566
1,348,many,399.8,5.376691818237305
1,349,felt,416.5529411764706,6.076748847961426
1,350,"tempted,",368.1294117647059,10.500924348831177
1,351,but,354.0352941176471,0.8901848196983337
1,352,the,340.91764705882355,1.8239359855651855
1,353,thought,354.75,6.266023635864258
1,354,of,305.20238095238096,0.7871136665344238
1,355,the,306.8588235294118,1.9389357566833496
1,356,boar,306.5952380952381,1.3752722307108343
1,357,with,326.83529411764704,6.104755401611328
1,358,its,320.88235294117646,1.3081064224243164
1,359,deadly,312.9404761904762,6.1111531257629395
1,360,tusks,312.6,8.218045681715012
1,361,and,328.23809523809524,1.15284264087677
1,362,face,316.23809523809524,6.419106483459473
1,363,like,306.5833333333333,4.0706586837768555
1,364,thunder,326.8095238095238,8.962991714477539
1,365,soon,325.1058823529412,6.937454700469971
1,366,put,331.61176470588236,4.982067108154297
1,367,an,312.42857142857144,1.3655515909194946
1,368,end,293.29411764705884,0.0023742124903947115
1,369,to,292.32941176470587,0.008849331177771091
1,370,their,285.8705882352941,2.2710158824920654
1,371,ambitions.,341.81176470588235,6.514667943120003
1,372,"However,",400.89285714285717,4.8857526779174805
1,373,there,374.7469879518072,3.803982734680176
1,374,was,343.42857142857144,0.654683530330658
1,375,one,316.0,1.242511510848999
1,376,"huntsman,",361.16470588235296,17.07850575633347
1,377,who,386.18823529411765,1.4425324201583862
1,378,was,322.11764705882354,2.165173053741455
1,379,still,297.6,4.910312652587891
1,380,wet,308.57142857142856,10.4275541305542
1,381,behind,344.0357142857143,7.2999796867370605
1,382,the,312.75,1.008853793144226
1,383,"ears,",298.67857142857144,2.800847589969635
1,384,who,318.2823529411765,1.4157415628433228
1,385,decided,317.3764705882353,3.66706919670105
1,386,the,293.8452380952381,3.459885597229004
1,387,prize,302.0,4.021465301513672
1,388,was,304.9759036144578,0.8467223644256592
1,389,worth,300.2857142857143,2.7305908203125
1,390,a,308.8333333333333,2.9462099075317383
1,391,"shot,",305.3855421686747,7.864964246749878
1,392,in,315.4938271604938,5.302707672119141
1,393,spite,333.21176470588233,3.1708550453186035
1,394,of,294.2352941176471,0.012562429532408714
1,395,the,293.1707317073171,0.665006697177887
1,396,boar's,299.65060240963857,2.4988986924290657
1,397,reputation.,325.6666666666667,5.560042977333069
1,398,The,362.34939759036143,1.7945692539215088
1,399,huntsman,383.9047619047619,3.646124020218849
1,400,discovered,353.32142857142856,6.798553466796875
1,401,the,333.6470588235294,1.251523733139038
1,402,boar,337.8705882352941,0.5881002712994814
1,403,preferred,351.0238095238095,12.450671195983887
1,404,to,337.8292682926829,0.8845479488372803
1,405,come,323.4404761904762,4.862296104431152
1,406,out,305.8433734939759,2.758979320526123
1,407,in,302.32142857142856,3.293318271636963
1,408,the,293.04761904761904,1.1681952476501465
1,409,middle,299.43529411764706,2.942547559738159
1,410,of,297.51190476190476,0.0292457714676857
1,411,the,284.26190476190476,0.2695097327232361
1,412,day.,305.6823529411765,6.3509745597839355
1,413,So,349.2261904761905,3.778303384780884
1,414,he,321.1309523809524,1.0976076126098633
1,415,went,321.925,2.9219424724578857
1,416,to,274.0,1.1031213998794556
1,417,the,280.9166666666667,0.5016066431999207
1,418,wood,292.4404761904762,5.296773433685303
1,419,by,303.3333333333333,6.130105972290039
1,420,the,300.67857142857144,1.0889534950256348
1,421,well,291.9529411764706,0.665280282497406
1,422,with,310.56626506024094,4.131007671356201
1,423,his,314.0,1.0576510429382324
1,424,good,319.70588235294116,6.951993942260742
1,425,"bow,",350.9759036144578,7.838272571563721
1,426,to,344.5595238095238,4.36875057220459
1,427,bide,349.4117647058824,10.597183227539062
1,428,his,370.8313253012048,0.04449436441063881
1,429,time.,342.33734939759034,1.9933919286122546
1,430,Around,356.79761904761904,7.138227462768555
1,431,"noontime,",354.2470588235294,14.086703911423683
1,432,the,360.4642857142857,1.2859976291656494
1,433,"boar,",322.83529411764704,5.359621905954555
1,434,feared,317.2,10.321844100952148
1,435,by,329.36046511627904,1.564473271369934
1,436,the,337.16279069767444,0.951633095741272
1,437,"locals,",304.3488372093023,2.839168906211853
1,438,came,346.6235294117647,2.289853811264038
1,439,"out,",326.5882352941176,3.7337067127227783
1,440,as,309.0235294117647,4.988024711608887
1,441,slow,319.7176470588235,10.124116897583008
1,442,as,317.9268292682927,0.49696141481399536
1,443,a,297.9390243902439,0.8443814516067505
1,444,"snail,",360.8941176470588,4.015835165977478
1,445,from,352.63529411764705,4.546029090881348
1,446,among,340.9764705882353,7.266345977783203
1,447,the,331.08235294117645,0.17479568719863892
1,448,"trees,",309.15294117647056,4.113293886184692
1,449,just,317.7294117647059,5.684100151062012
1,450,as,324.9156626506024,1.5780110359191895
1,451,the,320.26190476190476,1.2636698484420776
1,452,huntsman,321.6470588235294,4.078523742035031
1,453,had,333.21176470588233,1.0840226411819458
1,454,predicted.,344.0722891566265,2.909376949071884
1,455,The,404.23809523809524,1.3747607469558716
1,456,huntsman,365.0,3.0788902218919247
1,457,leaped,323.3095238095238,7.7995117381215096
1,458,from,339.9642857142857,2.148162841796875
1,459,his,322.1411764705882,1.3613348007202148
1,460,hiding,313.3764705882353,3.9980053901672363
1,461,place,314.26506024096386,0.624252438545227
1,462,and,309.08641975308643,0.8636447191238403
1,463,through,316.45882352941175,6.394109725952148
1,464,the,334.04651162790697,0.23125608265399933
1,465,heart,363.1860465116279,7.261598110198975
1,466,with,388.1411764705882,7.34375
1,467,his,367.3176470588235,0.6863513588905334
1,468,fine,343.4470588235294,5.8760986328125
1,469,arrows,342.45238095238096,4.810674667358398
1,470,shot,356.7738095238095,4.611761093139648
1,471,the,351.4096385542169,0.6405857801437378
1,472,boar.,364.3614457831325,3.0939780073822476
1,473,Now,387.1927710843373,5.298093795776367
1,474,the,332.7738095238095,1.665806531906128
1,475,problem,325.6823529411765,7.091122150421143
1,476,was,308.64285714285717,0.8590553998947144
1,477,no,318.45882352941175,5.033251762390137
1,478,longer,310.2261904761905,0.33373919129371643
1,479,to,331.7529411764706,3.994795799255371
1,480,kill,325.2261904761905,1.3971625566482544
1,481,the,305.35714285714283,0.13491162657737732
1,482,boar.,315.3855421686747,2.515155326400418
1,483,It,338.13253012048193,1.6928445100784302
1,484,was,310.1666666666667,0.45094072818756104
1,485,to,306.50588235294117,0.4120715856552124
1,486,find,313.7951807228916,2.8240582942962646
1,487,a,329.8072289156627,1.2479194402694702
1,488,way,308.0357142857143,0.9842610955238342
1,489,to,291.6588235294118,0.546525239944458
1,490,carry,304.52941176470586,5.442812919616699
1,491,the,313.09411764705885,1.500594973564148
1,492,boar,312.91764705882355,0.7157085586804897
1,493,back.,330.70238095238096,5.835616827011108
1,494,The,411.66265060240966,1.3428022861480713
1,495,head,347.63529411764705,6.849410057067871
1,496,was,357.94117647058823,2.542691946029663
1,497,too,337.4,4.42998743057251
1,498,heavy,342.2470588235294,2.95241117477417
1,499,for,345.29411764705884,1.0122673511505127
1,500,the,315.8,0.9010975360870361
1,501,little,319.42857142857144,6.403936386108398
1,502,huntsman,346.3095238095238,4.970061511732638
1,503,to,338.4578313253012,0.7953075766563416
1,504,carry,318.98809523809524,0.5549416542053223
1,505,back,332.11764705882354,4.418942928314209
1,506,to,308.4117647058824,3.199756622314453
1,507,the,312.3095238095238,0.46990975737571716
1,508,Manor,324.91764705882355,2.2868001461029053
1,509,"House,",354.9529411764706,1.545351430773735
1,510,but,374.1190476190476,1.8628617525100708
1,511,the,341.43373493975906,1.4548534154891968
1,512,"huntsman,",327.85714285714283,6.2891150251962245
1,513,who,314.73809523809524,1.7118706703186035
1,514,was,310.27710843373495,1.4265425205230713
1,515,as,328.4235294117647,5.834774971008301
1,516,quick-witted,331.89285714285717,11.978673121426255
1,517,and,372.9166666666667,1.9478217363357544
1,518,cunning,349.11764705882354,3.522401809692383
1,519,as,326.70238095238096,0.06962082535028458
1,520,"ever,",319.66265060240966,2.7124006152153015
1,521,asked,317.18823529411765,6.666495323181152
1,522,"himself,",340.4166666666667,8.45252275466919
1,523,'What,319.83529411764704,4.453976511955261
1,524,else,327.25882352941176,5.073087692260742
1,525,can,323.1927710843373,1.1003320217132568
1,526,I,308.04761904761904,0.29261019825935364
1,527,do,300.0470588235294,0.18686258792877197
1,528,to,316.8235294117647,1.3798186779022217
1,529,prove,348.27710843373495,5.185751914978027
1,530,I,300.7469879518072,3.1261415481567383
1,531,killed,334.04761904761904,4.150920391082764
1,532,the,306.0238095238095,0.44713497161865234
1,533,boar?',331.89285714285717,0.4304853826179169
1,534,The,348.7647058823529,1.1988015174865723
1,535,next,334.77647058823527,5.218307971954346
1,536,instance,318.29411764705884,9.79012680053711
1,537,he,336.93023255813955,4.906741142272949
1,538,opened,340.32941176470587,8.876352310180664
1,539,the,345.8,2.236351251602173
1,540,boar's,343.2,5.651748572243378
1,541,mouth,329.3529411764706,1.0381273031234741
1,542,and,358.0833333333333,1.039740800857544
1,543,cut,340.4,5.391451835632324
1,544,out,356.23809523809524,3.6974897384643555
1,545,its,327.47058823529414,1.2715085744857788
1,546,"tongue,",346.11764705882354,5.100154280662537
1,547,taking,389.4470588235294,5.739727020263672
1,548,that,368.0348837209302,4.855349540710449
1,549,as,349.6046511627907,1.0980093479156494
1,550,proof,338.8,1.3485758304595947
1,551,for,311.43023255813955,4.446203708648682
1,552,the,293.7093023255814,1.5277392864227295
1,553,Lord.,314.5952380952381,7.213338136672974
1,554,He,307.51190476190476,2.136587619781494
1,555,set,318.9764705882353,5.791535377502441
1,556,out,308.90588235294115,2.5155019760131836
1,557,for,309.3690476190476,2.423980712890625
1,558,the,315.45882352941175,0.3268808424472809
1,559,Manor,285.8139534883721,1.1443195343017578
1,560,House,304.40697674418607,0.14758619666099548
1,561,as,312.2857142857143,4.545130252838135
1,562,quickly,297.23809523809524,2.728909492492676
1,563,as,308.50602409638554,0.017983948811888695
1,564,he,284.0357142857143,0.5331217050552368
1,565,could,295.2705882352941,0.057127393782138824
1,566,and,296.7176470588235,1.6793031692504883
1,567,he,287.7951807228916,3.790710687637329
1,568,had,288.76190476190476,3.666233777999878
1,569,only,295.14285714285717,4.0561323165893555
1,570,been,293.96385542168673,4.847441673278809
1,571,gone,291.64285714285717,7.112205505371094
1,572,a,285.6190476190476,2.041980028152466
1,573,few,288.09638554216866,0.6560433506965637
1,574,minutes,303.8095238095238,1.1665765047073364
1,575,when,312.0,2.7863657474517822
1,576,a,303.72093023255815,2.8358445167541504
1,577,second,296.5,5.682524681091309
1,578,"huntsman,",320.80232558139534,6.133018853608519
1,579,not,319.6588235294118,5.659735679626465
1,580,so,321.6941176470588,3.1978862285614014
1,581,bold,320.56470588235294,5.499526023864746
1,582,as,350.25882352941176,1.1611926555633545
1,583,the,317.01162790697674,0.6912339329719543
1,584,first,292.61176470588236,0.4689943790435791
1,585,but,303.36470588235295,3.351222515106201
1,586,a,297.1511627906977,2.9784302711486816
1,587,little,312.76190476190476,2.7952818870544434
1,588,more,312.45882352941175,1.1885954141616821
1,589,"cunning,",303.1309523809524,2.702322393655777
1,590,came,323.84705882352944,1.1298967599868774
1,591,on,317.4470588235294,4.583256721496582
1,592,the,302.78823529411767,0.8684095740318298
1,593,scene.,339.29761904761904,1.1218374073505402
1,594,Seeing,386.29761904761904,5.75831937789917
1,595,the,314.91764705882355,1.1779594421386719
1,596,slain,316.09411764705885,10.120445251464844
1,597,carcass,327.6162790697674,7.21841349825263
1,598,of,335.98837209302326,1.3679156303405762
1,599,the,296.2352941176471,0.24718865752220154
1,600,"boar,",320.6470588235294,1.2883899436565116
1,601,the,314.84705882352944,0.8165369033813477
1,602,huntsman,323.9529411764706,0.6914245818043128
1,603,rejoiced,327.1058823529412,7.93930534273386
1,604,in,325.0352941176471,2.6740779876708984
1,605,his,299.2352941176471,1.0310262441635132
1,606,good,302.38823529411764,4.899375915527344
1,607,fortune.,299.5529411764706,2.1969401836395264
1,608,The,321.8705882352941,1.9120591878890991
1,609,second,338.7176470588235,3.9671308994293213
1,610,huntsman,310.54117647058825,0.5114688636385836
1,611,knew,312.2823529411765,5.649081230163574
1,612,a,308.92857142857144,4.579079627990723
1,613,shortcut,298.1904761904762,8.475654602050781
1,614,to,326.3411764705882,1.0069619417190552
1,615,the,327.6235294117647,0.7498775124549866
1,616,Manor,294.2048192771084,0.5882365107536316
1,617,House,297.6744186046512,0.03641693666577339
1,618,was,299.6511627906977,7.423131942749023
1,619,just,315.6235294117647,4.522698402404785
1,620,around,298.9761904761905,2.271742343902588
1,621,the,295.87951807228916,0.06651106476783752
1,622,nearby,301.7857142857143,11.450691223144531
1,623,"pond,",304.0,7.256362199783325
1,624,"and,",322.21176470588233,6.453216910362244
1,625,being,329.1904761904762,4.6421403884887695
1,626,a,312.60714285714283,2.027869462966919
1,627,bigger,305.90588235294115,8.69858169555664
1,628,man,305.84705882352944,0.8349759578704834
1,629,than,296.90588235294115,1.9880465269088745
1,630,the,287.77647058823527,0.3829408288002014
1,631,"first,",287.9047619047619,0.48790501058101654
1,632,was,299.2261904761905,3.365525722503662
1,633,able,293.26506024096386,1.4302958250045776
1,634,to,270.56626506024094,0.009291856549680233
1,635,pick,281.0,5.328926086425781
1,636,up,283.3690476190476,1.227613925933838
1,637,the,274.81176470588235,0.30802372097969055
1,638,boar's,302.77647058823527,4.120673186844215
1,639,head,307.74117647058824,1.300262212753296
1,640,and,312.6,1.1643638610839844
1,641,carry,308.29411764705884,2.461918592453003
1,642,it,293.2857142857143,0.07976727932691574
1,643,through,286.1309523809524,3.996825695037842
1,644,the,288.82142857142856,0.22965820133686066
1,645,wood,287.9879518072289,5.282444000244141
1,646,towards,305.6463414634146,5.7905802726745605
1,647,the,318.08235294117645,0.1786688268184662
1,648,prize,298.2857142857143,10.633091926574707
1,649,that,314.43529411764706,4.94907283782959
1,650,awaited,333.81176470588235,4.755456924438477
1,651,him.,324.3333333333333,1.467860996723175
1,652,The,354.10843373493975,1.2058297395706177
1,653,Lord,299.8588235294118,5.713106155395508
1,654,of,293.9764705882353,1.6029255390167236
1,655,the,285.855421686747,0.039276037365198135
1,656,Manor,267.225,0.007232436444610357
1,657,was,291.609756097561,2.9152302742004395
1,658,seated,284.2560975609756,7.964260101318359
1,659,in,300.7831325301205,1.7321436405181885
1,660,his,318.9047619047619,1.9149441719055176
1,661,hall,283.3764705882353,5.892132759094238
1,662,when,281.67058823529413,4.785589694976807
1,663,the,286.6823529411765,0.619005024433136
1,664,second,293.10714285714283,2.3069424629211426
1,665,huntsman,296.3176470588235,0.0921470660250634
1,666,burst,295.05882352941177,6.15565299987793
1,667,through,302.23809523809524,1.7813076972961426
1,668,the,303.16470588235296,0.28888416290283203
1,669,door,284.4823529411765,0.47742342948913574
1,670,and,287.48809523809524,1.1734027862548828
1,671,began,281.2261904761905,3.7093210220336914
1,672,to,292.47058823529414,0.6841370463371277
1,673,spin,292.7261904761905,8.23250675201416
1,674,a,284.81176470588235,3.085376739501953
1,675,line.,292.32941176470587,10.198411464691162
1,676,'The,333.6666666666667,7.891022205352783
1,677,woes,352.77647058823527,13.527608871459961
1,678,of,319.4047619047619,0.28440093994140625
1,679,Bradford,325.10843373493975,4.126434803009033
1,680,are,316.6941176470588,1.6433995962142944
1,681,ended!',309.83529411764704,9.512081623077393
1,682,he,326.9759036144578,0.6425983309745789
1,683,announced.,328.32142857142856,5.492775321006775
1,684,'With,366.6470588235294,5.683362603187561
1,685,my,335.35714285714283,4.383675575256348
1,686,own,323.4470588235294,3.8246331214904785
1,687,hand,302.29411764705884,2.375230312347412
1,688,I,286.2289156626506,1.071576714515686
1,689,have,349.65060240963857,1.20462965965271
1,690,slain,285.0120481927711,4.653128623962402
1,691,the,283.82142857142856,0.7128074169158936
1,692,boar!',293.45238095238096,2.340752991498448
1,693,"And,",303.8192771084337,7.3666768074035645
1,694,with,301.2738095238095,2.490793466567993
1,695,"that,",276.4166666666667,2.349319815635681
1,696,at,282.20238095238096,6.539430618286133
1,697,the,298.5238095238095,0.9756473302841187
1,698,feet,301.5903614457831,5.139183044433594
1,699,of,287.39285714285717,0.007375630084425211
1,700,his,288.17857142857144,3.010523557662964
1,701,lord,281.45238095238096,5.087162017822266
1,702,he,310.9761904761905,2.6752562522888184
1,703,dropped,296.9647058823529,5.61408805847168
1,704,the,289.68674698795184,0.5500555634498596
1,705,boar's,297.6,4.317749894573353
1,706,enormous,315.5952380952381,10.115151405334473
1,707,head.,329.6,2.8398716151714325
1,708,'Then,371.2738095238095,7.317049264907837
1,709,you,338.8235294117647,3.084210157394409
1,710,will,301.6666666666667,1.7002332210540771
1,711,be,285.0352941176471,1.9227275848388672
1,712,"rewarded,",308.2705882352941,5.758792161941528
1,713,as,311.05882352941177,3.688292980194092
1,714,I,288.1058823529412,2.2673416137695312
1,715,promised.',298.25882352941176,5.622414588928223
1,716,'But,326.29761904761904,5.5371644496917725
1,717,"first,",341.77647058823527,6.550503253936768
1,718,let,306.5357142857143,2.499264717102051
1,719,me,304.0843373493976,1.129356026649475
1,720,examine,295.7261904761905,7.18796443939209
1,721,the,306.17857142857144,0.8248823881149292
1,722,head,304.89285714285717,2.8679933547973633
1,723,of,302.3095238095238,1.2507047653198242
1,724,this,298.1547619047619,2.3109073638916016
1,725,"monster,'",359.9166666666667,6.462983012199402
1,726,said,312.6309523809524,0.8368938565254211
1,727,the,299.20238095238096,0.12379363924264908
1,728,Lord,307.60714285714283,0.47660398483276367
1,729,of,300.5529411764706,0.7867305278778076
1,730,the,291.52941176470586,0.00907286349684
1,731,Manor.,306.6024096385542,0.7522710969205946
1,732,To,322.7647058823529,6.1931376457214355
1,733,not,306.51190476190476,8.236742973327637
1,734,examine,318.66265060240966,8.34543228149414
1,735,the,345.21176470588233,0.88950514793396
1,736,head,304.6904761904762,0.34889787435531616
1,737,in,300.88235294117646,4.624231338500977
1,738,advance,305.0,4.620169639587402
1,739,had,318.9642857142857,4.190490245819092
1,740,not,314.1309523809524,3.165174961090088
1,741,been,323.8690476190476,0.865193784236908
1,742,very,329.8095238095238,6.251126289367676
1,743,clever,337.17857142857144,4.401431083679199
1,744,on,335.76190476190476,5.85413122177124
1,745,the,333.04651162790697,0.8710992932319641
1,746,part,323.75,0.09370869398117065
1,747,of,291.3614457831325,0.004849458113312721
1,748,the,280.07142857142856,0.19792023301124573
1,749,huntsman.,331.4761904761905,2.1546713691204786
1,750,Right,387.4823529411765,8.595794677734375
1,751,"away,",350.5421686746988,4.10150408744812
1,752,the,325.0357142857143,1.5367286205291748
1,753,Lord,318.04761904761904,2.7041397094726562
1,754,noticed,315.5595238095238,5.375575542449951
1,755,the,317.08235294117645,1.5255849361419678
1,756,tongue,302.16470588235296,9.788220405578613
1,757,of,304.45882352941175,1.6124624013900757
1,758,the,287.2738095238095,0.1591760516166687
1,759,boar,288.10714285714283,0.7779106686939485
1,760,was,300.0,2.1267831325531006
1,761,missing,295.2261904761905,3.595982313156128
1,762,and,322.1904761904762,1.6846405267715454
1,763,"exclaimed,",315.25882352941176,7.092654347419739
1,764,'What,341.57142857142856,2.8920874819159508
1,765,is,335.64285714285717,1.9923810958862305
1,766,this?,327.6235294117647,3.7109686136245728
1,767,A,308.1764705882353,3.4367611408233643
1,768,boar,324.74117647058824,3.92101415572688
1,769,with,284.2,4.242757797241211
1,770,no,297.3452380952381,3.1008048057556152
1,771,tongue?',307.3058823529412,2.8285927772521973
1,772,He,329.78823529411767,3.3325629234313965
1,773,looked,311.7647058823529,3.055136203765869
1,774,at,306.09411764705885,0.9747563600540161
1,775,the,291.60714285714283,0.3540891110897064
1,776,"huntsman,",315.90588235294115,8.141627137898467
1,777,dubiously.,359.08235294117645,16.203494757413864
1,778,'How,344.47058823529414,5.259506464004517
1,779,come,338.48809523809524,3.4954216480255127
1,780,this,331.8690476190476,3.231738567352295
1,781,creature,308.6823529411765,2.536550283432007
1,782,has,301.05882352941177,1.9674668312072754
1,783,no,294.1190476190476,0.492496520280838
1,784,tongue?',331.94117647058823,0.8026789724826813
1,785,he,342.74117647058824,1.18562650680542
1,786,demanded.,295.76190476190476,3.131058841943741
1,787,All,315.0235294117647,6.966096878051758
1,788,eyes,312.56470588235294,3.079547882080078
1,789,were,305.67857142857144,0.8594024181365967
1,790,on,289.79761904761904,0.8464273810386658
1,791,the,282.47058823529414,0.4643794298171997
1,792,huntsman.,302.2,5.380017529183533
1,793,The,313.92857142857144,1.7438111305236816
1,794,huntsman,309.0352941176471,1.16933998814784
1,795,questioned,296.36470588235295,7.209994316101074
1,796,by,320.1764705882353,7.6494855880737305
1,797,the,310.07142857142856,1.38448965549469
1,798,Lord,317.6235294117647,0.36135104298591614
1,799,"replied,",327.5238095238095,7.768112629652023
1,800,'I,317.08235294117645,2.444129604846239
1,801,cannot,315.3333333333333,3.672657012939453
1,802,"say,",304.1666666666667,5.31599235534668
1,803,my,312.0,4.487324237823486
1,804,Lord.',297.1309523809524,3.7927240133285522
1,805,He,313.3411764705882,3.568631649017334
1,806,was,307.77647058823527,3.1423158645629883
1,807,suddenly,298.15294117647056,5.943910598754883
1,808,realizing,339.67857142857144,9.875301361083984
1,809,his,326.1666666666667,2.948397636413574
1,810,tricky,352.65060240963857,12.149772644042969
1,811,situation,334.8235294117647,2.563772201538086
1,812,could,338.5813953488372,8.705095291137695
1,813,end,316.9647058823529,5.187338829040527
1,814,badly,307.3452380952381,2.6614151000976562
1,815,for,317.5833333333333,0.733352780342102
1,816,him.,309.9047619047619,2.1000367999076843
1,817,Through,391.2142857142857,8.342874526977539
1,818,the,338.0,1.2447632551193237
1,819,door,336.4096385542169,6.225947380065918
1,820,at,290.8292682926829,4.268134117126465
1,821,this,297.4268292682927,5.463835716247559
1,822,"moment,",300.6829268292683,1.9984358549118042
1,823,the,321.5595238095238,0.9798966646194458
1,824,first,296.73809523809524,5.480274200439453
1,825,huntsman,307.5238095238095,0.27353784581646323
1,826,burst.,311.6941176470588,10.868621826171875
1,827,'The,319.10714285714283,3.106330633163452
1,828,woes,340.9277108433735,7.383869171142578
1,829,of,330.45238095238096,0.0036819064989686012
1,830,Bradford,301.8705882352941,0.005975833162665367
1,831,are,302.1411764705882,0.025653943419456482
1,832,ended!',292.9642857142857,0.399675689637661
1,833,he,299.5542168674699,0.2301395982503891
1,834,cried.,303.81176470588235,3.151709109544754
1,835,'I,295.18823529411765,5.279779821634293
1,836,have,317.0,1.1648283004760742
1,837,slain,289.39285714285717,1.2762551307678223
1,838,the,286.49397590361446,0.2531281113624573
1,839,boar,275.8690476190476,0.07330359960906208
1,840,the,289.77647058823527,7.650346755981445
1,841,people,289.7738095238095,6.761138916015625
1,842,of,284.1190476190476,0.38904425501823425
1,843,Bradford,289.21176470588233,0.06261727213859558
1,844,dreaded!',301.98823529411766,11.164862155914307
1,845,All,361.5764705882353,4.972634792327881
1,846,eyes,354.6823529411765,1.1299114227294922
1,847,turned,310.5882352941176,1.8377056121826172
1,848,to,289.2048192771084,0.4925295114517212
1,849,the,296.5833333333333,0.24513329565525055
1,850,man,280.20238095238096,4.142580986022949
1,851,who,276.43373493975906,1.9013770818710327
1,852,now,288.5595238095238,5.189087867736816
1,853,stood,297.6309523809524,1.767578125
1,854,in,298.5529411764706,1.7913618087768555
1,855,the,284.56626506024094,0.8796467781066895
1,856,doorway.,291.9390243902439,3.463363289833069
1,857,'The,302.69879518072287,3.811929225921631
1,858,reward,315.32530120481925,9.264140129089355
1,859,is,310.42857142857144,1.7112704515457153
1,860,already,323.75,5.821036338806152
1,861,"given,'",310.0609756097561,5.651958465576172
1,862,said,357.4096385542169,1.7297403812408447
1,863,the,310.3048780487805,0.14085441827774048
1,864,Lord,298.4235294117647,0.29815900325775146
1,865,of,298.2705882352941,0.5734302401542664
1,866,the,293.0235294117647,0.0014017528155818582
1,867,Manor.,281.0352941176471,0.24761733296327293
1,868,'The,301.1309523809524,3.1393006443977356
1,869,man,311.45882352941175,4.511819362640381
1,870,here,322.4166666666667,5.564212799072266
1,871,has,312.95238095238096,2.3130440711975098
1,872,brought,295.38823529411764,4.39265251159668
1,873,to,280.83529411764704,3.465752601623535
1,874,me,269.4404761904762,2.927260637283325
1,875,the,285.98823529411766,1.4506144523620605
1,876,boar's,298.9166666666667,4.475069438572973
1,877,head.',306.7176470588235,2.338634341955185
1,878,'Then,316.1190476190476,4.6674582958221436
1,879,where,318.2823529411765,4.382037162780762
1,880,is,322.7142857142857,0.994083046913147
1,881,its,306.8690476190476,4.802776336669922
1,882,tongue?',361.0352941176471,3.0097776353359222
1,883,the,355.84705882352944,2.8227040767669678
1,884,first,314.7857142857143,5.16897439956665
1,885,huntsman,331.5238095238095,0.29544988711131737
1,886,replied.,327.29761904761904,5.935678571462631
1,887,"And,",356.0352941176471,7.549424171447754
1,888,so,360.9529411764706,5.829336166381836
1,889,"saying,",321.54761904761904,3.7067624144256115
1,890,he,318.6904761904762,1.2742853164672852
1,891,drew,323.61176470588236,5.706478118896484
1,892,out,308.47058823529414,2.1093156337738037
1,893,the,308.11764705882354,1.372387409210205
1,894,boar's,306.3809523809524,2.8690369080286473
1,895,tongue,312.77647058823527,1.6059885025024414
1,896,he,331.6588235294118,8.394866943359375
1,897,had,316.76190476190476,3.1125118732452393
1,898,put,308.2674418604651,4.896385192871094
1,899,in,300.42857142857144,1.184607744216919
1,900,his,306.26190476190476,1.256969690322876
1,901,hunting,293.76190476190476,7.395711421966553
1,902,pouch,309.6666666666667,4.578862190246582
1,903,and,318.8941176470588,1.3673075437545776
1,904,related,335.56470588235294,10.222814559936523
1,905,how,335.6235294117647,3.5267908573150635
1,906,he,313.2705882352941,1.0057923793792725
1,907,had,300.1294117647059,0.3185366094112396
1,908,ambushed,335.2352941176471,9.375109519809484
1,909,the,313.4235294117647,0.6257203221321106
1,910,creature,305.49411764705883,4.674668312072754
1,911,in,298.6235294117647,2.8570618629455566
1,912,the,288.13253012048193,0.8904396295547485
1,913,wood,293.9642857142857,3.0856823921203613
1,914,and,289.94117647058823,1.943959355354309
1,915,cut,284.2823529411765,4.575263977050781
1,916,out,290.28915662650604,1.4172630310058594
1,917,its,272.4404761904762,0.18272008001804352
1,918,tongue,288.1058823529412,0.7600994110107422
1,919,as,288.49411764705883,4.1348772048950195
1,920,proof,284.1294117647059,0.4284004271030426
1,921,of,306.56470588235294,1.0955846309661865
1,922,his,274.25882352941176,0.5792797207832336
1,923,victory.,292.8705882352941,2.389719009399414
1,924,Listening,317.0843373493976,10.774699408560991
1,925,to,338.2073170731707,0.3172171711921692
1,926,the,293.54761904761904,0.9425901174545288
1,927,"tale,",283.2142857142857,5.72407341003418
1,928,the,318.75,0.8336493968963623
1,929,Lord,290.75,1.8782426118850708
1,930,of,276.6470588235294,0.5899117588996887
1,931,the,283.1058823529412,0.006507751997560263
1,932,Manor,290.4,0.0023669579531997442
1,933,tried,281.23809523809524,7.365472793579102
1,934,to,277.2261904761905,0.22251956164836884
1,935,discern,286.68674698795184,5.7154622077941895
1,936,which,303.1463414634146,3.6668014526367188
1,937,huntsman,297.48192771084337,3.851667463313788
1,938,was,308.3764705882353,1.042271375656128
1,939,telling,292.4470588235294,4.283283233642578
1,940,him,291.91764705882355,6.8860087394714355
1,941,the,295.77647058823527,0.4473559260368347
1,942,truth,285.18823529411765,1.6598000526428223
1,943,and,287.7647058823529,2.8759093284606934
1,944,what,279.82142857142856,3.295135498046875
1,945,the,295.3058823529412,2.1831774711608887
1,946,two,288.5176470588235,4.675228595733643
1,947,huntsmen,299.0357142857143,3.434068202972412
1,948,were,308.0238095238095,1.0286502838134766
1,949,thinking,301.144578313253,4.664607048034668
1,950,as,321.4404761904762,3.9815032482147217
1,951,they,309.36470588235295,0.7118999361991882
1,952,waited,302.63529411764705,4.742708206176758
1,953,for,297.29411764705884,0.4330763816833496
1,954,him,290.74117647058824,2.166973352432251
1,955,to,276.8809523809524,0.6267403960227966
1,956,make,276.64285714285717,3.9422318935394287
1,957,a,276.7142857142857,2.0654983520507812
1,958,decision.,279.06024096385545,0.8955696821212769
1,959,Almost,325.2048192771084,7.616916656494141
1,960,"instantly,",329.67058823529413,3.3261950612068176
1,961,the,318.6235294117647,0.9607278108596802
1,962,Lord,300.16470588235296,1.9868003129959106
1,963,saw,278.7294117647059,5.3226470947265625
1,964,that,285.4047619047619,1.02937650680542
1,965,the,297.1566265060241,0.7116424441337585
1,966,second,279.3690476190476,4.309059143066406
1,967,huntsman,295.4823529411765,0.08563359035179019
1,968,had,327.6309523809524,1.1637828350067139
1,969,fed,319.75,9.184532165527344
1,970,him,343.63529411764705,4.0979204177856445
1,971,a,335.88235294117646,1.6428804397583008
1,972,pack,309.82142857142856,6.877987861633301
1,973,of,309.0705882352941,0.06516645848751068
1,974,lies,334.18823529411765,7.029651641845703
1,975,and,320.98823529411766,1.1959978342056274
1,976,it,304.3764705882353,5.758113384246826
1,977,was,291.66265060240966,0.6805350184440613
1,978,the,277.9047619047619,3.4015495777130127
1,979,first,274.9642857142857,1.757083535194397
1,980,huntsman,299.6309523809524,2.8641715572448447
1,981,who,296.6707317073171,0.2784045338630676
1,982,was,276.0843373493976,2.573336601257324
1,983,the,268.67469879518075,3.8634402751922607
1,984,true,286.6309523809524,3.5245890617370605
1,985,savior,311.6588235294118,7.281341075897217
1,986,of,295.3333333333333,0.43573248386383057
1,987,Bradford.,293.8313253012048,2.745352476835251
1,988,The,321.8048780487805,1.3441004753112793
1,989,Lord,306.29411764705884,2.1750941276550293
1,990,believed,295.1309523809524,5.540520191192627
1,991,the,303.70238095238096,2.1200976371765137
1,992,second,290.29411764705884,2.368823528289795
1,993,huntsman,307.4117647058824,0.06120343029033393
1,994,had,308.21176470588233,1.9335988759994507
1,995,tried,317.5529411764706,5.544921398162842
1,996,to,292.3058823529412,0.2557610273361206
1,997,steal,271.03614457831327,4.489544868469238
1,998,the,285.2261904761905,0.42802202701568604
1,999,first,280.61176470588236,5.816229343414307
1,1000,huntsman's,329.4,0.7255786149762571
1,1001,prize,338.8452380952381,6.039056777954102
1,1002,and,305.9294117647059,1.4501335620880127
1,1003,so,303.51190476190476,3.805859088897705
1,1004,proclaimed,308.1309523809524,8.459525108337402
1,1005,the,316.54117647058825,1.7708358764648438
1,1006,first,311.61176470588236,3.0337281227111816
1,1007,huntsman,303.86746987951807,0.22336350963450968
1,1008,the,297.8072289156627,2.7495713233947754
1,1009,true,291.855421686747,1.9470117092132568
1,1010,victor.,333.5176470588235,4.425596013665199
1,1011,The,311.8941176470588,1.179367184638977
1,1012,Lord,306.3734939759036,1.8026022911071777
1,1013,wondered,324.14285714285717,7.299983978271484
1,1014,for,298.65060240963857,4.122241973876953
1,1015,a,312.0238095238095,0.24465467035770416
1,1016,moment,308.3529411764706,0.2182139903306961
1,1017,why,309.0238095238095,2.587144613265991
1,1018,he,303.14285714285717,1.554876446723938
1,1019,always,305.79761904761904,6.799878120422363
1,1020,encountered,294.10714285714283,8.438131332397461
1,1021,so,364.29761904761904,2.6355369091033936
1,1022,much,324.8658536585366,3.3749310970306396
1,1023,chicanery,370.9761904761905,9.275716016913066
1,1024,in,440.1764705882353,1.115699291229248
1,1025,his,366.2823529411765,1.3552669286727905
1,1026,everyday,371.4642857142857,5.334697723388672
1,1027,interactions.,399.8095238095238,6.246626853942871
1,1028,The,377.8095238095238,2.163496494293213
1,1029,huntsman,409.5833333333333,3.0525488471612334
1,1030,who,341.5882352941176,4.844852447509766
1,1031,had,309.32941176470587,1.0057928562164307
1,1032,earned,354.7951807228916,6.948309898376465
1,1033,his,351.87951807228916,1.5050538778305054
1,1034,prize,346.87951807228916,2.207120895385742
1,1035,fair,326.3095238095238,11.151992797851562
1,1036,and,336.20238095238096,0.3023841977119446
1,1037,square,302.85714285714283,0.027866190299391747
1,1038,received,312.65060240963857,6.309933185577393
1,1039,as,312.01176470588234,5.667708873748779
1,1040,his,331.7647058823529,1.9667378664016724
1,1041,reward,303.8809523809524,1.1758567094802856
1,1042,a,311.0833333333333,1.5396783351898193
1,1043,piece,333.8452380952381,4.337606430053711
1,1044,of,323.3809523809524,0.005326484329998493
1,1045,land,318.8809523809524,2.8514814376831055
1,1046,just,339.17857142857144,5.986708641052246
1,1047,outside,334.3690476190476,2.8024682998657227
1,1048,the,285.3529411764706,0.5928608775138855
1,1049,"town,",289.90588235294115,7.200568437576294
1,1050,known,310.8690476190476,5.848674774169922
1,1051,thereafter,350.79761904761904,10.562304496765137
1,1052,as,355.5529411764706,0.08623897284269333
1,1053,Hunt,335.1411764705882,9.932111740112305
1,1054,Yard.,461.6470588235294,7.089234232902527
1,1055,His,442.5833333333333,4.58248233795166
1,1056,fame,362.7093023255814,6.439552307128906
1,1057,was,338.17241379310343,2.024651050567627
1,1058,indeed,362.57471264367814,6.181320667266846
1,1059,"assured,",338.6511627906977,8.59908938407898
1,1060,but,336.95348837209303,1.0825097560882568
1,1061,it,335.5,2.6532511711120605
1,1062,was,323.0689655172414,0.5808635354042053
1,1063,not,307.32183908045977,1.5889551639556885
1,1064,nearly,304.8735632183908,6.163084983825684
1,1065,as,358.17241379310343,0.6849796772003174
1,1066,lasting,355.04597701149424,6.339365005493164
1,1067,as,330.3448275862069,0.1554156392812729
1,1068,that,319.7011494252874,2.849860191345215
1,1069,of,327.2413793103448,0.6199851036071777
1,1070,the,327.5402298850575,0.34345337748527527
1,1071,fearsome,357.8045977011494,10.197174072265625
1,1072,Bradford,424.2528735632184,10.948873519897461
1,1073,Boar.,614.735632183908,4.628183253109455
2,2,clear,405.8369565217391,8.999666213989258
2,3,and,351.0111111111111,2.715822219848633
2,4,joyous,396.97802197802196,10.938949227333069
2,5,day,376.02197802197804,4.632388591766357
2,6,it,356.2608695652174,7.694689750671387
2,7,was,343.51612903225805,0.8492817282676697
2,8,and,373.39130434782606,4.584084510803223
2,9,out,386.72222222222223,8.502053260803223
2,10,on,349.0989010989011,4.967680931091309
2,11,the,332.3626373626374,0.5382483005523682
2,12,wide,327.14130434782606,6.31881046295166
2,13,open,364.5326086956522,2.0631747245788574
2,14,"sea,",389.39772727272725,5.430888533592224
2,15,thousands,459.3152173913044,7.916515350341797
2,16,upon,360.1847826086956,3.886911153793335
2,17,thousands,357.7802197802198,0.0019792981911450624
2,18,of,344.8369565217391,0.3932799696922302
2,19,sparkling,360.19565217391306,9.21877670288086
2,20,water,363.78409090909093,4.331364631652832
2,21,"drops,",378.45454545454544,9.44549822807312
2,22,excited,430.03370786516854,8.653619766235352
2,23,by,406.31111111111113,1.326866865158081
2,24,getting,394.0,10.852779388427734
2,25,to,372.1573033707865,2.3167080879211426
2,26,play,359.77272727272725,5.030965805053711
2,27,in,356.07865168539325,2.1804471015930176
2,28,the,334.1111111111111,0.5942926406860352
2,29,"ocean,",377.57954545454544,5.0904669761657715
2,30,danced,406.5164835164835,6.630326271057129
2,31,all,375.1098901098901,4.89825439453125
2,32,around.,360.8369565217391,4.475634574890137
2,33,One,380.0989010989011,4.685822486877441
2,34,of,383.8791208791209,1.805679440498352
2,35,these,328.4111111111111,2.8883047103881836
2,36,was,364.18279569892474,2.3460588455200195
2,37,a,337.2888888888889,1.5887513160705566
2,38,merry,345.97752808988764,8.612918853759766
2,39,little,349.56043956043953,2.948277711868286
2,40,fellow,348.70786516853934,5.923730850219727
2,41,named,389.9230769230769,1.7610750198364258
2,42,"Aqua,",451.39080459770116,11.492923259735107
2,43,who,436.13483146067415,0.8827863335609436
2,44,danced,385.2087912087912,4.331518173217773
2,45,on,385.91011235955057,3.186530590057373
2,46,the,391.4347826086956,1.0002168416976929
2,47,silver,396.0769230769231,6.97216796875
2,48,backs,406.76666666666665,9.984101295471191
2,49,of,403.4725274725275,0.13772250711917877
2,50,the,379.31868131868134,1.6982388496398926
2,51,fishes,393.8695652173913,5.141692161560059
2,52,as,423.0879120879121,3.8988447189331055
2,53,they,384.08045977011494,1.5832817554473877
2,54,plunged,371.032967032967,7.39864444732666
2,55,up,357.2608695652174,4.486248016357422
2,56,and,340.27472527472526,0.9032301902770996
2,57,down,346.4725274725275,0.04213578999042511
2,58,in,352.6,2.499650478363037
2,59,the,327.15555555555557,0.46994853019714355
2,60,"waves,",386.30434782608694,3.6567275524139404
2,61,"and,",395.6373626373626,5.775917172431946
2,62,no,363.8901098901099,6.6688232421875
2,63,matter,349.1868131868132,2.9607419967651367
2,64,how,341.8131868131868,0.5256694555282593
2,65,high,344.2,4.614535331726074
2,66,he,318.6292134831461,2.3179078102111816
2,67,"sprung,",373.75824175824175,10.95756196975708
2,68,he,373.8478260869565,1.4572272300720215
2,69,always,361.4175824175824,2.22625732421875
2,70,came,355.53333333333336,3.264098882675171
2,71,down,355.94505494505495,2.618741750717163
2,72,again,359.27777777777777,4.47477912902832
2,73,into,371.96629213483146,5.055736064910889
2,74,his,344.5934065934066,3.2593588829040527
2,75,mother's,365.3888888888889,4.769979052245617
2,76,lap.,414.7692307692308,4.219095170497894
2,77,His,426.8,4.377375602722168
2,78,"mother,",383.3,4.289792776107788
2,79,you,387.84444444444443,6.686948776245117
2,80,"know,",369.2857142857143,2.397238366305828
2,81,was,364.7362637362637,1.218058466911316
2,82,the,342.5444444444444,3.600769281387329
2,83,"ocean,",378.4065934065934,9.77748155593872
2,84,and,404.6333333333333,0.7721209526062012
2,85,very,374.8021978021978,6.660994052886963
2,86,beautiful,388.0659340659341,4.088493347167969
2,87,she,380.5652173913044,4.351309776306152
2,88,looked,351.0879120879121,3.1564712524414062
2,89,that,366.57142857142856,6.904026031494141
2,90,summer,398.0978260869565,5.462612152099609
2,91,day,395.4175824175824,3.4996285438537598
2,92,in,353.13186813186815,2.9804303646087646
2,93,her,354.1758241758242,2.0902228355407715
2,94,dark,384.07608695652175,5.437173843383789
2,95,blue,392.70652173913044,1.6948367357254028
2,96,dress,378.7912087912088,3.607649803161621
2,97,and,382.7032967032967,1.865856647491455
2,98,white,367.1098901098901,3.5825295448303223
2,99,ruffles.,406.2282608695652,9.490838050842285
2,100,By,456.10869565217394,6.226714611053467
2,101,and,471.31111111111113,3.687626361846924
2,102,"by,",436.96629213483146,1.4039505431428552
2,103,the,372.14444444444445,1.9838709831237793
2,104,happy,342.84615384615387,5.879176139831543
2,105,water,403.72222222222223,3.866724967956543
2,106,drop,416.43956043956047,4.591235160827637
2,107,tired,434.1304347826087,12.833757400512695
2,108,of,407.19565217391306,2.899670124053955
2,109,his,370.13186813186815,4.0613813400268555
2,110,"play,",373.0659340659341,5.8950934410095215
2,111,and,371.24175824175825,1.05793035030365
2,112,looking,361.7391304347826,8.382378578186035
2,113,up,359.64130434782606,1.7207672595977783
2,114,to,346.0,1.859946608543396
2,115,the,326.27472527472526,1.2960067987442017
2,116,clear,344.94565217391306,6.6873979568481445
2,117,sky,339.85869565217394,2.364352226257324
2,118,above,343.9340659340659,4.281412124633789
2,119,"him,",361.54945054945057,2.331490397453308
2,120,thought,366.6,5.132720947265625
2,121,he,348.45054945054943,1.5082968473434448
2,122,would,336.9120879120879,2.2021355628967285
2,123,like,342.46666666666664,5.467535972595215
2,124,to,308.75824175824175,0.30706343054771423
2,125,have,315.95652173913044,4.134761810302734
2,126,a,305.2608695652174,0.9403461813926697
2,127,sail,315.05494505494505,6.5076212882995605
2,128,on,368.86813186813185,3.1253271102905273
2,129,one,371.5869565217391,4.261517524719238
2,130,of,344.3695652173913,0.1195160523056984
2,131,the,337.65934065934067,1.1301897764205933
2,132,"white,",352.4065934065934,9.165394306182861
2,133,marshmallow-like,476.4175824175824,14.939171552658081
2,134,"clouds,",519.438202247191,7.666802287101746
2,135,instead,454.9891304347826,7.0088019371032715
2,136,of,371.64130434782606,0.07535510510206223
2,137,spending,358.92391304347825,6.430153846740723
2,138,his,362.6043956043956,1.1166170835494995
2,139,whole,355.83516483516485,2.981715679168701
2,140,life,357.35164835164835,1.2754666805267334
2,141,in,329.84615384615387,1.2796893119812012
2,142,the,327.4673913043478,0.6888143420219421
2,143,ocean.,337.64444444444445,2.379856526851654
2,144,Of,386.27777777777777,5.179673671722412
2,145,the,344.7802197802198,4.167222499847412
2,146,"sky,",354.5934065934066,8.248972535133362
2,147,little,524.7888888888889,6.599701404571533
2,148,Aqua,481.967032967033,1.0348196029663086
2,149,had,401.75,3.0536301136016846
2,150,always,376.967032967033,3.2133445739746094
2,151,been,350.6043956043956,1.5966049432754517
2,152,"afraid,",374.3076923076923,6.727370381355286
2,153,but,428.67391304347825,2.2333216667175293
2,154,he,364.0888888888889,2.343315601348877
2,155,decided,367.7032967032967,5.883652210235596
2,156,to,342.20652173913044,0.8739057183265686
2,157,finally,339.5652173913044,8.182504653930664
2,158,face,349.5652173913044,5.684288024902344
2,159,his,332.3369565217391,1.9795722961425781
2,160,demons,358.9782608695652,7.902756690979004
2,161,and,361.53846153846155,1.7634469270706177
2,162,suggested,355.5111111111111,12.897494316101074
2,163,a,358.4945054945055,2.4484500885009766
2,164,solution,368.8901098901099,4.654881477355957
2,165,involving,409.4222222222222,8.862027168273926
2,166,the,388.69565217391306,1.5509289503097534
2,167,sun,372.5326086956522,4.456666469573975
2,168,carrying,399.7717391304348,11.63044548034668
2,169,him,363.0989010989011,1.7938671112060547
2,170,up,347.5824175824176,3.2019896507263184
2,171,to,340.4021739130435,1.374754786491394
2,172,the,341.69565217391306,0.41505002975463867
2,173,sky,343.5934065934066,2.9760117530822754
2,174,would,390.17391304347825,10.060527801513672
2,175,be,391.032967032967,1.8238046169281006
2,176,ideal.,394.8021978021978,5.97112637758255
2,177,The,403.4021739130435,2.5728893280029297
2,178,sun,384.0879120879121,2.2010672092437744
2,179,understood,413.2826086956522,10.498918533325195
2,180,Aqua's,376.7826086956522,4.183903336524963
2,181,request,374.1978021978022,6.135256290435791
2,182,came,367.1978021978022,9.587594985961914
2,183,from,401.69565217391306,0.7814167737960815
2,184,his,347.80434782608694,2.3383235931396484
2,185,"heart,",367.6263736263736,5.378673553466797
2,186,so,394.2197802197802,3.357391834259033
2,187,he,378.75,0.5366970896720886
2,188,acquiesced,479.35164835164835,7.500083058606833
2,189,and,427.010989010989,1.346100091934204
2,190,also,369.57608695652175,7.839720726013184
2,191,took,356.69565217391306,3.6126551628112793
2,192,ever,350.05494505494505,10.788159370422363
2,193,so,398.35164835164835,2.614435911178589
2,194,many,393.0967741935484,5.346880912780762
2,195,other,358.6703296703297,4.66141939163208
2,196,"drops,",387.4623655913978,10.308166265487671
2,197,so,374.16483516483515,3.9964051246643066
2,198,that,371.42391304347825,1.0972654819488525
2,199,Aqua,364.97802197802196,3.025874376296997
2,200,might,355.8369565217391,3.978321075439453
2,201,not,333.71590909090907,2.62157940864563
2,202,be,319.74444444444447,1.7738471031188965
2,203,lonesome,370.5,12.31471435725689
2,204,on,402.25,1.8638485670089722
2,205,the,344.45054945054943,0.40181446075439453
2,206,way.,328.032967032967,7.173932313919067
2,207,It,378.6304347826087,3.740753173828125
2,208,was,327.55056179775283,0.4931800365447998
2,209,only,331.2888888888889,2.8884763717651367
2,210,the,349.4555555555556,3.6808676719665527
2,211,sun,369.2857142857143,3.675105094909668
2,212,that,336.6703296703297,1.1554945707321167
2,213,knew,357.9230769230769,5.208811283111572
2,214,"this,",336.4111111111111,5.6021223068237305
2,215,"however,",367.75555555555553,5.562899142503738
2,216,for,358.68131868131866,3.2248191833496094
2,217,all,341.010989010989,4.438271999359131
2,218,the,326.04347826086956,1.1918208599090576
2,219,other,340.4021739130435,2.7290258407592773
2,220,drops,342.7362637362637,1.0745538473129272
2,221,had,340.8131868131868,2.854173421859741
2,222,been,346.0869565217391,2.1998937129974365
2,223,changed,351.19565217391306,5.650352954864502
2,224,into,378.010989010989,2.1650924682617188
2,225,fine,382.9673913043478,7.2012739181518555
2,226,mist,375.4021739130435,4.472908973693848
2,227,or,382.5054945054945,4.887542247772217
2,228,vapor,366.5869565217391,6.896483421325684
2,229,and,355.7608695652174,2.81132435798645
2,230,Aqua,372.4175824175824,3.2673299312591553
2,231,could,379.57142857142856,2.5008320808410645
2,232,not,385.4347826086956,0.9670184850692749
2,233,see,352.7391304347826,2.434058666229248
2,234,them.,355.7888888888889,3.251286268234253
2,235,Do,394.97802197802196,9.43147087097168
2,236,you,367.1630434782609,0.6211620569229126
2,237,know,342.8695652173913,1.4907715320587158
2,238,what,333.2967032967033,1.240553617477417
2,239,vapor,330.25274725274727,7.124915599822998
2,240,is?,402.89130434782606,1.9207743406295776
2,241,If,387.30434782608694,4.196865558624268
2,242,you,343.3956043956044,0.9779346585273743
2,243,breathe,375.9673913043478,7.09403657913208
2,244,into,370.35955056179773,4.142065048217773
2,245,the,333.9021739130435,1.7292606830596924
2,246,"air,",348.17391304347825,3.359586536884308
2,247,when,352.25274725274727,4.986671447753906
2,248,it,336.61538461538464,1.813131332397461
2,249,is,323.4945054945055,1.402111291885376
2,250,cold,318.64444444444445,3.1499223709106445
2,251,"enough,",378.8131868131868,4.3269336223602295
2,252,you,345.7608695652174,1.7383537292480469
2,253,will,324.3333333333333,2.556166172027588
2,254,see,312.25555555555553,2.79561185836792
2,255,it,318.2197802197802,1.9960834980010986
2,256,coming,355.032967032967,5.093075275421143
2,257,out,327.5280898876405,1.449571132659912
2,258,of,313.74444444444447,0.9755376577377319
2,259,your,301.2857142857143,1.271209716796875
2,260,mouth,301.94505494505495,2.2584598064422607
2,261,thick,352.56666666666666,10.265596389770508
2,262,and,332.6629213483146,0.8891558647155762
2,263,fast,342.84444444444443,4.9638261795043945
2,264,like,314.7,3.9146432876586914
2,265,steam.,349.4782608695652,6.933809459209442
2,266,When,413.97802197802196,3.0932579040527344
2,267,the,374.3695652173913,1.8594200611114502
2,268,vapor,331.7802197802198,2.3936517238616943
2,269,is,328.5274725274725,1.285676121711731
2,270,quite,359.8021978021978,5.622185707092285
2,271,near,357.8478260869565,6.192122459411621
2,272,the,338.53846153846155,2.117886543273926
2,273,"earth,",328.74444444444447,4.927349090576172
2,274,we,372.1222222222222,6.066376209259033
2,275,call,314.0989010989011,1.2163312435150146
2,276,it,301.89130434782606,0.1555008590221405
2,277,'fog'.,347.4347826086956,15.35786509513855
2,278,Into,409.4725274725275,10.503698348999023
2,279,vapor,361.85714285714283,4.843965530395508
2,280,the,404.6847826086956,2.9799838066101074
2,281,water,365.5869565217391,3.3877503871917725
2,282,drops,349.6630434782609,4.126094341278076
2,283,that,345.56043956043953,5.154189586639404
2,284,danced,405.85869565217394,9.427332878112793
2,285,in,339.42391304347825,2.234558582305908
2,286,the,333.04347826086956,0.49446427822113037
2,287,ocean,320.68131868131866,3.051891803741455
2,288,had,337.39130434782606,4.886107444763184
2,289,been,348.14130434782606,2.544130802154541
2,290,"changed,",366.24175824175825,5.055411338806152
2,291,because,391.8021978021978,4.428121089935303
2,292,in,330.54347826086956,3.9134814739227295
2,293,their,320.0652173913044,3.4964609146118164
2,294,own,312.4891304347826,4.8411359786987305
2,295,shape,319.0869565217391,7.425609588623047
2,296,they,333.85869565217394,0.8876508474349976
2,297,were,324.42857142857144,1.5002330541610718
2,298,too,332.85869565217394,4.6636962890625
2,299,heavy,331.82608695652175,3.8483307361602783
2,300,for,338.86813186813185,1.491136074066162
2,301,the,316.0869565217391,1.4628515243530273
2,302,sunbeams,369.4021739130435,13.51076395995915
2,303,that,409.84615384615387,3.717733383178711
2,304,the,347.0659340659341,4.4246368408203125
2,305,sun,372.6304347826087,2.00156307220459
2,306,let,337.04347826086956,6.846152305603027
2,307,out,328.9120879120879,1.4895210266113281
2,308,to,329.0869565217391,2.627706527709961
2,309,carry.,343.1195652173913,9.183055639266968
2,310,Higher,404.0777777777778,10.493843078613281
2,311,and,395.0217391304348,2.5831336975097656
2,312,higher,345.5054945054945,0.4750596880912781
2,313,they,352.9891304347826,2.031569719314575
2,314,"sailed,",325.5652173913044,7.728804886341095
2,315,and,333.85869565217394,1.1221725940704346
2,316,though,347.2197802197802,5.230956077575684
2,317,it,377.45652173913044,3.2978978157043457
2,318,was,370.4673913043478,0.6025242209434509
2,319,"grand,",345.8021978021978,11.96365475654602
2,320,Aqua,370.14285714285717,4.085152626037598
2,321,and,363.6373626373626,4.806564807891846
2,322,his,369.6521739130435,0.8977499604225159
2,323,friends,334.14130434782606,1.8080283403396606
2,324,were,350.2608695652174,1.994564414024353
2,325,like,306.8804347826087,6.032105445861816
2,326,fish,297.3695652173913,6.179313659667969
2,327,out,331.0217391304348,4.184329986572266
2,328,of,310.85714285714283,0.42687395215034485
2,329,"water,",314.15384615384613,1.7962740063667297
2,330,so,328.38461538461536,3.354870319366455
2,331,they,331.1304347826087,1.5071830749511719
2,332,grew,331.17391304347825,6.22081184387207
2,333,quite,317.16483516483515,5.73020076751709
2,334,dizzy.,361.9347826086956,8.566805752925575
2,335,They,365.2826086956522,2.5080184936523438
2,336,enjoyed,390.05434782608694,7.355086326599121
2,337,looking,332.6,6.01920223236084
2,338,down,329.30434782608694,2.391602039337158
2,339,on,311.1630434782609,1.2373296022415161
2,340,the,316.8804347826087,0.5944777727127075
2,341,world,304.3369565217391,3.5870609283447266
2,342,"below,",312.4725274725275,6.648910284042358
2,343,while,342.14130434782606,5.021419525146484
2,344,the,322.10869565217394,1.7981016635894775
2,345,wind,336.0217391304348,3.7210559844970703
2,346,scattered,337.75555555555553,7.8530426025390625
2,347,them,338.19565217391306,1.0261590480804443
2,348,across,339.7391304347826,3.3178770542144775
2,349,the,326.1304347826087,0.12308220565319061
2,350,four,334.82608695652175,8.506407737731934
2,351,corners,352.3695652173913,1.3732433319091797
2,352,of,328.3736263736264,0.20271438360214233
2,353,the,302.2717391304348,0.13029630482196808
2,354,"earth,",318.4782608695652,3.983751058578491
2,355,but,339.6195652173913,3.3599021434783936
2,356,after,333.9673913043478,5.222391128540039
2,357,a,297.17391304347825,0.9702056050300598
2,358,while,297.9021739130435,0.5556775331497192
2,359,it,294.3804347826087,3.3012890815734863
2,360,grew,293.5,3.8170933723449707
2,361,nearly,296.92391304347825,7.394762992858887
2,362,time,320.57608695652175,9.107366561889648
2,363,for,383.35869565217394,2.531047821044922
2,364,the,320.8222222222222,2.148719310760498
2,365,sun,298.04347826086956,1.3944554328918457
2,366,to,298.8695652173913,0.3812600076198578
2,367,go,292.6630434782609,3.522118330001831
2,368,to,303.1630434782609,3.1584997177124023
2,369,bed.,321.89130434782606,3.9819628596305847
2,370,He,359.65934065934067,4.066249370574951
2,371,became,329.34065934065933,5.963642120361328
2,372,very,306.5978260869565,2.2724833488464355
2,373,red,345.5217391304348,8.280129432678223
2,374,in,323.19565217391306,2.32643461227417
2,375,the,309.8804347826087,1.1093324422836304
2,376,"face,",322.70652173913044,2.571637272834778
2,377,and,311.6630434782609,0.6689021587371826
2,378,began,344.7608695652174,4.891124248504639
2,379,to,314.5652173913044,0.28649765253067017
2,380,sink,318.0978260869565,6.076349258422852
2,381,lower,312.989010989011,6.710834503173828
2,382,and,327.9782608695652,0.3007687032222748
2,383,"lower,",314.1098901098901,1.5834897719323635
2,384,until,328.8791208791209,2.3138132095336914
2,385,suddenly,324.4725274725275,4.423815727233887
2,386,he,315.83516483516485,0.6769412159919739
2,387,went,315.68131868131866,4.937274932861328
2,388,clear,327.6521739130435,7.509971618652344
2,389,out,349.1847826086956,3.7721481323242188
2,390,of,336.7826086956522,0.7502185106277466
2,391,sight!,338.67391304347825,8.586434841156006
2,392,Poor,375.29347826086956,8.00493049621582
2,393,little,343.97802197802196,1.2875008583068848
2,394,"Aqua,",320.15384615384613,1.5068771243095398
2,395,frightened,353.9021739130435,8.550792694091797
2,396,by,349.4725274725275,1.6245474815368652
2,397,the,323.7692307692308,1.1169633865356445
2,398,impending,335.05434782608694,7.707964897155762
2,399,cold,346.35555555555555,6.905411720275879
2,400,and,337.9130434782609,2.1054861545562744
2,401,"darkness,",333.7717391304348,4.623111575841904
2,402,wished,346.0769230769231,6.420849800109863
2,403,he,332.67391304347825,1.342487096786499
2,404,could,330.9021739130435,0.5358976721763611
2,405,sleep,316.3736263736264,4.097267150878906
2,406,not,318.64130434782606,6.860780239105225
2,407,in,321.4065934065934,2.0985732078552246
2,408,the,324.5164835164835,0.596259593963623
2,409,"sky,",322.57142857142856,5.13433575630188
2,410,but,313.6304347826087,0.8189225196838379
2,411,somewhere,330.9010989010989,7.003819942474365
2,412,closer,342.2111111111111,7.250365257263184
2,413,to,307.4945054945055,0.8110361695289612
2,414,earth.,310.13186813186815,6.004594922065735
2,415,Then,367.5978260869565,3.931342601776123
2,416,Aqua,349.16483516483515,3.8651123046875
2,417,heard,351.95652173913044,4.109533309936523
2,418,the,313.9782608695652,1.1160531044006348
2,419,wind,316.8369565217391,2.7914342880249023
2,420,blow,310.7608695652174,4.334952354431152
2,421,and,328.3626373626374,2.1023318767547607
2,422,conjectured,386.2608695652174,11.625429064966738
2,423,that,381.20652173913044,0.8336456418037415
2,424,maybe,344.0,4.7324934005737305
2,425,the,335.2826086956522,1.5633723735809326
2,426,wind,320.7282608695652,1.2851507663726807
2,427,could,330.18888888888887,3.377838611602783
2,428,take,312.30434782608694,4.423644065856934
2,429,him,311.9347826086956,0.6593928933143616
2,430,back,309.83516483516485,3.131875991821289
2,431,down,295.6304347826087,3.301239013671875
2,432,to,309.6043956043956,0.9383218884468079
2,433,the,302.0217391304348,0.7316431999206543
2,434,ocean.,322.07608695652175,3.085467576980591
2,435,"Indeed,",364.010989010989,7.830255091190338
2,436,the,328.5111111111111,2.196148633956909
2,437,wind,317.0769230769231,0.988613486289978
2,438,took,315.6,4.2981767654418945
2,439,pity,322.3478260869565,7.816438674926758
2,440,on,303.2111111111111,0.1276370733976364
2,441,him,306.7912087912088,0.4797113537788391
2,442,and,290.2282608695652,1.1402623653411865
2,443,fanned,303.7802197802198,9.066703200340271
2,444,"him,",340.34065934065933,4.899033069610596
2,445,together,355.3076923076923,10.459291458129883
2,446,with,325.1521739130435,0.11038382351398468
2,447,all,317.4021739130435,3.247886896133423
2,448,of,299.5217391304348,3.2688560485839844
2,449,his,287.7142857142857,0.9374573230743408
2,450,brothers,338.7692307692308,5.9805827140808105
2,451,and,315.74444444444447,0.8155904412269592
2,452,"sisters,",297.8181818181818,0.7484734952449799
2,453,into,335.8333333333333,4.043157577514648
2,454,a,296.31111111111113,2.231865167617798
2,455,heavy,295.4725274725275,8.79737377166748
2,456,gray,299.97777777777776,5.677371978759766
2,457,"cloud,",342.54945054945057,3.188037633895874
2,458,after,337.032967032967,6.9192681312561035
2,459,which,373.7362637362637,0.26137274503707886
2,460,he,321.86813186813185,0.7112758159637451
2,461,blew,338.64835164835165,8.987611770629883
2,462,them,308.79347826086956,5.627350807189941
2,463,apart,304.44565217391306,5.996971130371094
2,464,and,340.60869565217394,1.627845048904419
2,465,told,322.5217391304348,5.944220066070557
2,466,them,308.23333333333335,0.49277234077453613
2,467,to,292.02197802197804,1.2570689916610718
2,468,hurry,312.82608695652175,5.163304328918457
2,469,"down,",293.73333333333335,7.232269763946533
2,470,fast,320.7912087912088,8.32255744934082
2,471,and,317.42857142857144,1.9660630226135254
2,472,furious,322.1098901098901,5.529726028442383
2,473,to,317.1195652173913,3.9659581184387207
2,474,the,289.3296703296703,1.0422890186309814
2,475,"earth,",288.42857142857144,6.644283294677734
2,476,so,307.6847826086956,2.3692362308502197
2,477,they,297.2717391304348,1.9849579334259033
2,478,could,287.92391304347825,0.7311525344848633
2,479,have,292.4725274725275,3.872196674346924
2,480,a,295.20652173913044,1.513051152229309
2,481,fighting,327.79347826086956,8.39107894897461
2,482,chance,305.4673913043478,0.21651937067508698
2,483,of,305.9891304347826,1.1449651718139648
2,484,reaching,308.8666666666667,4.181293487548828
2,485,the,290.02222222222224,0.4241807758808136
2,486,ocean.,305.2637362637363,2.6286799907684326
2,487,Down,354.967032967033,8.739031791687012
2,488,they,333.0444444444444,2.632652521133423
2,489,"went,",327.22222222222223,1.4260794520378113
2,490,rolling,298.54945054945057,8.808061599731445
2,491,over,305.1521739130435,2.7840938568115234
2,492,each,322.2087912087912,4.8131256103515625
2,493,other,311.65555555555557,0.022294947877526283
2,494,until,318.1847826086956,4.7127885818481445
2,495,with,311.10869565217394,7.347676753997803
2,496,a,304.15555555555557,1.808736801147461
2,497,patter,300.46666666666664,10.63899278640747
2,498,and,309.64835164835165,2.733800172805786
2,499,clatter,324.3777777777778,5.489541232585907
2,500,and,315.20652173913044,3.5624969005584717
2,501,spatter,328.2173913043478,10.191345930099487
2,502,they,317.83516483516485,1.757802963256836
2,503,touched,346.14285714285717,6.507075309753418
2,504,the,310.7977528089888,0.6105663180351257
2,505,"ground,",314.7032967032967,3.363350510597229
2,506,and,334.6703296703297,1.0387070178985596
2,507,all,316.44444444444446,3.667524814605713
2,508,the,309.85555555555555,1.683722734451294
2,509,people,322.14606741573033,4.229720592498779
2,510,that,310.1777777777778,4.621560096740723
2,511,the,295.6703296703297,6.461884498596191
2,512,raindrops,331.0888888888889,7.122566223144531
2,513,fell,325.74725274725273,3.4129111766815186
2,514,on,333.4782608695652,0.8916494846343994
2,515,"cried,",328.6195652173913,8.444895505905151
2,516,'It's,388.8666666666667,7.351812124252319
2,517,"raining',",359.9021739130435,9.47419786453247
2,518,and,344.53846153846155,0.7899146676063538
2,519,took,333.0888888888889,6.050811767578125
2,520,out,323.4347826086956,4.249685287475586
2,521,their,343.2307692307692,0.42954301834106445
2,522,umbrellas.,318.34065934065933,8.114819090893434
2,523,Some,332.31868131868134,5.138546943664551
2,524,of,318.4021739130435,0.835292398929596
2,525,the,301.44565217391306,0.9531265497207642
2,526,drops,300.95652173913044,5.969135284423828
2,527,that,331.6923076923077,3.0620405673980713
2,528,were,289.6777777777778,1.9062144756317139
2,529,the,308.43956043956047,5.885912895202637
2,530,most,314.4782608695652,2.8963825702667236
2,531,"fortunate,",345.6777777777778,7.949219703674316
2,532,including,402.75824175824175,4.548096656799316
2,533,"Aqua,",343.9347826086956,2.178779721260071
2,534,fell,360.9673913043478,3.670384645462036
2,535,on,336.95652173913044,1.2285065650939941
2,536,a,320.0,4.316239833831787
2,537,"mountainside,",433.1208791208791,11.117760732769966
2,538,and,392.1195652173913,1.0910295248031616
2,539,down,355.2608695652174,7.523127555847168
2,540,the,323.4065934065934,2.4996237754821777
2,541,rocky,323.7362637362637,6.847724914550781
2,542,cliff,330.9782608695652,3.4454517364501953
2,543,they,345.8021978021978,2.033076286315918
2,544,ran.,332.3076923076923,6.708767890930176
2,545,Together,386.1868131868132,7.829461574554443
2,546,they,345.6043956043956,0.5415491461753845
2,547,plunged,339.27472527472526,5.765103340148926
2,548,into,333.94444444444446,1.9506717920303345
2,549,a,317.85714285714283,2.1128599643707275
2,550,mountain,313.8,5.080702781677246
2,551,"brook,",342.3736263736264,9.335306704044342
2,552,which,354.1573033707865,2.853616714477539
2,553,came,353.7032967032967,5.719204902648926
2,554,foaming,352.3076923076923,10.997028980404139
2,555,and,333.31111111111113,2.4274468421936035
2,556,dashing,388.65934065934067,8.014936208724976
2,557,"along,",345.67391304347825,5.6918662786483765
2,558,leaping,337.65934065934067,9.319580078125
2,559,over,331.7,2.295915126800537
2,560,rocks,335.54945054945057,3.2427549362182617
2,561,and,326.17391304347825,0.7915135622024536
2,562,rushing,309.2696629213483,6.6370134353637695
2,563,down,332.2967032967033,1.1991075277328491
2,564,the,338.25274725274727,1.786449909210205
2,565,"hillside,",330.3333333333333,6.961690306663513
2,566,until,349.47777777777776,3.278393268585205
2,567,in,337.4673913043478,5.504626750946045
2,568,the,296.9891304347826,0.7461557984352112
2,569,valley,289.07608695652175,6.320343494415283
2,570,below,300.7362637362637,2.173862934112549
2,571,they,296.5111111111111,0.5173730850219727
2,572,heard,307.7,4.985533237457275
2,573,the,302.8901098901099,1.0084034204483032
2,574,strangest,334.010989010989,11.405739665031433
2,575,clattering,353.1666666666667,7.923220157623291
2,576,noise.,356.35164835164835,5.081561803817749
2,577,The,371.31111111111113,1.9406412839889526
2,578,little,352.44565217391306,4.653643608093262
2,579,water,326.0,3.7361230850219727
2,580,drops,319.1758241758242,1.5879840850830078
2,581,were,312.967032967033,2.2011349201202393
2,582,then,317.5978260869565,6.238343238830566
2,583,able,318.6521739130435,5.638796806335449
2,584,to,302.0769230769231,0.012613166123628616
2,585,make,304.65934065934067,3.3447508811950684
2,586,out,311.7717391304348,2.1803319454193115
2,587,a,310.82608695652175,2.4297289848327637
2,588,flour,308.5888888888889,12.116785049438477
2,589,mill,361.9230769230769,3.3981292247772217
2,590,that,358.43956043956047,3.126424551010132
2,591,was,364.1847826086956,1.2146728038787842
2,592,standing,337.8791208791209,4.1133952140808105
2,593,on,315.7608695652174,1.3339648246765137
2,594,the,326.4835164835165,0.8572334051132202
2,595,bank.,321.64130434782606,6.4069225788116455
2,596,Inside,347.6179775280899,5.068718910217285
2,597,the,327.29347826086956,1.3616992235183716
2,598,"mill,",314.81111111111113,2.8840901255607605
2,599,the,304.7692307692308,2.402611494064331
2,600,water,321.05494505494505,2.179405689239502
2,601,drops,298.27472527472526,2.2102434635162354
2,602,saw,308.7391304347826,5.981855392456055
2,603,two,307.15555555555557,4.794338703155518
2,604,great,326.9782608695652,5.364830017089844
2,605,"stones,",328.6304347826087,6.160596013069153
2,606,which,327.989010989011,2.321990966796875
2,607,the,335.3956043956044,3.6885428428649902
2,608,big,330.38461538461536,5.955169200897217
2,609,wheel,318.34444444444443,8.321460723876953
2,610,kept,331.35555555555555,6.186487197875977
2,611,whizzing,333.1630434782609,9.930567303206772
2,612,round,330.8333333333333,3.6433634757995605
2,613,and,340.54945054945057,2.3512539863586426
2,614,round.,352.93333333333334,1.680848017334938
2,615,The,352.8901098901099,1.6324779987335205
2,616,"stones,",355.70786516853934,7.298262596130371
2,617,smoothed,370.94505494505495,11.615005180239677
2,618,by,344.032967032967,2.777249813079834
2,619,the,314.5280898876405,0.8056767582893372
2,620,"spinning,",344.82022471910113,10.116398334503174
2,621,were,360.0769230769231,1.8468127250671387
2,622,busy,340.3736263736264,9.661242485046387
2,623,grinding,352.2717391304348,3.9610307216644287
2,624,the,335.9120879120879,1.853225588798523
2,625,wheat,316.6629213483146,3.937997341156006
2,626,into,339.2608695652174,3.23215913772583
2,627,flour,336.60869565217394,1.2796850204467773
2,628,and,326.1666666666667,2.2899603843688965
2,629,the,308.38461538461536,3.163724422454834
2,630,corn,320.5326086956522,5.964217185974121
2,631,into,311.6521739130435,0.5103297233581543
2,632,golden,319.74725274725273,9.040307998657227
2,633,meal.,323.1,6.875115513801575
2,634,But,355.4835164835165,4.387285232543945
2,635,what,352.65934065934067,4.540657997131348
2,636,giant,340.02197802197804,10.376952171325684
2,637,do,380.17391304347825,7.364710330963135
2,638,you,389.8695652173913,0.9809185266494751
2,639,suppose,367.67391304347825,3.471367120742798
2,640,it,348.5054945054945,3.0686283111572266
2,641,was,306.79347826086956,0.5183266401290894
2,642,who,319.8222222222222,5.449459075927734
2,643,could,335.56666666666666,5.0718488693237305
2,644,turn,317.4835164835165,4.77843713760376
2,645,and,329.13186813186815,3.245676279067993
2,646,swing,341.8478260869565,5.945967197418213
2,647,that,334.57608695652175,3.069079875946045
2,648,tremendous,353.5978260869565,6.921087265014648
2,649,wheel?,363.0,2.5959468483924866
2,650,No,365.70652173913044,4.084366798400879
2,651,giant,366.14285714285717,8.431109428405762
2,652,at,320.45652173913044,4.1737213134765625
2,653,all.,333.5326086956522,1.3882880136370659
2,654,It,313.94505494505495,2.522751569747925
2,655,was,302.4673913043478,0.5601629614830017
2,656,just,301.9891304347826,3.212627410888672
2,657,our,292.6222222222222,7.412259101867676
2,658,tiny,309.0108695652174,4.386384010314941
2,659,little,314.44565217391306,1.4938292503356934
2,660,water,315.2282608695652,5.397572040557861
2,661,"drops,",331.0,2.228190004825592
2,662,who,341.9891304347826,2.5270638465881348
2,663,sprang,331.39130434782606,8.186722755432129
2,664,on,319.3076923076923,3.6150453090667725
2,665,it,316.5,3.283787727355957
2,666,by,310.5274725274725,5.524168491363525
2,667,hundreds,322.6703296703297,9.317256927490234
2,668,and,325.07608695652175,1.805332899093628
2,669,"thousands,",362.80434782608694,2.6938587427139282
2,670,and,326.8131868131868,0.9423027038574219
2,671,whirled,345.04395604395603,4.708918452262878
2,672,it,323.032967032967,1.2851603031158447
2,673,over,342.53333333333336,4.275425910949707
2,674,and,296.29213483146066,1.3196558952331543
2,675,over.,310.3296703296703,3.199741408228874
2,676,It,316.64835164835165,2.545393228530884
2,677,was,336.3736263736264,0.6457419991493225
2,678,lucky,310.42045454545456,7.716405868530273
2,679,for,301.55555555555554,1.8939656019210815
2,680,the,326.43333333333334,2.033588409423828
2,681,water,309.3478260869565,1.9565190076828003
2,682,drops,315.4888888888889,0.6030440330505371
2,683,that,310.6222222222222,0.7775603532791138
2,684,the,291.0888888888889,1.8792895078659058
2,685,brook,288.1777777777778,9.694142792373896
2,686,where,312.3222222222222,5.827557563781738
2,687,they,318.0681818181818,0.6830405592918396
2,688,were,322.2247191011236,1.414832592010498
2,689,swimming,316.8241758241758,5.493795871734619
2,690,next,311.032967032967,7.422523498535156
2,691,emptied,333.8241758241758,10.807004928588867
2,692,into,363.44565217391306,2.9488320350646973
2,693,a,327.1111111111111,1.8416218757629395
2,694,beautiful,325.7362637362637,6.468733787536621
2,695,pond,319.1208791208791,4.332405090332031
2,696,where,326.2,3.568985939025879
2,697,ducks,331.76666666666665,9.263440132141113
2,698,and,331.60674157303373,1.2367346286773682
2,699,geese,319.3369565217391,2.430748586077243
2,700,were,312.5217391304348,2.3318090438842773
2,701,living,313.0989010989011,5.160651206970215
2,702,peacefully.,322.31868131868134,6.666880667209625
2,703,Aqua,330.94444444444446,4.4101715087890625
2,704,liked,339.0326086956522,6.638939380645752
2,705,to,327.1978021978022,0.9737880229949951
2,706,play,301.2111111111111,3.173546314239502
2,707,hide-and-seek,335.9782608695652,11.19921916956082
2,708,in,363.75,2.0313172340393066
2,709,this,317.84615384615387,2.3832664489746094
2,710,"pond,",314.74444444444447,2.029900550842285
2,711,and,300.46153846153845,1.1965813636779785
2,712,it,302.67391304347825,3.990159273147583
2,713,was,309.6304347826087,0.5894599556922913
2,714,his,286.6666666666667,3.434512138366699
2,715,brother,324.86813186813185,4.861798286437988
2,716,water,345.8369565217391,9.856289863586426
2,717,drop,393.9120879120879,2.470404863357544
2,718,who,378.3736263736264,1.4795328378677368
2,719,he,330.1868131868132,6.190325736999512
2,720,fooled,338.3736263736264,7.7538909912109375
2,721,by,328.8695652173913,1.8448357582092285
2,722,swimming,336.3369565217391,4.806239128112793
2,723,to,326.45054945054943,3.7298574447631836
2,724,a,320.7802197802198,2.6672396659851074
2,725,big,309.0,4.1783342361450195
2,726,pool,325.8695652173913,4.048623561859131
2,727,of,316.010989010989,3.54110050201416
2,728,water,317.3296703296703,0.877016544342041
2,729,and,320.6703296703297,2.5086722373962402
2,730,pretending,353.6630434782609,6.579012870788574
2,731,to,338.4130434782609,0.39910051226615906
2,732,hide,299.9120879120879,6.241352081298828
2,733,"there,",317.53846153846155,5.397724628448486
2,734,but,324.1978021978022,2.096386194229126
2,735,then,341.8369565217391,3.504940986633301
2,736,sneaking,354.3695652173913,8.757973670959473
2,737,under,319.57142857142856,5.027299880981445
2,738,a,311.31868131868134,2.0556106567382812
2,739,rock,307.4175824175824,2.514439582824707
2,740,into,307.5652173913044,5.657773494720459
2,741,an,317.1630434782609,4.112854480743408
2,742,obscured,317.7362637362637,10.014379501342773
2,743,little,321.4347826086956,5.040374755859375
2,744,puddle.,324.2087912087912,8.201963551342487
2,745,His,356.03333333333336,4.774863243103027
2,746,brother,356.8369565217391,0.9227249622344971
2,747,had,340.95652173913044,2.9257044792175293
2,748,blatantly,344.6703296703297,13.458407402038574
2,749,peaked,391.25274725274727,11.676250457763672
2,750,and,359.35555555555555,3.026703357696533
2,751,even,366.6847826086956,6.573678016662598
2,752,followed,318.8131868131868,7.5234174728393555
2,753,Aqua,315.5824175824176,2.8624935150146484
2,754,as,346.9891304347826,3.572399616241455
2,755,he,307.9230769230769,0.4004659652709961
2,756,entered,301.30434782608694,5.698486328125
2,757,the,342.3296703296703,0.4142172038555145
2,758,big,306.8804347826087,4.190006256103516
2,759,pool,299.8152173913044,1.2796931266784668
2,760,of,297.35164835164835,3.349442958831787
2,761,"water,",297.7826086956522,1.0386852025985718
2,762,so,334.1208791208791,2.942232370376587
2,763,when,299.34065934065933,3.435896396636963
2,764,he,293.7142857142857,0.8070057034492493
2,765,searched,303.1098901098901,8.572738647460938
2,766,there,324.2826086956522,4.972095012664795
2,767,and,351.16483516483515,3.651201009750366
2,768,could,320.56043956043953,6.106891632080078
2,769,not,299.14285714285717,1.2597088813781738
2,770,find,319.6629213483146,0.4734308421611786
2,771,"him,",306.02222222222224,1.6017308235168457
2,772,he,319.8695652173913,0.34061628580093384
2,773,was,313.9673913043478,3.6765987873077393
2,774,extremely,315.05555555555554,6.996670722961426
2,775,surprised,320.1195652173913,2.655658721923828
2,776,and,315.5217391304348,2.402590751647949
2,777,gave,310.75824175824175,5.566290855407715
2,778,up.,324.9347826086956,2.212820053100586
2,779,Aqua,330.6373626373626,3.7287278175354004
2,780,liked,334.2826086956522,5.990201950073242
2,781,this,310.1777777777778,3.599073648452759
2,782,pond,333.9673913043478,4.5479865074157715
2,783,where,328.5888888888889,5.085275650024414
2,784,he,323.72527472527474,0.9369428157806396
2,785,could,306.2258064516129,1.0006226301193237
2,786,play,298.7096774193548,2.650681972503662
2,787,all,319.89130434782606,4.582895755767822
2,788,"day,",285.6989247311828,2.1690149307250977
2,789,so,310.0,3.4737377166748047
2,790,he,324.1868131868132,0.5315062403678894
2,791,stayed,337.64516129032256,5.5148701667785645
2,792,a,320.16129032258067,4.142807960510254
2,793,good,310.24175824175825,4.169516086578369
2,794,"while,",308.4130434782609,2.9824206829071045
2,795,sailing,321.7912087912088,7.711790561676025
2,796,up,353.2967032967033,2.544185161590576
2,797,and,295.989010989011,0.8684001564979553
2,798,"down,",302.92391304347825,2.0178517401218414
2,799,taking,307.35483870967744,5.017456531524658
2,800,the,302.05434782608694,2.6452574729919434
2,801,ducks',323.7391304347826,11.708662033081055
2,802,backs,330.7173913043478,5.928994178771973
2,803,for,362.6043956043956,4.209576606750488
2,804,ships,338.4945054945055,8.841096878051758
2,805,and,344.86813186813185,0.9575532674789429
2,806,the,331.9010989010989,3.233752965927124
2,807,frogs,350.81720430107526,7.099475860595703
2,808,for,335.32608695652175,1.361069917678833
2,809,"horses,",340.5054945054945,7.320849180221558
2,810,but,345.06451612903226,2.876568078994751
2,811,after,381.64516129032256,4.240113258361816
2,812,a,343.3695652173913,0.8742566108703613
2,813,time,307.1304347826087,3.6455564498901367
2,814,he,301.1505376344086,0.5596228241920471
2,815,tired,318.61290322580646,6.564548969268799
2,816,of,321.3370786516854,1.0873302221298218
2,817,the,326.22222222222223,2.521301507949829
2,818,dull,286.9130434782609,7.537538528442383
2,819,"life,",312.94565217391306,6.085038661956787
2,820,and,289.7142857142857,0.5427230596542358
2,821,he,304.9891304347826,3.1190900802612305
2,822,and,299.20652173913044,6.0774641036987305
2,823,his,308.2197802197802,0.2076045274734497
2,824,brothers,306.53846153846155,1.3716456890106201
2,825,floated,301.31868131868134,6.382742881774902
2,826,under,355.92391304347825,5.482821464538574
2,827,a,342.14285714285717,1.468130111694336
2,828,bridge,313.85714285714283,4.9060797691345215
2,829,for,343.6703296703297,4.165014266967773
2,830,a,297.8152173913044,0.9734917879104614
2,831,long,293.80434782608694,2.407402276992798
2,832,"distance,",308.65934065934067,5.26326322555542
2,833,until,339.0769230769231,3.48148775100708
2,834,they,302.2857142857143,1.0111935138702393
2,835,saw,292.5934065934066,3.3527941703796387
2,836,another,290.1630434782609,4.963953018188477
2,837,brook,323.752688172043,5.891634083003737
2,838,tumbling,324.04347826086956,9.608074128627777
2,839,down,351.7608695652174,1.560589075088501
2,840,a,307.65934065934067,3.1650586128234863
2,841,hillside.,318.1630434782609,4.534195065498352
2,842,"'Come,",341.7826086956522,10.790687799453735
2,843,let's,343.1847826086956,3.248901665210724
2,844,join,307.26881720430106,6.274264812469482
2,845,hands!',323.75555555555553,3.435089588165283
2,846,cried,372.46153846153845,1.9534562826156616
2,847,Aqua,339.5730337078652,1.5788180828094482
2,848,and,340.31868131868134,3.770204544067383
2,849,because,326.83516483516485,8.952285766601562
2,850,the,307.0659340659341,2.5742735862731934
2,851,water,318.86813186813185,2.305690288543701
2,852,drops,311.72527472527474,2.2716128826141357
2,853,were,309.0326086956522,0.9441829919815063
2,854,all,303.1758241758242,3.340472459793091
2,855,"together,",309.5888888888889,6.655915379524231
2,856,overcoming,350.61538461538464,14.474553108215332
2,857,the,339.2043010752688,0.9324972629547119
2,858,brook,328.5978260869565,3.9466635566204786
2,859,was,307.13978494623655,5.868809700012207
2,860,child's,354.9010989010989,11.968377888202667
2,861,play.,334.2717391304348,1.2436735276132822
2,862,It,367.5652173913044,3.2379202842712402
2,863,was,352.6774193548387,0.3706381022930145
2,864,by,328.6,6.130056381225586
2,865,the,295.2173913043478,2.4924521446228027
2,866,help,328.39784946236557,4.932078838348389
2,867,of,313.44086021505376,0.03759363666176796
2,868,Aqua,311.8021978021978,3.448505401611328
2,869,and,295.3369565217391,2.2312064170837402
2,870,his,287.5108695652174,0.23072069883346558
2,871,brothers,279.4731182795699,0.7833623290061951
2,872,that,289.1777777777778,0.29951342940330505
2,873,the,283.0,1.0298690795898438
2,874,bewitching,290.3804347826087,13.741424769163132
2,875,river,368.494623655914,4.285531044006348
2,876,was,333.8494623655914,2.7738254070281982
2,877,able,354.63440860215053,2.856783866882324
2,878,to,302.3736263736264,0.006851394660770893
2,879,float,295.2173913043478,4.639947891235352
2,880,heavy,301.9347826086956,10.392921447753906
2,881,"ships,",321.8478260869565,9.83614456653595
2,882,though,370.73333333333335,5.497364521026611
2,883,not,422.72527472527474,3.3608739376068115
2,884,so,349.2,2.692718267440796
2,885,long,313.83870967741933,4.749329090118408
2,886,ago,306.55434782608694,1.1460962295532227
2,887,it,316.5111111111111,2.5383338928222656
2,888,was,297.27472527472526,1.0753049850463867
2,889,only,300.6666666666667,2.8839876651763916
2,890,a,315.77777777777777,1.54389488697052
2,891,little,321.64444444444445,2.9821019172668457
2,892,stream.,324.34065934065933,5.137476444244385
2,893,As,330.44444444444446,3.721947193145752
2,894,the,318.65934065934067,1.454142689704895
2,895,river,323.7303370786517,2.4007720947265625
2,896,grew,307.8068181818182,3.8209948539733887
2,897,wider,302.01149425287355,5.426017761230469
2,898,and,305.7191011235955,0.9240162968635559
2,899,he,323.68131868131866,6.7992377281188965
2,900,could,343.64044943820227,2.504457950592041
2,901,almost,326.05494505494505,5.945957660675049
2,902,see,301.2111111111111,0.4689424932003021
2,903,the,293.0978260869565,0.9975799322128296
2,904,"ocean,",289.3333333333333,5.892764568328857
2,905,Aqua,306.8,2.3498620986938477
2,906,realized,310.9318181818182,4.473628520965576
2,907,his,320.3736263736264,3.9050114154815674
2,908,journey,311.1098901098901,7.025179862976074
2,909,was,319.314606741573,0.643653392791748
2,910,almost,319.42045454545456,4.239936828613281
2,911,over,326.9,0.7684698700904846
2,912,and,304.38461538461536,2.4441909790039062
2,913,he,319.31868131868134,2.221421718597412
2,914,had,300.1123595505618,2.9987947940826416
2,915,come,318.0113636363636,4.097498893737793
2,916,full,296.9325842696629,4.542893409729004
2,917,circle.,294.1098901098901,1.008799359202385
2,918,Back,332.4945054945055,6.428090572357178
2,919,in,320.7692307692308,1.474463939666748
2,920,the,306.7752808988764,0.47059929370880127
2,921,"ocean,",303.6,4.111876964569092
2,922,he,313.9887640449438,1.2609739303588867
2,923,felt,310.8666666666667,4.071681022644043
2,924,right,317.2111111111111,7.880178451538086
2,925,at,316.1868131868132,0.41110777854919434
2,926,home.,304.65934065934067,1.8694070475175977
2,927,For,317.2967032967033,5.120436668395996
2,928,"him,",297.7912087912088,5.794600248336792
2,929,this,307.3777777777778,3.220799446105957
2,930,was,286.2307692307692,1.015899419784546
2,931,the,287.05555555555554,1.343727707862854
2,932,"safest,",309.2134831460674,11.041302680969238
2,933,sweetest,307.65168539325845,6.52903725206852
2,934,place,316.1758241758242,1.4283885955810547
2,935,in,310.2307692307692,1.842238426208496
2,936,the,286.5164835164835,0.20922516286373138
2,937,whole,292.8333333333333,3.4188077449798584
2,938,wide,295.6,7.977716445922852
2,939,world.,296.8222222222222,0.9511569142341614
2,940,During,318.06666666666666,7.36501407623291
2,941,the,312.7391304347826,0.8097850680351257
2,942,warm,289.0111111111111,5.887179851531982
2,943,summer,287.1666666666667,1.6842901706695557
2,944,"evenings,",343.44943820224717,5.998388409614563
2,945,if,301.3777777777778,4.892514228820801
2,946,you,274.3296703296703,2.8139290809631348
2,947,take,294.9230769230769,5.138237476348877
2,948,a,288.14444444444445,0.9535946846008301
2,949,walk,290.5,3.480241537094116
2,950,on,280.14772727272725,2.4801392555236816
2,951,the,280.7142857142857,0.4226977527141571
2,952,sea,285.16483516483515,4.048961639404297
2,953,"beach,",307.0112359550562,7.004523515701294
2,954,you,324.31868131868134,1.0702234506607056
2,955,will,310.0,0.9520168304443359
2,956,hear,312.55434782608694,3.4697062969207764
2,957,the,297.44565217391306,1.1994245052337646
2,958,gentle,305.9555555555556,4.695904731750488
2,959,rippling,349.8333333333333,7.840780599974096
2,960,swash,300.56666666666666,17.19312858581543
2,961,of,318.34065934065933,1.9124480485916138
2,962,the,316.8888888888889,1.5931106805801392
2,963,waves,293.56043956043953,1.6593375205993652
2,964,and,287.75,1.95249342918396
2,965,some,305.0326086956522,7.129539966583252
2,966,say,308.0674157303371,7.549771785736084
2,967,that,297.3666666666667,1.2406648397445679
2,968,it,309.7282608695652,2.115799903869629
2,969,must,302.8021978021978,5.254873275756836
2,970,be,287.5108695652174,0.5209342241287231
2,971,the,281.9032258064516,1.1669963598251343
2,972,gurgling,312.97802197802196,11.30719904601574
2,973,voices,319.3296703296703,6.538830280303955
2,974,of,332.7956989247312,0.3057435154914856
2,975,Aqua,320.8478260869565,7.642054080963135
2,976,and,326.1758241758242,2.1291708946228027
2,977,his,311.0,0.26166680455207825
2,978,brother,284.6489361702128,2.9377951622009277
2,979,water,317.20212765957444,3.895714044570923
2,980,drops,356.05434782608694,0.6996339559555054
2,981,telling,361.8478260869565,7.817722320556641
2,982,each,319.1720430107527,3.754918098449707
2,983,other,307.56382978723406,0.02838045544922352
2,984,about,306.05494505494505,3.1898677349090576
2,985,their,314.83870967741933,1.4814188480377197
2,986,wonderful,306.1720430107527,4.966902732849121
2,987,journey,320.0425531914894,2.7672317028045654
2,988,around,320.3440860215054,5.424286365509033
2,989,the,375.0425531914894,0.21625255048274994
2,990,world.,433.39130434782606,0.8425456434488297
3,2,was,386.3152173913044,3.6770083904266357
3,3,cold,391.1595744680851,7.721988677978516
3,4,and,405.5425531914894,1.3275914192199707
3,5,nearly,383.0744680851064,8.11750602722168
3,6,dark,382.6777777777778,3.0896875858306885
3,7,on,367.5869565217391,4.290916442871094
3,8,the,392.6263736263736,0.7187945246696472
3,9,last,349.4891304347826,5.855271339416504
3,10,evening,367.26881720430106,4.136688709259033
3,11,of,378.44565217391306,1.7714086771011353
3,12,the,358.0430107526882,1.6721643209457397
3,13,old,392.9010989010989,7.431153297424316
3,14,"year,",438.75,3.530858039855957
3,15,and,493.03225806451616,1.0190972089767456
3,16,the,371.5483870967742,1.7489732503890991
3,17,snow,359.4731182795699,3.8718700408935547
3,18,was,359.26881720430106,1.1910401582717896
3,19,falling,394.32608695652175,2.2939453125
3,20,fast,371.247311827957,3.780604600906372
3,21,and,360.4835164835165,2.141510486602783
3,22,furious.,391.5444444444444,5.335720658302307
3,23,A,491.4782608695652,3.3409156799316406
3,24,little,400.9,3.908388137817383
3,25,girl,381.4347826086956,3.180072069168091
3,26,no,347.04347826086956,9.548381805419922
3,27,one,394.2197802197802,4.202860355377197
3,28,sheltered,431.17391304347825,12.49664306640625
3,29,from,439.6222222222222,1.7715392112731934
3,30,the,386.1208791208791,0.544924795627594
3,31,gelid,508.27777777777777,18.542550086975098
3,32,air,625.7640449438202,4.980030536651611
3,33,roamed,521.3626373626373,10.371511101722717
3,34,through,432.68131868131866,3.6144070625305176
3,35,the,390.3296703296703,0.20404739677906036
3,36,streets,401.14606741573033,3.046858549118042
3,37,with,428.06666666666666,3.7308874130249023
3,38,a,368.3888888888889,1.4122138023376465
3,39,bare,389.64835164835165,6.053598403930664
3,40,head,416.6923076923077,1.9948285818099976
3,41,and,391.97802197802196,1.4098316431045532
3,42,naked,384.8241758241758,6.557365894317627
3,43,"feet,",404.16483516483515,3.8518961668014526
3,44,looking,445.0659340659341,4.535373210906982
3,45,as,391.8901098901099,3.6901960372924805
3,46,poor,366.6263736263736,8.205423355102539
3,47,as,369.2637362637363,0.25825685262680054
3,48,a,373.93333333333334,1.311631679534912
3,49,church,386.1208791208791,8.558478355407715
3,50,mouse.,412.96590909090907,8.020449161529541
3,51,It's,446.4888888888889,9.700395584106445
3,52,true,409.9120879120879,4.448154449462891
3,53,she,371.31868131868134,2.294548988342285
3,54,had,348.61538461538464,2.1454763412475586
3,55,on,349.38461538461536,8.0152587890625
3,56,a,383.3626373626374,1.1217352151870728
3,57,pair,368.5824175824176,3.7685790061950684
3,58,of,340.2197802197802,0.0013087764382362366
3,59,slippers,409.38461538461536,4.9157606065273285
3,60,her,406.6923076923077,5.02761173248291
3,61,mother,420.8666666666667,3.115766763687134
3,62,had,375.42857142857144,1.3655283451080322
3,63,once,361.31868131868134,5.494480609893799
3,64,given,363.9347826086956,3.146768569946289
3,65,her,364.6989247311828,0.14881914854049683
3,66,when,360.19354838709677,3.3712966442108154
3,67,she,336.5483870967742,0.1732221096754074
3,68,left,350.6989247311828,5.312930583953857
3,69,"home,",363.38709677419354,3.1952264308929443
3,70,but,400.82608695652175,0.4151255786418915
3,71,they,351.0752688172043,3.788029193878174
3,72,were,348.63440860215053,0.7400084733963013
3,73,as,370.3225806451613,5.389598846435547
3,74,much,330.81720430107526,3.9657232761383057
3,75,use,368.4623655913978,8.294061660766602
3,76,to,400.1195652173913,1.025780200958252
3,77,her,375.989010989011,0.20499294996261597
3,78,as,346.3152173913044,0.34110528230667114
3,79,a,353.19565217391306,2.0781009197235107
3,80,chocolate,376.2197802197802,9.345823287963867
3,81,teapot.,499.7362637362637,9.689487127703615
3,82,The,580.8111111111111,2.264810085296631
3,83,slippers,470.3478260869565,5.7303856536746025
3,84,owned,445.39130434782606,10.513014793395996
3,85,by,404.39784946236557,2.1164803504943848
3,86,her,349.6195652173913,1.1931875944137573
3,87,mother,371.741935483871,0.5882118940353394
3,88,were,364.89130434782606,0.9594532251358032
3,89,so,362.61290322580646,3.5459933280944824
3,90,large,351.3804347826087,4.2141523361206055
3,91,that,343.5698924731183,0.6612004637718201
3,92,the,345.5483870967742,2.6755661964416504
3,93,emaciated,390.82608695652175,9.43562297616154
3,94,little,526.1195652173913,2.4529151916503906
3,95,creature,461.0444444444444,4.722265720367432
3,96,had,414.79347826086956,2.317488431930542
3,97,lost,378.8279569892473,5.1545023918151855
3,98,them,385.0108695652174,2.993901252746582
3,99,while,390.9247311827957,5.487656116485596
3,100,running,382.64835164835165,4.745860576629639
3,101,across,377.5217391304348,4.141565322875977
3,102,the,359.7032967032967,0.2820731997489929
3,103,street,344.5978260869565,0.8758776783943176
3,104,to,349.3763440860215,3.45281982421875
3,105,avoid,370.5326086956522,5.4699625968933105
3,106,two,355.4673913043478,7.576539039611816
3,107,carriages,393.86813186813185,6.316663235425949
3,108,that,402.9247311827957,2.5660507678985596
3,109,were,369.2903225806452,1.0834834575653076
3,110,rolling,363.6630434782609,6.175304889678955
3,111,along,354.8222222222222,2.709132671356201
3,112,at,337.8152173913044,4.185686111450195
3,113,a,341.9782608695652,1.2107435464859009
3,114,terrible,354.5869565217391,5.588690757751465
3,115,rate.,391.6,2.0875250697135925
3,116,One,417.0,4.672460556030273
3,117,of,382.56043956043953,0.8946346640586853
3,118,the,325.5108695652174,0.580169677734375
3,119,slippers,349.02197802197804,3.4931000471115112
3,120,she,356.48387096774195,3.717808246612549
3,121,could,345.82608695652175,4.967642784118652
3,122,not,350.3695652173913,1.3522651195526123
3,123,"find,",355.17391304347825,6.08142614364624
3,124,and,361.14130434782606,1.968544840812683
3,125,a,330.5217391304348,3.9695169925689697
3,126,boy,342.7826086956522,5.553303241729736
3,127,seized,383.6195652173913,9.867420196533203
3,128,upon,368.35869565217394,4.861061096191406
3,129,the,344.17977528089887,2.090282917022705
3,130,"other,",353.65934065934067,4.119434595108032
3,131,saying,388.34444444444443,5.880375862121582
3,132,that,352.032967032967,2.092411994934082
3,133,he,339.86813186813185,1.1299045085906982
3,134,could,340.6043956043956,2.557551860809326
3,135,use,330.1098901098901,5.159768104553223
3,136,it,329.8241758241758,1.3200106620788574
3,137,as,331.45054945054943,3.2312912940979004
3,138,a,329.5824175824176,0.46692317724227905
3,139,home,381.2857142857143,6.726061820983887
3,140,for,373.8791208791209,1.723494052886963
3,141,his,352.74725274725273,0.8336092829704285
3,142,little,340.27472527472526,2.496277332305908
3,143,pet,357.30434782608694,5.885042667388916
3,144,mouse.,388.0752688172043,7.670757710933685
3,145,So,431.967032967033,5.022489547729492
3,146,with,340.84615384615387,5.203802585601807
3,147,her,340.84615384615387,2.5447239875793457
3,148,naked,343.5444444444444,6.641857624053955
3,149,"feet,",365.38461538461536,2.7784029245376587
3,150,which,359.65555555555557,5.63568115234375
3,151,were,355.6263736263736,1.4294373989105225
3,152,quite,379.31868131868134,5.362960338592529
3,153,red,346.6373626373626,7.143921852111816
3,154,and,349.64444444444445,1.457190752029419
3,155,blue,354.04395604395603,4.539303779602051
3,156,with,355.010989010989,4.101693630218506
3,157,the,350.35164835164835,2.0673530101776123
3,158,"cold,",366.45054945054943,4.693766832351685
3,159,the,364.97777777777776,1.5661336183547974
3,160,little,377.1222222222222,0.7501906752586365
3,161,girl,367.5,1.2253707647323608
3,162,went,342.4725274725275,3.578500509262085
3,163,"on,",335.95604395604397,6.5463221073150635
3,164,wondering,365.9222222222222,5.576544761657715
3,165,how,363.0,1.8767412900924683
3,166,she,332.5108695652174,1.2445285320281982
3,167,would,330.1847826086956,2.591404438018799
3,168,get,336.8222222222222,2.2209763526916504
3,169,through,332.3,4.6290974617004395
3,170,this,346.4555555555556,2.257561206817627
3,171,dreadful,353.8241758241758,5.4773054122924805
3,172,night.,397.0111111111111,3.371993601322174
3,173,She,405.0769230769231,2.1884822845458984
3,174,approached,383.57142857142856,7.374422550201416
3,175,an,400.5777777777778,4.317516803741455
3,176,old,356.42391304347825,0.8626178503036499
3,177,hovel,368.04347826086956,9.340588092803955
3,178,she,435.4673913043478,4.013758659362793
3,179,had,442.4021739130435,0.420168399810791
3,180,used,362.95604395604397,4.509065628051758
3,181,as,365.14130434782606,1.5777714252471924
3,182,a,353.3695652173913,0.28222745656967163
3,183,shelter,357.29347826086956,1.2830246686935425
3,184,a,347.5326086956522,4.828424453735352
3,185,few,374.7282608695652,0.9091048240661621
3,186,times,379.5652173913044,2.254373788833618
3,187,"before,",352.1847826086956,1.8626495003700256
3,188,and,350.3369565217391,0.542143702507019
3,189,found,333.0,2.388389825820923
3,190,the,323.65934065934067,2.4110827445983887
3,191,entrance,358.2173913043478,5.5491790771484375
3,192,was,379.4021739130435,2.8628787994384766
3,193,locked.,376.94565217391306,3.516325354576111
3,194,Tough,422.7362637362637,11.055794715881348
3,195,luck,468.5869565217391,6.294411659240723
3,196,for,417.4835164835165,2.8895487785339355
3,197,the,343.6043956043956,1.535358190536499
3,198,girl!,352.6304347826087,6.457489728927612
3,199,This,388.07608695652175,5.438851356506348
3,200,day,365.6304347826087,6.125012397766113
3,201,was,326.3695652173913,1.4571826457977295
3,202,even,348.95652173913044,5.271656513214111
3,203,worse,352.5,0.8981798887252808
3,204,than,351.04395604395603,1.4258277416229248
3,205,the,338.5869565217391,1.3635118007659912
3,206,others.,327.2307692307692,6.302343964576721
3,207,No,364.3956043956044,4.906341552734375
3,208,Good,376.17391304347825,12.63825511932373
3,209,Samaritan,497.2173913043478,4.8086327984929085
3,210,had,469.2087912087912,2.334608554840088
3,211,given,367.45054945054943,5.6494059562683105
3,212,her,325.97802197802196,0.1657349020242691
3,213,even,352.35869565217394,6.654205799102783
3,214,a,353.3626373626374,0.7774780988693237
3,215,penny.,377.42857142857144,7.952153205871582
3,216,And,377.0989010989011,3.9764084815979004
3,217,she,340.3478260869565,2.5621259212493896
3,218,had,310.19565217391306,1.9739103317260742
3,219,no,339.2826086956522,2.112044095993042
3,220,luck,333.55434782608694,5.631375312805176
3,221,selling,345.29347826086956,7.202941417694092
3,222,any,347.5869565217391,2.955206871032715
3,223,matches,343.4347826086956,11.36482048034668
3,224,that,391.53846153846155,3.738032341003418
3,225,she,367.1098901098901,0.8805012702941895
3,226,carried,374.84615384615387,4.9556498527526855
3,227,in,339.94505494505495,2.2768750190734863
3,228,the,328.5054945054945,2.9192094802856445
3,229,old,340.6923076923077,4.618321418762207
3,230,apron,460.05434782608694,8.519530728459358
3,231,her,525.0978260869565,5.880153656005859
3,232,grandmother,464.79347826086956,3.8818306922912598
3,233,had,371.7173913043478,0.7288228869438171
3,234,given,343.4065934065934,1.3222620487213135
3,235,her.,363.42391304347825,1.062194935977459
3,236,Poor,440.2637362637363,6.069665908813477
3,237,little,341.9673913043478,1.0001616477966309
3,238,"child,",341.0879120879121,5.989763259887695
3,239,she,354.1630434782609,1.551748514175415
3,240,looked,342.6923076923077,4.592462539672852
3,241,the,384.13978494623655,5.526883125305176
3,242,picture,388.35483870967744,7.269654273986816
3,243,of,369.23655913978496,0.7287170886993408
3,244,misery.,341.10869565217394,6.4563539028167725
3,245,On,406.9010989010989,5.369844913482666
3,246,her,386.8369565217391,2.0010242462158203
3,247,"long,",360.2857142857143,7.495332956314087
3,248,fair,333.5217391304348,7.628053188323975
3,249,"hair,",370.3736263736264,3.1335030794143677
3,250,which,416.0444444444444,4.417787551879883
3,251,hung,406.42857142857144,3.8097221851348877
3,252,in,350.4269662921348,2.448699712753296
3,253,curls,347.69565217391306,4.81516170501709
3,254,on,354.9782608695652,3.786346912384033
3,255,her,328.4347826086956,0.7473622560501099
3,256,"shoulders,",333.1868131868132,2.656920850276947
3,257,the,388.68131868131866,2.5873870849609375
3,258,snowflakes,427.0769230769231,10.59528581588529
3,259,kept,372.46153846153845,5.413133144378662
3,260,"landing,",357.72527472527474,10.714331150054932
3,261,but,342.8791208791209,3.2684566974639893
3,262,she,336.54347826086956,1.580687165260315
3,263,did,329.6521739130435,3.032381057739258
3,264,not,321.4835164835165,0.03232303634285927
3,265,notice,369.4,4.211499214172363
3,266,them,318.4725274725275,1.110904335975647
3,267,as,318.53846153846155,3.5908045768737793
3,268,she,326.4945054945055,1.2438162565231323
3,269,shivered,339.2857142857143,7.628672748804092
3,270,along.,342.81111111111113,8.774837017059326
3,271,She,356.27472527472526,1.7334020137786865
3,272,was,355.7692307692308,2.2717466354370117
3,273,losing,356.95604395604397,7.51255989074707
3,274,strength,352.84615384615387,4.22276496887207
3,275,and,346.2,1.7900935411453247
3,276,beginning,349.4725274725275,7.959287166595459
3,277,to,359.97802197802196,0.01858804002404213
3,278,doubt,329.55056179775283,4.934751033782959
3,279,she,342.29545454545456,5.440055847167969
3,280,could,340.1,0.9017907977104187
3,281,weather,346.43333333333334,9.754810333251953
3,282,this,371.59550561797755,2.255765914916992
3,283,storm.,352.314606741573,3.4589133858680725
3,284,It,366.4269662921348,3.4287567138671875
3,285,was,333.5888888888889,0.5527079701423645
3,286,New,352.8777777777778,10.00268268585205
3,287,"Year's,",369.04395604395603,5.169598259031773
3,288,and,368.85714285714283,0.5376613736152649
3,289,the,377.9340659340659,1.5350837707519531
3,290,girl,336.2967032967033,4.186392784118652
3,291,asked,316.34065934065933,6.4791717529296875
3,292,herself,348.5888888888889,3.9086008071899414
3,293,"why,",332.1208791208791,6.77348518371582
3,294,as,340.4,3.327965259552002
3,295,lights,363.3296703296703,10.682284355163574
3,296,shone,359.68888888888887,3.7772560119628906
3,297,from,342.6263736263736,2.7693018913269043
3,298,every,345.2197802197802,4.865533828735352
3,299,"window,",326.6043956043956,1.927977442741394
3,300,and,321.7032967032967,3.874044179916382
3,301,the,344.8,1.4263806343078613
3,302,savory,342.4175824175824,13.749570369720459
3,303,smell,340.010989010989,2.0041239261627197
3,304,of,325.56043956043953,0.1915195733308792
3,305,roast,322.6373626373626,7.128682613372803
3,306,goose,316.57142857142856,5.968206882476807
3,307,crept,338.5054945054945,9.000297546386719
3,308,out,351.9230769230769,2.969592571258545
3,309,on,339.47777777777776,4.155711650848389
3,310,the,319.6222222222222,0.40603047609329224
3,311,"streets,",311.45054945054943,2.9856547713279724
3,312,she,329.0,0.9555400609970093
3,313,was,320.35164835164835,2.2053446769714355
3,314,outside,319.73333333333335,6.150619029998779
3,315,all,324.0111111111111,3.6296749114990234
3,316,alone.,349.3736263736264,2.5029001235961914
3,317,"Exhausted,",342.93333333333334,10.70909776352346
3,318,she,400.2637362637363,0.3945172131061554
3,319,finally,340.14285714285717,5.927587985992432
3,320,sat,327.74444444444447,5.265985488891602
3,321,down,318.1758241758242,0.8504054546356201
3,322,in,318.24175824175825,2.6352858543395996
3,323,a,317.1666666666667,1.921156406402588
3,324,corner,316.1758241758242,2.1794962882995605
3,325,behind,311.8791208791209,6.79859733581543
3,326,the,331.8901098901099,0.9637635946273804
3,327,little,313.1098901098901,3.8886303901672363
3,328,bakery.,315.9120879120879,9.038541793823242
3,329,She,375.6931818181818,1.6487863063812256
3,330,put,356.53333333333336,4.985925674438477
3,331,a,308.5111111111111,3.0313096046447754
3,332,rag,327.43333333333334,5.2026166915893555
3,333,she,347.3,6.026972770690918
3,334,had,372.6333333333333,0.3225710988044739
3,335,found,327.4,3.7082011699676514
3,336,over,344.9888888888889,5.145843029022217
3,337,her,327.3956043956044,1.0282071828842163
3,338,legs,337.54945054945057,7.7225823402404785
3,339,to,345.9120879120879,2.136127233505249
3,340,cover,320.72527472527474,2.8946549892425537
3,341,"herself,",358.6111111111111,4.465675234794617
3,342,but,343.5934065934066,3.004038095474243
3,343,she,351.8791208791209,2.5225133895874023
3,344,could,315.02222222222224,1.6915452480316162
3,345,not,314.967032967033,0.2240784764289856
3,346,keep,336.3222222222222,3.763871192932129
3,347,off,375.35869565217394,6.214188098907471
3,348,the,324.13186813186815,1.2662923336029053
3,349,cold.,339.4725274725275,4.528034329414368
3,350,The,394.5168539325843,2.0121731758117676
3,351,"girl,",357.40449438202245,6.452988147735596
3,352,who,357.28409090909093,1.8490699529647827
3,353,the,331.42857142857144,7.71249532699585
3,354,night,366.75824175824175,5.628800392150879
3,355,air,375.2888888888889,8.40278148651123
3,356,had,331.0777777777778,1.5163450241088867
3,357,completely,345.6043956043956,6.0244951248168945
3,358,"enveloped,",394.42857142857144,6.315988773130812
3,359,dared,423.9230769230769,8.021171569824219
3,360,not,406.3626373626374,0.5424634218215942
3,361,go,351.38461538461536,3.123293876647949
3,362,"home,",326.5054945054945,6.658788681030273
3,363,for,369.5274725274725,2.5093936920166016
3,364,she,338.3222222222222,0.9872431755065918
3,365,had,338.94505494505495,1.748802661895752
3,366,sold,329.15384615384613,7.793632507324219
3,367,no,325.54945054945057,5.3821587562561035
3,368,matches.,407.7692307692308,2.9690221548080444
3,369,Her,423.35164835164835,3.301731824874878
3,370,father,358.83516483516485,3.5352964401245117
3,371,had,331.9,1.1590293645858765
3,372,been,325.1208791208791,2.758791446685791
3,373,mean,333.35164835164835,9.509653091430664
3,374,and,345.9010989010989,2.341698169708252
3,375,moody,343.8791208791209,10.270514838397503
3,376,ever,362.0879120879121,6.068180561065674
3,377,since,325.1208791208791,0.004147618543356657
3,378,his,319.8791208791209,3.084069013595581
3,379,wife,320.04395604395603,2.5975797176361084
3,380,had,338.9010989010989,1.386018991470337
3,381,gone,345.0,3.99988055229187
3,382,to,326.2637362637363,1.3939473628997803
3,383,meet,329.5054945054945,5.971362590789795
3,384,her,343.23333333333335,1.2883449792861938
3,385,Maker.,413.97777777777776,8.903578877449036
3,386,He,533.945054945055,1.8782867193222046
3,387,would,409.9888888888889,3.742732048034668
3,388,certainly,400.2197802197802,6.166928291320801
3,389,beat,362.83516483516485,5.505163192749023
3,390,"her,",332.7362637362637,3.1001400351524353
3,391,as,340.13483146067415,4.111111640930176
3,392,he,337.3777777777778,1.2238308191299438
3,393,has,314.9888888888889,6.299491882324219
3,394,done,328.19101123595505,1.0875481367111206
3,395,several,367.4888888888889,5.653112411499023
3,396,times,347.4431818181818,0.08341503888368607
3,397,in,317.2808988764045,1.9231393337249756
3,398,the,309.1111111111111,0.9884417057037354
3,399,weeks,326.5824175824176,6.197721481323242
3,400,"past,",367.5824175824176,5.106016159057617
3,401,because,358.65555555555557,5.107330322265625
3,402,she,346.94444444444446,1.8450734615325928
3,403,had,328.93333333333334,1.2351648807525635
3,404,not,314.94505494505495,2.5481395721435547
3,405,earned,313.5888888888889,6.200565814971924
3,406,any,331.96666666666664,2.152763843536377
3,407,money,310.4175824175824,1.2986887693405151
3,408,today.,326.3076923076923,8.046842485666275
3,409,"Besides,",427.77777777777777,6.2502723932266235
3,410,it,337.9340659340659,3.224445104598999
3,411,was,321.8876404494382,0.434854656457901
3,412,almost,300.0989010989011,4.851434707641602
3,413,as,295.95604395604397,2.4016003608703613
3,414,cold,297.54945054945057,4.503004550933838
3,415,at,321.6373626373626,4.794576168060303
3,416,home,331.967032967033,2.0940189361572266
3,417,as,319.8,0.5788269639015198
3,418,"outside,",322.032967032967,6.080455303192139
3,419,for,350.93333333333334,4.187393665313721
3,420,they,316.75824175824175,4.085426330566406
3,421,had,317.42857142857144,1.4398983716964722
3,422,only,297.1098901098901,3.8497507572174072
3,423,a,305.5824175824176,2.8516225814819336
3,424,patchy,311.5164835164835,11.505123376846313
3,425,roof,333.3076923076923,3.092442035675049
3,426,to,326.8901098901099,3.6050832271575928
3,427,cover,334.15555555555557,0.9860856533050537
3,428,them.,311.68888888888887,4.856186389923096
3,429,The,342.5054945054945,1.96310293674469
3,430,girl's,332.6777777777778,4.663531422615051
3,431,little,335.0,4.76129150390625
3,432,hands,342.2857142857143,5.132682800292969
3,433,were,322.9325842696629,1.1122684478759766
3,434,almost,318.4175824175824,5.693779945373535
3,435,frozen,352.1123595505618,5.679107666015625
3,436,solid,327.34831460674155,6.9542555809021
3,437,so,318.2584269662921,5.835738182067871
3,438,she,327.3956043956044,1.664757251739502
3,439,decided,329.03333333333336,6.753513336181641
3,440,that,334.46153846153845,2.5945303440093994
3,441,a,308.2197802197802,4.333067417144775
3,442,burning,327.94444444444446,8.368338584899902
3,443,match,354.05494505494505,4.175698757171631
3,444,might,385.989010989011,3.0506725311279297
3,445,be,326.5777777777778,0.7601560354232788
3,446,of,317.95604395604397,4.992801666259766
3,447,some,345.44444444444446,1.8370978832244873
3,448,good.,357.61538461538464,9.221621990203857
3,449,'Scratch!',421.31111111111113,23.508018732070923
3,450,sounded,480.0111111111111,10.415556907653809
3,451,the,411.9550561797753,0.5147712230682373
3,452,match,369.0777777777778,7.889481544494629
3,453,as,336.6741573033708,4.33608341217041
3,454,she,345.032967032967,0.9856268763542175
3,455,drew,329.8,4.978200912475586
3,456,it,327.3736263736264,1.887445330619812
3,457,out.,313.8222222222222,2.9251108169555664
3,458,How,367.1111111111111,6.92218017578125
3,459,it,346.2197802197802,3.9254255294799805
3,460,sputtered,371.2967032967033,10.841920375823975
3,461,as,345.2087912087912,4.452303886413574
3,462,it,326.8791208791209,0.5491728186607361
3,463,burnt!,340.4175824175824,12.990701675415039
3,464,It,348.1666666666667,2.898057222366333
3,465,gave,369.75824175824175,6.027132987976074
3,466,a,323.7142857142857,1.7049981355667114
3,467,"warm,",327.5274725274725,6.621289134025574
3,468,candle-like,381.3076923076923,11.393262803554535
3,469,bright,389.03333333333336,7.9249348640441895
3,470,light,344.4065934065934,2.092184543609619
3,471,that,344.81111111111113,2.146008014678955
3,472,the,317.989010989011,3.6839053630828857
3,473,girl,328.5056179775281,0.8569028973579407
3,474,hid,292.4888888888889,9.17538833618164
3,475,from,340.2111111111111,2.181324005126953
3,476,the,309.03333333333336,0.7445202469825745
3,477,world,309.23595505617976,3.60905122756958
3,478,as,327.22222222222223,3.7108302116394043
3,479,she,344.0777777777778,1.1848849058151245
3,480,held,330.53932584269666,5.514378547668457
3,481,her,305.1222222222222,2.7280988693237305
3,482,hand,331.74444444444447,2.744833469390869
3,483,over,299.53333333333336,4.304224014282227
3,484,it.,321.5934065934066,1.9112753868103027
3,485,Why,317.15555555555557,7.854554653167725
3,486,had,327.2967032967033,3.385554075241089
3,487,no,313.6,4.10087776184082
3,488,one,314.35164835164835,0.8459435701370239
3,489,wanted,340.24175824175825,7.278894424438477
3,490,to,339.15384615384613,0.5261088013648987
3,491,buy,299.3956043956044,3.9655704498291016
3,492,even,300.04395604395603,7.421777248382568
3,493,one,309.5274725274725,1.9485433101654053
3,494,match?,317.25274725274727,2.091227650642395
3,495,A,330.75280898876406,3.722170352935791
3,496,wonderful,325.8241758241758,7.867851257324219
3,497,"light,",337.9,7.42490029335022
3,498,it,352.94505494505495,2.9193673133850098
3,499,was,343.34444444444443,2.1847119331359863
3,500,really.,365.45652173913044,8.657058238983154
3,501,It,346.6263736263736,2.430748462677002
3,502,seemed,362.38461538461536,3.6154003143310547
3,503,to,334.8777777777778,0.7407945394515991
3,504,the,334.6666666666667,4.446578502655029
3,505,girl,348.2857142857143,0.2845667004585266
3,506,that,340.8131868131868,0.8388233184814453
3,507,she,288.6847826086956,1.6418342590332031
3,508,was,319.4130434782609,1.475775122642517
3,509,sitting,300.0326086956522,6.841534614562988
3,510,by,306.82608695652175,4.590615749359131
3,511,a,309.1847826086956,2.500067710876465
3,512,large,317.29347826086956,5.9182610511779785
3,513,iron,311.64130434782606,5.512019634246826
3,514,"stove,",319.25,4.138443291187286
3,515,with,368.7608695652174,3.2927374839782715
3,516,polished,371.65934065934067,9.108794212341309
3,517,brass,350.85714285714283,3.1916120052337646
3,518,feet,335.8369565217391,5.9969329833984375
3,519,and,363.85869565217394,1.2740603685379028
3,520,a,333.4347826086956,1.3580641746520996
3,521,brass,318.60869565217394,5.152191162109375
3,522,ornament.,390.39130434782606,9.987367630004883
3,523,How,378.30337078651684,5.503898620605469
3,524,the,340.8333333333333,3.237175703048706
3,525,fire,329.8241758241758,2.7180590629577637
3,526,burned!,356.9340659340659,5.262757778167725
3,527,The,370.2111111111111,2.0059266090393066
3,528,girl,367.1978021978022,1.2555756568908691
3,529,was,317.2183908045977,2.7216784954071045
3,530,pleased,344.1685393258427,6.5369415283203125
3,531,and,327.3820224719101,3.287720203399658
3,532,the,323.4888888888889,4.99737548828125
3,533,fire,341.2134831460674,3.7089476585388184
3,534,actually,307.0888888888889,7.7350311279296875
3,535,seemed,356.08988764044943,3.684685707092285
3,536,so,333.85555555555555,6.057787895202637
3,537,warm,318.4269662921348,3.855234146118164
3,538,that,308.83516483516485,1.024377465248108
3,539,the,323.4111111111111,1.531303882598877
3,540,child,316.5164835164835,6.225872039794922
3,541,stretched,339.7111111111111,9.818345069885254
3,542,out,349.31111111111113,0.8130155205726624
3,543,her,357.5,0.6590586304664612
3,544,feet,327.7,4.966488361358643
3,545,as,344.9120879120879,3.28271484375
3,546,if,318.6263736263736,0.7583569884300232
3,547,to,342.85714285714283,1.0887866020202637
3,548,warm,309.13186813186815,3.982837677001953
3,549,"them,",304.2967032967033,5.642918348312378
3,550,when,342.65934065934067,4.962806701660156
3,551,suddenly,343.27472527472526,3.2131452560424805
3,552,the,330.8901098901099,1.2351582050323486
3,553,flame,320.54945054945057,2.8443686962127686
3,554,of,314.53846153846155,3.544523000717163
3,555,the,310.25274725274727,0.5045371651649475
3,556,match,319.7912087912088,0.4427640736103058
3,557,went,309.5444444444444,3.609729528427124
3,558,out.,314.97802197802196,1.4827149212360382
3,559,It,334.3296703296703,2.4629690647125244
3,560,was,317.7912087912088,1.2365813255310059
3,561,a,294.13186813186815,1.9574689865112305
3,562,"short,",316.7032967032967,8.13694429397583
3,563,stubby,354.8131868131868,7.56441255658865
3,564,match,341.25274725274727,2.474057912826538
3,565,that,330.84615384615387,2.0876924991607666
3,566,the,321.8888888888889,2.134793281555176
3,567,little,320.967032967033,3.1332473754882812
3,568,girl,304.3666666666667,0.09281844645738602
3,569,next,301.989010989011,9.081766128540039
3,570,rubbed,338.4945054945055,8.863043785095215
3,571,on,332.86813186813185,2.037731647491455
3,572,the,340.5274725274725,1.3662667274475098
3,573,wall.,336.31868131868134,8.879624485969543
3,574,It,379.23333333333335,1.809233546257019
3,575,burst,350.6703296703297,6.435112953186035
3,576,into,329.8021978021978,1.5116139650344849
3,577,a,339.45054945054943,2.160189628601074
3,578,"flame,",333.06666666666666,4.26709520816803
3,579,and,350.4835164835165,0.8480461835861206
3,580,lo,321.7142857142857,9.292920112609863
3,581,and,367.02222222222224,0.5696139335632324
3,582,"behold,",327.1868131868132,0.8576792440799181
3,583,the,308.6373626373626,0.9728093147277832
3,584,girl,306.77777777777777,1.5048836469650269
3,585,was,306.45054945054943,1.808964729309082
3,586,transported,327.9230769230769,8.649399757385254
3,587,from,347.6923076923077,3.20343279838562
3,588,her,322.72527472527474,1.4902989864349365
3,589,dank,325.57142857142856,10.874992609024048
3,590,city,371.4725274725275,6.994307994842529
3,591,to,346.6923076923077,0.9915777444839478
3,592,a,306.7111111111111,1.5296818017959595
3,593,"beautiful,",318.05494505494505,6.325068950653076
3,594,sunny,308.95604395604397,4.9951066970825195
3,595,forest.,352.1978021978022,5.480939149856567
3,596,She,354.22222222222223,2.220900535583496
3,597,heard,349.4835164835165,5.7100043296813965
3,598,the,330.68131868131866,0.9240636825561523
3,599,birds,320.0989010989011,6.175576210021973
3,600,chirping,328.6263736263736,4.0276158452034
3,601,and,303.5054945054945,1.4008334875106812
3,602,she,322.47777777777776,4.330878734588623
3,603,was,294.47777777777776,3.1488988399505615
3,604,surrounded,285.65934065934067,6.316903591156006
3,605,by,304.7142857142857,0.09986509382724762
3,606,wildflowers,331.0,6.078933795215562
3,607,and,335.8666666666667,1.5828298330307007
3,608,birches,313.7362637362637,7.685580275487155
3,609,as,335.4945054945055,4.248814582824707
3,610,white,320.14606741573033,6.268031120300293
3,611,as,331.5274725274725,0.09499391913414001
3,612,snow.,344.0659340659341,2.822583943605423
3,613,A,334.04395604395603,3.164415121078491
3,614,little,318.94444444444446,2.959113836288452
3,615,squirrel,290.06666666666666,6.381389617919922
3,616,hid,328.31868131868134,7.464032173156738
3,617,some,304.9111111111111,6.737602233886719
3,618,food,327.15555555555557,5.155962944030762
3,619,in,336.0674157303371,1.1679513454437256
3,620,the,304.24175824175825,1.1381975412368774
3,621,ground,323.5274725274725,3.7106919288635254
3,622,and,312.2637362637363,2.2088027000427246
3,623,scurried,335.5274725274725,8.516283582430333
3,624,off,313.94505494505495,2.0897703170776367
3,625,into,307.010989010989,2.8579516410827637
3,626,the,294.9010989010989,0.24420785903930664
3,627,underbrush.,317.7362637362637,9.987411797046661
3,628,The,350.4555555555556,1.419446349143982
3,629,girl,325.0769230769231,1.4679826498031616
3,630,was,320.57142857142856,2.331059217453003
3,631,"curious,",324.8888888888889,7.963202953338623
3,632,so,316.05555555555554,3.732504367828369
3,633,she,319.83516483516485,0.22467893362045288
3,634,dug,316.95604395604397,5.703391075134277
3,635,some,305.6043956043956,3.5578088760375977
3,636,squirrel,321.9230769230769,6.7746429443359375
3,637,food,335.7362637362637,4.762554168701172
3,638,up,310.7362637362637,4.042778015136719
3,639,to,289.02197802197804,3.5215606689453125
3,640,see,306.45054945054943,3.0202341079711914
3,641,what,287.989010989011,1.2442671060562134
3,642,it,289.3296703296703,1.0078843832015991
3,643,"was,",292.7362637362637,2.7560079097747803
3,644,but,308.77777777777777,1.6534018516540527
3,645,then,310.4725274725275,5.115694046020508
3,646,she,300.6,1.0610237121582031
3,647,forgot,310.13186813186815,5.280538558959961
3,648,to,296.0,1.5541328191757202
3,649,put,293.42857142857144,2.5181288719177246
3,650,it,298.68131868131866,0.7796744704246521
3,651,back.,313.5,3.8484506607055664
3,652,The,324.38461538461536,1.618762493133545
3,653,squirrel,331.9555555555556,0.5246020555496216
3,654,came,320.16483516483515,3.900341510772705
3,655,back,322.3333333333333,1.593549370765686
3,656,and,291.7692307692308,1.2867765426635742
3,657,looked,303.8222222222222,4.292787551879883
3,658,in,303.45054945054943,4.187534809112549
3,659,its,290.72222222222223,4.729475975036621
3,660,hiding,297.75824175824175,6.266883373260498
3,661,"place,",306.6777777777778,1.3558089435100555
3,662,but,322.8791208791209,1.3395531177520752
3,663,the,293.1333333333333,1.5752663612365723
3,664,food,276.2197802197802,5.8620100021362305
3,665,was,299.4222222222222,0.9222714304924011
3,666,nowhere,289.5,4.753024101257324
3,667,to,310.18888888888887,0.10250283032655716
3,668,be,300.1758241758242,0.0032657645642757416
3,669,found.,289.43333333333334,0.3214038163423538
3,670,Then,328.74725274725273,3.766153335571289
3,671,the,297.3333333333333,1.0448241233825684
3,672,match,298.38461538461536,6.627262592315674
3,673,went,306.1758241758242,2.458134651184082
3,674,"out,",344.8241758241758,2.164128005504608
3,675,and,307.7692307692308,0.5304570198059082
3,676,it,307.2197802197802,3.1140410900115967
3,677,wasn't,301.032967032967,5.660295657929964
3,678,the,303.31111111111113,3.374542236328125
3,679,forest,305.6777777777778,7.465928077697754
3,680,that,331.2967032967033,1.7622547149658203
3,681,remained,336.95604395604397,7.372663974761963
3,682,before,330.1978021978022,6.975729942321777
3,683,her,327.1098901098901,1.7675951719284058
3,684,eyes.,393.3,3.0308462381362915
3,685,It,336.7692307692308,1.5852293968200684
3,686,was,288.010989010989,0.4042722284793854
3,687,only,275.5164835164835,4.706772327423096
3,688,the,292.83516483516485,1.117710828781128
3,689,"thick,",302.7802197802198,8.041435480117798
3,690,"damp,",297.5934065934066,7.338985204696655
3,691,cold,305.3333333333333,3.1740882396698
3,692,wall.,311.2307692307692,10.122735500335693
3,693,The,362.8888888888889,1.259995937347412
3,694,girl,348.7362637362637,1.0840539932250977
3,695,looked,329.1222222222222,3.061861515045166
3,696,despondently,343.4945054945055,14.939021614613011
3,697,into,388.56043956043953,2.9026668071746826
3,698,the,324.8666666666667,0.17074087262153625
3,699,sky,313.43956043956047,4.58458948135376
3,700,that,292.46666666666664,6.417109966278076
3,701,was,299.3333333333333,2.7623491287231445
3,702,now,296.1777777777778,3.1357131004333496
3,703,fully,341.7692307692308,7.331501007080078
3,704,darkened,329.85714285714283,4.9091973304748535
3,705,and,340.53846153846155,2.380706787109375
3,706,suddenly,322.6703296703297,5.630003929138184
3,707,she,306.6777777777778,2.192260265350342
3,708,saw,299.3076923076923,1.172125220298767
3,709,a,307.0,1.332894206047058
3,710,star,321.8021978021978,4.750827789306641
3,711,"fall,",309.13186813186815,10.337831974029541
3,712,leaving,349.9222222222222,5.861039638519287
3,713,behind,361.0444444444444,2.3363046646118164
3,714,it,318.5824175824176,4.861516952514648
3,715,a,313.1758241758242,0.7870588302612305
3,716,bright,311.6043956043956,3.3651821613311768
3,717,streak,298.68131868131866,6.050549030303955
3,718,of,337.2,0.4042075276374817
3,719,fire.,299.6666666666667,4.7533387541770935
3,720,'Someone,367.2247191011236,12.102499008178711
3,721,is,406.15384615384613,2.9228830337524414
3,722,"dying,'",338.9010989010989,7.104909658432007
3,723,thought,379.13186813186815,2.9418728351593018
3,724,the,361.0888888888889,0.10832708328962326
3,725,little,308.24444444444447,2.0386862754821777
3,726,girl.,318.30337078651684,1.2881614565849304
3,727,It,318.8314606741573,2.593965530395508
3,728,was,296.4835164835165,0.6440364718437195
3,729,her,297.86813186813185,3.7177083492279053
3,730,old,317.8,4.387190341949463
3,731,"grandmother,",355.55172413793105,5.575019717216492
3,732,the,377.53333333333336,2.351433753967285
3,733,one,356.9555555555556,1.9441062211990356
3,734,who,323.15555555555557,0.3179684579372406
3,735,had,306.6292134831461,0.7130014300346375
3,736,loved,291.1222222222222,6.740265846252441
3,737,her,305.8888888888889,0.35592183470726013
3,738,the,308.7032967032967,3.4200148582458496
3,739,"most,",319.0989010989011,2.207634374499321
3,740,and,303.2857142857143,0.9940113425254822
3,741,the,304.45054945054943,2.4247562885284424
3,742,one,313.5054945054945,0.9273334741592407
3,743,who,281.86813186813185,0.25813013315200806
3,744,the,285.010989010989,6.460479259490967
3,745,girl,317.010989010989,1.2419074773788452
3,746,used,317.94505494505495,7.1154632568359375
3,747,to,294.6923076923077,0.38933852314949036
3,748,visit,299.3956043956044,4.286349773406982
3,749,every,294.84615384615387,1.9904505014419556
3,750,"Sunday,",301.2307692307692,6.721615314483643
3,751,who,347.54945054945057,4.81411075592041
3,752,had,303.86813186813185,1.0039117336273193
3,753,told,290.3296703296703,4.248231887817383
3,754,her,295.8241758241758,0.11705204099416733
3,755,that,290.95604395604397,2.0497384071350098
3,756,when,288.06666666666666,4.229868412017822
3,757,a,301.8791208791209,3.5541136264801025
3,758,star,309.1978021978022,4.723433494567871
3,759,"falls,",308.032967032967,4.04821503162384
3,760,a,306.685393258427,3.7119927406311035
3,761,soul,326.43956043956047,5.389626502990723
3,762,leaves,318.7802197802198,5.971942901611328
3,763,this,322.6923076923077,5.387768745422363
3,764,earth.,316.9010989010989,3.8177504539489746
3,765,It,357.3076923076923,2.64949107170105
3,766,was,336.2857142857143,0.9457780718803406
3,767,her,294.2637362637363,2.288459300994873
3,768,last,289.43956043956047,5.229496479034424
3,769,match,308.010989010989,5.424190044403076
3,770,that,310.34065934065933,3.592818260192871
3,771,the,336.1847826086956,2.1555519104003906
3,772,little,321.57142857142856,1.5549885034561157
3,773,girl,296.1304347826087,0.05218205228447914
3,774,now,284.05494505494505,7.096235752105713
3,775,rubbed,301.4065934065934,9.35850715637207
3,776,on,330.5869565217391,0.34019380807876587
3,777,the,325.75824175824175,0.302926242351532
3,778,wall,324.6777777777778,0.6260991096496582
3,779,and,292.3,2.7579734325408936
3,780,the,290.4347826086956,2.6788766384124756
3,781,light,310.29347826086956,4.7098188400268555
3,782,again,308.9230769230769,6.961757659912109
3,783,shone,317.97777777777776,2.6984145641326904
3,784,round,318.85714285714283,6.413102149963379
3,785,her.,320.3626373626374,1.367960810661316
3,786,Her,333.8901098901099,4.179426670074463
3,787,old,332.010989010989,3.357302665710449
3,788,grandmother,373.5054945054945,0.9270153641700745
3,789,in,329.72222222222223,6.1370530128479
3,790,the,317.45054945054943,1.8137896060943604
3,791,brightness,312.8666666666667,10.465164184570312
3,792,"stood,",329.7912087912088,9.572347640991211
3,793,loving,363.7865168539326,8.900426864624023
3,794,in,350.24175824175825,5.82981014251709
3,795,her,340.5777777777778,1.9810357093811035
3,796,appearance.,380.74725274725273,10.983239650726318
3,797,The,390.4888888888889,1.7505431175231934
3,798,girl,342.94505494505495,1.2254059314727783
3,799,understood,329.3296703296703,6.712333679199219
3,800,her,333.44565217391306,2.748891830444336
3,801,grandmother,330.02222222222224,2.7977066040039062
3,802,would,341.5274725274725,5.813660621643066
3,803,soon,382.5111111111111,4.299767971038818
3,804,"disappear,",346.75,6.049461722373962
3,805,but,354.9555555555556,1.3863414525985718
3,806,she,330.82608695652175,1.017371654510498
3,807,tried,315.7391304347826,6.075748443603516
3,808,to,317.7888888888889,0.4953537583351135
3,809,play,312.07608695652175,5.840067386627197
3,810,for,321.02197802197804,4.767489910125732
3,811,time.,359.81111111111113,3.520676374435425
3,812,"'Grandmother,'",459.86813186813185,12.365028738975525
3,813,cried,444.81111111111113,3.419161081314087
3,814,the,357.8901098901099,0.17954224348068237
3,815,little,330.6263736263736,0.616631805896759
3,816,"one,",304.9010989010989,6.235600531101227
3,817,'O,359.22222222222223,8.55668580532074
3,818,take,355.9230769230769,9.69044303894043
3,819,me,331.84444444444443,3.1367874145507812
3,820,with,297.7362637362637,3.978015184402466
3,821,you!,308.87640449438203,2.9050485007464886
3,822,I,301.35555555555555,1.5993973016738892
3,823,know,333.05494505494505,4.0797929763793945
3,824,you,291.5274725274725,1.1260031461715698
3,825,will,310.4222222222222,2.022433042526245
3,826,go,308.1777777777778,3.6701605319976807
3,827,away,318.46153846153845,2.5888328552246094
3,828,when,328.0,4.028339385986328
3,829,the,311.18888888888887,2.1288437843322754
3,830,match,298.85714285714283,4.73793363571167
3,831,burns,306.0769230769231,4.7086896896362305
3,832,out!',334.14285714285717,4.0455427169799805
3,833,The,329.85393258426967,1.573150873184204
3,834,girl,330.7362637362637,1.3305752277374268
3,835,decided,305.43956043956047,5.580209732055664
3,836,to,324.010989010989,0.8793036341667175
3,837,light,311.0659340659341,8.914165496826172
3,838,the,341.2087912087912,1.173668622970581
3,839,whole,343.94505494505495,6.635015964508057
3,840,bundle,341.8791208791209,8.311234474182129
3,841,of,346.13186813186815,1.3075400590896606
3,842,"matches,",346.5274725274725,2.5186386108398438
3,843,in,335.9230769230769,5.199322700500488
3,844,order,320.35164835164835,1.320427417755127
3,845,to,309.4835164835165,0.18885444104671478
3,846,keep,306.8791208791209,3.1675117015838623
3,847,her,301.94444444444446,1.9085698127746582
3,848,grandmother,321.8666666666667,2.593546152114868
3,849,there.,347.43333333333334,6.377048492431641
3,850,The,332.8791208791209,2.016894817352295
3,851,girl,335.44444444444446,1.9106086492538452
3,852,saw,315.9222222222222,5.083277225494385
3,853,the,300.5,1.3930954933166504
3,854,matches,300.25274725274727,5.1201348304748535
3,855,glowed,327.8901098901099,11.24053430557251
3,856,with,332.05555555555554,3.1537835597991943
3,857,a,329.2197802197802,1.371207356452942
3,858,light,352.1868131868132,2.7632689476013184
3,859,that,319.84444444444443,1.398926019668579
3,860,was,317.9010989010989,2.3769893646240234
3,861,brighter,316.68131868131866,4.526205062866211
3,862,than,329.13186813186815,0.10544102638959885
3,863,the,301.64444444444445,0.7248988747596741
3,864,"day,",298.1868131868132,8.080055236816406
3,865,and,332.2111111111111,0.5949259996414185
3,866,her,315.8241758241758,3.5898597240448
3,867,grandmother,317.3296703296703,1.0046985149383545
3,868,had,322.8333333333333,3.8420801162719727
3,869,never,329.0444444444444,4.10119104385376
3,870,appeared,343.1978021978022,7.659438133239746
3,871,so,322.4175824175824,1.5535094738006592
3,872,large,310.64835164835165,6.067234516143799
3,873,or,318.6923076923077,3.1410622596740723
3,874,so,331.38461538461536,0.7660341858863831
3,875,beautiful,316.6333333333333,2.200043201446533
3,876,as,305.24719101123594,2.0687921047210693
3,877,she,302.010989010989,1.48744535446167
3,878,did,309.8131868131868,1.5168538093566895
3,879,in,297.4945054945055,2.270038604736328
3,880,the,301.5054945054945,0.8346713185310364
3,881,light,290.7362637362637,4.905440807342529
3,882,of,286.2197802197802,0.5573826432228088
3,883,the,276.0879120879121,0.6424567103385925
3,884,little,278.6292134831461,6.167208671569824
3,885,matches.,319.5164835164835,3.3806247115135193
3,886,The,370.2022471910112,1.436824083328247
3,887,grandmother,371.3626373626374,7.021945953369141
3,888,then,323.7032967032967,5.339344024658203
3,889,took,321.3296703296703,3.0207624435424805
3,890,the,314.7142857142857,0.999294638633728
3,891,little,304.2307692307692,1.973476529121399
3,892,girl,287.27472527472526,0.28957056999206543
3,893,in,303.5777777777778,3.7653918266296387
3,894,her,288.3076923076923,0.20856308937072754
3,895,"arms,",286.65934065934067,1.5014749560505152
3,896,and,293.8131868131868,0.9871283173561096
3,897,they,285.5934065934066,3.2744040489196777
3,898,both,287.5934065934066,4.7701616287231445
3,899,flew,295.7362637362637,6.33687686920166
3,900,upwards,306.02197802197804,7.278056621551514
3,901,in,312.1,2.6658358573913574
3,902,brightness,310.8901098901099,10.505396842956543
3,903,and,306.3820224719101,2.3928401470184326
3,904,joy,326.6043956043956,3.65659499168396
3,905,far,304.4945054945055,9.683834075927734
3,906,above,305.0989010989011,2.146888017654419
3,907,the,304.3068181818182,0.3857688009738922
3,908,"earth,",314.5934065934066,5.295776128768921
3,909,where,314.3888888888889,3.1551997661590576
3,910,there,313.9888888888889,3.237560749053955
3,911,was,306.25555555555553,0.5309951305389404
3,912,neither,296.24175824175825,5.605231761932373
3,913,cold,301.6373626373626,4.794750213623047
3,914,nor,297.1,0.037441499531269073
3,915,"hunger,",299.9887640449438,7.588620662689209
3,916,and,328.1666666666667,1.4195865392684937
3,917,the,293.3736263736264,1.863640546798706
3,918,little,289.14285714285717,2.101027488708496
3,919,girl,288.0,0.11934340745210648
3,920,felt,293.35555555555555,3.4476847648620605
3,921,safe,303.9230769230769,4.602856636047363
3,922,and,298.5164835164835,1.351784110069275
3,923,peaceful.,314.97802197802196,5.840526759624481
3,924,In,329.4,4.022778034210205
3,925,the,303.0879120879121,0.9972896575927734
3,926,dawn,285.72527472527474,6.926891326904297
3,927,of,286.967032967033,1.6191445589065552
3,928,the,287.27472527472526,0.37963438034057617
3,929,morning,273.4222222222222,3.0862786769866943
3,930,there,289.3296703296703,4.012070655822754
3,931,lay,311.46153846153845,4.771079063415527
3,932,the,317.94505494505495,1.8745830059051514
3,933,poor,339.18888888888887,5.99363899230957
3,934,little,305.3370786516854,0.7260593771934509
3,935,"one,",323.8666666666667,6.939254403114319
3,936,not,314.19101123595505,5.513444900512695
3,937,"frowning,",394.7802197802198,14.407042868784629
3,938,but,365.44565217391306,0.6248018741607666
3,939,smiling,335.53846153846155,2.4524831771850586
3,940,and,323.2967032967033,1.9585587978363037
3,941,with,305.15384615384613,5.666756629943848
3,942,a,303.6521739130435,1.0112236738204956
3,943,pale,313.4945054945055,6.153243541717529
3,944,face,333.46666666666664,1.0647286176681519
3,945,leaning,323.1333333333333,10.488892555236816
3,946,against,338.04395604395603,1.9013839960098267
3,947,the,313.967032967033,0.3191618025302887
3,948,"wall,",318.1222222222222,3.8505033254623413
3,949,frozen,325.0659340659341,9.175920486450195
3,950,and,325.5054945054945,2.6303093433380127
3,951,stone,332.010989010989,8.938361167907715
3,952,dead.,436.34065934065933,7.4186089634895325
3,953,'She,412.06666666666666,7.107603549957275
3,954,tried,384.72527472527474,7.86690092086792
3,955,to,356.65934065934067,0.5923432111740112
3,956,warm,329.6703296703297,6.342625141143799
3,957,"herself,'",338.72527472527474,3.6356136798858643
3,958,said,363.1098901098901,0.9145689010620117
3,959,some.,356.42857142857144,12.936460494995117
3,960,Children,441.9340659340659,8.377718925476074
3,961,who,430.0,3.784447431564331
3,962,saw,346.2967032967033,5.1109418869018555
3,963,her,322.7802197802198,4.317588806152344
3,964,were,344.4111111111111,3.4290833473205566
3,965,asking,378.3956043956044,8.90717887878418
3,966,their,356.5444444444444,4.218925476074219
3,967,parents,323.0989010989011,1.6085224151611328
3,968,why,324.0444444444444,3.2639737129211426
3,969,no,307.5111111111111,5.99553918838501
3,970,one,306.4835164835165,0.3109670877456665
3,971,helped,299.84444444444443,6.4008612632751465
3,972,the,334.6043956043956,3.604458808898926
3,973,girl,315.4945054945055,1.855721116065979
3,974,who,323.1222222222222,4.3887248039245605
3,975,they,312.16483516483515,5.28924560546875
3,976,knew,333.3888888888889,1.8516318798065186
3,977,looked,352.5164835164835,6.187221527099609
3,978,dirt,338.43333333333334,13.645245552062988
3,979,poor,368.2857142857143,2.3090550899505615
3,980,and,332.0769230769231,1.734696388244629
3,981,helpless.,317.85714285714283,5.174947500228882
3,982,Passersby,451.53333333333336,15.59097933769226
3,983,who,404.14285714285717,4.430771827697754
3,984,saw,337.6923076923077,1.234669804573059
3,985,her,321.9222222222222,0.5833228230476379
3,986,sitting,331.47777777777776,7.336702346801758
3,987,motionless,362.75824175824175,7.487473267130554
3,988,wished,364.3296703296703,9.621822357177734
3,989,they,345.0659340659341,1.663746953010559
3,990,could,322.7802197802198,0.932523250579834
3,991,have,317.77777777777777,2.3453192710876465
3,992,helped,311.1758241758242,2.716801643371582
3,993,the,305.16483516483515,2.6408302783966064
3,994,"girl,",330.56043956043953,2.9501503705978394
3,995,but,343.94505494505495,0.829894483089447
3,996,their,300.6703296703297,3.5806281566619873
3,997,good,307.5934065934066,5.77283239364624
3,998,intentions,320.8241758241758,2.405055522918701
3,999,were,321.72527472527474,0.8069786429405212
3,1000,a,311.4065934065934,5.6589460372924805
3,1001,day,300.3736263736264,7.514569282531738
3,1002,late,303.15384615384613,2.2992374897003174
3,1003,and,302.0989010989011,2.464409828186035
3,1004,a,301.1758241758242,4.458183765411377
3,1005,dollar,304.4945054945055,8.467601776123047
3,1006,short.,315.0659340659341,2.9570711255073547
3,1007,Other,339.94505494505495,7.501709938049316
3,1008,people,327.7142857142857,1.6158534288406372
3,1009,suspected,330.72527472527474,7.899572849273682
3,1010,the,317.8777777777778,1.4358104467391968
3,1011,girl,302.95604395604397,0.904549777507782
3,1012,had,292.5444444444444,2.724839687347412
3,1013,fallen,313.5274725274725,4.622358798980713
3,1014,asleep,312.4888888888889,1.974969506263733
3,1015,and,308.4157303370786,2.373567581176758
3,1016,"frozen,",298.1847826086956,11.980988025665283
3,1017,but,330.0978260869565,0.899090051651001
3,1018,no,323.4891304347826,3.0961709022521973
3,1019,one,312.8152173913044,0.0620526559650898
3,1020,imagined,327.9347826086956,8.754310607910156
3,1021,what,317.4130434782609,3.617910861968994
3,1022,beautiful,321.9891304347826,8.387640953063965
3,1023,things,331.6559139784946,2.0023138523101807
3,1024,she,337.3010752688172,1.6436302661895752
3,1025,had,327.23655913978496,1.698698878288269
3,1026,"seen,",302.7204301075269,4.407860040664673
3,1027,nor,321.83870967741933,3.6154136657714844
3,1028,into,319.18279569892474,10.1654691696167
3,1029,what,318.4301075268817,1.7164629697799683
3,1030,glory,335.60869565217394,7.970829963684082
3,1031,she,321.6989247311828,0.6795579791069031
3,1032,had,316.36559139784947,0.7403141856193542
3,1033,entered,306.20212765957444,5.475948810577393
3,1034,with,313.0425531914894,5.40800142288208
3,1035,her,325.24468085106383,1.3268699645996094
3,1036,"grandmother,",329.6063829787234,6.185561180114746
3,1037,on,357.1170212765957,6.235068321228027
3,1038,New,377.70212765957444,4.378066062927246
3,1039,Year's,378.17894736842106,0.08213076833635569
3,1040,day.,495.258064516129,2.454564392566681
4,2,upon,363.84615384615387,8.053285598754883
4,3,a,335.2608695652174,0.9378463625907898
4,4,time,336.7282608695652,1.7336760759353638
4,5,the,339.29347826086956,2.7396395206451416
4,6,birds,337.2857142857143,8.135297775268555
4,7,took,334.2,5.040079116821289
4,8,it,340.97802197802196,4.600020408630371
4,9,into,335.5054945054945,4.179254055023193
4,10,their,336.39325842696627,0.27057695388793945
4,11,heads,362.0,2.74430251121521
4,12,that,349.8666666666667,1.0732076168060303
4,13,they,334.84090909090907,1.8801026344299316
4,14,would,334.8021978021978,2.411614179611206
4,15,like,333.05494505494505,4.606939315795898
4,16,a,322.46153846153845,3.2287962436676025
4,17,"master,",329.6818181818182,10.66991901397705
4,18,and,378.989010989011,1.422290563583374
4,19,that,336.2087912087912,2.372180223464966
4,20,one,331.23333333333335,4.728668212890625
4,21,of,322.3,1.861877202987671
4,22,their,314.65555555555557,2.837646245956421
4,23,number,330.18888888888887,6.722559928894043
4,24,must,389.3333333333333,4.33525276184082
4,25,be,366.8863636363636,1.025264859199524
4,26,chosen,368.73333333333335,3.53254771232605
4,27,king.,406.5632183908046,9.03598177433014
4,28,A,484.69662921348316,4.698144435882568
4,29,meeting,421.4943820224719,6.858222961425781
4,30,of,345.9550561797753,1.3508533239364624
4,31,all,341.2134831460674,2.723865032196045
4,32,the,321.6931818181818,1.1213150024414062
4,33,birds,317.02247191011236,3.301553249359131
4,34,was,344.52272727272725,1.5370069742202759
4,35,called,327.0112359550562,2.28604793548584
4,36,and,325.1573033707865,3.025319814682007
4,37,though,338.4318181818182,8.544550895690918
4,38,they,366.1123595505618,1.8185054063796997
4,39,understood,357.4942528735632,7.573370933532715
4,40,the,359.5113636363636,1.9210082292556763
4,41,birds,340.7586206896552,7.549450874328613
4,42,who,373.89772727272725,6.834839820861816
4,43,were,354.4942528735632,1.2025827169418335
4,44,from,375.03409090909093,7.404731750488281
4,45,the,378.64772727272725,1.221047282218933
4,46,most,347.85227272727275,6.654933929443359
4,47,distant,362.45454545454544,2.497159242630005
4,48,lands,349.5681818181818,2.1185758113861084
4,49,would,357.8863636363636,5.145044803619385
4,50,be,352.735632183908,1.895621418952942
4,51,unable,373.84090909090907,6.287925720214844
4,52,to,350.89772727272725,0.03713015094399452
4,53,"come,",395.22727272727275,5.200012683868408
4,54,many,455.40909090909093,5.404271125793457
4,55,birds,359.95454545454544,5.195984840393066
4,56,came,338.5402298850575,2.778104543685913
4,57,from,340.7471264367816,3.1282942295074463
4,58,faraway,352.09090909090907,7.080608606338501
4,59,meadows,390.47727272727275,10.195342004299164
4,60,and,378.7816091954023,1.0183525085449219
4,61,woods.,384.15909090909093,6.53476357460022
4,62,The,404.28735632183907,2.385227680206299
4,63,"eagle,",370.2613636363636,9.512877941131592
4,64,who,359.75,2.546985149383545
4,65,already,359.04545454545456,7.73756217956543
4,66,thought,337.9886363636364,5.971898555755615
4,67,himself,375.71590909090907,3.004631519317627
4,68,the,366.0568181818182,2.732013702392578
4,69,de,374.54545454545456,7.130247116088867
4,70,facto,442.5232558139535,4.024672031402588
4,71,"king,",459.27272727272725,1.45950847864151
4,72,arrived,415.2134831460674,5.693597316741943
4,73,fashionably,410.46590909090907,15.124815866351128
4,74,late.,429.89772727272725,4.382189750671387
4,75,It,404.0681818181818,3.5980234146118164
4,76,was,343.98850574712645,0.6227869987487793
4,77,a,357.02298850574715,2.3974084854125977
4,78,hawk,379.1931818181818,7.621674537658691
4,79,who,356.25,2.663867473602295
4,80,was,329.39772727272725,2.1829581260681152
4,81,most,325.125,5.4747314453125
4,82,excited,384.77272727272725,4.753361701965332
4,83,about,347.21590909090907,2.0082805156707764
4,84,the,323.59090909090907,1.1385469436645508
4,85,"meeting,",342.89772727272725,4.096255540847778
4,86,because,418.52272727272725,4.2435760498046875
4,87,he,337.8636363636364,0.9028596878051758
4,88,was,319.35632183908046,1.7541749477386475
4,89,the,313.21590909090907,2.8888025283813477
4,90,dark,321.9310344827586,10.210260391235352
4,91,horse,345.04545454545456,4.08013916015625
4,92,for,364.0681818181818,3.904045581817627
4,93,king.,422.40909090909093,5.61113041639328
4,94,The,506.59090909090907,2.042966365814209
4,95,small,420.77272727272725,6.977012634277344
4,96,fry,384.75,7.658990859985352
4,97,came,379.3863636363636,4.065967559814453
4,98,"too,",371.59090909090907,6.862853765487671
4,99,and,401.4022988505747,1.3772066831588745
4,100,the,355.15909090909093,1.7615442276000977
4,101,"robin,",379.65909090909093,9.499697223305702
4,102,the,372.15909090909093,2.2673254013061523
4,103,"bluebird,",418.625,8.783726513385773
4,104,the,374.14942528735634,0.7407336831092834
4,105,"owl,",360.57954545454544,5.758434921503067
4,106,the,366.95454545454544,0.5705907344818115
4,107,"lark,",358.39772727272725,8.311743050813675
4,108,and,367.7613636363636,1.391893744468689
4,109,the,370.04545454545456,0.4797624945640564
4,110,"sparrow,",362.8068181818182,7.134204966947436
4,111,who,362.82954545454544,2.190126657485962
4,112,had,362.9080459770115,1.9144654273986816
4,113,only,340.7931034482759,4.700840950012207
4,114,a,323.9655172413793,2.2034640312194824
4,115,chance,340.3636363636364,5.491016387939453
4,116,in,341.20454545454544,3.590291976928711
4,117,a,316.72727272727275,2.765252113342285
4,118,million,360.3181818181818,6.839704513549805
4,119,to,346.2386363636364,2.018634796142578
4,120,be,347.32183908045977,2.468330144882202
4,121,"king,",370.9310344827586,1.6538710296154022
4,122,were,386.5232558139535,1.6614662408828735
4,123,all,367.40909090909093,0.8662213087081909
4,124,present,347.735632183908,3.6241366863250732
4,125,at,368.41379310344826,2.9246721267700195
4,126,the,305.60227272727275,0.3035959303379059
4,127,meeting.,332.13483146067415,1.4807333648204803
4,128,The,358.5,1.7359719276428223
4,129,"cuckoo,",441.96590909090907,9.777832452207804
4,130,who,409.14772727272725,1.4495272636413574
4,131,was,365.67045454545456,1.0684243440628052
4,132,almost,333.54545454545456,4.933859825134277
4,133,not,342.6818181818182,6.473417282104492
4,134,invited,349.5977011494253,5.0692138671875
4,135,because,393.2386363636364,4.958304405212402
4,136,his,355.82954545454544,3.172536849975586
4,137,call,336.82954545454544,7.68990421295166
4,138,so,365.0344827586207,7.193406581878662
4,139,annoyed,439.9318181818182,5.859126091003418
4,140,the,377.0568181818182,0.565131425857544
4,141,other,371.64772727272725,3.9848971366882324
4,142,"birds,",364.3068181818182,0.514215886592865
4,143,came,364.3068181818182,1.9453487396240234
4,144,too.,353.2068965517241,4.022178053855896
4,145,It,402.6931818181818,2.9642820358276367
4,146,was,367.60227272727275,0.2503853142261505
4,147,the,324.625,1.7810404300689697
4,148,very,342.21590909090907,5.282589912414551
4,149,little,337.46590909090907,5.032377243041992
4,150,bird,322.20454545454544,1.2900720834732056
4,151,who,330.96590909090907,1.6216851472854614
4,152,had,349.78409090909093,1.9116237163543701
4,153,no,321.25,4.859194278717041
4,154,name,335.1136363636364,4.718189716339111
4,155,at,358.4942528735632,3.8549091815948486
4,156,"all,",352.60227272727275,1.1914767920970917
4,157,"however,",402.16279069767444,7.74279260635376
4,158,that,383.5,1.997593641281128
4,159,would,345.78409090909093,4.273956298828125
4,160,end,346.03409090909093,6.150513648986816
4,161,up,345.3636363636364,2.1820929050445557
4,162,overturning,388.82954545454544,12.194970361655578
4,163,the,376.8863636363636,0.531691312789917
4,164,balance,396.89772727272725,5.193356513977051
4,165,of,348.4431818181818,0.6404089331626892
4,166,power,332.85057471264366,0.5215190052986145
4,167,among,355.0568181818182,4.156046390533447
4,168,the,339.0,0.5321739315986633
4,169,birds.,353.81609195402297,1.362710177898407
4,170,That,373.86206896551727,5.1753034591674805
4,171,there,392.8863636363636,6.907382488250732
4,172,would,354.6136363636364,2.463550329208374
4,173,be,347.6931818181818,0.2207832932472229
4,174,great,355.13793103448273,6.064937591552734
4,175,confusion,424.4022988505747,3.340411424636841
4,176,and,391.632183908046,2.1891865730285645
4,177,noise,352.6136363636364,7.832271575927734
4,178,among,364.5977011494253,3.0661864280700684
4,179,the,362.77272727272725,0.4196796715259552
4,180,birds,343.02298850574715,0.598898708820343
4,181,at,336.97727272727275,3.9557690620422363
4,182,the,324.0568181818182,0.750677764415741
4,183,meeting,348.4318181818182,0.8225390315055847
4,184,was,348.13793103448273,1.1997729539871216
4,185,to,344.81609195402297,4.9147491455078125
4,186,be,326.4597701149425,0.4100289046764374
4,187,"expected,",356.5402298850575,1.6832887828350067
4,188,given,389.7386363636364,5.641417026519775
4,189,the,366.1363636363636,0.9489641189575195
4,190,sheer,343.39772727272725,7.0100250244140625
4,191,numbers,344.17045454545456,3.5611484050750732
4,192,of,351.90909090909093,0.6724305748939514
4,193,birds,333.5,1.9000232219696045
4,194,that,326.65909090909093,2.6704328060150146
4,195,have,375.4367816091954,6.278347969055176
4,196,gathered.,356.8045977011494,6.238057851791382
4,197,There,414.32183908045977,3.8701529502868652
4,198,was,377.25581395348837,1.0953032970428467
4,199,"piping,",402.08045977011494,16.409218311309814
4,200,"hissing,",488.95454545454544,8.62220261991024
4,201,and,412.42045454545456,0.7971346974372864
4,202,"clacking,",398.01162790697674,9.263617992401123
4,203,but,433.95454545454544,2.958155870437622
4,204,finally,383.9431818181818,8.026188850402832
4,205,it,346.0568181818182,2.9714627265930176
4,206,was,313.7386363636364,0.4815189242362976
4,207,decided,366.9431818181818,5.252779960632324
4,208,that,367.8863636363636,0.6275771260261536
4,209,the,318.91954022988506,1.0823849439620972
4,210,bird,338.15909090909093,3.0351688861846924
4,211,that,368.2413793103448,3.158785820007324
4,212,could,331.97701149425285,4.4421868324279785
4,213,fly,370.9655172413793,5.5737996101379395
4,214,the,360.81609195402297,4.336554527282715
4,215,highest,362.11494252873564,5.799666404724121
4,216,should,347.42045454545456,3.2244865894317627
4,217,be,333.3181818181818,0.9847583174705505
4,218,king.,353.85227272727275,2.9246623814105988
4,219,The,385.2386363636364,1.4665324687957764
4,220,little,371.1818181818182,4.410299301147461
4,221,bird,331.41379310344826,0.7070339322090149
4,222,lay,352.07954545454544,6.942475318908691
4,223,low,358.15909090909093,3.7003767490386963
4,224,near,365.625,6.472883224487305
4,225,the,353.0813953488372,0.3365669846534729
4,226,eagle,382.94117647058823,4.93718147277832
4,227,at,407.9425287356322,4.760622978210449
4,228,"first,",382.97701149425285,3.3834559619426727
4,229,but,395.2413793103448,0.8921813368797302
4,230,the,358.17241379310343,2.1060006618499756
4,231,eagle,352.6136363636364,2.4069037437438965
4,232,did,367.72727272727275,4.0979204177856445
4,233,not,340.8965517241379,0.16589215397834778
4,234,notice,371.60919540229884,4.497076988220215
4,235,the,357.3863636363636,2.0268616676330566
4,236,bird,374.47727272727275,2.9073081016540527
4,237,hopping,390.5113636363636,10.436883926391602
4,238,onto,386.625,5.76674747467041
4,239,his,376.57954545454544,1.9996070861816406
4,240,back,389.13793103448273,0.7384541034698486
4,241,right,408.64772727272725,8.50448226928711
4,242,as,383.32183908045977,3.2301130294799805
4,243,the,363.6136363636364,2.0560202598571777
4,244,competition,394.8390804597701,9.789800643920898
4,245,was,377.17241379310343,1.7394009828567505
4,246,about,356.875,2.061711072921753
4,247,to,366.13793103448273,0.007010149769484997
4,248,commence.,449.95348837209303,2.4789276123046875
4,249,Into,387.8953488372093,10.636130332946777
4,250,the,371.28735632183907,0.450203537940979
4,251,air,322.13793103448273,4.108881950378418
4,252,in,338.82758620689657,4.85203742980957
4,253,a,356.8181818181818,1.503096103668213
4,254,great,349.54545454545456,4.359057426452637
4,255,flock,348.79545454545456,4.9767255783081055
4,256,all,336.09090909090907,5.352141380310059
4,257,the,326.1764705882353,0.9415412545204163
4,258,birds,328.0919540229885,0.43921318650245667
4,259,flew,336.3953488372093,3.6152148246765137
4,260,when,342.2413793103448,7.165273666381836
4,261,the,329.7931034482759,0.6726181507110596
4,262,signal,346.2528735632184,8.048518180847168
4,263,was,336.8390804597701,1.020799994468689
4,264,given.,348.47727272727275,1.2913159132003784
4,265,The,364.54545454545456,1.2030264139175415
4,266,air,355.8636363636364,6.835894584655762
4,267,was,328.25,0.9313910603523254
4,268,full,341.4318181818182,2.6148433685302734
4,269,of,330.08045977011494,0.17435488104820251
4,270,"dust,",303.9431818181818,6.640119791030884
4,271,and,328.2325581395349,0.9613463878631592
4,272,it,357.0574712643678,3.310865879058838
4,273,seemed,316.93023255813955,2.732050895690918
4,274,as,324.64772727272725,1.475842833518982
4,275,if,330.95454545454544,0.5502704381942749
4,276,a,324.51724137931035,2.7295761108398438
4,277,black,324.85227272727275,5.300076484680176
4,278,cloud,373.4651162790698,1.1760194301605225
4,279,were,350.95454545454544,3.588862419128418
4,280,floating,387.3863636363636,5.210602760314941
4,281,over,346.45454545454544,1.4781417846679688
4,282,the,307.44827586206895,0.504072368144989
4,283,field.,370.06976744186045,4.9026519656181335
4,284,You,379.8837209302326,7.462758541107178
4,285,could,331.5402298850575,0.6440321207046509
4,286,hear,348.72727272727275,1.2960165739059448
4,287,the,322.8735632183908,0.6777042746543884
4,288,birds,303.8965517241379,1.8827440738677979
4,289,chirping,320.367816091954,5.15821035951376
4,290,and,345.52272727272725,1.6153167486190796
4,291,flapping,316.1511627906977,4.701548397541046
4,292,from,335.11494252873564,4.848690509796143
4,293,fields,316.3333333333333,9.28581714630127
4,294,that,347.5,3.051212787628174
4,295,were,324.264367816092,0.7936962246894836
4,296,miles,327.98850574712645,5.695559501647949
4,297,away.,363.2988505747126,1.365312933921814
4,298,The,347.6896551724138,1.3590368032455444
4,299,little,328.0919540229885,3.2559568881988525
4,300,birds,361.72727272727275,3.3812520503997803
4,301,that,327.58620689655174,4.950243949890137
4,302,soon,333.7093023255814,7.90888786315918
4,303,grew,348.8735632183908,5.159542560577393
4,304,tired,339.32183908045977,2.9724535942077637
4,305,fell,351.6896551724138,6.614461898803711
4,306,back,348.18390804597703,2.394278049468994
4,307,quickly,352.6860465116279,5.875980377197266
4,308,to,326.0,1.7652500867843628
4,309,earth.,335.5882352941176,6.619571566581726
4,310,The,359.2413793103448,1.3487522602081299
4,311,fact,344.37931034482756,7.566699504852295
4,312,that,326.2068965517241,0.10321098566055298
4,313,the,311.4431818181818,1.2799607515335083
4,314,larger,343.5,7.893667221069336
4,315,ones,326.04651162790697,2.551612377166748
4,316,held,334.39080459770116,6.959425449371338
4,317,out,337.6666666666667,2.7231273651123047
4,318,"longer,",329.4712643678161,7.863131046295166
4,319,and,339.17045454545456,1.3412632942199707
4,320,flew,343.2386363636364,5.317716598510742
4,321,higher,341.9186046511628,3.286073923110962
4,322,and,338.8965517241379,2.964021921157837
4,323,"higher,",328.8965517241379,0.6635692566633224
4,324,but,353.48275862068965,4.960931301116943
4,325,the,320.7613636363636,1.6288785934448242
4,326,eagle,354.0681818181818,4.446704864501953
4,327,flew,352.2413793103448,4.851616382598877
4,328,highest,349.86206896551727,10.021721839904785
4,329,of,337.0113636363636,6.110475540161133
4,330,"any,",384.34090909090907,10.232335090637207
4,331,surprised,391.7613636363636,6.327875137329102
4,332,no,380.90909090909093,3.366739273071289
4,333,one.,404.28409090909093,0.8683310523629189
4,334,Could,430.0581395348837,8.93270206451416
4,335,anyone,377.24418604651163,4.497404098510742
4,336,stop,401.2988505747126,5.8540849685668945
4,337,the,340.4886363636364,1.0588878393173218
4,338,eagle,313.0568181818182,2.903348684310913
4,339,that,345.7701149425287,4.105278015136719
4,340,seemed,323.5,4.403244495391846
4,341,to,315.7386363636364,0.2869632840156555
4,342,be,306.1264367816092,0.808542013168335
4,343,flying,314.9425287356322,3.979766845703125
4,344,straight,327.44827586206895,5.928549766540527
4,345,into,336.7674418604651,3.149263381958008
4,346,the,319.5287356321839,0.27636128664016724
4,347,sun?,360.17045454545456,7.416165232658386
4,348,The,367.85057471264366,1.5441380739212036
4,349,other,336.88505747126436,4.8304901123046875
4,350,birds,368.17045454545456,0.2561912536621094
4,351,gave,313.1931818181818,5.810754776000977
4,352,out,325.07954545454544,3.932626724243164
4,353,one,339.85227272727275,5.707391738891602
4,354,by,332.8636363636364,4.369566917419434
4,355,one,329.625,0.0014692475087940693
4,356,and,320.29545454545456,2.5754926204681396
4,357,when,316.40909090909093,6.292995452880859
4,358,the,317.6363636363636,0.862755537033081
4,359,eagle,321.42045454545456,2.163827419281006
4,360,saw,328.1136363636364,3.8924474716186523
4,361,this,315.8636363636364,4.543108940124512
4,362,he,328.54545454545456,2.1614503860473633
4,363,"thought,",354.01149425287355,7.605311632156372
4,364,'What,350.35227272727275,5.156157970428467
4,365,is,325.37931034482756,2.0811843872070312
4,366,the,313.47727272727275,2.570298433303833
4,367,use,304.95454545454544,5.416730880737305
4,368,of,315.5568181818182,0.23340725898742676
4,369,flying,323.875,2.2828855514526367
4,370,any,331.04545454545456,5.50831413269043
4,371,higher?,345.8390804597701,3.301143527030945
4,372,This,386.35227272727275,3.4759111404418945
4,373,victory,358.4318181818182,10.413933753967285
4,374,is,346.52272727272725,1.0812512636184692
4,375,in,333.79545454545456,4.131448268890381
4,376,the,314.41379310344826,2.047691822052002
4,377,bag,318.5681818181818,6.823938369750977
4,378,and,328.10227272727275,3.862894058227539
4,379,I,312.29545454545456,2.0588128566741943
4,380,am,326.60227272727275,1.7743587493896484
4,381,king!',335.71590909090907,6.853834748268127
4,382,Then,373.10227272727275,3.4616503715515137
4,383,the,350.0689655172414,1.0544523000717163
4,384,birds,343.7386363636364,2.4792463779449463
4,385,below,344.8636363636364,9.195085525512695
4,386,called,365.09090909090907,4.6964569091796875
4,387,with,353.8636363636364,6.058891296386719
4,388,one,323.17045454545456,3.3522093296051025
4,389,"accord,",358.7386363636364,5.537138223648071
4,390,'Come,403.59090909090907,4.586855173110962
4,391,"back,",352.1818181818182,5.660388231277466
4,392,come,348.375,1.9781118631362915
4,393,back!,336.9318181818182,2.8416441828012466
4,394,It,347.2613636363636,4.033538818359375
4,395,is,328.71590909090907,0.5019094347953796
4,396,you,308.0568181818182,3.650047540664673
4,397,who,311.6818181818182,1.2225513458251953
4,398,must,305.95454545454544,4.105786323547363
4,399,be,303.82954545454544,1.8649410009384155
4,400,our,302.07954545454544,5.139130592346191
4,401,king,312.85227272727275,0.8407310247421265
4,402,because,340.92045454545456,6.8221001625061035
4,403,no,307.04545454545456,4.741090774536133
4,404,one,319.45454545454544,0.4420568346977234
4,405,can,300.5402298850575,1.4031964540481567
4,406,fly,306.4651162790698,3.460092544555664
4,407,as,289.2386363636364,4.831912517547607
4,408,high,309.6136363636364,0.48385652899742126
4,409,as,299.8488372093023,0.25798535346984863
4,410,you.',324.01149425287355,1.9673099517822266
4,411,'Except,377.9310344827586,13.635756492614746
4,412,me!',429.15909090909093,6.247803211212158
4,413,cried,406.59090909090907,2.9651193618774414
4,414,a,343.5113636363636,3.578076124191284
4,415,"shrill,",337.7325581395349,13.773364871740341
4,416,shrill,378.4942528735632,5.815670739859343
4,417,"voice,",387.0348837209302,2.3929320573806763
4,418,and,361.1931818181818,1.449537754058838
4,419,out,331.82954545454544,7.107129096984863
4,420,of,312.0,0.6825796961784363
4,421,the,308.7241379310345,0.6604161262512207
4,422,blue,303.82758620689657,3.1121625900268555
4,423,the,335.42045454545456,1.593039870262146
4,424,little,356.8636363636364,3.336402416229248
4,425,bird,326.3488372093023,0.49395912885665894
4,426,without,350.5529411764706,8.703181266784668
4,427,a,357.8720930232558,1.321873664855957
4,428,name,338.18390804597703,0.9775171875953674
4,429,rose,352.1034482758621,3.952115774154663
4,430,from,372.18390804597703,2.051941394805908
4,431,the,321.04597701149424,0.6143784523010254
4,432,eagle's,341.6551724137931,8.47640061378479
4,433,"back,",362.1136363636364,4.615552663803101
4,434,where,359.79545454545456,5.312007427215576
4,435,he,374.5113636363636,1.7223825454711914
4,436,had,322.7241379310345,1.0470279455184937
4,437,lain,341.35632183908046,7.486605495214462
4,438,hidden,362.3333333333333,5.466055870056152
4,439,in,351.95348837209303,2.2911601066589355
4,440,the,341.5402298850575,0.6307282447814941
4,441,feathers.,340.5977011494253,8.209711790084839
4,442,His,365.28409090909093,4.290811538696289
4,443,guile,366.75,12.136584162712097
4,444,was,392.80898876404495,1.586898922920227
4,445,the,355.46067415730334,4.457352161407471
4,446,ace,326.39080459770116,9.967180252075195
4,447,up,372.1931818181818,5.506653308868408
4,448,his,368.8181818181818,1.41698157787323
4,449,"sleeve,",389.91954022988506,1.4209500029683113
4,450,and,421.67816091954023,0.6178402900695801
4,451,he,359.5057471264368,0.8863242864608765
4,452,laughed,373.85057471264366,6.285056114196777
4,453,to,339.13793103448273,4.029483318328857
4,454,himself,351.2413793103448,0.06158636137843132
4,455,at,361.21590909090907,3.825443983078003
4,456,how,323.5113636363636,3.1532604694366455
4,457,easy,326.5581395348837,4.35476016998291
4,458,it,313.4318181818182,0.4056451916694641
4,459,had,300.57954545454544,2.923722267150879
4,460,been,312.7816091954023,0.24656488001346588
4,461,to,306.04597701149424,0.7833108901977539
4,462,outwit,319.7586206896552,10.15847373008728
4,463,the,331.85057471264366,0.9053680896759033
4,464,other,328.04651162790697,2.2680840492248535
4,465,birds.,311.3636363636364,0.7693205028772354
4,466,Higher,358.89772727272725,10.547098159790039
4,467,and,329.2386363636364,2.52091646194458
4,468,higher,317.78409090909093,0.10123907774686813
4,469,he,319.42045454545456,2.399050712585449
4,470,"mounted,",323.7701149425287,9.608902335166931
4,471,until,384.2068965517241,5.113875389099121
4,472,he,345.4367816091954,0.9635331630706787
4,473,was,349.4712643678161,1.4942678213119507
4,474,lost,315.65909090909093,7.053483963012695
4,475,to,320.47727272727275,3.26956844329834
4,476,"sight,",323.2386363636364,5.526371955871582
4,477,and,344.7613636363636,0.7875238656997681
4,478,then,327.46590909090907,2.004910945892334
4,479,folding,352.32183908045977,13.357271194458008
4,480,his,359.0681818181818,0.6364421844482422
4,481,wings,352.41379310344826,1.7748193740844727
4,482,"together,",353.7471264367816,8.033248662948608
4,483,he,367.51724137931035,0.6628443002700806
4,484,sank,346.9655172413793,7.662007808685303
4,485,to,348.0689655172414,2.106635570526123
4,486,earth,345.01149425287355,3.165210247039795
4,487,crying,360.6363636363636,8.960901260375977
4,488,"shrilly,",387.09090909090907,13.600758373737335
4,489,'I,356.78409090909093,2.6332088112831116
4,490,am,324.53409090909093,1.2089402675628662
4,491,"king,",318.6136363636364,2.439808487892151
4,492,I,330.14942528735634,1.1087353229522705
4,493,am,314.3181818181818,0.10111130028963089
4,494,king!',311.8181818181818,1.4830359816551208
4,495,The,342.67045454545456,1.6294125318527222
4,496,eagle,335.1136363636364,2.470911979675293
4,497,tricked,331.875,11.942595481872559
4,498,by,377.0113636363636,6.325742244720459
4,499,the,357.8181818181818,1.1486713886260986
4,500,little,344.2068965517241,3.205005168914795
4,501,bird,300.86206896551727,0.20930589735507965
4,502,had,316.10227272727275,3.8281874656677246
4,503,not,306.5681818181818,3.3571829795837402
4,504,sensed,313.3636363636364,8.00752067565918
4,505,the,319.8735632183908,1.251878261566162
4,506,bird,343.7931034482759,3.668851375579834
4,507,in,325.9425287356322,3.7497611045837402
4,508,his,313.6931818181818,1.7124570608139038
4,509,feathers,311.82954545454544,3.8942971229553223
4,510,and,337.09090909090907,2.566408157348633
4,511,so,334.0568181818182,4.17749547958374
4,512,had,323.82954545454544,3.008760929107666
4,513,not,331.6931818181818,2.476264715194702
4,514,at,324.9655172413793,6.770432949066162
4,515,all,317.9318181818182,1.204733967781067
4,516,expected,315.59302325581393,2.8093385696411133
4,517,the,319.2298850574713,1.8694289922714233
4,518,bird,343.60919540229884,1.9186489582061768
4,519,to,348.3103448275862,0.2559833526611328
4,520,come,304.0348837209302,2.760854482650757
4,521,flying,357.9431818181818,3.844844341278076
4,522,out,321.7931034482759,3.8537204265594482
4,523,like,315.3863636363636,5.407133102416992
4,524,that.,330.5057471264368,2.3520209193229675
4,525,The,393.64367816091954,1.4743417501449585
4,526,birds,332.367816091954,2.8927032947540283
4,527,back,324.01149425287355,8.00168228149414
4,528,on,317.75581395348837,2.6229476928710938
4,529,earth,348.8965517241379,0.9609986543655396
4,530,were,336.41379310344826,2.101740598678589
4,531,all,307.5113636363636,3.654057264328003
4,532,up,315.42045454545456,5.503561496734619
4,533,in,325.96629213483146,1.4404735565185547
4,534,arms.,351.5232558139535,4.369349360466003
4,535,"'You,",359.0681818181818,11.062258005142212
4,536,and,336.98850574712645,5.258584976196289
4,537,not,354.46590909090907,4.981689453125
4,538,the,381.6666666666667,2.0465199947357178
4,539,"eagle,",390.9080459770115,4.367541790008545
4,540,our,431.735632183908,7.163569450378418
4,541,king?',413.28409090909093,5.62470269203186
4,542,the,435.3333333333333,2.536893844604492
4,543,birds,384.0,4.089706897735596
4,544,"cried,",339.78409090909093,3.798512578010559
4,545,fuming,370.67045454545456,8.797691285610199
4,546,with,365.04545454545456,3.7714734077453613
4,547,anger.,348.2093023255814,2.823167383670807
4,548,'You,365.95402298850576,2.5799667835235596
4,549,have,367.735632183908,2.3279736042022705
4,550,done,360.17241379310343,3.4474892616271973
4,551,this,340.71264367816093,2.741062879562378
4,552,by,321.2068965517241,4.305272102355957
4,553,breaking,341.54545454545456,5.110503196716309
4,554,every,352.8837209302326,6.403552055358887
4,555,rule,338.3103448275862,0.959741473197937
4,556,in,316.4186046511628,2.60367488861084
4,557,the,303.01149425287355,0.727778434753418
4,558,"book,",354.02298850574715,4.958389759063721
4,559,so,349.1818181818182,4.677490234375
4,560,we,313.2528735632184,2.6468236446380615
4,561,will,326.95454545454544,1.9809411764144897
4,562,not,315.35632183908046,1.3628607988357544
4,563,have,299.4942528735632,3.3167481422424316
4,564,"you,",303.0574712643678,7.3018128871917725
4,565,who,336.2183908045977,5.14542293548584
4,566,are,348.59302325581393,3.304189682006836
4,567,simply,350.3837209302326,7.689910888671875
4,568,tricky,384.40909090909093,12.330221176147461
4,569,and,364.7386363636364,2.625720977783203
4,570,"cunning,",360.35227272727275,5.981588244438171
4,571,to,355.34090909090907,3.049194812774658
4,572,reign,331.82954545454544,5.247252464294434
4,573,over,344.08045977011494,2.2144598960876465
4,574,us.',330.2413793103448,2.4508570432662964
4,575,The,348.25882352941176,1.5544146299362183
4,576,bird,342.4712643678161,2.3298590183258057
4,577,without,336.4418604651163,7.174197673797607
4,578,a,343.04545454545456,0.3606814444065094
4,579,name,325.875,0.1236434280872345
4,580,then,331.34090909090907,4.241055965423584
4,581,decided,335.8720930232558,6.040180206298828
4,582,to,317.11494252873564,0.8319962620735168
4,583,clear,339.3837209302326,7.763698577880859
4,584,the,326.32183908045977,1.5458385944366455
4,585,air,315.85057471264366,1.310552716255188
4,586,and,342.8965517241379,1.3852001428604126
4,587,"said,",332.125,6.106568694114685
4,588,'Then,380.264367816092,4.9679165706038475
4,589,let,360.7613636363636,2.5410561561584473
4,590,everyone,355.3636363636364,6.540781021118164
4,591,start,351.95402298850576,6.306976318359375
4,592,with,349.89772727272725,3.593010187149048
4,593,a,334.29545454545456,3.3837451934814453
4,594,clean,356.79545454545456,5.589953422546387
4,595,slate,350.0581395348837,2.001322031021118
4,596,and,359.1363636363636,1.5704759359359741
4,597,perform,339.3636363636364,8.326099395751953
4,598,a,342.0344827586207,2.0409481525421143
4,599,new,335.4318181818182,4.622702598571777
4,600,challenging,360.90697674418607,11.404839515686035
4,601,task.,398.5,3.1161104440689087
4,602,Then,401.2906976744186,3.7975828647613525
4,603,we,378.60227272727275,1.7368087768554688
4,604,can,342.0568181818182,2.4089877605438232
4,605,decide,330.264367816092,4.852729797363281
4,606,who,320.04545454545456,1.8049556016921997
4,607,should,305.65909090909093,2.715536594390869
4,608,be,315.60227272727275,1.1053292751312256
4,609,the,308.4886363636364,2.4668517112731934
4,610,real,326.28409090909093,6.498414039611816
4,611,king.',314.5,2.2368124574422836
4,612,Then,346.86206896551727,3.473264217376709
4,613,the,320.22727272727275,0.925563395023346
4,614,birds,308.39772727272725,1.6035091876983643
4,615,gathered,319.06976744186045,5.484375953674316
4,616,together,314.2298850574713,2.3330984115600586
4,617,again,319.67816091954023,2.9195008277893066
4,618,and,317.95454545454544,0.8508298397064209
4,619,decided,314.84090909090907,4.124137878417969
4,620,the,322.5681818181818,3.696791172027588
4,621,case,308.32954545454544,6.559200286865234
4,622,would,331.875,4.568260192871094
4,623,be,312.8390804597701,0.28218144178390503
4,624,resolved,325.632183908046,5.753627777099609
4,625,by,355.5581395348837,1.780424952507019
4,626,making,320.632183908046,5.41524600982666
4,627,a,304.8068181818182,1.1762841939926147
4,628,new,308.4318181818182,2.9462804794311523
4,629,"condition,",372.0574712643678,11.039164304733276
4,630,which,339.78409090909093,2.493577718734741
4,631,was,360.75,1.6195957660675049
4,632,that,305.52272727272725,2.387737989425659
4,633,he,315.42045454545456,4.829076766967773
4,634,should,351.0344827586207,0.7064933180809021
4,635,be,318.5977011494253,1.268364429473877
4,636,king,337.67816091954023,1.8336844444274902
4,637,who,401.1954022988506,5.3978753089904785
4,638,could,341.3333333333333,2.3447351455688477
4,639,go,366.15909090909093,4.6479082107543945
4,640,the,341.34090909090907,4.739722728729248
4,641,deepest,365.8636363636364,7.1027727127075195
4,642,into,371.04545454545456,2.563251495361328
4,643,the,371.60227272727275,0.21964804828166962
4,644,earth.,414.9310344827586,3.8636823892593384
4,645,So,434.9431818181818,4.384464740753174
4,646,the,376.8068181818182,1.2798523902893066
4,647,little,339.17045454545456,2.778172016143799
4,648,bird,333.125,0.12529313564300537
4,649,who,366.9425287356322,3.969602584838867
4,650,the,322.57471264367814,6.609470367431641
4,651,other,355.1058823529412,3.094846725463867
4,652,birds,337.0813953488372,0.12961147725582123
4,653,despised,356.5813953488372,7.110175609588623
4,654,was,389.7586206896552,2.1444077491760254
4,655,now,371.57471264367814,4.600297451019287
4,656,back,358.5348837209302,6.264708995819092
4,657,to,334.13793103448273,2.3099818229675293
4,658,square,343.08045977011494,4.876040935516357
4,659,one.,383.53409090909093,1.0774144530296326
4,660,"Confident,",418.2068965517241,14.68149733543396
4,661,he,380.0,1.157818078994751
4,662,"remained,",369.40909090909093,11.335216522216797
4,663,"however,",444.8068181818182,5.879721775650978
4,664,that,367.8488372093023,4.530386447906494
4,665,if,376.6931818181818,3.402740240097046
4,666,he,328.06976744186045,0.7681269645690918
4,667,played,370.44827586206895,7.029885292053223
4,668,his,366.5287356321839,1.365667462348938
4,669,cards,335.02298850574715,1.0942455530166626
4,670,"right,",313.8068181818182,1.3737353682518005
4,671,he,316.1931818181818,0.8918942809104919
4,672,could,310.9655172413793,1.185657262802124
4,673,be,312.9318181818182,3.1250600814819336
4,674,king.,304.2386363636364,1.6727678179740906
4,675,How,346.79545454545456,6.167764663696289
4,676,the,380.4431818181818,3.7720251083374023
4,677,goose,340.735632183908,7.269486427307129
4,678,wallowed,444.7701149425287,12.229571759700775
4,679,in,396.3720930232558,0.8567957282066345
4,680,the,361.5402298850575,1.8353689908981323
4,681,"sand,",349.95454545454544,7.101173400878906
4,682,and,351.84090909090907,1.845202922821045
4,683,the,360.8863636363636,1.3554537296295166
4,684,duck,323.70454545454544,5.442082405090332
4,685,strove,380.96590909090907,12.310305118560791
4,686,to,347.03409090909093,0.35884273052215576
4,687,dig,332.95454545454544,6.299009323120117
4,688,a,320.60227272727275,2.8761136531829834
4,689,hole,337.95454545454544,0.4056187868118286
4,690,for,323.5977011494253,2.9330010414123535
4,691,the,318.7586206896552,2.537435531616211
4,692,new,325.66279069767444,5.672054767608643
4,693,task!,370.264367816092,15.495299339294434
4,694,All,380.3863636363636,4.082756042480469
4,695,the,330.1136363636364,1.1571216583251953
4,696,other,307.9080459770115,3.847196578979492
4,697,birds,315.0113636363636,0.15960052609443665
4,698,tried,319.7386363636364,5.446141242980957
4,699,to,321.6292134831461,0.5026188492774963
4,700,hide,310.28735632183907,4.4211578369140625
4,701,themselves,340.34090909090907,1.998141884803772
4,702,in,343.04597701149424,1.6757571697235107
4,703,the,324.1363636363636,0.5836954116821289
4,704,"ground,",317.77272727272725,4.573189616203308
4,705,"too,",326.75,6.563163101673126
4,706,until,339.46590909090907,4.063562870025635
4,707,they,341.32954545454544,1.4399811029434204
4,708,were,313.1264367816092,1.5161519050598145
4,709,practically,361.8068181818182,7.909948348999023
4,710,blue,340.438202247191,10.297611236572266
4,711,in,333.3863636363636,2.3335845470428467
4,712,the,325.10227272727275,0.9589394330978394
4,713,face.,338.7386363636364,2.274801731109619
4,714,The,353.3103448275862,1.4100120067596436
4,715,nameless,331.1931818181818,10.370306968688965
4,716,little,354.9438202247191,2.0007941722869873
4,717,bird,321.6363636363636,0.31307435035705566
4,718,that,327.95454545454544,3.0636162757873535
4,719,was,335.02272727272725,1.7149505615234375
4,720,as,320.39772727272725,6.08017635345459
4,721,bold,327.01149425287355,5.127810478210449
4,722,as,333.13793103448273,0.28012609481811523
4,723,brass,323.90697674418607,10.164424896240234
4,724,found,344.02298850574715,5.4718427658081055
4,725,a,329.4886363636364,2.5958404541015625
4,726,pitch,320.4431818181818,9.5742826461792
4,727,dark,345.5113636363636,5.308933258056641
4,728,mouse's,390.53409090909093,17.982309341430664
4,729,"hole,",448.29213483146066,5.754183292388916
4,730,and,398.54545454545456,0.6707863211631775
4,731,creeping,428.07954545454544,9.966952323913574
4,732,in,362.59090909090907,3.388315200805664
4,733,"cried,",371.34831460674155,10.99158525466919
4,734,'I,401.5280898876405,2.7565236687660217
4,735,am,347.1011235955056,1.2322205305099487
4,736,"king,",335.90909090909093,1.1523609459400177
4,737,I,341.9550561797753,0.34461915493011475
4,738,am,319.47727272727275,0.041463762521743774
4,739,king!',321.03409090909093,0.6335483826696873
4,740,but,326.0449438202247,4.689733028411865
4,741,it,320.2613636363636,2.823063850402832
4,742,was,329.4719101123595,1.0682225227355957
4,743,of,294.64772727272725,6.043686866760254
4,744,no,305.1931818181818,0.3451802432537079
4,745,avail.,352.22727272727275,2.3739766776561737
4,746,"'You,",352.5681818181818,9.22226333618164
4,747,our,345.9325842696629,3.4724574089050293
4,748,king?',388.52272727272725,2.869504675269127
4,749,all,359.3863636363636,6.143831253051758
4,750,the,345.0113636363636,0.46103596687316895
4,751,remaining,312.90909090909093,7.0696916580200195
4,752,birds,328.9318181818182,0.25728845596313477
4,753,who,314.8181818181818,4.7477216720581055
4,754,the,301.82954545454544,7.322597980499268
4,755,littlest,307.64772727272725,15.36892332136631
4,756,bird,312.46590909090907,1.8035392761230469
4,757,had,330.3258426966292,1.4832912683486938
4,758,outwitted,332.11494252873564,9.76612480636686
4,759,cried,382.5057471264368,4.242133617401123
4,760,"again,",356.96590909090907,4.720226526260376
4,761,even,352.02272727272725,6.194457054138184
4,762,more,325.4318181818182,3.083998203277588
4,763,angrily,322.8068181818182,4.049716472625732
4,764,than,324.65909090909093,2.1650187969207764
4,765,before.,333.3181818181818,0.8564209342002869
4,766,'Do,344.7701149425287,5.393106460571289
4,767,you,326.5730337078652,0.67936772108078
4,768,think,305.03409090909093,2.098052501678467
4,769,we,298.92045454545456,1.5755631923675537
4,770,would,304.41379310344826,4.32197904586792
4,771,reward,325.72727272727275,8.272892951965332
4,772,your,305.75,3.4094960689544678
4,773,cunning,320.60227272727275,4.515772342681885
4,774,in,323.3068181818182,3.761500120162964
4,775,this,311.2386363636364,1.478473424911499
4,776,way?,318.35227272727275,3.0121172666549683
4,777,"No,",332.4597701149425,4.439452409744263
4,778,no!,334.57471264367814,5.251162052154541
4,779,You,351.375,2.456202507019043
4,780,shall,326.82954545454544,4.8601508140563965
4,781,stay,304.3863636363636,5.368304252624512
4,782,in,312.20454545454544,2.5454115867614746
4,783,the,293.81609195402297,1.121396541595459
4,784,earth,300.22727272727275,3.4264631271362305
4,785,till,303.35227272727275,4.15446662902832
4,786,you,308.01149425287355,1.1918039321899414
4,787,die,314.59090909090907,3.0375471115112305
4,788,of,317.4712643678161,4.405942440032959
4,789,hunger!',326.27272727272725,4.602130055427551
4,790,So,379.5681818181818,4.230287075042725
4,791,they,318.8863636363636,2.1708755493164062
4,792,shut,301.632183908046,7.630053997039795
4,793,up,298.4022988505747,1.281019687652588
4,794,the,334.70454545454544,1.345884084701538
4,795,little,311.42528735632186,3.6966795921325684
4,796,bird,301.625,0.2442074865102768
4,797,in,320.48275862068965,2.7992262840270996
4,798,the,307.0689655172414,0.81646728515625
4,799,mouse's,318.0344827586207,7.75868621468544
4,800,hole,336.20454545454544,0.299175500869751
4,801,that,328.9310344827586,5.794334411621094
4,802,the,331.57954545454544,2.944894790649414
4,803,mouse,354.48275862068965,2.61011004447937
4,804,gave,360.40909090909093,6.3945231437683105
4,805,up,368.367816091954,3.0980124473571777
4,806,most,392.2068965517241,8.684944152832031
4,807,"unwillingly,",431.72093023255815,11.666353537104442
4,808,and,455.37931034482756,0.5971648097038269
4,809,bade,366.49411764705883,8.201068222522736
4,810,the,342.89772727272725,1.726881504058838
4,811,owl,346.367816091954,6.3228678703308105
4,812,watch,379.20454545454544,5.651785850524902
4,813,him,384.8181818181818,3.2202811241149902
4,814,carefully,394.27272727272725,3.2298316955566406
4,815,night,362.8181818181818,11.005499839782715
4,816,and,369.9080459770115,0.09668795764446259
4,817,day.,359.2183908045977,0.6490432433784008
4,818,Then,383.95402298850576,2.286978244781494
4,819,all,374.08045977011494,4.124044895172119
4,820,the,329.8390804597701,0.44823604822158813
4,821,birds,315.3720930232558,0.6458864808082581
4,822,went,315.5348837209302,3.267150640487671
4,823,home,304.84090909090907,2.5048744678497314
4,824,to,313.96590909090907,2.3768160343170166
4,825,"bed,",313.8735632183908,5.79815936088562
4,826,for,313.6860465116279,5.144535064697266
4,827,they,293.1136363636364,1.6940858364105225
4,828,were,311.3448275862069,1.8004549741744995
4,829,very,322.2906976744186,4.1869707107543945
4,830,"tired,",329.11494252873564,3.4757516384124756
4,831,but,317.3255813953488,2.1875245571136475
4,832,the,328.6818181818182,1.8596253395080566
4,833,owl,317.40909090909093,3.7373621463775635
4,834,assigned,344.08045977011494,11.506752967834473
4,835,by,324.64772727272725,6.270061492919922
4,836,the,334.875,0.8760693073272705
4,837,birds,322.14772727272725,2.8257925510406494
4,838,to,304.04545454545456,1.1943718194961548
4,839,stand,312.42528735632186,5.004973888397217
4,840,guard,306.5,2.7109270095825195
4,841,found,314.59302325581393,8.540451049804688
4,842,his,316.29545454545456,2.8191659450531006
4,843,job,300.97727272727275,6.105397701263428
4,844,was,311.7241379310345,4.046656131744385
4,845,lonely,324.63953488372096,8.981685638427734
4,846,and,323.13953488372096,1.8546934127807617
4,847,wearisome,340.6046511627907,12.953197443683166
4,848,because,366.0919540229885,5.805811882019043
4,849,he,327.6860465116279,0.7867122888565063
4,850,was,320.70454545454544,1.1972723007202148
4,851,just,307.3953488372093,5.914949417114258
4,852,sitting,296.2528735632184,3.287771463394165
4,853,alone,307.2528735632184,4.819889545440674
4,854,staring,326.4712643678161,6.568801403045654
4,855,at,328.1931818181818,0.3470069169998169
4,856,the,315.2674418604651,0.579430878162384
4,857,mouse's,318.3103448275862,4.089933156967163
4,858,hole.,330.6279069767442,1.3553847670555115
4,859,'I,336.55172413793105,5.6339476108551025
4,860,can,316.60919540229884,3.7041573524475098
4,861,close,322.14942528735634,9.217719078063965
4,862,one,325.6823529411765,5.536063194274902
4,863,eye,328.3720930232558,3.1347217559814453
4,864,and,334.4942528735632,1.525580644607544
4,865,watch,325.98850574712645,2.913140058517456
4,866,with,319.2613636363636,4.953805446624756
4,867,the,319.6136363636364,2.1262917518615723
4,868,"other,'",322.97701149425285,2.335978627204895
4,869,he,343.54545454545456,0.6366533041000366
4,870,thought.,321.7701149425287,4.265402317047119
4,871,So,341.2674418604651,3.883969306945801
4,872,he,311.125,1.1621527671813965
4,873,closed,294.5057471264368,2.4443531036376953
4,874,one,311.6818181818182,1.6926486492156982
4,875,eye,296.5057471264368,1.12667715549469
4,876,and,309.10227272727275,0.3997722566127777
4,877,stared,296.65909090909093,3.9099690914154053
4,878,steadfastly,332.89772727272725,9.917458353564143
4,879,with,336.90909090909093,5.134709358215332
4,880,the,332.42045454545456,0.7811422348022461
4,881,"other,",295.2613636363636,1.7988146245479584
4,882,but,324.20454545454544,3.460360527038574
4,883,before,311.18390804597703,5.575264930725098
4,884,he,332.2183908045977,0.6096845865249634
4,885,knew,305.17241379310343,3.018038749694824
4,886,it,310.625,0.21416053175926208
4,887,he,288.4318181818182,1.1546697616577148
4,888,forgot,328.1264367816092,6.253591537475586
4,889,to,305.0,1.8854682445526123
4,890,keep,286.2298850574713,4.959816932678223
4,891,that,283.32183908045977,5.023231506347656
4,892,one,294.15909090909093,3.416642904281616
4,893,"open,",321.98850574712645,8.305110931396484
4,894,and,355.53409090909093,1.002310872077942
4,895,both,321.92045454545456,6.8736419677734375
4,896,eyes,283.7386363636364,0.9713753461837769
4,897,were,288.95454545454544,1.2701914310455322
4,898,fast,300.59090909090907,8.86436939239502
4,899,asleep.,361.2183908045977,1.543196588754654
4,900,Then,334.9318181818182,2.607276439666748
4,901,the,322.52272727272725,1.0589728355407715
4,902,little,331.82758620689657,1.2388207912445068
4,903,bird,306.42528735632186,0.09305666387081146
4,904,guarded,314.0681818181818,11.472932815551758
4,905,by,326.08045977011494,3.194754123687744
4,906,the,314.5568181818182,0.7598674893379211
4,907,owl,304.42528735632186,2.631213426589966
4,908,peeped,307.39772727272725,9.161562032531947
4,909,"out,",359.20454545454544,4.498653054237366
4,910,and,313.1954022988506,0.8551898002624512
4,911,when,315.78409090909093,3.0411407947540283
4,912,he,310.4431818181818,0.6796656250953674
4,913,saw,296.125,1.1225630044937134
4,914,the,298.7011494252874,1.0623189210891724
4,915,owl's,286.95454545454544,4.574316382408142
4,916,two,300.17045454545456,6.4342360496521
4,917,eyes,306.264367816092,0.6160215139389038
4,918,tight,305.6136363636364,8.201739311218262
4,919,"shut,",347.5977011494253,3.5604054927825928
4,920,he,312.45454545454544,0.31755948066711426
4,921,slipped,328.46590909090907,6.632323265075684
4,922,from,349.5287356321839,4.499410629272461
4,923,the,283.3139534883721,1.049880027770996
4,924,hole,292.72093023255815,2.893561363220215
4,925,and,291.51162790697674,1.0269458293914795
4,926,flew,290.5632183908046,4.0719757080078125
4,927,away.,292.9080459770115,3.323032021522522
4,928,He,328.1046511627907,3.014981985092163
4,929,wanted,341.8837209302326,6.539081573486328
4,930,to,310.08045977011494,0.3812316954135895
4,931,"shout,",315.35227272727275,8.957274794578552
4,932,'I,324.3636363636364,3.2401469945907593
4,933,am,307.2613636363636,0.29323482513427734
4,934,king',328.60227272727275,4.979493394494057
4,935,so,438.4431818181818,3.6744322776794434
4,936,that,404.875,1.4170624017715454
4,937,the,325.8735632183908,1.376807689666748
4,938,owl,309.55172413793105,2.4482131004333496
4,939,could,318.55172413793105,0.7624596357345581
4,940,hear,332.8965517241379,1.372397541999817
4,941,him,311.64772727272725,0.6124392747879028
4,942,as,331.17045454545456,4.29555082321167
4,943,he,334.85227272727275,0.459089994430542
4,944,"flew,",296.82954545454544,3.9873043298721313
4,945,but,317.52272727272725,0.3981318771839142
4,946,thought,358.96590909090907,6.977931022644043
4,947,better,311.3068181818182,5.402134895324707
4,948,of,315.9318181818182,0.09205972403287888
4,949,it.,325.55056179775283,1.355446606874466
4,950,From,343.60227272727275,6.709871768951416
4,951,this,310.125,2.2637367248535156
4,952,time,300.09090909090907,1.76058828830719
4,953,"on,",294.17045454545456,2.432524085044861
4,954,the,305.79545454545456,1.3013811111450195
4,955,owl,320.27272727272725,2.7399914264678955
4,956,fooled,334.96590909090907,11.435943603515625
4,957,by,353.22727272727275,1.9821335077285767
4,958,the,314.21590909090907,0.15671990811824799
4,959,little,310.6363636363636,0.23823806643486023
4,960,bird,320.3181818181818,0.034737080335617065
4,961,has,301.0,4.8296661376953125
4,962,not,320.125,2.855876922607422
4,963,dared,302.39080459770116,5.9675517082214355
4,964,to,322.55172413793105,0.17402046918869019
4,965,show,314.4712643678161,4.207759857177734
4,966,himself,338.97727272727275,1.9887170791625977
4,967,by,318.625,5.506292343139648
4,968,day,301.625,5.732875347137451
4,969,for,328.79545454545456,4.983956813812256
4,970,fear,340.5568181818182,1.3608657121658325
4,971,the,313.8181818181818,4.737661838531494
4,972,birds,315.7613636363636,2.499030351638794
4,973,should,328.22727272727275,6.335517883300781
4,974,beat,300.4886363636364,6.561820030212402
4,975,the,310.6136363636364,3.0273728370666504
4,976,living,315.632183908046,7.273816108703613
4,977,daylights,337.72727272727275,2.802172899246216
4,978,out,331.4431818181818,0.5305182933807373
4,979,of,295.4431818181818,0.08396169543266296
4,980,him.,300.78409090909093,0.8326758146286011
4,981,He,359.9425287356322,2.052703619003296
4,982,flies,327.632183908046,5.835908889770508
4,983,about,318.4712643678161,3.974109649658203
4,984,only,312.77272727272725,5.597315788269043
4,985,at,326.37931034482756,3.236513614654541
4,986,"nighttime,",332.8636363636364,8.373024880886078
4,987,hating,403.0113636363636,10.415861129760742
4,988,and,342.9651162790698,5.00441837310791
4,989,pursuing,428.97701149425285,7.605655670166016
4,990,not,394.4431818181818,6.038825511932373
4,991,the,361.39772727272725,1.709072232246399
4,992,"bird,",362.5568181818182,5.775041580200195
4,993,but,339.8045977011494,0.22623193264007568
4,994,the,337.4886363636364,0.7149357795715332
4,995,mouse,354.44827586206895,2.386876344680786
4,996,for,354.4886363636364,5.35406494140625
4,997,having,342.8735632183908,5.435414791107178
4,998,made,338.54545454545456,3.888962984085083
4,999,the,318.3068181818182,2.1529953479766846
4,1000,hole,310.4886363636364,4.5509161949157715
4,1001,into,321.46590909090907,4.848418712615967
4,1002,which,308.8068181818182,3.4722893238067627
4,1003,the,310.20454545454544,1.5446734428405762
4,1004,little,312.03409090909093,1.6252682209014893
4,1005,bird,297.34090909090907,0.07180193066596985
4,1006,crept.,308.64772727272725,7.830618321895599
4,1007,And,363.2386363636364,3.998849868774414
4,1008,the,320.29545454545456,2.487689256668091
4,1009,little,304.8181818181818,1.3914653062820435
4,1010,bird,308.125,0.10262645035982132
4,1011,also,309.25,5.899136543273926
4,1012,keeps,306.07954545454544,4.4798736572265625
4,1013,out,304.1931818181818,5.105915069580078
4,1014,of,317.22727272727275,0.5510461330413818
4,1015,"sight,",305.29545454545456,2.80822217464447
4,1016,for,322.53409090909093,2.638007640838623
4,1017,he,296.71590909090907,0.977236807346344
4,1018,fears,306.6818181818182,4.145205020904541
4,1019,that,319.7613636363636,1.5565681457519531
4,1020,the,283.375,1.2843067646026611
4,1021,other,292.1136363636364,4.278595447540283
4,1022,birds,299.4367816091954,0.18700458109378815
4,1023,should,316.39772727272725,5.0092244148254395
4,1024,punish,299.98850574712645,6.38850736618042
4,1025,him,290.0919540229885,0.12563730776309967
4,1026,for,305.60919540229884,1.1089445352554321
4,1027,his,296.67045454545456,1.5569870471954346
4,1028,cunning.,305.21590909090907,4.6774128675460815
4,1029,The,376.60227272727275,2.043924331665039
4,1030,rejection,363.5287356321839,14.3460111618042
4,1031,by,330.79545454545456,3.1181862354278564
4,1032,the,316.64367816091954,0.31334784626960754
4,1033,other,320.6363636363636,3.928295373916626
4,1034,birds,304.5402298850575,0.11433146148920059
4,1035,was,286.9431818181818,1.9457061290740967
4,1036,a,278.32183908045977,2.990445137023926
4,1037,bitter,296.1511627906977,4.199496269226074
4,1038,pill,307.95348837209303,3.139738082885742
4,1039,to,308.3636363636364,0.623429000377655
4,1040,swallow,314.82954545454544,0.023419205099344254
4,1041,for,316.8720930232558,2.052898406982422
4,1042,the,316.5348837209302,0.6105772852897644
4,1043,nameless,330.42045454545456,6.426168408244848
4,1044,bird,331.3255813953488,2.796987771987915
4,1045,the,306.48275862068965,6.825253009796143
4,1046,owl,360.54651162790697,2.9478230476379395
4,1047,had,366.17045454545456,1.6818323135375977
4,1048,let,329.4597701149425,5.520042896270752
4,1049,slip,333.7011494252874,2.676703691482544
4,1050,away.,349.0232558139535,3.1459352374076843
4,1051,He,365.47727272727275,2.8216633796691895
4,1052,hides,342.5632183908046,8.1689453125
4,1053,in,317.53409090909093,1.587101697921753
4,1054,the,306.42045454545456,0.5110014081001282
4,1055,"hedges,",311.76404494382024,10.217864036560059
4,1056,and,329.5287356321839,1.4446978569030762
4,1057,when,319.7386363636364,2.684187173843384
4,1058,he,326.34090909090907,0.8659940958023071
4,1059,thinks,331.6363636363636,4.666214466094971
4,1060,himself,314.9425287356322,6.155597686767578
4,1061,quite,329.86516853932585,5.193190574645996
4,1062,"safe,",340.2613636363636,2.9274999499320984
4,1063,he,330.367816091954,0.5264955163002014
4,1064,sings,334.2584269662921,6.814361572265625
4,1065,"out,",327.4886363636364,5.828078985214233
4,1066,'I,369.3258426966292,1.430360272526741
4,1067,am,321.78409090909093,0.19859181344509125
4,1068,"king,",331.4719101123595,0.6014795005321503
4,1069,I,317.97752808988764,0.09488095343112946
4,1070,am,297.314606741573,0.02025269716978073
4,1071,king!',309.3707865168539,0.7240351773798466
4,1072,And,330.96666666666664,2.9732437133789062
4,1073,the,295.9111111111111,1.8141162395477295
4,1074,other,310.7191011235955,3.7380032539367676
4,1075,birds,299.0449438202247,0.07635083049535751
4,1076,in,290.8876404494382,4.724217414855957
4,1077,mockery,315.55555555555554,9.617413520812988
4,1078,call,347.46153846153845,5.064279556274414
4,1079,"out,",337.8131868131868,3.012945055961609
4,1080,"'Yes,",362.6222222222222,6.344989739358425
4,1081,"yes,",359.3777777777778,1.8933075666427612
4,1082,the,369.6703296703297,4.867100715637207
4,1083,"hedge-king,",584.4157303370787,20.251872301101685
4,1084,the,525.3626373626373,1.6149232387542725
4,1085,hedge-king!',678.6153846153846,2.9910904057323933
5,2,ten,391.4791666666667,9.036689758300781
5,3,years,442.17525773195877,1.1863596439361572
5,4,"old,",398.66315789473686,2.715681105852127
5,5,I,352.9484536082474,2.060467004776001
5,6,could,345.8041237113402,4.350061416625977
5,7,not,314.9157894736842,2.456554651260376
5,8,figure,340.1578947368421,5.652007579803467
5,9,out,322.56382978723406,0.05786289647221565
5,10,what,333.21875,1.6360467672348022
5,11,it,340.36842105263156,2.736562490463257
5,12,was,325.41052631578947,0.5167258381843567
5,13,that,349.3191489361702,1.5234781503677368
5,14,this,367.1720430107527,5.020030975341797
5,15,Elvis,373.3404255319149,12.16494369506836
5,16,Presley,387.30526315789473,2.595552700338885
5,17,guy,353.1979166666667,5.011639595031738
5,18,had,358.0103092783505,1.9610110521316528
5,19,that,352.10309278350513,5.472285747528076
5,20,the,355.07216494845363,5.022675514221191
5,21,rest,338.4479166666667,4.467097282409668
5,22,of,320.85263157894735,0.004509161692112684
5,23,us,300.7604166666667,0.28938108682632446
5,24,boys,322.62105263157895,8.641670227050781
5,25,did,332.6458333333333,3.3003592491149902
5,26,not,328.73118279569894,0.9228216409683228
5,27,have.,372.07608695652175,3.2753952145576477
5,28,He,374.63157894736844,2.2253005504608154
5,29,seemed,358.9895833333333,4.317030906677246
5,30,to,316.11578947368423,0.9814147353172302
5,31,be,343.78723404255317,1.2149393558502197
5,32,no,316.0,7.180886268615723
5,33,different,336.8421052631579,1.2126342058181763
5,34,from,322.9895833333333,1.1674164533615112
5,35,the,353.63157894736844,2.0429787635803223
5,36,rest,296.7894736842105,1.247347116470337
5,37,of,296.6,0.1224290207028389
5,38,us.,342.968085106383,1.262801505625248
5,39,He,331.7096774193548,1.4013038873672485
5,40,was,344.5531914893617,1.053011417388916
5,41,simply,309.8085106382979,5.6165056228637695
5,42,a,313.9157894736842,1.2527213096618652
5,43,man,309.35483870967744,3.4576168060302734
5,44,who,306.0851063829787,1.320001244544983
5,45,had,305.24468085106383,2.0609166622161865
5,46,a,301.27659574468083,2.1756856441497803
5,47,"head,",326.7340425531915,9.671749114990234
5,48,two,374.0531914893617,6.470417499542236
5,49,arms,345.81720430107526,2.0571532249450684
5,50,and,306.6063829787234,1.6535989046096802
5,51,two,323.11578947368423,3.353729724884033
5,52,legs.,325.0105263157895,0.907389223575592
5,53,It,336.06315789473683,3.1103999614715576
5,54,must,333.47872340425533,5.381870746612549
5,55,have,309.741935483871,0.24847060441970825
5,56,been,317.32978723404256,0.3069692552089691
5,57,something,343.34736842105264,3.156357765197754
5,58,pretty,304.06315789473683,5.806850910186768
5,59,superlative,383.1684210526316,13.906447850167751
5,60,that,507.5157894736842,2.295651435852051
5,61,he,416.7684210526316,0.947672963142395
5,62,had,377.7157894736842,1.8100240230560303
5,63,hidden,369.0842105263158,9.584807395935059
5,64,"away,",375.85263157894735,7.077283143997192
5,65,because,372.9894736842105,3.2807204723358154
5,66,he,358.5052631578947,1.2498072385787964
5,67,had,318.32978723404256,1.7828857898712158
5,68,every,323.9148936170213,6.429532051086426
5,69,young,323.3510638297872,8.549609184265137
5,70,girl,336.13978494623655,3.0537168979644775
5,71,at,343.13684210526316,3.8315446376800537
5,72,the,348.1914893617021,1.7762095928192139
5,73,orphanage,422.29473684210524,4.825796775519848
5,74,wrapped,430.74468085106383,8.017467498779297
5,75,around,380.48936170212767,1.5585124492645264
5,76,his,337.94736842105266,0.6727369427680969
5,77,little,366.3510638297872,5.083449363708496
5,78,finger.,402.4255319148936,4.856606483459473
5,79,At,373.8804347826087,5.219470024108887
5,80,about,384.0736842105263,4.8803558349609375
5,81,nine,383.86170212765956,3.4218411445617676
5,82,o'clock,409.43617021276594,4.632165660848841
5,83,on,348.1170212765957,3.2217159271240234
5,84,Saturday,370.258064516129,3.915909767150879
5,85,"morning,",402.8804347826087,1.658472090959549
5,86,I,375.3010752688172,1.7439461946487427
5,87,figured,337.82978723404256,6.961870193481445
5,88,a,334.2,5.556578159332275
5,89,good,335.6,4.152856349945068
5,90,solution,349.98936170212767,9.265336990356445
5,91,was,363.6736842105263,1.035802960395813
5,92,to,348.12631578947367,1.3121473789215088
5,93,ask,321.8510638297872,4.003339767456055
5,94,Eugene,356.29347826086956,11.461881637573242
5,95,"Correthers,",671.0,28.431368350982666
5,96,who,542.6,1.7070024013519287
5,97,was,420.6842105263158,0.8937756419181824
5,98,one,384.34736842105264,4.166812419891357
5,99,of,366.2736842105263,0.02463839203119278
5,100,the,333.2,0.4408567249774933
5,101,older,362.96774193548384,5.521674156188965
5,102,and,398.968085106383,5.011143207550049
5,103,smarter,369.85263157894735,5.255369186401367
5,104,"boys,",355.531914893617,3.0965166091918945
5,105,what,396.2315789473684,2.2722511291503906
5,106,it,348.02127659574467,2.151869058609009
5,107,was,317.3578947368421,0.11038681864738464
5,108,that,345.0,0.8044000267982483
5,109,made,340.7578947368421,2.929115056991577
5,110,this,330.4148936170213,3.3192241191864014
5,111,Elvis,341.9578947368421,2.324917793273926
5,112,guy,341.8,5.346158981323242
5,113,so,338.61052631578946,1.1216046810150146
5,114,special.,384.71276595744683,1.7159089148044586
5,115,He,361.78723404255317,1.6164933443069458
5,116,told,328.6989247311828,2.0059263706207275
5,117,me,312.82105263157894,0.05971384048461914
5,118,that,304.29473684210524,0.90018230676651
5,119,it,319.0851063829787,2.8174989223480225
5,120,was,305.247311827957,0.24880750477313995
5,121,not,315.02150537634407,4.1853861808776855
5,122,anything,329.8191489361702,6.0385589599609375
5,123,about,329.7578947368421,4.079313278198242
5,124,Elvis's,375.2736842105263,6.556056022644043
5,125,"personality,",385.7578947368421,4.326259732246399
5,126,but,387.0842105263158,0.8108723759651184
5,127,his,350.19354838709677,2.2404613494873047
5,128,wavy,353.36170212765956,11.129926681518555
5,129,"hair,",403.5806451612903,2.0044115781784058
5,130,and,371.98924731182797,2.999615430831909
5,131,the,331.8723404255319,2.2875473499298096
5,132,way,330.29473684210524,1.0447571277618408
5,133,he,318.51063829787233,0.3244996666908264
5,134,moved,345.9894736842105,4.697508811950684
5,135,his,342.4731182795699,1.841770887374878
5,136,body.,371.0105263157895,3.1600637435913086
5,137,About,386.38947368421054,7.929154396057129
5,138,a,356.6914893617021,2.585547685623169
5,139,half,331.17894736842106,3.685537338256836
5,140,an,330.4421052631579,2.3782999515533447
5,141,hour,349.48936170212767,0.015804387629032135
5,142,"later,",343.5744680851064,0.6996063590049744
5,143,the,352.0537634408602,3.207993507385254
5,144,boys,323.9789473684211,3.529597759246826
5,145,in,317.90526315789475,4.834621906280518
5,146,the,321.6736842105263,0.4859747290611267
5,147,orphanage,360.6063829787234,0.34032624028623104
5,148,called,365.1914893617021,4.061774253845215
5,149,down,334.0842105263158,6.830893039703369
5,150,to,329.7684210526316,1.177445888519287
5,151,the,317.3191489361702,2.917562961578369
5,152,main,345.93684210526317,5.339284896850586
5,153,dining,329.4842105263158,5.84720516204834
5,154,room,360.37894736842105,0.10575691610574722
5,155,by,336.3157894736842,7.410893440246582
5,156,the,336.9574468085106,1.2441054582595825
5,157,matron,370.36559139784947,14.740176677703857
5,158,were,391.02150537634407,10.391250610351562
5,159,told,429.5376344086022,4.3025336265563965
5,160,that,357.0967741935484,0.9192182421684265
5,161,they,337.9255319148936,2.2986950874328613
5,162,were,309.4315789473684,1.5069389343261719
5,163,all,330.4315789473684,4.231311321258545
5,164,going,339.90526315789475,1.3194066286087036
5,165,to,317.13829787234044,0.09611659497022629
5,166,downtown,358.9583333333333,11.730650901794434
5,167,"Jacksonville,",482.505376344086,7.745099902153015
5,168,Florida,465.66315789473686,2.307157278060913
5,169,to,447.9157894736842,2.0230746269226074
5,170,get,359.25531914893617,3.5545103549957275
5,171,a,327.97872340425533,1.5095210075378418
5,172,new,329.468085106383,5.296997547149658
5,173,pair,331.6842105263158,4.924197673797607
5,174,of,318.7263157894737,0.0061088986694812775
5,175,Buster,369.75531914893617,10.849787712097168
5,176,Brown,405.2736842105263,4.504607677459717
5,177,shoes,404.79787234042556,2.0451579093933105
5,178,and,374.0659340659341,2.394812822341919
5,179,a,334.4731182795699,1.4917454719543457
5,180,haircut.,369.1684210526316,7.383053719997406
5,181,That,398.0421052631579,4.3173112869262695
5,182,is,352.9157894736842,3.897810935974121
5,183,when,343.81720430107526,0.9025479555130005
5,184,I,345.6063829787234,1.2941277027130127
5,185,got,322.9578947368421,2.4907991886138916
5,186,this,348.22105263157897,3.154721975326538
5,187,big,336.21505376344084,4.823022842407227
5,188,"idea,",337.42105263157896,6.457438707351685
5,189,which,375.4255319148936,2.2383294105529785
5,190,hit,340.505376344086,8.264892578125
5,191,me,319.1290322580645,0.1963847130537033
5,192,like,329.58947368421053,1.9415571689605713
5,193,a,317.24468085106383,0.2074694037437439
5,194,ton,307.2903225806452,1.0296616554260254
5,195,of,305.7659574468085,0.04918093606829643
5,196,bricks.,323.9139784946237,0.6347300484776497
5,197,If,356.5108695652174,4.93285608291626
5,198,the,347.0752688172043,3.4583840370178223
5,199,Elvis,323.70526315789476,3.65169095993042
5,200,haircut,349.2315789473684,7.4789018630981445
5,201,was,409.65263157894736,1.2028180360794067
5,202,the,353.3263157894737,2.504182815551758
5,203,big,311.55913978494624,5.529799938201904
5,204,"secret,",315.6276595744681,4.764990508556366
5,205,then,353.13829787234044,1.3590949773788452
5,206,Elvis's,342.0430107526882,6.356497049331665
5,207,haircut,359.29347826086956,2.5999503135681152
5,208,I,335.9230769230769,8.794344902038574
5,209,was,366.86170212765956,1.8091726303100586
5,210,going,330.70652173913044,1.9694854021072388
5,211,to,305.1808510638298,0.027433203533291817
5,212,get.,343.4673913043478,5.353174448013306
5,213,I,355.7578947368421,1.788453459739685
5,214,was,336.55913978494624,2.1506359577178955
5,215,going,317.17894736842106,1.5437785387039185
5,216,to,305.9139784946237,0.020000804215669632
5,217,have,310.70526315789476,2.704615354537964
5,218,my,307.1170212765957,3.2858710289001465
5,219,day,326.0842105263158,6.686183929443359
5,220,in,341.0105263157895,1.914344072341919
5,221,the,305.4,0.7917974591255188
5,222,"sun,",300.98936170212767,1.6256300806999207
5,223,and,311.3085106382979,1.2433868646621704
5,224,all,311.97849462365593,4.770605087280273
5,225,the,302.57894736842104,2.215050220489502
5,226,way,301.7578947368421,5.0733184814453125
5,227,to,317.77894736842103,1.2233670949935913
5,228,town,297.9263157894737,5.282158851623535
5,229,that,312.57894736842104,5.113409996032715
5,230,was,340.8315789473684,2.8472747802734375
5,231,all,342.40425531914894,3.703186511993408
5,232,I,305.75,1.3412106037139893
5,233,talked,316.44086021505376,9.013203620910645
5,234,about.,301.02150537634407,0.7982902359217405
5,235,The,324.0752688172043,3.2197694778442383
5,236,fact,331.3404255319149,5.654660701751709
5,237,that,298.86170212765956,0.18818427622318268
5,238,I,302.21505376344084,1.1105082035064697
5,239,was,305.3440860215054,1.337145447731018
5,240,getting,299.1276595744681,3.5464131832122803
5,241,an,296.10869565217394,3.985118865966797
5,242,Elvis,305.78723404255317,0.8699982166290283
5,243,"haircut,",319.48936170212767,2.678179983049631
5,244,not,333.968085106383,4.606926441192627
5,245,just,309.258064516129,1.6222809553146362
5,246,the,327.14130434782606,3.048400640487671
5,247,simple,300.4148936170213,6.339832305908203
5,248,fact,312.74468085106383,4.6273193359375
5,249,that,329.35483870967744,0.12534455955028534
5,250,we,317.6774193548387,4.650211811065674
5,251,were,331.7659574468085,0.8017182350158691
5,252,getting,297.96774193548384,2.208542585372925
5,253,out,332.01063829787233,6.273282051086426
5,254,of,302.23655913978496,0.39103007316589355
5,255,the,293.27659574468083,1.5010638236999512
5,256,"orphanage,",321.76344086021504,2.0863334611058235
5,257,made,337.86021505376345,3.327789306640625
5,258,me,317.494623655914,0.5922512412071228
5,259,particularly,333.20212765957444,7.883890628814697
5,260,loquacious.,430.23655913978496,13.354366075436701
5,261,I,574.8913043478261,1.1877245903015137
5,262,told,458.9782608695652,4.259088516235352
5,263,"everybody,",418.7826086956522,6.758208274841309
5,264,including,390.78723404255317,5.893900394439697
5,265,the,352.67021276595744,1.2177560329437256
5,266,orphanage,357.70212765957444,5.755727827548981
5,267,matron,384.83870967741933,8.346770226955414
5,268,I,380.63829787234044,6.605950355529785
5,269,normally,397.16129032258067,8.981912612915039
5,270,"feared,",395.968085106383,11.919520378112793
5,271,that,413.3191489361702,0.6563021540641785
5,272,I,335.9148936170213,0.7768682837486267
5,273,was,314.29787234042556,1.0268690586090088
5,274,going,297.531914893617,0.414098858833313
5,275,to,295.97872340425533,0.031905483454465866
5,276,look,304.40425531914894,6.120023250579834
5,277,just,291.8829787234043,4.954351425170898
5,278,like,296.7659574468085,0.10707206279039383
5,279,Elvis,304.8936170212766,0.35679787397384644
5,280,Presley,314.8510638297872,5.21242710785009
5,281,and,337.09574468085106,3.0578575134277344
5,282,that,323.3829787234043,1.430700659751892
5,283,I,330.0744680851064,0.8413783311843872
5,284,would,302.1808510638298,1.479353904724121
5,285,learn,305.3010752688172,6.351782321929932
5,286,to,304.8936170212766,1.7966607809066772
5,287,move,314.51063829787233,5.635032653808594
5,288,around,303.48936170212767,2.4507930278778076
5,289,just,323.0531914893617,5.124853610992432
5,290,like,295.7659574468085,0.7115254998207092
5,291,he,295.79787234042556,2.9935734272003174
5,292,did,299.16129032258067,0.38049420714378357
5,293,and,337.8829787234043,3.351611852645874
5,294,that,292.25531914893617,1.191282868385315
5,295,I,318.63440860215053,0.5416955947875977
5,296,would,296.7204301075269,0.45240795612335205
5,297,be,297.8279569892473,1.3071844577789307
5,298,rich,305.5824175824176,6.6274895668029785
5,299,and,287.6304347826087,1.278989553451538
5,300,famous,295.8723404255319,0.8924525380134583
5,301,one,314.1290322580645,7.36185359954834
5,302,"day,",317.83870967741933,2.0796689055860043
5,303,just,312.22340425531917,3.3700387477874756
5,304,like,297.79787234042556,0.07926061004400253
5,305,him.,286.4574468085106,4.383303314447403
5,306,The,321.1808510638298,3.2000632286071777
5,307,matron,356.81720430107526,5.606492530554533
5,308,understood,360.89130434782606,6.711972236633301
5,309,my,339.7204301075269,2.9781980514526367
5,310,idea,320.6666666666667,4.282010555267334
5,311,was,352.1505376344086,6.966233730316162
5,312,something,342.78494623655916,5.552454948425293
5,313,that,326.6989247311828,1.499440312385559
5,314,I,312.29787234042556,1.8479000329971313
5,315,was,300.6276595744681,1.8089507818222046
5,316,really,307.1489361702128,4.29533052444458
5,317,excited,325.98936170212767,2.3224542140960693
5,318,about,340.9347826086956,0.13995076715946198
5,319,and,316.4255319148936,1.9858204126358032
5,320,said,314.48936170212767,5.480379104614258
5,321,nothing.,330.21505376344084,7.4750977754592896
5,322,When,393.79787234042556,3.914153575897217
5,323,I,343.3829787234043,0.6490525007247925
5,324,got,307.8936170212766,1.4159637689590454
5,325,my,319.70212765957444,3.1580922603607178
5,326,new,292.51063829787233,3.6521825790405273
5,327,Buster,306.4574468085106,6.500080108642578
5,328,Brown,317.78723404255317,0.07752363383769989
5,329,"shoes,",333.74468085106383,0.8925537317991257
5,330,I,337.3829787234043,0.5759137868881226
5,331,was,324.8085106382979,1.5534908771514893
5,332,smiling,352.8191489361702,7.715488433837891
5,333,from,298.968085106383,5.502402305603027
5,334,ear,315.531914893617,0.15381033718585968
5,335,to,310.2903225806452,0.015689270570874214
5,336,ear.,288.5483870967742,1.356955491937697
5,337,Those,322.3333333333333,6.6648850440979
5,338,"shoes,",363.02150537634407,4.844164609909058
5,339,they,361.9139784946237,2.0554916858673096
5,340,shined,341.5217391304348,9.904955357313156
5,341,really,362.9673913043478,5.516419410705566
5,342,"brightly,",335.494623655914,3.864541530609131
5,343,and,324.0869565217391,0.6470834612846375
5,344,I,340.7826086956522,1.1488456726074219
5,345,liked,315.0869565217391,5.2180681228637695
5,346,looking,300.02127659574467,5.928051948547363
5,347,at,334.1290322580645,0.2562234699726105
5,348,the,319.90425531914894,3.018646001815796
5,349,bones,319.0108695652174,8.261082649230957
5,350,in,377.59574468085106,2.6732430458068848
5,351,my,336.21505376344084,1.351675271987915
5,352,"feet,",374.61290322580646,3.3349918127059937
5,353,which,418.5806451612903,2.8449301719665527
5,354,I,351.39784946236557,1.9786218404769897
5,355,had,364.76344086021504,1.9281184673309326
5,356,never,332.13978494623655,1.9522393941879272
5,357,seen,340.02150537634407,0.5397371053695679
5,358,"before,",346.25,2.3987062573432922
5,359,through,413.52127659574467,8.125411987304688
5,360,a,391.3440860215054,2.762316942214966
5,361,special,373.67021276595744,5.804119110107422
5,362,x-ray,384.3936170212766,8.405065892264247
5,363,machine,444.02127659574467,1.4816681146621704
5,364,they,400.4148936170213,6.522281646728516
5,365,had,358.1276595744681,1.0089882612228394
5,366,in,321.86170212765956,3.5672545433044434
5,367,the,329.5531914893617,0.9979517459869385
5,368,shoe,309.1489361702128,8.40846061706543
5,369,store,350.74468085106383,2.3987197875976562
5,370,that,374.6276595744681,3.932795763015747
5,371,made,350.97849462365593,4.841193675994873
5,372,the,327.9468085106383,2.4453654289245605
5,373,bones,323.968085106383,4.761126518249512
5,374,in,354.1276595744681,3.099614143371582
5,375,your,327.51063829787233,3.3931896686553955
5,376,feet,302.0860215053763,0.5165162086486816
5,377,look,317.39130434782606,0.914546549320221
5,378,green.,318.7142857142857,6.550039350986481
5,379,I,444.6236559139785,1.3542742729187012
5,380,was,380.7340425531915,1.8486791849136353
5,381,now,328.9468085106383,6.196639060974121
5,382,almost,326.3191489361702,5.456635475158691
5,383,ready,335.9148936170213,2.723921060562134
5,384,to,322.48387096774195,0.1906953603029251
5,385,go,304.97849462365593,2.441558837890625
5,386,back,317.8829787234043,3.850346326828003
5,387,to,319.40860215053766,0.4622271955013275
5,388,the,310.3191489361702,1.6092818975448608
5,389,orphanage,299.48936170212767,2.34715339820832
5,390,and,308.4468085106383,1.5545063018798828
5,391,practice,304.5531914893617,6.943411827087402
5,392,being,315.8936170212766,5.619561672210693
5,393,like,308.44086021505376,3.6638801097869873
5,394,the,305.8085106382979,3.323352575302124
5,395,man,306.21276595744683,3.239091634750366
5,396,who,306.2795698924731,1.4688773155212402
5,397,all,330.3085106382979,7.593511581420898
5,398,the,302.2258064516129,1.0851151943206787
5,399,girls,302.9032258064516,3.540541410446167
5,400,"loved,",276.7741935483871,7.291226387023926
5,401,since,302.6195652173913,6.734655380249023
5,402,I,300.85869565217394,1.2325778007507324
5,403,had,287.9569892473118,1.2681450843811035
5,404,my,289.9130434782609,5.372250556945801
5,405,new,283.3804347826087,1.9442325830459595
5,406,Buster,302.2795698924731,1.5229119062423706
5,407,Brown,290.13978494623655,0.018381021916866302
5,408,shoes.,316.031914893617,1.2605546414852142
5,409,It,325.98924731182797,3.1027822494506836
5,410,was,300.1914893617021,0.5416474938392639
5,411,the,298.9255319148936,3.1548612117767334
5,412,new,283.4516129032258,6.077325344085693
5,413,"haircut,",281.01063829787233,6.169181942939758
5,414,"though,",339.74468085106383,6.029438614845276
5,415,that,346.1595744680851,0.876370370388031
5,416,I,301.7096774193548,1.911900281906128
5,417,needed,310.3010752688172,3.3636133670806885
5,418,to,304.1170212765957,1.1010899543762207
5,419,complete,303.09574468085106,6.587689399719238
5,420,my,305.8085106382979,3.253241777420044
5,421,new,298.06451612903226,2.7308311462402344
5,422,look.,312.1170212765957,4.980880707502365
5,423,We,318.9782608695652,5.136241436004639
5,424,finally,304.2340425531915,5.370358943939209
5,425,arrived,310.1182795698925,3.381044864654541
5,426,at,297.9255319148936,0.7043780088424683
5,427,the,281.5744680851064,0.5237075090408325
5,428,"unassuming,",340.02150537634407,13.335689067840576
5,429,unembellished,529.1075268817204,12.845842332812026
5,430,"barbershop,",544.8510638297872,10.13422392308712
5,431,where,410.48936170212767,0.9627266526222229
5,432,they,352.51063829787233,4.377456188201904
5,433,cut,334.0744680851064,4.502728462219238
5,434,our,327.8829787234043,3.034809112548828
5,435,hair,332.82978723404256,0.46478408575057983
5,436,for,304.24468085106383,3.805366277694702
5,437,free,306.27659574468083,4.003415107727051
5,438,because,331.01063829787233,6.462615489959717
5,439,we,319.9148936170213,1.722233772277832
5,440,were,312.69473684210527,0.8878709673881531
5,441,orphans.,323.03225806451616,7.981900334358215
5,442,Even,370.5806451612903,6.154030799865723
5,443,though,339.0,0.7670924663543701
5,444,we,311.40425531914894,1.6605068445205688
5,445,were,314.8723404255319,0.6809295415878296
5,446,supposed,324.97849462365593,4.806700706481934
5,447,to,326.0531914893617,0.0011988840997219086
5,448,slowly,324.1914893617021,11.493114471435547
5,449,wait,346.4623655913978,5.826562881469727
5,450,to,327.4301075268817,3.345987319946289
5,451,be,335.0425531914894,1.9721683263778687
5,452,"called,",332.51063829787233,6.687674522399902
5,453,I,308.1489361702128,2.0688600540161133
5,454,ran,298.4516129032258,7.083672523498535
5,455,straight,301.3510638297872,4.575527191162109
5,456,up,316.8829787234043,2.535114049911499
5,457,to,288.43617021276594,0.4619274139404297
5,458,one,309.17021276595744,3.999203681945801
5,459,of,298.56382978723406,0.0856623724102974
5,460,the,291.3723404255319,0.2385713905096054
5,461,barber,301.22340425531917,5.673082590103149
5,462,chairs,322.59574468085106,5.295653820037842
5,463,and,324.73118279569894,0.7246827483177185
5,464,climbed,302.3829787234043,7.1205949783325195
5,465,up,319.8510638297872,1.711157202720642
5,466,onto,304.3404255319149,2.8864693641662598
5,467,the,291.4468085106383,1.1537861824035645
5,468,board,301.4468085106383,7.603528022766113
5,469,the,324.1914893617021,6.70739221572876
5,470,barber,387.25531914893617,3.2167966961860657
5,471,placed,353.1276595744681,5.173893928527832
5,472,across,348.22340425531917,5.167823791503906
5,473,the,326.5531914893617,1.117767095565796
5,474,arms,322.2340425531915,9.116924285888672
5,475,to,350.2340425531915,3.625566005706787
5,476,make,331.1914893617021,3.672095775604248
5,477,me,308.3936170212766,3.3271217346191406
5,478,sit,322.6808510638298,3.43574857711792
5,479,up,330.17021276595744,1.6122722625732422
5,480,higher.,343.96774193548384,6.8668776750564575
5,481,I,397.20212765957444,1.2532398700714111
5,482,looked,358.63829787234044,3.5175461769104004
5,483,at,334.47872340425533,1.538373589515686
5,484,the,327.4731182795699,1.1271944046020508
5,485,man,351.4574468085106,4.302713394165039
5,486,and,314.06382978723406,2.370514392852783
5,487,"said,",304.21276595744683,1.5834667086601257
5,488,with,323.29787234042556,5.544191837310791
5,489,a,319.67021276595744,0.6592310070991516
5,490,beaming,324.21276595744683,9.54235577583313
5,491,smile,360.98936170212767,0.36703309416770935
5,492,on,319.2659574468085,3.426473617553711
5,493,my,314.531914893617,0.25437361001968384
5,494,"face,",293.79347826086956,0.14452523738145828
5,495,'I,307.2795698924731,7.0569844245910645
5,496,want,326.2258064516129,3.443490982055664
5,497,an,295.0967741935484,6.664092063903809
5,498,Elvis,315.3936170212766,0.2963317334651947
5,499,haircut.,320.4574468085106,2.1985547244548798
5,500,Can,373.6595744680851,4.385085105895996
5,501,you,316.1170212765957,0.7088330388069153
5,502,make,296.61290322580646,3.4779052734375
5,503,my,300.28723404255317,4.156373500823975
5,504,hair,298.09574468085106,1.105624794960022
5,505,like,304.531914893617,4.007274150848389
5,506,Elvis's?',351.8817204301075,5.560932755470276
5,507,I,360.29347826086956,2.277522563934326
5,508,asked.,351.02150537634407,5.647566080093384
5,509,The,349.6666666666667,1.8645750284194946
5,510,"barber,",328.7741935483871,4.638766396790743
5,511,who,302.78723404255317,0.820298969745636
5,512,was,320.71276595744683,0.9796823263168335
5,513,a,305.75531914893617,2.667933702468872
5,514,genial,320.6914893617021,9.191743625327945
5,515,young,357.93617021276594,3.0576863288879395
5,516,"man,",337.71276595744683,1.0867137759923935
5,517,grinned,353.4148936170213,5.94358491897583
5,518,back,350.63829787234044,3.1055359840393066
5,519,at,316.02127659574467,1.7646057605743408
5,520,me,321.63829787234044,0.029362579807639122
5,521,and,306.67021276595744,0.9319518804550171
5,522,said,293.9247311827957,0.5597321391105652
5,523,that,301.1720430107527,5.0183305740356445
5,524,he,315.3225806451613,1.1200058460235596
5,525,would,309.59139784946234,2.122091293334961
5,526,try,302.59139784946234,4.461647033691406
5,527,his,308.1505376344086,3.4001598358154297
5,528,best.,308.48387096774195,2.8249273896217346
5,529,I,342.0,1.082960844039917
5,530,was,294.0752688172043,2.289517641067505
5,531,so,309.79787234042556,2.7300961017608643
5,532,happy,292.0967741935484,1.9262570142745972
5,533,when,294.5268817204301,3.2868714332580566
5,534,he,280.4148936170213,0.9187481999397278
5,535,started,279.5851063829787,5.022951126098633
5,536,to,295.3936170212766,1.6455388069152832
5,537,cut,319.1182795698925,3.5071229934692383
5,538,my,293.82978723404256,0.3712497353553772
5,539,"hair,",318.56382978723406,1.3243750110268593
5,540,but,291.93548387096774,1.8010896444320679
5,541,just,297.5483870967742,5.583690166473389
5,542,as,313.7717391304348,1.4620215892791748
5,543,he,304.1170212765957,2.352965831756592
5,544,started,307.40425531914894,1.7171025276184082
5,545,to,317.77659574468083,0.30893442034721375
5,546,"cut,",304.02127659574467,4.741369843482971
5,547,the,305.3723404255319,2.250270366668701
5,548,"matron,",342.28723404255317,10.904422376304865
5,549,who,337.71276595744683,0.670689046382904
5,550,had,357.5744680851064,1.6708779335021973
5,551,been,321.6063829787234,1.5657087564468384
5,552,watching,321.752688172043,2.799649238586426
5,553,me,304.4731182795699,0.6031988263130188
5,554,and,301.06666666666666,3.4223227500915527
5,555,had,308.7204301075269,2.911465883255005
5,556,a,314.25531914893617,3.1396470069885254
5,557,look,308.51063829787233,4.203861236572266
5,558,as,319.52127659574467,6.151118755340576
5,559,cold,311.6559139784946,8.186443328857422
5,560,as,311.8478260869565,0.10900717973709106
5,561,"ice,",327.1595744680851,2.8382318019866943
5,562,motioned,353.90425531914894,8.15998407220468
5,563,for,333.8723404255319,2.556061029434204
5,564,him,329.0744680851064,4.012405872344971
5,565,to,316.3085106382979,0.055126581341028214
5,566,come,296.21276595744683,2.2613484859466553
5,567,over,299.1808510638298,1.285485029220581
5,568,to,315.86021505376345,1.5380302667617798
5,569,where,299.06451612903226,4.238763809204102
5,570,she,310.0,5.87206506729126
5,571,was,296.63829787234044,0.45648330450057983
5,572,standing.,308.4574468085106,3.72694194316864
5,573,She,340.5744680851064,3.0177931785583496
5,574,whispered,331.8936170212766,7.0389790534973145
5,575,something,343.3510638297872,2.251683473587036
5,576,into,302.97849462365593,2.7045609951019287
5,577,his,304.4516129032258,1.1019920110702515
5,578,ear,291.968085106383,0.053901556879282
5,579,that,300.3936170212766,2.351170063018799
5,580,caused,295.77659574468083,5.126552581787109
5,581,the,311.1808510638298,2.003291606903076
5,582,barber,306.52127659574467,0.7414582837373018
5,583,to,308.5851063829787,0.13157258927822113
5,584,shake,316.82978723404256,4.193961143493652
5,585,his,334.55913978494624,1.0789144039154053
5,586,"head,",324.1063829787234,2.0517591536045074
5,587,like,333.9032258064516,5.337652206420898
5,588,he,331.5108695652174,1.135410189628601
5,589,was,318.4731182795699,0.5008270740509033
5,590,telling,296.9148936170213,5.740194320678711
5,591,"her,",306.8085106382979,3.9722070693969727
5,592,'No'.,382.72340425531917,9.20203748345375
5,593,In,405.21276595744683,4.865985870361328
5,594,"response,",356.06382978723406,4.2669820338487625
5,595,the,334.3510638297872,1.584216833114624
5,596,matron,316.98924731182797,2.5126948673278093
5,597,walked,330.72340425531917,4.404956817626953
5,598,over,366.26881720430106,0.5083353519439697
5,599,to,320.8152173913044,0.6153981685638428
5,600,a,310.70652173913044,4.58401346206665
5,601,little,324.98936170212767,3.8921403884887695
5,602,man,310.01075268817203,4.760978698730469
5,603,sitting,337.17021276595744,2.6322717666625977
5,604,in,309.83870967741933,1.8240742683410645
5,605,an,299.4623655913978,3.905463457107544
5,606,office,326.27659574468083,3.7531256675720215
5,607,chair,322.5744680851064,0.5643079280853271
5,608,that,314.32978723404256,3.060103416442871
5,609,squeaked,333.6170212765957,11.004861956462264
5,610,as,337.6808510638298,3.815592050552368
5,611,it,339.0537634408602,1.84194016456604
5,612,rolled,308.89247311827955,4.946656227111816
5,613,around,322.9255319148936,2.5741217136383057
5,614,the,315.28723404255317,2.652303695678711
5,615,floor,301.3369565217391,2.6733314990997314
5,616,and,319.97849462365593,2.01344633102417
5,617,spoke,309.7826086956522,6.585056304931641
5,618,to,298.1630434782609,1.0849237442016602
5,619,him.,287.78494623655916,2.321490168571472
5,620,It,331.9462365591398,3.9880213737487793
5,621,was,318.7659574468085,0.37721094489097595
5,622,the,281.7340425531915,2.5714919567108154
5,623,little,318.71276595744683,5.447797775268555
5,624,man,307.39784946236557,0.5086072683334351
5,625,who,294.6195652173913,1.1674267053604126
5,626,then,317.23655913978496,5.592466354370117
5,627,walked,304.10869565217394,3.9680094718933105
5,628,over,293.6595744680851,0.6343625783920288
5,629,and,284.6666666666667,1.8217030763626099
5,630,said,290.98924731182797,2.472538948059082
5,631,something,307.61290322580646,3.681217670440674
5,632,to,319.9574468085106,1.2820603847503662
5,633,the,293.5531914893617,1.3098411560058594
5,634,man,298.5,2.3228461742401123
5,635,who,312.968085106383,1.9694393873214722
5,636,was,301.0537634408602,0.5626436471939087
5,637,cutting,279.98936170212767,6.547089576721191
5,638,my,280.63829787234044,0.5140361785888672
5,639,hair.,297.35483870967744,0.6479436941444874
5,640,The,310.1758241758242,1.471436619758606
5,641,next,319.3510638297872,5.127601146697998
5,642,thing,290.18279569892474,0.9024083018302917
5,643,I,277.6847826086956,0.29636284708976746
5,644,"knew,",287.0,0.7721232175827026
5,645,the,303.8085106382979,1.373901605606079
5,646,man,321.9148936170213,2.2389276027679443
5,647,who,288.52127659574467,1.947698712348938
5,648,was,290.0425531914894,0.5055220127105713
5,649,cutting,292.03225806451616,1.189713716506958
5,650,my,282.5483870967742,0.0633026510477066
5,651,hair,273.9255319148936,0.021578650921583176
5,652,told,296.5531914893617,5.3978657722473145
5,653,me,297.63440860215053,0.20140953361988068
5,654,that,285.19354838709677,0.6097714900970459
5,655,he,313.06451612903226,0.8787890076637268
5,656,was,308.1505376344086,1.295032024383545
5,657,no,302.18279569892474,5.975116729736328
5,658,longer,328.505376344086,0.2599705755710602
5,659,allowed,325.86170212765956,4.4505934715271
5,660,to,313.48387096774195,0.11884115636348724
5,661,give,303.6304347826087,4.800282955169678
5,662,me,292.0537634408602,0.38452044129371643
5,663,an,304.22340425531917,2.153759002685547
5,664,Elvis,310.0851063829787,0.03393642604351044
5,665,cut.,298.97849462365593,7.926265358924866
5,666,'Why,338.0869565217391,8.273077487945557
5,667,not?',352.63829787234044,4.327473223209381
5,668,I,326.36170212765956,0.31119346618652344
5,669,cried,308.4255319148936,5.948095321655273
5,670,desperately.,350.86170212765956,8.224365025758743
5,671,The,342.28723404255317,2.109163284301758
5,672,kindly,330.18279569892474,13.382460594177246
5,673,barber,347.8191489361702,1.6188049642369151
5,674,stopped,333.2795698924731,5.168146133422852
5,675,by,333.51612903225805,3.476975440979004
5,676,the,333.0744680851064,1.1483385562896729
5,677,matron,344.06382978723406,6.002840734785423
5,678,did,350.1914893617021,12.057570457458496
5,679,not,441.72340425531917,1.6312615871429443
5,680,"answer,",410.25531914893617,5.2916576862335205
5,681,but,411.10752688172045,1.2444647550582886
5,682,from,370.6559139784946,6.7137861251831055
5,683,his,318.81720430107526,2.306556224822998
5,684,"expression,",326.0967741935484,5.7762757539749146
5,685,I,350.1290322580645,1.2157140970230103
5,686,could,307.77659574468083,1.712162733078003
5,687,tell,298.1276595744681,0.9759746193885803
5,688,that,299.1290322580645,0.7256966233253479
5,689,he,292.9139784946237,0.37915775179862976
5,690,wished,302.8279569892473,6.641214847564697
5,691,he,329.0752688172043,2.092752456665039
5,692,could,320.81720430107526,0.5822691321372986
5,693,cut,304.1720430107527,4.301225662231445
5,694,it,302.1276595744681,3.9229745864868164
5,695,as,298.2903225806452,3.6916871070861816
5,696,I,303.968085106383,3.8533051013946533
5,697,had,313.63829787234044,2.714416027069092
5,698,asked.,306.3440860215054,6.339470148086548
5,699,Within,347.98936170212767,6.298978328704834
5,700,a,321.56382978723406,1.0727264881134033
5,701,few,306.505376344086,0.523525595664978
5,702,"minutes,",293.4468085106383,0.9950138330459595
5,703,it,319.3510638297872,3.94234299659729
5,704,wasn't,314.752688172043,6.394190599909052
5,705,an,310.4731182795699,4.12674617767334
5,706,Elvis,306.90425531914894,0.26417237520217896
5,707,"haircut,",337.79787234042556,1.957828164100647
5,708,but,302.3085106382979,0.5044416189193726
5,709,a,295.43617021276594,1.4678819179534912
5,710,short,294.5376344086022,4.812348365783691
5,711,buzz,312.6595744680851,9.246777534484863
5,712,cut,335.0851063829787,0.7595040798187256
5,713,that,328.5,1.908006191253662
5,714,the,310.48387096774195,3.4191224575042725
5,715,barber,308.7340425531915,0.6381387747824192
5,716,had,321.90425531914894,1.3978699445724487
5,717,given,318.86021505376345,2.8554725646972656
5,718,me.,319.36170212765956,1.0461048930883408
5,719,When,353.4347826086956,3.8260254859924316
5,720,he,331.4193548387097,2.23063325881958
5,721,finished,323.75531914893617,2.450033664703369
5,722,shaving,306.2043010752688,5.972064971923828
5,723,off,321.1808510638298,4.163283824920654
5,724,all,324.98936170212767,3.9053375720977783
5,725,my,325.5851063829787,2.1195552349090576
5,726,hair,312.2340425531915,0.09709879755973816
5,727,and,317.3191489361702,2.4596121311187744
5,728,made,327.2258064516129,5.080610275268555
5,729,me,294.63440860215053,1.444651484489441
5,730,smell,294.4468085106383,10.469916343688965
5,731,real,313.28723404255317,7.940314292907715
5,732,good,320.80645161290323,1.506879210472107
5,733,with,326.03225806451616,4.331590175628662
5,734,his,307.13829787234044,1.5204970836639404
5,735,"powder,",303.77659574468083,9.803123652935028
5,736,the,339.13978494623655,1.7332637310028076
5,737,barber,328.6595744680851,0.47469930723309517
5,738,handed,328.4623655913978,4.207307815551758
5,739,me,312.09574468085106,0.10063301026821136
5,740,a,310.19354838709677,0.7532777786254883
5,741,nickel,308.98936170212767,8.478201866149902
5,742,and,339.0425531914894,1.5851666927337646
5,743,told,319.0,2.008958339691162
5,744,me,302.9032258064516,0.024612803012132645
5,745,to,289.3225806451613,0.9894697666168213
5,746,go,298.6559139784946,2.049281120300293
5,747,outside,296.494623655914,6.2060065269470215
5,748,to,306.02127659574467,2.079948902130127
5,749,the,309.40860215053766,2.8231751918792725
5,750,snack,300.3404255319149,8.188793182373047
5,751,machine,312.741935483871,6.295015811920166
5,752,and,313.9569892473118,2.4167444705963135
5,753,buy,303.8279569892473,2.098994255065918
5,754,myself,307.3085106382979,4.944458484649658
5,755,a,303.247311827957,0.6887258291244507
5,756,candy,318.18279569892474,4.322187900543213
5,757,bar.,317.1720430107527,0.8697094321250916
5,758,I,360.60215053763443,0.9045736193656921
5,759,handed,319.8279569892473,6.437651634216309
5,760,him,309.9574468085106,1.1860804557800293
5,761,the,300.0425531914894,1.0322010517120361
5,762,nickel,295.1182795698925,3.9774608612060547
5,763,back,301.07608695652175,4.150862693786621
5,764,and,318.7659574468085,0.7454692125320435
5,765,told,322.2340425531915,2.9981818199157715
5,766,him,300.9247311827957,0.11566926538944244
5,767,that,285.8279569892473,1.2283493280410767
5,768,I,304.0537634408602,0.5776675343513489
5,769,was,297.68817204301075,1.4769198894500732
5,770,not,283.31182795698925,3.57658314704895
5,771,hungry.,292.83870967741933,7.247504234313965
5,772,'I'm,355.7659574468085,7.128460764884949
5,773,so,322.531914893617,3.9558749198913574
5,774,"sorry,",318.7204301075269,3.2205148935317993
5,775,"baby,'",332.51063829787233,5.461277157068253
5,776,he,397.09574468085106,0.6644548177719116
5,777,"said,",381.59139784946234,1.537690743803978
5,778,as,388.9130434782609,3.223458766937256
5,779,I,370.6276595744681,1.293061375617981
5,780,climbed,331.3085106382979,5.935175895690918
5,781,out,314.78494623655916,2.242924213409424
5,782,of,305.1195652173913,0.2816354036331177
5,783,his,293.25531914893617,3.879007339477539
5,784,barber,318.17021276595744,5.573255300521851
5,785,chair.,326.06451612903226,1.3445702195167542
5,786,'I,326.26881720430106,3.1451662182807922
5,787,am,318.61290322580646,3.9042837619781494
5,788,not,307.3440860215054,1.9166511297225952
5,789,a,300.3478260869565,4.088711738586426
5,790,"baby,'",326.0326086956522,6.843776226043701
5,791,I,380.60215053763443,0.10759823769330978
5,792,"said,",342.39130434782606,1.7534350156784058
5,793,as,343.6923076923077,2.003195285797119
5,794,I,319.98924731182797,0.46268051862716675
5,795,wiped,302.64835164835165,6.883594512939453
5,796,the,307.5978260869565,1.7090845108032227
5,797,tears,338.64130434782606,4.299903869628906
5,798,from,313.2043010752688,0.34251368045806885
5,799,my,291.9139784946237,0.021001461893320084
5,800,eyes.,324.8494623655914,0.7331545948982239
5,801,I,303.57608695652175,1.5451772212982178
5,802,then,308.28723404255317,3.7382006645202637
5,803,sat,305.5425531914894,3.170280933380127
5,804,down,299.6373626373626,0.6630620360374451
5,805,on,313.5698924731183,1.1978623867034912
5,806,the,331.0,0.36759674549102783
5,807,floor,297.8279569892473,3.3207154273986816
5,808,and,290.13829787234044,1.1117931604385376
5,809,brushed,290.2043010752688,7.320528984069824
5,810,away,297.7741935483871,5.186643123626709
5,811,the,291.0537634408602,0.6886796951293945
5,812,hair,291.25531914893617,3.6154818534851074
5,813,that,309.61290322580646,1.4055975675582886
5,814,had,298.8131868131868,0.6712109446525574
5,815,accumulated,342.7032967032967,4.398027420043945
5,816,on,335.7741935483871,1.272207260131836
5,817,my,290.2391304347826,0.3392524719238281
5,818,shiny,306.54347826086956,10.109213829040527
5,819,new,307.6914893617021,2.8017406463623047
5,820,Buster,308.5806451612903,7.193276405334473
5,821,Brown,321.17391304347825,0.00890651810914278
5,822,shoes.,323.8085106382979,0.9632883667945862
5,823,My,353.71276595744683,3.6269421577453613
5,824,head,333.0860215053763,4.228064060211182
5,825,was,313.81720430107526,1.10107421875
5,826,no,299.17021276595744,5.633654594421387
5,827,longer,299.55913978494624,0.21018564701080322
5,828,in,286.67391304347825,2.5457844734191895
5,829,the,293.18279569892474,0.894960880279541
5,830,"clouds,",285.5978260869565,8.776034712791443
5,831,and,305.5376344086022,1.3768548965454102
5,832,I,297.26881720430106,0.7322795987129211
5,833,got,291.4516129032258,5.289925575256348
5,834,up,286.03225806451616,1.800258994102478
5,835,off,293.1505376344086,4.181394100189209
5,836,the,284.5263157894737,0.35453611612319946
5,837,"floor,",298.79787234042556,3.9627392292022705
5,838,brushed,298.80645161290323,6.510525703430176
5,839,off,305.1182795698925,2.6534252166748047
5,840,my,292.82978723404256,1.134328007698059
5,841,short,285.02150537634407,6.176621437072754
5,842,"pants,",314.79347826086956,7.035438001155853
5,843,and,318.0978260869565,0.40019530057907104
5,844,walked,336.258064516129,2.1504178047180176
5,845,sullenly,300.3369565217391,13.674729491438484
5,846,towards,343.9894736842105,3.266216278076172
5,847,the,336.3763440860215,0.2500702738761902
5,848,door.,294.7608695652174,5.647444307804108
5,849,The,331.59574468085106,2.338090181350708
5,850,matron,311.8829787234043,3.927553175482899
5,851,was,310.04347826086956,2.775470018386841
5,852,smiling,307.9462365591398,5.348342418670654
5,853,at,299.01075268817203,1.3705354928970337
5,854,me,294.86813186813185,0.04617750272154808
5,855,sort,300.4193548387097,12.331069946289062
5,856,of,299.46315789473687,0.011221983470022678
5,857,funny,295.3723404255319,3.0515925884246826
5,858,like.,320.5108695652174,13.3333158493042
5,859,The,360.4574468085106,3.6318821907043457
5,860,barber,338.13829787234044,1.1915493216365576
5,861,upset,314.02150537634407,13.238052368164062
5,862,by,319.4526315789474,5.61562967300415
5,863,the,329.6421052631579,1.6131144762039185
5,864,matron,302.09473684210525,8.659633141476661
5,865,said,325.031914893617,4.067305088043213
5,866,to,317.86021505376345,2.4713706970214844
5,867,"her,",329.2340425531915,6.224717408418655
5,868,'You,339.8494623655914,1.7342356517910957
5,869,are,328.72340425531917,2.410633087158203
5,870,just,304.1276595744681,4.173520088195801
5,871,a,310.9574468085106,1.678770899772644
5,872,damn,330.2842105263158,7.824128150939941
5,873,"bitch,",369.0860215053763,6.3808434009552
5,874,lady.',405.8279569892473,8.73740816116333
5,875,She,428.2795698924731,2.999523401260376
5,876,yelled,384.71276595744683,5.87645959854126
5,877,back,347.90425531914894,1.0726628303527832
5,878,at,308.77659574468083,1.6819369792938232
5,879,him,308.79787234042556,1.8086330890655518
5,880,at,357.3085106382979,5.432034015655518
5,881,the,344.1182795698925,1.2743474245071411
5,882,top,314.468085106383,2.7502503395080566
5,883,of,292.5531914893617,0.03830544278025627
5,884,her,291.1505376344086,0.04015671834349632
5,885,"lungs,",317.7659574468085,1.2500853538513184
5,886,before,335.1914893617021,5.731410503387451
5,887,walking,311.1489361702128,4.203651428222656
5,888,toward,316.01075268817203,5.131999492645264
5,889,the,305.5,0.4370923638343811
5,890,"office,",311.29347826086956,8.297970533370972
5,891,as,328.97872340425533,5.475894451141357
5,892,fast,309.69473684210527,3.6343204975128174
5,893,as,297.21276595744683,0.022570857778191566
5,894,she,304.0425531914894,0.30179232358932495
5,895,could.,326.5806451612903,1.2451022118330002
5,896,To,334.93548387096774,6.206295967102051
5,897,show,319.40425531914894,6.542892932891846
5,898,his,305.5744680851064,4.432989597320557
5,899,"anger,",333.25531914893617,4.224704086780548
5,900,the,328.2736842105263,0.8689549565315247
5,901,man,320.40425531914894,3.94720458984375
5,902,hit,317.56382978723406,6.604372501373291
5,903,the,304.1808510638298,1.6536946296691895
5,904,wall,324.2258064516129,3.5278780460357666
5,905,with,328.7340425531915,1.6580991744995117
5,906,his,304.8709677419355,0.8061661124229431
5,907,hand,317.1182795698925,3.5230228900909424
5,908,and,306.1595744680851,1.0270682573318481
5,909,then,330.6847826086956,4.247735977172852
5,910,walked,311.2258064516129,3.2984108924865723
5,911,outside,309.4468085106383,5.062795639038086
5,912,where,329.1847826086956,5.889310836791992
5,913,he,292.468085106383,0.8186088800430298
5,914,stood,299.4574468085106,4.170363426208496
5,915,against,331.8085106382979,7.148834228515625
5,916,the,303.1720430107527,0.4642431139945984
5,917,brick,322.8829787234043,4.788474082946777
5,918,"wall,",344.8279569892473,1.7468783408403397
5,919,smoking,329.31111111111113,5.30615234375
5,920,a,329.4255319148936,0.7219866514205933
5,921,cigarette.,333.51612903225805,1.2173474431037903
5,922,I,347.7741935483871,1.6138677597045898
5,923,understood,339.7741935483871,8.124176979064941
5,924,right,325.1595744680851,5.914590835571289
5,925,there,317.1505376344086,5.220784664154053
5,926,my,317.9782608695652,7.900087356567383
5,927,haircut,336.32978723404256,7.7386627197265625
5,928,was,336.5851063829787,1.072256326675415
5,929,something,330.5268817204301,5.469330787658691
5,930,that,340.0,1.7792394161224365
5,931,had,316.51612903225805,2.424178123474121
5,932,been,319.06382978723406,1.854734182357788
5,933,out,320.0425531914894,6.473667144775391
5,934,of,315.83870967741933,0.3337446451187134
5,935,the,294.9462365591398,2.6421737670898438
5,936,power,322.22340425531917,7.810748100280762
5,937,of,351.1182795698925,0.14243103563785553
5,938,the,328.2391304347826,1.7742652893066406
5,939,barber,312.1808510638298,1.829483225941658
5,940,and,312.468085106383,3.02947735786438
5,941,then,306.52127659574467,6.453520774841309
5,942,I,298.5483870967742,1.8424360752105713
5,943,slowly,311.4301075268817,7.786524772644043
5,944,walked,310.4255319148936,1.6910200119018555
5,945,outside,311.36170212765956,4.1581854820251465
5,946,to,299.494623655914,1.6874947547912598
5,947,join,299.60215053763443,6.220761299133301
5,948,the,308.8829787234043,0.7064021825790405
5,949,man.,306.8085106382979,7.860877752304077
5,950,He,343.19354838709677,2.223453998565674
5,951,looked,336.01075268817203,2.7638769149780273
5,952,"down,",310.76344086021504,7.188417911529541
5,953,smiled,312.2659574468085,4.5511040687561035
5,954,at,302.70212765957444,1.4876353740692139
5,955,"me,",302.4193548387097,0.465335501357913
5,956,then,299.3936170212766,2.528865098953247
5,957,he,304.8829787234043,4.039895057678223
5,958,patted,308.67021276595744,7.273110643029213
5,959,me,312.3191489361702,0.925183892250061
5,960,on,288.76344086021504,0.2967343032360077
5,961,the,288.59139784946234,0.021306902170181274
5,962,top,299.47872340425533,8.94184398651123
5,963,of,280.74468085106383,0.016782525926828384
5,964,my,294.8279569892473,1.2001841068267822
5,965,bald,292.6304347826087,8.449618339538574
5,966,as,340.0851063829787,10.148134231567383
5,967,a,442.752688172043,3.6410393714904785
5,968,coot,404.9569892473118,12.811031341552734
5,969,head.,476.19565217391306,9.884697437286377
5,970,It,450.8279569892473,3.6228339672088623
5,971,was,357.0531914893617,0.4268247187137604
5,972,a,334.0752688172043,1.915518879890442
5,973,fact,305.494623655914,7.637911796569824
5,974,of,313.5698924731183,2.100231170654297
5,975,my,315.18279569892474,3.913860321044922
5,976,life,314.96774193548384,0.14207077026367188
5,977,that,320.73118279569894,0.4868159890174866
5,978,I,294.16129032258067,0.8708406090736389
5,979,was,302.06382978723406,1.6312222480773926
5,980,not,309.7659574468085,2.318100929260254
5,981,gonna,287.93548387096774,5.884742259979248
5,982,have,285.1595744680851,3.0216474533081055
5,983,hair,291.3829787234043,5.572177886962891
5,984,that,295.3763440860215,1.9667690992355347
5,985,was,314.90425531914894,1.8314584493637085
5,986,anything,321.52127659574467,5.571447372436523
5,987,like,325.21505376344084,0.7293278574943542
5,988,Elvis's,302.73118279569894,3.4115272760391235
5,989,anytime,315.90425531914894,9.810543060302734
5,990,soon.,326.97872340425533,0.4108624029904604
5,991,I,340.5578947368421,1.2294120788574219
5,992,then,310.12631578947367,4.642672538757324
5,993,looked,310.22105263157897,3.405276298522949
5,994,up,309.7578947368421,1.9085088968276978
5,995,at,292.71875,0.8252964019775391
5,996,the,288.4736842105263,0.458746075630188
5,997,barber,304.0208333333333,1.6234886478632689
5,998,with,314.8541666666667,3.5627875328063965
5,999,my,297.0927835051546,1.9255521297454834
5,1000,wet,288.0927835051546,8.757217407226562
5,1001,red,303.7368421052632,4.847733497619629
5,1002,eyes,333.7604166666667,1.9557971954345703
5,1003,and,328.2061855670103,0.8748679757118225
5,1004,"asked,",318.35051546391753,4.753287076950073
5,1005,'Do,351.6145833333333,2.9580208137631416
5,1006,you,313.6701030927835,0.06831301748752594
5,1007,know,305.8659793814433,2.0493390560150146
5,1008,if,302.5157894736842,3.536545753479004
5,1009,Elvis,320.7368421052632,2.3193931579589844
5,1010,Presley,376.5625,4.327283062564675
5,1011,has,346.5578947368421,2.7105116844177246
5,1012,green,377.1354166666667,7.7764387130737305
5,1013,bones?',800.3510638297872,9.849831998348236
6,2,is,379.4146341463415,3.0817270278930664
6,3,a,323.9024390243902,1.845841884613037
6,4,story,371.7590361445783,5.444956302642822
6,5,of,354.88235294117646,1.6938388347625732
6,6,how,332.05882352941177,3.268827199935913
6,7,Mr.,339.8941176470588,7.585263431072235
6,8,Sticky,348.975,13.78003215789795
6,9,got,381.48809523809524,3.3535213470458984
6,10,in,356.0705882352941,4.065464019775391
6,11,Abby's,397.05882352941177,14.906874418258667
6,12,fish,462.27710843373495,9.891013145446777
6,13,tank.,550.7848101265823,3.116319417953491
6,14,'He's,555.6666666666666,12.692020654678345
6,15,very,384.8333333333333,3.9859366416931152
6,16,"small,'",350.31325301204816,7.5619797706604
6,17,Abby's,392.10843373493975,5.793628454208374
6,18,mom,444.25925925925924,2.477931499481201
6,19,said,380.6875,1.4856514930725098
6,20,as,384.5952380952381,3.8057148456573486
6,21,she,393.5421686746988,0.7320548892021179
6,22,peered,363.1807228915663,7.136843651533127
6,23,at,349.1341463414634,2.1714582443237305
6,24,the,342.48192771084337,1.389897346496582
6,25,tiny,356.3414634146341,3.5741047859191895
6,26,water,403.2073170731707,6.690423965454102
6,27,snail.,480.4268292682927,10.099176049232483
6,28,Abby,600.0506329113924,4.267383575439453
6,29,said,447.0,4.013424396514893
6,30,that,394.0357142857143,2.2138426303863525
6,31,he,366.6666666666667,3.2838380336761475
6,32,would,361.5952380952381,3.7033121585845947
6,33,grow,356.25,4.193790912628174
6,34,and,356.07142857142856,4.590904712677002
6,35,then,347.8780487804878,3.373859405517578
6,36,pulled,380.34939759036143,12.004989624023438
6,37,her,405.7439024390244,2.762855291366577
6,38,pajama,425.8658536585366,14.227586269378662
6,39,bottoms,403.5,0.5432264917180873
6,40,up,371.9759036144578,2.658182382583618
6,41,again,382.06024096385545,6.107630729675293
6,42,before,377.90361445783134,4.786312580108643
6,43,she,367.42857142857144,2.174081325531006
6,44,got,360.0,3.3684263229370117
6,45,into,354.04819277108436,3.2351861000061035
6,46,"bed,",425.7710843373494,5.342737197875977
6,47,for,447.72289156626505,6.082209587097168
6,48,they,398.7710843373494,5.48637580871582
6,49,were,353.7469879518072,1.0592260360717773
6,50,always,370.3734939759036,4.616855621337891
6,51,falling,363.9404761904762,7.459536552429199
6,52,down.,379.219512195122,3.501968502998352
6,53,"Usually,",441.6463414634146,10.082300066947937
6,54,Abby's,439.3734939759036,4.978207111358643
6,55,mom,388.5061728395062,0.9261785745620728
6,56,got,392.8780487804878,5.181936264038086
6,57,up,327.7469879518072,1.8160207271575928
6,58,at,341.22222222222223,2.549738645553589
6,59,the,360.1566265060241,2.7716424465179443
6,60,crack,369.421686746988,7.15487003326416
6,61,of,321.0120481927711,0.3102295994758606
6,62,"dawn,",314.3170731707317,2.006761807948351
6,63,but,350.65060240963857,2.2865116596221924
6,64,it,321.0843373493976,3.6410322189331055
6,65,was,294.28915662650604,0.5648727416992188
6,66,Abby,354.93975903614455,6.398177146911621
6,67,who,366.0,1.5319859981536865
6,68,jumped,343.76190476190476,5.872100830078125
6,69,out,317.87951807228916,1.6943047046661377
6,70,of,343.9879518072289,0.4606488049030304
6,71,bed,362.3734939759036,0.28216552734375
6,72,first,366.7926829268293,6.1212615966796875
6,73,the,354.5903614457831,7.158774375915527
6,74,next,366.69135802469134,1.0628633499145508
6,75,morning,368.90361445783134,0.40131038427352905
6,76,and,342.9012345679012,2.2053725719451904
6,77,switched,334.3536585365854,8.660835266113281
6,78,on,336.6219512195122,2.032381534576416
6,79,the,326.13253012048193,0.6650026440620422
6,80,light,349.28915662650604,1.5502369403839111
6,81,in,333.3975903614458,3.51212739944458
6,82,her,328.109756097561,0.9379690289497375
6,83,fish,331.7142857142857,5.859684944152832
6,84,"tank,",385.3048780487805,2.3933905884623528
6,85,which,374.7951807228916,2.12982439994812
6,86,contained,383.8536585365854,5.801959037780762
6,87,three,338.30120481927713,4.652482986450195
6,88,fish.,381.0853658536585,5.045861005783081
6,89,At,442.91358024691357,4.990348815917969
6,90,"first,",357.3048780487805,1.8855071067810059
6,91,she,341.41975308641975,2.0457310676574707
6,92,could,344.96385542168673,4.434329509735107
6,93,see,321.1219512195122,1.7015212774276733
6,94,neither,353.7710843373494,7.455574035644531
6,95,hide,426.9642857142857,12.411685943603516
6,96,nor,428.7317073170732,0.04428580030798912
6,97,hair,395.32142857142856,3.9438695907592773
6,98,of,379.1807228915663,3.7542285919189453
6,99,the,346.3095238095238,0.7561520338058472
6,100,"snail,",339.9879518072289,4.986848592758179
6,101,but,414.780487804878,0.3501031994819641
6,102,then,395.96385542168673,2.56543231010437
6,103,she,339.67469879518075,0.5716745853424072
6,104,spotted,347.6190476190476,4.905826568603516
6,105,him.,370.06024096385545,5.4850746393203735
6,106,It,338.51190476190476,3.4259676933288574
6,107,had,334.35714285714283,4.168190002441406
6,108,taken,337.2289156626506,4.81138801574707
6,109,Abby,355.4047619047619,3.5726261138916016
6,110,a,356.89156626506025,1.903774380683899
6,111,while,332.22352941176473,1.6083097457885742
6,112,to,328.98809523809524,0.18835808336734772
6,113,find,312.6024096385542,3.5351223945617676
6,114,Sticky,343.8809523809524,6.703091998817399
6,115,because,385.9759036144578,4.685258388519287
6,116,he,370.9156626506024,1.3696036338806152
6,117,was,333.6024096385542,0.9636081457138062
6,118,clinging,348.3690476190476,8.35206413269043
6,119,to,339.35714285714283,0.25684356689453125
6,120,the,338.9764705882353,1.5667001008987427
6,121,glass,331.76190476190476,5.149328231811523
6,122,near,365.3975903614458,7.367295265197754
6,123,the,336.22352941176473,0.9452369213104248
6,124,"bottom,",348.2073170731707,4.873988628387451
6,125,right,401.6707317073171,7.045453071594238
6,126,next,365.26190476190476,1.4822193384170532
6,127,to,328.6463414634146,0.012146316468715668
6,128,the,337.95238095238096,1.0599251985549927
6,129,gravel.,353.27710843373495,8.448915958404541
6,130,At,401.2409638554217,4.708637714385986
6,131,school,367.9047619047619,7.770113468170166
6,132,that,371.68674698795184,5.9785075187683105
6,133,"day,",341.8414634146341,1.0547361969947815
6,134,"Abby,",364.28915662650604,6.1890188455581665
6,135,encouraged,357.3614457831325,9.693472862243652
6,136,by,382.8809523809524,0.5225390195846558
6,137,her,347.9759036144578,0.8877383470535278
6,138,"teacher,",380.7142857142857,2.82940137386322
6,139,wrote,360.95180722891564,6.291255950927734
6,140,excitedly,363.89156626506025,11.689607977867126
6,141,about,366.68674698795184,1.6819370985031128
6,142,the,336.49411764705883,1.649435043334961
6,143,small,317.90588235294115,4.997842788696289
6,144,and,372.8452380952381,5.103814125061035
6,145,mysterious,416.67857142857144,4.64973783493042
6,146,Mr.,372.8072289156627,6.210726483957842
6,147,"Sticky,",389.5975609756098,1.470729477587156
6,148,who,380.1547619047619,1.9120397567749023
6,149,you,342.2738095238095,8.198905944824219
6,150,could,361.8292682926829,1.9267606735229492
6,151,mistake,341.2560975609756,8.50549030303955
6,152,for,348.48809523809524,0.3859019875526428
6,153,a,321.04819277108436,0.7128663659095764
6,154,piece,335.65060240963857,7.736751079559326
6,155,of,326.4457831325301,0.0019005347276106477
6,156,gravel.,353.74074074074076,8.423723936080933
6,157,He,386.50602409638554,3.835618495941162
6,158,seemed,400.4047619047619,3.8405067920684814
6,159,an,351.69879518072287,5.590991020202637
6,160,ideal,368.3333333333333,3.4933419227600098
6,161,pet,342.8690476190476,5.926521301269531
6,162,for,360.0952380952381,0.6780394315719604
6,163,"her,",312.12048192771084,3.0967748165130615
6,164,some,327.73809523809524,8.24305534362793
6,165,of,338.96385542168673,3.229537010192871
6,166,the,323.855421686747,1.4980093240737915
6,167,girls,327.45238095238096,3.2144980430603027
6,168,in,303.95180722891564,3.2175838947296143
6,169,her,295.75,2.0652337074279785
6,170,class,314.68674698795184,0.3714110851287842
6,171,"teased,",334.4642857142857,10.232656002044678
6,172,because,390.578313253012,4.859524250030518
6,173,Abby,354.96385542168673,5.133253574371338
6,174,was,365.0843373493976,1.751685619354248
6,175,also,319.4698795180723,5.083733558654785
6,176,very,315.35714285714283,3.323777675628662
6,177,small.,337.5301204819277,3.7924485206604004
6,178,That,396.22222222222223,5.161220550537109
6,179,"evening,",368.1829268292683,3.3844239115715027
6,180,Abby,391.35714285714283,1.9447951316833496
6,181,turned,349.01190476190476,5.61489725112915
6,182,on,369.27710843373495,1.5025758743286133
6,183,the,337.5542168674699,0.3405516743659973
6,184,light,324.9390243902439,0.27867817878723145
6,185,and,327.68674698795184,1.1753803491592407
6,186,found,312.4096385542169,3.256615400314331
6,187,Mr.,332.64285714285717,2.2718257710221224
6,188,Sticky,354.4047619047619,0.0086479585734196
6,189,clinging,344.7261904761905,3.964949131011963
6,190,to,346.48192771084337,0.14485996961593628
6,191,the,314.5357142857143,0.5280964374542236
6,192,pond,351.0238095238095,6.948190689086914
6,193,weed,391.8658536585366,12.623967170715332
6,194,and,400.1829268292683,3.6089046001434326
6,195,bobbing,389.57142857142856,7.476485565304756
6,196,about,358.03614457831327,3.345494270324707
6,197,in,361.5,1.470949411392212
6,198,the,315.26190476190476,0.8131969571113586
6,199,air,318.0238095238095,3.6030209064483643
6,200,bubbles.,353.075,11.102754712104797
6,201,'That,436.1686746987952,6.254912376403809
6,202,looks,371.0,6.521418571472168
6,203,fun!',350.6666666666667,9.002718925476074
6,204,Abby,359.2409638554217,1.207552433013916
6,205,exclaimed.,355.60714285714283,2.8668996691703796
6,206,She,391.73493975903614,2.8732120990753174
6,207,tried,327.855421686747,5.0220184326171875
6,208,to,343.04761904761904,0.45633918046951294
6,209,imagine,323.3975903614458,5.0302042961120605
6,210,what,346.92857142857144,1.2460821866989136
6,211,it,318.2857142857143,1.5407750606536865
6,212,must,312.56626506024094,2.487776756286621
6,213,be,314.73809523809524,0.8811402320861816
6,214,like,306.45882352941175,0.002380277728661895
6,215,to,348.2705882352941,0.405832439661026
6,216,have,328.5,2.16910457611084
6,217,to,335.32142857142856,5.243746280670166
6,218,hang,317.2261904761905,5.960042953491211
6,219,on,331.2530120481928,1.4636027812957764
6,220,to,330.85714285714283,0.4923049211502075
6,221,things,335.9404761904762,4.857610702514648
6,222,all,333.9047619047619,4.660070896148682
6,223,day,329.0722891566265,0.5341072082519531
6,224,and,307.8433734939759,2.601047992706299
6,225,decided,339.48192771084337,11.24056625366211
6,226,the,328.26506024096386,4.715456962585449
6,227,answer,321.68674698795184,3.451045513153076
6,228,was,323.20238095238096,0.3243274688720703
6,229,that,311.25,4.550243377685547
6,230,it,303.2289156626506,1.5072579383850098
6,231,was,294.51190476190476,0.6250690817832947
6,232,probably,319.0833333333333,4.4070725440979
6,233,very,325.9277108433735,4.5016889572143555
6,234,tiring.,344.0357142857143,8.770172581076622
6,235,Abby,437.890243902439,3.7344472408294678
6,236,told,376.82142857142856,4.545267105102539
6,237,her,321.54761904761904,0.6107658743858337
6,238,mom,347.1666666666667,3.2087087631225586
6,239,that,323.9146341463415,1.0206953287124634
6,240,she,303.9761904761905,1.2368462085723877
6,241,thought,323.2261904761905,3.9376771450042725
6,242,Sticky,325.2738095238095,2.1429970477183815
6,243,had,327.23809523809524,2.797255277633667
6,244,grown,327.6144578313253,4.557990074157715
6,245,a,313.8333333333333,2.60459041595459
6,246,bit,332.4404761904762,2.9357752799987793
6,247,the,342.8095238095238,7.388223648071289
6,248,next,354.6309523809524,2.832671642303467
6,249,day,330.43373493975906,0.40355801582336426
6,250,at,346.0843373493976,5.574956893920898
6,251,breakfast.,364.4166666666667,7.035690546035767
6,252,'Just,366.85714285714283,6.532894134521484
6,253,as,347.8192771084337,4.584786891937256
6,254,well,315.03614457831327,5.345782279968262
6,255,if,317.27710843373495,5.4879913330078125
6,256,he's,325.4761904761905,2.459967017173767
6,257,going,328.1309523809524,4.274743556976318
6,258,to,319.0,0.12230761349201202
6,259,be,325.0722891566265,1.7122180461883545
6,260,gobbled,337.0731707317073,13.409718751907349
6,261,up,349.855421686747,0.1269405484199524
6,262,like,352.90361445783134,4.2447190284729
6,263,"that,'",337.48192771084337,2.3325058817863464
6,264,her,369.7682926829268,3.4349350929260254
6,265,mom,383.7831325301205,0.29598137736320496
6,266,responded,407.89156626506025,5.215305328369141
6,267,who,352.73493975903614,10.384404182434082
6,268,was,340.4698795180723,2.0525667667388916
6,269,busy,353.0487804878049,6.1242170333862305
6,270,preparing,337.5903614457831,5.174293041229248
6,271,breakfast.,364.96385542168673,2.5872732400894165
6,272,Abby,374.0240963855422,2.2853198051452637
6,273,whined,354.3855421686747,9.280781507492065
6,274,that,363.93975903614455,1.1155307292938232
6,275,she,364.0952380952381,0.9290518760681152
6,276,didn't,322.7469879518072,2.298809849889949
6,277,want,310.3614457831325,1.5504316091537476
6,278,him,306.2048192771084,3.8487110137939453
6,279,to,307.1927710843373,0.5301300287246704
6,280,get,315.72289156626505,2.2290639877319336
6,281,too,334.31325301204816,2.749415874481201
6,282,big,335.8192771084337,1.8655649423599243
6,283,or,339.9879518072289,2.8451454639434814
6,284,he,335.8313253012048,3.7290568351745605
6,285,wouldn't,329.43373493975906,2.993068867654074
6,286,be,325.03614457831327,1.1858640909194946
6,287,cute,336.96385542168673,6.299892902374268
6,288,anymore.,372.28395061728395,4.740287780761719
6,289,'Small,384.77777777777777,11.509570837020874
6,290,"things,",357.48192771084337,5.989211082458496
6,291,not,360.56626506024094,4.032779216766357
6,292,big,342.4457831325301,1.0638052225112915
6,293,"things,",350.3855421686747,2.3168339133262634
6,294,are,338.67469879518075,4.787509918212891
6,295,"cute,",325.09638554216866,6.06482195854187
6,296,right?',383.30120481927713,3.4154850840568542
6,297,she,381.0240963855422,1.127046823501587
6,298,"asked,",343.89156626506025,4.586844563484192
6,299,half,353.28915662650604,6.868939399719238
6,300,to,333.95180722891564,4.0306596755981445
6,301,herself.,372.12048192771084,0.43967635184526443
6,302,The,403.2289156626506,3.1650185585021973
6,303,next,366.9277108433735,2.569469928741455
6,304,day,352.890243902439,0.851121187210083
6,305,in,322.0975609756098,5.518458843231201
6,306,art,336.6829268292683,10.50200080871582
6,307,"class,",342.28915662650604,0.7519373595714569
6,308,Abby,331.3614457831325,1.0057002305984497
6,309,needed,320.7951807228916,7.946643829345703
6,310,two,313.1686746987952,5.403053283691406
6,311,pieces,336.4698795180723,4.8704094886779785
6,312,of,319.1566265060241,0.17767396569252014
6,313,paper,308.5853658536585,1.9121698141098022
6,314,that,324.8888888888889,3.9603209495544434
6,315,were,319.5121951219512,1.9464284181594849
6,316,very,367.4166666666667,4.417569160461426
6,317,"expensive,",357.0975609756098,7.929066181182861
6,318,to,406.1829268292683,4.099637508392334
6,319,draw,340.12048192771084,5.347005844116211
6,320,an,335.2168674698795,4.824501991271973
6,321,"elephant,",397.7831325301205,9.441171169281006
6,322,but,435.4691358024691,2.3902018070220947
6,323,the,368.578313253012,3.0716795921325684
6,324,teacher,336.2048192771084,1.9580485820770264
6,325,didn't,315.31325301204816,3.196203258703463
6,326,mind,310.73493975903614,3.379636764526367
6,327,Abby,344.28915662650604,7.457849979400635
6,328,using,349.6219512195122,4.656315803527832
6,329,the,341.7710843373494,1.8617416620254517
6,330,expensive,350.4578313253012,7.408090591430664
6,331,paper,377.3975903614458,1.5072212219238281
6,332,because,358.48192771084337,2.972592830657959
6,333,she,328.421686746988,1.0672698020935059
6,334,was,313.0853658536585,2.1005618572235107
6,335,pleased,303.8313253012048,5.460850715637207
6,336,with,335.31325301204816,0.667735755443573
6,337,the,319.66265060240966,1.0300625562667847
6,338,drawing,320.43373493975906,3.5784614086151123
6,339,and,357.3292682926829,2.5475234985351562
6,340,wanted,336.6585365853659,2.5327255725860596
6,341,it,316.26506024096386,2.7473268508911133
6,342,on,321.43373493975906,4.651001453399658
6,343,the,337.89285714285717,1.3292348384857178
6,344,wall.,341.5357142857143,2.874188005924225
6,345,The,380.6463414634146,2.265737533569336
6,346,"teacher,",333.0120481927711,5.12575364112854
6,347,who,325.31325301204816,1.86329984664917
6,348,was,330.2409638554217,1.0717198848724365
6,349,always,323.95180722891564,4.669532299041748
6,350,very,331.719512195122,2.7550930976867676
6,351,"encouraging,",364.9012345679012,6.844110071659088
6,352,remarked,393.8658536585366,6.942740440368652
6,353,that,358.1666666666667,0.5147883892059326
6,354,the,318.5357142857143,2.1240394115448
6,355,drawing,320.04819277108436,4.390727996826172
6,356,Abby,324.2857142857143,8.082748413085938
6,357,had,342.144578313253,1.5673702955245972
6,358,made,337.7469879518072,2.033212661743164
6,359,was,323.72289156626505,0.9742170572280884
6,360,very,339.6829268292683,2.0454468727111816
6,361,creative,388.13253012048193,5.884122371673584
6,362,and,316.2530120481928,0.8960111737251282
6,363,beamed,315.32530120481925,13.24580693244934
6,364,at,379.34939759036143,1.8450180292129517
6,365,"Abby,",366.14814814814815,4.075092077255249
6,366,giving,402.0240963855422,5.397225856781006
6,367,her,325.95180722891564,0.22677180171012878
6,368,the,316.4390243902439,2.4320802688598633
6,369,seal,327.6265060240964,8.780416488647461
6,370,of,336.93975903614455,0.08102678507566452
6,371,approval.,373.0243902439024,0.8503591120243073
6,372,Back,393.9012345679012,7.529464244842529
6,373,at,337.0722891566265,0.6090284585952759
6,374,"home,",315.3734939759036,2.9582097828388214
6,375,"Mom,",359.4166666666667,10.717909812927246
6,376,convinced,337.30120481927713,7.675105094909668
6,377,by,352.9759036144578,2.132734775543213
6,378,Abby,340.87951807228916,1.4845221042633057
6,379,to,350.93975903614455,3.7705464363098145
6,380,clean,335.5421686746988,6.628818035125732
6,381,out,306.2530120481928,2.3299612998962402
6,382,the,322.89156626506025,0.7414896488189697
6,383,"tank,",311.5542168674699,4.362942934036255
6,384,was,342.4878048780488,3.437598466873169
6,385,cleaning,388.0853658536585,6.610918045043945
6,386,with,332.86746987951807,5.677132606506348
6,387,a,313.9879518072289,1.3187800645828247
6,388,special,319.6144578313253,5.09680700302124
6,389,"vacuum,",339.7710843373494,9.330943822860718
6,390,or,342.95,5.9145684242248535
6,391,'hoover'.,388.3536585365854,17.947742700576782
6,392,'Where's,464.1951219512195,10.042322516441345
6,393,Mr.,420.0853658536585,2.361039415001869
6,394,Sticky?',398.1975308641975,0.6451234754058532
6,395,Abby,399.8433734939759,1.2338151931762695
6,396,asked,361.2289156626506,0.6067841053009033
6,397,first,355.48192771084337,8.618929862976074
6,398,thing,335.32530120481925,4.2060346603393555
6,399,when,345.3614457831325,4.710373401641846
6,400,she,334.06024096385545,0.7332837581634521
6,401,came,306.5421686746988,3.4116735458374023
6,402,home,316.65060240963857,0.8912252187728882
6,403,from,315.4096385542169,1.295773983001709
6,404,school.,323.33734939759034,1.214772790670395
6,405,'On,366.6024096385542,6.497875332832336
6,406,the,332.4698795180723,0.48152095079421997
6,407,"side,'",327.1686746987952,5.774256944656372
6,408,Mom,363.7439024390244,2.5142321586608887
6,409,replied.,358.2048192771084,2.724116563796997
6,410,And,343.49397590361446,5.45277214050293
6,411,then,346.2530120481928,1.2686512470245361
6,412,she,313.30379746835445,1.409638524055481
6,413,"added,",308.8888888888889,5.483189404010773
6,414,'Don't,343.8536585365854,5.1399427795549855
6,415,worry.,328.86746987951807,4.2270379066467285
6,416,I,339.3614457831325,1.799800157546997
6,417,went,331.3734939759036,6.376059532165527
6,418,extra,305.68674698795184,9.668843269348145
6,419,slowly,318.6951219512195,5.923761367797852
6,420,since,328.2926829268293,5.914213180541992
6,421,it's,329.8658536585366,4.3626686334609985
6,422,better,350.578313253012,6.576638221740723
6,423,to,327.12048192771084,0.5648684501647949
6,424,be,314.04819277108436,1.9784188270568848
6,425,safe,319.1807228915663,3.906867265701294
6,426,than,312.5421686746988,1.479092001914978
6,427,sorry.',323.7590361445783,0.42383025388699025
6,428,Abby,377.6219512195122,1.677635908126831
6,429,looked,324.6144578313253,3.2930760383605957
6,430,on,312.27710843373495,5.138691425323486
6,431,all,294.13253012048193,6.641417503356934
6,432,sides,324.4268292682927,7.086221218109131
6,433,of,311.13253012048193,1.718738079071045
6,434,the,294.27710843373495,0.4987404942512512
6,435,"tank,",308.65060240963857,4.434004306793213
6,436,but,314.4457831325301,2.9157183170318604
6,437,there,307.96385542168673,3.6337409019470215
6,438,was,298.96385542168673,0.3904480040073395
6,439,no,304.3855421686747,1.0701998472213745
6,440,sign,306.6265060240964,1.9653956890106201
6,441,of,312.5542168674699,0.1347964107990265
6,442,the,300.06024096385545,2.9226248264312744
6,443,water,301.13253012048193,4.460613250732422
6,444,snail,333.7037037037037,1.129157543182373
6,445,that,335.4146341463415,3.4331305027008057
6,446,she,318.890243902439,1.6163221597671509
6,447,had,317.6219512195122,1.0104924440383911
6,448,discovered,322.1463414634146,5.337248802185059
6,449,a,321.4390243902439,4.255035877227783
6,450,couple,326.5,3.198465347290039
6,451,of,306.51807228915663,0.40239274501800537
6,452,days,301.9879518072289,0.8673511743545532
6,453,ago.,322.1566265060241,3.0250048637390137
6,454,She,338.09638554216866,1.7209477424621582
6,455,was,293.26506024096386,2.410188674926758
6,456,very,295.03614457831327,3.944464921951294
6,457,sad.,303.12048192771084,6.70665979385376
6,458,Her,323.0120481927711,4.042899131774902
6,459,mom,312.6024096385542,1.7678335905075073
6,460,said,295.09638554216866,2.714815855026245
6,461,to,288.6024096385542,3.7751975059509277
6,462,wait,302.31325301204816,5.965488910675049
6,463,a,307.96385542168673,2.6309807300567627
6,464,few,310.0,1.6585091352462769
6,465,hours,309.7469879518072,1.7818105220794678
6,466,until,309.3855421686747,3.2000768184661865
6,467,the,295.2289156626506,1.5214933156967163
6,468,water,292.96385542168673,2.9616994857788086
6,469,clears,330.27710843373495,11.628968238830566
6,470,to,321.1566265060241,4.359540939331055
6,471,take,318.65060240963857,3.7830309867858887
6,472,another,308.2048192771084,5.425515651702881
6,473,careful,336.87951807228916,10.066231727600098
6,474,look.,310.6707317073171,1.5136896967887878
6,475,That,343.28915662650604,4.081387042999268
6,476,"evening,",330.3614457831325,2.9094389379024506
6,477,Abby,324.13253012048193,1.0388877391815186
6,478,went,307.9512195121951,2.4829275608062744
6,479,up,301.5421686746988,4.701125144958496
6,480,to,282.73493975903614,0.3235751688480377
6,481,her,295.1566265060241,1.6967182159423828
6,482,bedroom,289.6341463414634,3.3423030376434326
6,483,to,296.30120481927713,1.5137724876403809
6,484,check,322.0722891566265,2.2671127319335938
6,485,the,295.41975308641975,2.874724864959717
6,486,tank,310.95061728395063,3.0309715270996094
6,487,again.,335.5731707317073,3.7553921937942505
6,488,The,321.7951807228916,2.387789249420166
6,489,water,299.0853658536585,1.8578472137451172
6,490,had,300.5243902439024,2.630751609802246
6,491,settled,304.5432098765432,5.582431793212891
6,492,and,295.2962962962963,1.963918685913086
6,493,looked,299.3536585365854,4.097379207611084
6,494,"clear,",304.9512195121951,6.429245710372925
6,495,but,311.0617283950617,0.9092990159988403
6,496,Abby,309.1829268292683,3.4554762840270996
6,497,could,300.4878048780488,2.9903182983398438
6,498,not,293.34939759036143,2.3208682537078857
6,499,see,290.34939759036143,1.2459132671356201
6,500,Mr.,286.6951219512195,2.6988063972676173
6,501,Sticky.,289.0,1.3126829849206842
6,502,Abby,315.1219512195122,3.970642328262329
6,503,kneeled,341.8780487804878,10.296461530961096
6,504,down,316.6707317073171,0.4705382287502289
6,505,to,321.7682926829268,2.0127415657043457
6,506,have,312.5975609756098,5.353540420532227
6,507,another,306.9512195121951,3.2308120727539062
6,508,look,292.4390243902439,0.03806665912270546
6,509,in,290.962962962963,4.6509480476379395
6,510,the,281.82716049382714,0.5231094360351562
6,511,tank,277.425,1.290714979171753
6,512,that,280.8024691358025,5.436855316162109
6,513,her,285.1975308641975,5.295007705688477
6,514,mom,303.8395061728395,0.7869741916656494
6,515,had,293.4,0.6792333126068115
6,516,cleared,326.5365853658537,7.428846836090088
6,517,so,326.9024390243902,5.731388092041016
6,518,"thoroughly,",358.219512195122,5.925755500793457
6,519,but,325.7682926829268,1.7767456769943237
6,520,Mr.,330.6219512195122,4.777506663405802
6,521,Sticky,300.3780487804878,0.004805323027539998
6,522,was,294.2439024390244,1.234678030014038
6,523,still,289.890243902439,0.7240923643112183
6,524,nowhere,308.2073170731707,5.517354488372803
6,525,to,334.219512195122,0.31410664319992065
6,526,be,286.8048780487805,0.0009448830969631672
6,527,found.,289.6463414634146,1.7755435854196548
6,528,Abby,332.1585365853659,1.9732537269592285
6,529,was,298.7926829268293,2.786634922027588
6,530,a,296.7926829268293,4.452035903930664
6,531,bundle,304.6463414634146,9.806503295898438
6,532,of,319.1566265060241,0.09960604459047318
6,533,nerves,297.51807228915663,1.9843733310699463
6,534,as,310.890243902439,3.245185375213623
6,535,she,291.0609756097561,0.32968950271606445
6,536,descended,301.3048780487805,8.505294799804688
6,537,the,356.0246913580247,1.0153131484985352
6,538,stairs.,308.4756097560976,2.5511045455932617
6,539,In,327.8658536585366,4.861929416656494
6,540,the,323.81481481481484,0.763809323310852
6,541,"study,",293.3658536585366,7.798706233501434
6,542,surrounded,333.8536585365854,8.147098541259766
6,543,by,385.890243902439,0.015094110742211342
6,544,books,323.4074074074074,3.087848424911499
6,545,and,315.0,0.936943531036377
6,546,"papers,",305.280487804878,2.8774648904800415
6,547,her,332.9512195121951,3.43209171295166
6,548,mom,324.4756097560976,1.4728751182556152
6,549,was,323.0487804878049,2.4808616638183594
6,550,working,296.890243902439,5.033969402313232
6,551,and,295.5975609756098,4.738788604736328
6,552,she,300.609756097561,3.2690682411193848
6,553,looked,308.7037037037037,3.367441415786743
6,554,impatient,306.8170731707317,7.446926116943359
6,555,when,312.1341463414634,4.715070724487305
6,556,she,362.8536585365854,0.41156864166259766
6,557,saw,311.5301204819277,1.2928261756896973
6,558,Abby,296.0609756097561,3.2658443450927734
6,559,in,311.5609756097561,3.6281051635742188
6,560,the,303.109756097561,0.6982553601264954
6,561,doorway,317.2560975609756,3.5465924739837646
6,562,and,329.2926829268293,4.283853530883789
6,563,even,315.4390243902439,7.619631767272949
6,564,more,301.6296296296296,2.4777328968048096
6,565,worried,306.0975609756098,4.002225399017334
6,566,when,303.5487804878049,0.12802259624004364
6,567,she,295.3703703703704,0.2810138463973999
6,568,heard,283.0609756097561,2.6135547161102295
6,569,the,300.4024390243902,1.5904881954193115
6,570,bad,296.8170731707317,9.332818031311035
6,571,news.,316.2317073170732,1.692452847957611
6,572,'He'll,388.5625,8.980322122573853
6,573,turn,331.390243902439,5.746312141418457
6,574,"up,'",313.7560975609756,3.08384108543396
6,575,Mom,328.17283950617286,2.966780185699463
6,576,"said,",313.91358024691357,2.587921142578125
6,577,and,316.2098765432099,2.4571330547332764
6,578,that,311.6829268292683,5.080190658569336
6,579,was,303.4878048780488,0.9638867378234863
6,580,that.,304.9634146341463,2.473071724176407
6,581,"Then,",319.1951219512195,6.017139196395874
6,582,to,329.51851851851853,4.401744842529297
6,583,add,316.4878048780488,5.64523983001709
6,584,fuel,324.8780487804878,4.525559902191162
6,585,to,296.8658536585366,0.055963095277547836
6,586,the,289.9390243902439,0.26155638694763184
6,587,"flames,",290.109756097561,5.145912766456604
6,588,she,329.8414634146341,1.4867023229599
6,589,raised,311.7560975609756,6.221063613891602
6,590,her,308.55555555555554,0.7207503914833069
6,591,tone,309.4268292682927,8.231609344482422
6,592,of,296.3536585365854,2.566025495529175
6,593,voice,296.8414634146341,0.0638878121972084
6,594,and,296.9146341463415,1.34394371509552
6,595,said,307.280487804878,1.5558961629867554
6,596,"dismissively,",327.61728395061726,11.240668439306319
6,597,'For,379.3780487804878,7.305166855454445
6,598,the,328.28395061728395,2.038149833679199
6,599,time,334.1463414634146,2.718580722808838
6,600,"being,",356.0243902439024,0.5280994242057204
6,601,go,346.0987654320988,4.604677677154541
6,602,to,311.8780487804878,2.4401113986968994
6,603,"bed,",317.0365853658537,3.8810875415802
6,604,Abby.,334.0,4.757084965705872
6,605,I've,344.5365853658537,5.24860954284668
6,606,got,311.5121951219512,0.7824366688728333
6,607,masses,318.0843373493976,15.794017791748047
6,608,of,313.1927710843373,0.36710691452026367
6,609,work,320.30120481927713,3.673668384552002
6,610,to,293.10843373493975,0.17987550795078278
6,611,catch,309.93975903614455,6.161088943481445
6,612,up,316.2168674698795,0.2615787088871002
6,613,on.',301.9390243902439,1.7534523606300354
6,614,Abby,338.0121951219512,1.6277472972869873
6,615,had,326.7857142857143,3.7345731258392334
6,616,a,314.6385542168675,2.9399356842041016
6,617,quick,301.4457831325301,4.870649814605713
6,618,temper,292.8192771084337,8.42892837524414
6,619,and,295.5609756097561,1.2409757375717163
6,620,she,315.8072289156627,3.373037815093994
6,621,was,307.49397590361446,2.2263152599334717
6,622,angry,293.10843373493975,4.89621639251709
6,623,as,308.5903614457831,3.988365888595581
6,624,hell.,336.10843373493975,2.3484251499176025
6,625,'You've,409.8395061728395,7.730551719665527
6,626,hoovered,435.0843373493976,16.35194230079651
6,627,him,421.9759036144578,2.6848368644714355
6,628,"up,",407.09638554216866,2.20206555724144
6,629,haven't,375.9879518072289,2.308927981153829
6,630,you?',365.0487804878049,0.6845507393591106
6,631,she,355.04819277108436,0.6736885905265808
6,632,said,321.28915662650604,1.7566555738449097
6,633,accusingly.,344.0,7.180890842340887
6,634,Abby's,391.7710843373494,5.249675750732422
6,635,mom,374.1341463414634,1.0617867708206177
6,636,denied,326.2409638554217,8.27499008178711
6,637,Abby's,338.4698795180723,6.6493648290634155
6,638,version,366.77777777777777,6.027698516845703
6,639,of,328.8536585365854,0.18829083442687988
6,640,the,293.0975609756098,2.4003593921661377
6,641,story,287.6707317073171,0.5000497102737427
6,642,was,316.3975903614458,6.863564968109131
6,643,true,319.3855421686747,0.1808827966451645
6,644,and,349.4166666666667,1.952441692352295
6,645,said,305.09638554216866,1.6116317510604858
6,646,that,306.49397590361446,0.9801623821258545
6,647,she,301.56626506024094,1.2296431064605713
6,648,was,295.5903614457831,1.745174765586853
6,649,"careful,",332.68674698795184,11.939868450164795
6,650,but,317.66265060240966,1.2021352052688599
6,651,because,317.8333333333333,6.0180559158325195
6,652,Mr.,313.6547619047619,4.197955077979714
6,653,Sticky,320.7469879518072,0.01293041865574196
6,654,was,299.2168674698795,0.6643351316452026
6,655,so,301.04819277108436,2.924546241760254
6,656,small,304.9879518072289,1.3775315284729004
6,657,he,306.4096385542169,4.681184768676758
6,658,was,298.32530120481925,1.5570709705352783
6,659,hard,311.66265060240966,4.145049571990967
6,660,to,292.1951219512195,0.14452050626277924
6,661,see.,295.3658536585366,3.0088433027267456
6,662,'What's,342.31325301204816,7.5422093868255615
6,663,wrong,339.8536585365854,1.6660834550857544
6,664,with,318.6385542168675,0.6376768946647644
6,665,being,310.4578313253012,5.240489482879639
6,666,small?',329.9759036144578,1.6470406651496887
6,667,'Nothing,374.4024390243902,8.994176387786865
6,668,at,330.4268292682927,2.8972294330596924
6,669,"all,",301.03614457831327,2.635991543531418
6,670,but,303.6265060240964,3.9721474647521973
6,671,it,301.65060240963857,2.65775728225708
6,672,makes,302.3095238095238,4.031337261199951
6,673,things,316.2261904761905,4.572548866271973
6,674,hard,298.23809523809524,3.2079734802246094
6,675,to,292.92857142857144,1.14370858669281
6,676,find.',339.3690476190476,7.148453235626221
6,677,'Or,345.0121951219512,7.262360572814941
6,678,"notice,'",348.43373493975906,13.640244483947754
6,679,Abby,356.3734939759036,1.2281901836395264
6,680,"said,",386.9879518072289,2.867968797683716
6,681,suddenly,383.2409638554217,5.606915473937988
6,682,feeling,337.8313253012048,3.54654860496521
6,683,like,324.9878048780488,3.005753993988037
6,684,the,323.0722891566265,3.4419918060302734
6,685,"small,",314.3614457831325,10.504393577575684
6,686,overlooked,340.8536585365854,8.949798583984375
6,687,Mr.,339.68674698795184,6.356063750106841
6,688,Sticky,327.4457831325301,0.013727165292948484
6,689,herself,322.28915662650604,9.766484260559082
6,690,and,319.2098765432099,4.284443378448486
6,691,storming,331.6190476190476,10.337015934288502
6,692,from,327.67469879518075,4.390439033508301
6,693,the,336.4698795180723,0.813591480255127
6,694,room.,296.9879518072289,1.8335830569267273
6,695,The,337.51807228915663,2.6322238445281982
6,696,door,355.31325301204816,4.064684867858887
6,697,to,341.28915662650604,1.8687078952789307
6,698,the,312.3658536585366,0.5614244937896729
6,699,bedroom,305.9024390243902,2.558183193206787
6,700,opened,328.7073170731707,1.7106510400772095
6,701,a,323.6385542168675,4.798570156097412
6,702,few,314.2289156626506,1.9888554811477661
6,703,minutes,300.3780487804878,2.5793025493621826
6,704,later,293.13253012048193,0.11367103457450867
6,705,and,304.2168674698795,0.8126511573791504
6,706,Mom's,329.5903614457831,10.0650634765625
6,707,face,346.51807228915663,3.1058220863342285
6,708,appeared.,327.7317073170732,7.462496280670166
6,709,She,356.2926829268293,2.204875946044922
6,710,was,338.280487804878,1.513948678970337
6,711,there,305.6585365853659,5.954131126403809
6,712,to,306.28915662650604,2.387685775756836
6,713,try,305.9879518072289,5.5376386642456055
6,714,to,281.3048780487805,1.0116313695907593
6,715,make,289.56626506024094,3.6221327781677246
6,716,up,281.27710843373495,2.325939655303955
6,717,for,296.578313253012,0.20558692514896393
6,718,having,288.4390243902439,5.043753147125244
6,719,been,283.73493975903614,2.267726421356201
6,720,insensitive,340.13253012048193,10.277338027954102
6,721,earlier.,404.0240963855422,7.531728029251099
6,722,She,383.51807228915663,2.3746845722198486
6,723,had,302.855421686747,2.401052713394165
6,724,put,297.7469879518072,5.417486190795898
6,725,her,296.9879518072289,1.9796451330184937
6,726,work,287.65060240963857,6.045065402984619
6,727,on,295.51807228915663,2.5950608253479004
6,728,the,305.10843373493975,2.1094727516174316
6,729,back,290.421686746988,3.498514413833618
6,730,burner,293.1807228915663,0.10235853493213654
6,731,and,324.8780487804878,1.6781708002090454
6,732,occupied,311.71084337349396,10.281045913696289
6,733,herself,301.65060240963857,0.809954047203064
6,734,with,299.7590361445783,0.4617764353752136
6,735,Sticky.,308.30120481927713,12.116951985750347
6,736,"Abby,",464.0120481927711,6.363751411437988
6,737,who,439.4024390243902,1.6874146461486816
6,738,was,369.27710843373495,0.8510786890983582
6,739,breathing,313.73493975903614,7.511507987976074
6,740,fire,313.65060240963857,8.218008041381836
6,741,all,334.7951807228916,4.047096252441406
6,742,on,343.578313253012,6.32430362701416
6,743,account,344.0843373493976,8.596783638000488
6,744,of,325.6265060240964,0.007316580042243004
6,745,the,299.9879518072289,1.1905910968780518
6,746,little,297.7831325301205,3.643139123916626
6,747,"snail,",325.68674698795184,3.800188899040222
6,748,tried,325.0843373493976,4.62056827545166
6,749,to,330.13253012048193,0.2312367856502533
6,750,ignore,338.95180722891564,4.489932537078857
6,751,"her,",301.89156626506025,3.4498696327209473
6,752,but,318.855421686747,0.5509400367736816
6,753,it,313.0,2.967214584350586
6,754,was,299.96385542168673,0.8220772743225098
6,755,hard,293.73493975903614,3.3498916625976562
6,756,when,305.0843373493976,4.378291130065918
6,757,Mom,300.86746987951807,4.779387950897217
6,758,walked,312.34939759036143,5.486388206481934
6,759,over,310.1807228915663,2.1303906440734863
6,760,to,286.95180722891564,0.9869644641876221
6,761,the,283.1807228915663,1.3955034017562866
6,762,bed,297.2168674698795,3.191019058227539
6,763,and,287.5609756097561,0.8950391411781311
6,764,sat,280.5238095238095,3.6634809970855713
6,765,next,288.86746987951807,2.450428009033203
6,766,to,310.6219512195122,0.0031836561392992735
6,767,her.,294.43373493975906,0.9375019073486328
6,768,"Mom,",305.9625,8.879870653152466
6,769,who,323.0987654320988,0.9361487030982971
6,770,Abby,346.2560975609756,12.488265991210938
6,771,still,326.609756097561,5.1026082038879395
6,772,strained,319.4878048780488,11.384713172912598
6,773,to,374.5679012345679,0.14026008546352386
6,774,remain,332.4756097560976,5.837235450744629
6,775,upset,315.1707317073171,8.197213172912598
6,776,"with,",341.9390243902439,3.22096149623394
6,777,had,335.3780487804878,3.3836376667022705
6,778,gone,325.4512195121951,5.026434898376465
6,779,out,311.74074074074076,3.3628454208374023
6,780,to,290.2317073170732,1.5842920541763306
6,781,find,300.719512195122,4.182921409606934
6,782,her,298.4024390243902,1.8259707689285278
6,783,glasses,308.1341463414634,10.259337425231934
6,784,in,325.6666666666667,3.5875186920166016
6,785,order,304.2073170731707,4.482731342315674
6,786,to,295.8658536585366,0.08912735432386398
6,787,search,278.7654320987654,7.393680572509766
6,788,for,293.1125,0.47561848163604736
6,789,Sticky,287.719512195122,1.9909930711146444
6,790,more,310.9753086419753,6.533269882202148
6,791,effectively.,335.82716049382714,6.556283742189407
6,792,'This,367.780487804878,6.6212769746780396
6,793,is,314.1341463414634,0.6969100832939148
6,794,my,276.4024390243902,3.4681649208068848
6,795,new,286.1707317073171,4.508975982666016
6,796,and,296.6707317073171,6.730859279632568
6,797,extra,303.780487804878,6.80976676940918
6,798,powerful,305.890243902439,7.410160064697266
6,799,pair,323.0365853658537,7.097339630126953
6,800,I,297.6707317073171,7.570577144622803
6,801,have,316.8536585365854,2.931596040725708
6,802,for,308.51851851851853,2.5114779472351074
6,803,important,316.1358024691358,9.91264533996582
6,804,occasions,302.4268292682927,4.807872772216797
6,805,like,318.44444444444446,3.456120014190674
6,806,snail,317.14814814814815,11.608823776245117
6,807,"hunting,'",335.8536585365854,3.200147867202759
6,808,she,370.74074074074076,0.7692883610725403
6,809,said.,316.9875,2.3200966715812683
6,810,She,316.4390243902439,2.7791121006011963
6,811,smiled,311.4878048780488,5.346710205078125
6,812,at,305.8414634146341,1.886717677116394
6,813,"Abby,",296.8658536585366,2.563291907310486
6,814,trying,310.7283950617284,5.353152751922607
6,815,to,298.9390243902439,0.18383361399173737
6,816,butter,297.5308641975309,11.50355052947998
6,817,her,300.8536585365854,0.7798811197280884
6,818,"up,",312.719512195122,5.658921718597412
6,819,but,298.3375,0.7068517804145813
6,820,Abby,313.9878048780488,3.8256170749664307
6,821,didn't,297.8048780487805,2.9142238977365196
6,822,smile,301.1585365853659,4.906426906585693
6,823,back.,307.12345679012344,0.9659391641616821
6,824,Abby,321.5121951219512,3.3251519203186035
6,825,believed,358.7831325301205,7.553116798400879
6,826,her,294.4512195121951,2.147106647491455
6,827,mom's,319.1829268292683,3.777522563934326
6,828,idea,306.0987654320988,5.144948959350586
6,829,would,293.55,6.447149753570557
6,830,not,306.44444444444446,5.056911468505859
6,831,"succeed,",330.109756097561,7.093596696853638
6,832,but,335.3414634146341,0.9883326888084412
6,833,then,320.58024691358025,3.3783059120178223
6,834,she,340.12345679012344,0.9964498281478882
6,835,had,293.6463414634146,3.659219264984131
6,836,an,303.4691358024691,4.149959564208984
6,837,idea,287.6341463414634,0.38721126317977905
6,838,of,283.65432098765433,3.5494186878204346
6,839,her,290.2125,3.4094560146331787
6,840,own.,323.6875,0.878858357667923
6,841,'I've,333.54430379746833,6.260870456695557
6,842,got,322.8125,1.1806265115737915
6,843,a,297.85,1.545395851135254
6,844,magnifying,312.9259259259259,8.903740793466568
6,845,"glass,'",330.08641975308643,1.602705106139183
6,846,Abby,327.34567901234567,2.1144332885742188
6,847,suddenly,333.98765432098764,7.164176940917969
6,848,remembered,317.890243902439,3.64316463470459
6,849,and,336.2875,3.2937448024749756
6,850,rushed,325.74074074074076,7.236328125
6,851,off,322.12345679012344,3.754179000854492
6,852,to,293.61728395061726,0.8406854271888733
6,853,find,296.5061728395062,1.7921712398529053
6,854,it.,295.9382716049383,3.992061495780945
6,855,On,295.8780487804878,5.498073577880859
6,856,the,287.6219512195122,0.5648297071456909
6,857,floor,293.18518518518516,3.5896902084350586
6,858,beside,289.4691358024691,3.1880807876586914
6,859,each,321.0246913580247,7.341453552246094
6,860,other,317.9375,3.1797866821289062
6,861,they,310.69135802469134,7.435429573059082
6,862,"sat,",295.1111111111111,3.376598834991455
6,863,shuffling,298.5609756097561,8.707980401813984
6,864,around,319.4074074074074,2.8498237133026123
6,865,the,303.9259259259259,2.6466829776763916
6,866,"tank,",299.6666666666667,6.618758201599121
6,867,looking,317.1975308641975,2.9536900520324707
6,868,all,313.39506172839504,6.186789035797119
6,869,over,304.98765432098764,1.6533441543579102
6,870,the,287.6625,1.877524495124817
6,871,place,285.25,1.1937596797943115
6,872,and,279.6,3.072843551635742
6,873,peering,274.675,6.872277736663818
6,874,into,293.875,2.0413641929626465
6,875,the,321.9382716049383,0.9398503303527832
6,876,corners,292.4375,6.787479400634766
6,877,among,295.9753086419753,10.241377830505371
6,878,the,291.625,0.2712775468826294
6,879,big,294.7875,6.239345550537109
6,880,pebbles,314.2375,7.324352588504553
6,881,and,290.1975308641975,3.3543171882629395
6,882,the,295.34567901234567,2.3122715950012207
6,883,pond,294.3048780487805,4.784574508666992
6,884,weed.,288.890243902439,2.0998551845550537
6,885,Abby,324.9390243902439,1.8873999118804932
6,886,tried,342.0487804878049,4.4714765548706055
6,887,to,321.6707317073171,0.28584811091423035
6,888,"imagine,",289.7926829268293,7.972648620605469
6,889,if,289.1358024691358,3.602675437927246
6,890,she,279.5061728395062,1.2114629745483398
6,891,were,290.5679012345679,2.8436882495880127
6,892,"Sticky,",282.98765432098764,6.2096176204504445
6,893,a,292.9878048780488,4.515126705169678
6,894,little,289.975,2.9539175033569336
6,895,water,302.5487804878049,5.9188408851623535
6,896,"snail,",306.9512195121951,5.036362409591675
6,897,where,298.2073170731707,6.135622501373291
6,898,would,297.719512195122,6.275717258453369
6,899,she,278.0121951219512,1.0733890533447266
6,900,hide,300.6951219512195,4.950985431671143
6,901,out?,275.8536585365854,5.9691256284713745
6,902,At,310.1219512195122,5.355457782745361
6,903,one,329.5421686746988,3.4569997787475586
6,904,point,292.0240963855422,0.5017969608306885
6,905,she,294.5853658536585,1.6759843826293945
6,906,thought,282.3170731707317,2.42962908744812
6,907,she,281.2317073170732,1.1212713718414307
6,908,saw,276.8780487804878,2.5166420936584473
6,909,"him,",291.8780487804878,6.569911956787109
6,910,but,311.6219512195122,0.6005125045776367
6,911,it,292.69135802469134,2.758296012878418
6,912,wasn't,276.87654320987656,2.656847036909312
6,913,the,290.358024691358,4.754218101501465
6,914,water,312.1111111111111,4.139937400817871
6,915,snail.,340.125,3.5165640115737915
6,916,It,350.1518987341772,2.3483123779296875
6,917,was,295.35,0.2930258810520172
6,918,a,268.77777777777777,1.9919483661651611
6,919,large,270.17283950617286,3.2504940032958984
6,920,speck,278.25925925925924,7.5551899475976825
6,921,of,299.2048192771084,0.8991777300834656
6,922,dust,286.4390243902439,5.566431999206543
6,923,that,324.30864197530866,2.344494104385376
6,924,was,294.109756097561,2.164433717727661
6,925,deceptively,309.6951219512195,13.364776730353697
6,926,bobbing,369.6219512195122,10.833321899175644
6,927,around,336.2926829268293,1.1793700456619263
6,928,in,310.3292682926829,1.3546295166015625
6,929,the,298.6707317073171,0.2981182038784027
6,930,water,279.1604938271605,2.3240694999694824
6,931,like,268.2926829268293,4.274368762969971
6,932,a,290.0617283950617,0.5394604206085205
6,933,live,277.2926829268293,8.544512748718262
6,934,animal.,291.6341463414634,4.951339423656464
6,935,They,363.9390243902439,5.169866561889648
6,936,were,317.41975308641975,1.6245023012161255
6,937,ready,277.9024390243902,7.982307434082031
6,938,to,270.8414634146341,0.305617094039917
6,939,call,289.6951219512195,6.53111457824707
6,940,it,276.4146341463415,1.3490219116210938
6,941,"quits,",262.2682926829268,5.7827849593013525
6,942,when,278.2682926829268,4.527658939361572
6,943,suddenly,278.3658536585366,3.8664710521698
6,944,Mom,302.5853658536585,5.145529270172119
6,945,"cried,",314.4634146341463,9.430150985717773
6,946,'Ah,297.0243902439024,6.901244342327118
6,947,ha!',323.9634146341463,7.266092538833618
6,948,Tucked,330.890243902439,11.592174768447876
6,949,in,319.4024390243902,2.107642412185669
6,950,a,306.9878048780488,2.938359498977661
6,951,curve,297.7073170731707,10.445963859558105
6,952,of,323.0243902439024,1.0668643712997437
6,953,the,299.1585365853659,3.4726693630218506
6,954,"archway,",365.9512195121951,11.90659487247467
6,955,perfectly,399.2926829268293,11.258493423461914
6,956,hidden,366.0740740740741,4.313504219055176
6,957,against,333.1341463414634,6.876564979553223
6,958,a,321.280487804878,3.024470806121826
6,959,pitch,309.3780487804878,9.536550521850586
6,960,dark,314.0731707317073,3.268899440765381
6,961,"stone,",325.0853658536585,7.5487916469573975
6,962,sat,347.75308641975306,5.874078750610352
6,963,Mr.,332.34939759036143,3.7981499847956
6,964,"Sticky,",316.0240963855422,1.3834029831923544
6,965,safe,329.0,10.32015609741211
6,966,and,299.0121951219512,1.1171596050262451
6,967,sound.,294.2560975609756,1.0235361456871033
6,968,"'You,",308.1219512195122,10.306012630462646
6,969,I,292.0731707317073,4.364009857177734
6,970,can,346.39506172839504,3.863208293914795
6,971,always,394.1707317073171,6.5474066734313965
6,972,count,339.5731707317073,2.6394686698913574
6,973,"on,'",354.719512195122,7.755548492074013
6,974,Abby,407.01234567901236,0.9757285118103027
6,975,said,378.175,0.9389928579330444
6,976,to,318.75,2.8990674018859863
6,977,her,337.71604938271605,1.579505205154419
6,978,"mom,",306.6875,2.6191552877426147
6,979,with,337.4875,4.278544902801514
6,980,relief.,301.7625,7.345975875854492
6,981,Then,329.98765432098764,4.1050872802734375
6,982,she,335.85,0.6824182868003845
6,983,noticed,300.8,5.056735992431641
6,984,another,301.8,5.034600257873535
6,985,water,309.825,4.755546569824219
6,986,snail,296.8,0.0896608754992485
6,987,was,308.7625,4.699156761169434
6,988,right,303.7625,5.404874801635742
6,989,next,308.85,1.15348219871521
6,990,to,311.17721518987344,0.060021717101335526
6,991,Sticky,321.9,5.980960277374834
6,992,and,350.73417721518985,2.197080373764038
6,993,asked,327.55,4.125613689422607
6,994,where,310.2125,5.903680324554443
6,995,this,303.9375,6.076799392700195
6,996,new,294.3544303797468,4.430199146270752
6,997,addition,299.9240506329114,5.604799270629883
6,998,to,326.6125,3.060256004333496
6,999,the,316.675,0.2597484886646271
6,1000,family,293.9873417721519,4.074509143829346
6,1001,could,279.05128205128204,4.349425792694092
6,1002,have,286.1666666666667,3.7862839698791504
6,1003,come,298.1518987341772,0.47032269835472107
6,1004,from.,290.8205128205128,0.1494005909189582
6,1005,'I'm,322.4102564102564,5.7915297746658325
6,1006,beginning,318.253164556962,8.716838836669922
6,1007,to,319.7721518987342,0.07713138312101364
6,1008,suspect,317.4177215189873,2.7070837020874023
6,1009,the,297.0,3.6466715335845947
6,1010,pond,290.0,5.640308380126953
6,1011,weed,309.9,1.681575059890747
6,1012,is,328.3125,1.3422714471817017
6,1013,"guilty,",333.475,12.417357444763184
6,1014,don't,400.81481481481484,4.627227240242064
6,1015,you,368.55555555555554,0.311357706785202
6,1016,think?',347.1012658227848,0.8181906938552856
6,1017,replied,372.475,7.059494495391846
6,1018,Mom.,363.82278481012656,3.2663358449935913
6,1019,They,358.2375,4.763944625854492
6,1020,both,338.6625,2.8144330978393555
6,1021,laughed,299.9,2.786011219024658
6,1022,and,307.72151898734177,1.275129795074463
6,1023,climbed,306.975,7.468172073364258
6,1024,into,322.38461538461536,1.5423967838287354
6,1025,Abby's,312.2875,5.1126156421378255
6,1026,bed,301.35,0.8986820578575134
6,1027,together,310.1,4.980195999145508
6,1028,"and,",329.873417721519,7.0904107093811035
6,1029,though,321.1,5.193010330200195
6,1030,it,315.35,3.1294751167297363
6,1031,was,289.5875,0.6373841762542725
6,1032,"cozy,",339.3875,9.622624576091766
6,1033,it,312.3375,2.2115612030029297
6,1034,was,294.8875,0.8989097476005554
6,1035,a,280.4625,3.2283058166503906
6,1036,bit,283.65,1.819095492362976
6,1037,of,273.3625,2.7877514362335205
6,1038,a,264.73417721518985,0.1351902335882187
6,1039,squeeze.,281.525,7.463154494762421
6,1040,'Budge,359.59493670886076,16.16828739643097
6,1041,"up,'",349.49367088607596,7.086454629898071
6,1042,Mom,393.7974683544304,3.642598867416382
6,1043,"said,",357.7721518987342,2.032510280609131
6,1044,giving,333.34177215189874,4.563133239746094
6,1045,Abby,315.2692307692308,0.5783013701438904
6,1046,a,292.87179487179486,0.659343957901001
6,1047,push,280.4871794871795,5.749116897583008
6,1048,with,287.825,4.033018589019775
6,1049,her,285.48148148148147,0.5184828042984009
6,1050,bottom.,284.05,8.277502059936523
6,1051,'I,333.85,3.3811380863189697
6,1052,can't,356.4125,4.446937799453735
6,1053,because,347.8875,8.729930877685547
6,1054,I'm,331.6296296296296,2.5653281211853027
6,1055,already,344.7037037037037,4.85300350189209
6,1056,on,296.61728395061726,3.6345396041870117
6,1057,the,292.425,1.1733938455581665
6,1058,edge.',278.4177215189873,4.745631694793701
6,1059,'Good,329.5875,6.1544047594070435
6,1060,"heavens,",358.9259259259259,7.544429063796997
6,1061,you've,321.9,4.743383884429932
6,1062,grown,319.55,5.080482482910156
6,1063,then.,323.2875,12.67802882194519
6,1064,When,335.2875,5.717010498046875
6,1065,did,390.45,1.718616247177124
6,1066,that,329.6296296296296,2.654851198196411
6,1067,happen?,310.08641975308643,3.6824121475219727
6,1068,You,315.641975308642,2.671785593032837
6,1069,could've,310.320987654321,7.36448860168457
6,1070,put,339.8,5.59742546081543
6,1071,an,300.30864197530866,4.515076637268066
6,1072,elephant,344.60493827160496,3.3179454803466797
6,1073,in,317.85185185185185,0.882465660572052
6,1074,here,308.58024691358025,3.041104793548584
6,1075,last,303.25925925925924,6.158587455749512
6,1076,time,308.5432098765432,2.7980713844299316
6,1077,we,306.2345679012346,4.321339130401611
6,1078,did,297.4567901234568,3.660203695297241
6,1079,this.,290.6296296296296,5.085409164428711
6,1080,Before,336.12345679012344,7.088553428649902
6,1081,I,313.91358024691357,2.145181179046631
6,1082,know,310.5679012345679,3.4009335041046143
6,1083,"it,",326.2716049382716,0.3347690962255001
6,1084,you'll,296.9,2.75626277923584
6,1085,be,302.2962962962963,0.6384106874465942
6,1086,all,284.7875,4.253448486328125
6,1087,grown,283.45,2.598632335662842
6,1088,up.',301.0365853658537,1.8001412153244019
6,1089,On,297.1951219512195,6.435619354248047
6,1090,her,318.0853658536585,2.650641918182373
6,1091,mom's,316.4512195121951,5.23532909527421
6,1092,chest,305.8395061728395,5.714448928833008
6,1093,Abby,305.0365853658537,3.8536665439605713
6,1094,then,314.7710843373494,8.224271774291992
6,1095,put,328.28915662650604,4.934843063354492
6,1096,her,311.30120481927713,0.7430009841918945
6,1097,head,324.2261904761905,2.8543734550476074
6,1098,and,333.4117647058824,4.655695915222168
6,1099,smiled.,445.7294117647059,7.813918352127075
7,2,text,402.4375,8.18973159790039
7,3,message,380.67088607594934,6.337841033935547
7,4,said,403.87179487179486,4.219552993774414
7,5,that,371.126582278481,1.9281072616577148
7,6,Lucy,360.53846153846155,10.213459968566895
7,7,Josephs,400.76623376623377,14.745056629180908
7,8,was,501.17721518987344,1.8644815683364868
7,9,a,387.79487179487177,2.8658690452575684
7,10,failure.,419.96153846153845,10.736963510513306
7,11,It,460.52,3.627613067626953
7,12,said,374.5394736842105,1.141861081123352
7,13,she,373.97402597402595,1.7183878421783447
7,14,was,328.6233766233766,1.3468703031539917
7,15,"ugly,",367.46753246753246,9.931030750274658
7,16,had,376.42105263157896,3.2160398960113525
7,17,no,385.0133333333333,2.60723876953125
7,18,style,340.18918918918916,6.688793182373047
7,19,and,350.6666666666667,1.1283361911773682
7,20,the,364.9342105263158,5.23530387878418
7,21,world,366.85526315789474,6.186003684997559
7,22,hated,355.7894736842105,5.612142086029053
7,23,her.,360.18918918918916,0.4712885357439518
7,24,At,370.80263157894734,6.141862392425537
7,25,least,358.3333333333333,2.8014156818389893
7,26,that,339.64473684210526,2.59420108795166
7,27,was,350.86842105263156,1.7237415313720703
7,28,what,310.4736842105263,1.2349191904067993
7,29,it,330.2631578947368,2.08247447013855
7,30,said,337.86842105263156,0.46514248847961426
7,31,to,307.7368421052632,5.2556657791137695
7,32,Lucy.,362.4266666666667,3.7128803730010986
7,33,It,399.07894736842104,3.1260852813720703
7,34,said,346.7894736842105,1.2659499645233154
7,35,that,361.6842105263158,1.5700678825378418
7,36,and,349.3421052631579,7.584043979644775
7,37,a,387.11842105263156,4.320296287536621
7,38,whole,376.88157894736844,4.164853096008301
7,39,lot,322.8933333333333,0.40548577904701233
7,40,more,323.7105263157895,0.41203463077545166
7,41,that,339.55263157894734,5.091532230377197
7,42,she,338.4605263157895,2.212574005126953
7,43,was,315.44736842105266,0.9707422852516174
7,44,struggling,365.38157894736844,7.954291343688965
7,45,to,352.17105263157896,1.065016508102417
7,46,understand.,380.38157894736844,6.23735237121582
7,47,The,400.1842105263158,2.858809471130371
7,48,actual,374.93333333333334,6.958884239196777
7,49,text,367.32894736842104,1.2172784805297852
7,50,of,334.4078947368421,2.5617778301239014
7,51,the,339.9605263157895,0.25134631991386414
7,52,note,356.9868421052632,5.215554714202881
7,53,said,364.5584415584416,2.453463315963745
7,54,that,342.7763157894737,0.881965696811676
7,55,Lucy,384.67105263157896,1.1340199708938599
7,56,better,357.2236842105263,11.988706588745117
7,57,not,349.72,2.3039052486419678
7,58,show,353.0263157894737,5.591271877288818
7,59,up,341.4868421052632,1.7742921113967896
7,60,at,344.7567567567568,1.5060644149780273
7,61,the,337.67105263157896,1.1235930919647217
7,62,party,339.2763157894737,3.395284652709961
7,63,"tonight,",361.36486486486484,8.838193416595459
7,64,because,404.73333333333335,1.3126673698425293
7,65,it,361.9078947368421,2.6872715950012207
7,66,was,338.2236842105263,1.2158762216567993
7,67,going,321.2763157894737,2.6187050342559814
7,68,to,321.89473684210526,0.06944979727268219
7,69,be,300.4342105263158,0.7415441870689392
7,70,bad,331.8933333333333,4.272468566894531
7,71,enough,398.64473684210526,5.340572357177734
7,72,already!,446.3333333333333,10.662075996398926
7,73,"Lucy,",463.29333333333335,6.41305685043335
7,74,who,376.7236842105263,3.0226948261260986
7,75,had,372.60526315789474,1.6313220262527466
7,76,started,354.6533333333333,5.768292427062988
7,77,receiving,387.0,7.633504867553711
7,78,these,380.61842105263156,5.170041561126709
7,79,messages,359.68,0.6998301148414612
7,80,a,362.2894736842105,4.212785243988037
7,81,few,345.2368421052632,0.9667657613754272
7,82,weeks,341.3421052631579,1.4130786657333374
7,83,"ago,",347.73333333333335,1.6428453028202057
7,84,tapped,370.5394736842105,12.252836227416992
7,85,the,359.55263157894734,1.6833869218826294
7,86,mobile,419.69736842105266,7.249140739440918
7,87,screen,379.9078947368421,4.344537258148193
7,88,to,367.9736842105263,2.0481433868408203
7,89,make,385.2236842105263,4.119338512420654
7,90,the,335.7236842105263,2.7502408027648926
7,91,message,346.44,2.0178751945495605
7,92,disappear,379.2162162162162,2.3236284255981445
7,93,from,392.8421052631579,3.6640701293945312
7,94,view.,389.1066666666667,6.429084867238998
7,95,She,402.76,1.7563436031341553
7,96,only,374.67105263157896,5.93515157699585
7,97,wished,374.4736842105263,6.871367454528809
7,98,it,353.88,2.616384267807007
7,99,was,321.4868421052632,1.5729966163635254
7,100,as,309.5,4.924593925476074
7,101,easy,351.05263157894734,2.7610535621643066
7,102,to,320.15584415584414,2.1706666946411133
7,103,tap,319.4025974025974,6.779993057250977
7,104,her,314.6363636363636,4.646212100982666
7,105,heart,327.1842105263158,6.842565536499023
7,106,and,345.52,2.6307215690612793
7,107,erase,346.9736842105263,8.01254653930664
7,108,the,328.0933333333333,1.7783455848693848
7,109,trace,343.32,8.37382698059082
7,110,the,371.28,6.095264434814453
7,111,message,440.61333333333334,2.2575454711914062
7,112,had,360.26666666666665,1.0392873287200928
7,113,left,364.0933333333333,1.1638407707214355
7,114,there.,349.0,5.90801340341568
7,115,'Was,405.3066666666667,14.076692581176758
7,116,that,385.94666666666666,2.2005510330200195
7,117,another,358.97333333333336,6.5288848876953125
7,118,one,354.9594594594595,3.256073474884033
7,119,of,330.92,1.1117751598358154
7,120,those,330.14666666666665,0.6200183033943176
7,121,messages?',375.93333333333334,4.235012054443359
7,122,her,369.3333333333333,4.865184783935547
7,123,mom,348.38666666666666,3.498164653778076
7,124,"asked,",358.68,2.631542921066284
7,125,who,387.4736842105263,5.125916481018066
7,126,was,334.61842105263156,1.3430471420288086
7,127,driving,367.80263157894734,6.813813209533691
7,128,the,335.2236842105263,2.202568292617798
7,129,car.,365.11842105263156,1.577670395374298
7,130,Lucy,451.69736842105266,1.5335016250610352
7,131,confirmed,371.83116883116884,7.529543876647949
7,132,her,358.7236842105263,3.4839653968811035
7,133,mother's,359.70666666666665,3.3785696029663086
7,134,suspicion,380.2133333333333,3.8153610229492188
7,135,was,359.26666666666665,5.524125099182129
7,136,founded,368.32894736842104,10.481451988220215
7,137,as,369.85333333333335,4.967723846435547
7,138,she,382.6933333333333,1.7562756538391113
7,139,answered,380.4605263157895,5.673851490020752
7,140,"dejectedly,",445.12,12.935236806515604
7,141,'I'm,440.5263157894737,5.627968013286591
7,142,sorry,385.5394736842105,2.090270757675171
7,143,to,349.49333333333334,3.8690948486328125
7,144,say,335.75,2.632540464401245
7,145,it,359.48,2.1515307426452637
7,146,was.',365.86842105263156,5.07422411441803
7,147,'Haven't,396.96,11.451965559273958
7,148,you,381.961038961039,0.6151644587516785
7,149,reported,347.94666666666666,7.687821388244629
7,150,it,372.64473684210526,0.8976864814758301
7,151,yet?',333.4594594594595,1.6851660907268524
7,152,asked,363.5394736842105,2.5456302165985107
7,153,"Jill,",363.5733333333333,11.604293465614319
7,154,Lucy's,407.39473684210526,8.99303126335144
7,155,older,444.53333333333336,3.4740347862243652
7,156,sister,387.17333333333335,0.2683151960372925
7,157,who,417.82666666666665,2.7749087810516357
7,158,was,374.0,0.9208972454071045
7,159,sitting,336.36486486486484,2.5175416469573975
7,160,in,320.4,1.691098690032959
7,161,the,305.28,0.2998100817203522
7,162,passenger,354.0394736842105,2.1726717948913574
7,163,seat.,380.60526315789474,0.8560371175408363
7,164,"'Yes,'",397.4,5.87811678647995
7,165,Lucy,386.72,2.026714324951172
7,166,"replied,",358.5263157894737,2.362917423248291
7,167,lying,357.0921052631579,7.950983047485352
7,168,through,403.8666666666667,6.9174957275390625
7,169,her,357.14666666666665,0.5644711256027222
7,170,teeth.,342.82666666666665,1.308004081249237
7,171,That,398.76,6.570403575897217
7,172,Lucy,346.67105263157896,9.894826889038086
7,173,should,373.89473684210526,5.635536193847656
7,174,not,360.50666666666666,3.2751684188842773
7,175,let,336.6233766233766,6.233394622802734
7,176,the,334.89473684210526,2.7062156200408936
7,177,messages,333.4266666666667,3.8770253658294678
7,178,get,322.44736842105266,2.3805136680603027
7,179,to,309.28,0.9889333844184875
7,180,her,332.80263157894734,0.0203792043030262
7,181,and,348.96,3.241276264190674
7,182,that,335.0263157894737,2.6046512126922607
7,183,the,348.26666666666665,2.607565402984619
7,184,sender,347.02666666666664,7.492023944854736
7,185,was,353.8666666666667,1.7886590957641602
7,186,only,321.05333333333334,4.781630516052246
7,187,jealous,335.96,7.841795444488525
7,188,were,366.1333333333333,6.130601406097412
7,189,Lucy's,382.0933333333333,7.952969670295715
7,190,mom's,383.4533333333333,4.515182733535767
7,191,"arguments,",420.13698630136986,10.795005798339844
7,192,in,423.2567567567568,5.558854103088379
7,193,an,364.17105263157896,4.444720268249512
7,194,effort,371.1095890410959,2.33276629447937
7,195,to,329.69736842105266,0.04322781413793564
7,196,comfort,331.8933333333333,6.832458972930908
7,197,her,369.1066666666667,0.3218085765838623
7,198,daughter.,355.2,3.932327091693878
7,199,Lucy's,408.82666666666665,4.817486763000488
7,200,mom,349.85526315789474,0.9400596618652344
7,201,suddenly,382.32,7.174655437469482
7,202,felt,331.0921052631579,3.574296712875366
7,203,"guilty,",369.17105263157896,6.028048515319824
7,204,for,385.89473684210526,5.2694902420043945
7,205,she,324.92,2.10988712310791
7,206,had,324.3466666666667,1.2107698917388916
7,207,been,347.50666666666666,2.2587578296661377
7,208,the,325.63157894736844,3.1505868434906006
7,209,one,314.4266666666667,0.23683232069015503
7,210,to,305.7894736842105,1.4734951257705688
7,211,buy,322.26666666666665,7.43846321105957
7,212,the,339.25,1.1144466400146484
7,213,phone,333.26666666666665,2.4250080585479736
7,214,for,325.82894736842104,2.8770973682403564
7,215,Lucy,320.6933333333333,2.5710744857788086
7,216,just,334.38157894736844,5.104824066162109
7,217,a,331.70666666666665,1.7969462871551514
7,218,couple,318.0657894736842,2.829333543777466
7,219,of,315.50666666666666,0.7056454420089722
7,220,months,313.4342105263158,1.3147878646850586
7,221,ago.,324.3157894736842,1.3443100452423096
7,222,She,330.64473684210526,1.6312696933746338
7,223,then,319.16,4.4921345710754395
7,224,admitted,321.2631578947368,6.535009860992432
7,225,her,318.42105263157896,3.8454971313476562
7,226,regret,341.7894736842105,6.039116859436035
7,227,about,357.6,3.8312888145446777
7,228,the,317.4605263157895,1.6059870719909668
7,229,phone,314.4605263157895,2.3410956859588623
7,230,was,323.2266666666667,7.208317756652832
7,231,still,352.61842105263156,5.471457004547119
7,232,bugging,343.05333333333334,8.790362730622292
7,233,her,352.2105263157895,0.05064624175429344
7,234,out,353.49333333333334,4.49195671081543
7,235,loud,358.3333333333333,6.502521991729736
7,236,as,358.67105263157896,4.300488471984863
7,237,she,359.2763157894737,0.4118081033229828
7,238,"sighed,",338.9078947368421,7.719290852546692
7,239,'I,384.94594594594594,1.7571138143539429
7,240,never,364.1578947368421,3.980537176132202
7,241,should,336.0135135135135,4.331448554992676
7,242,have,323.68,0.08922723680734634
7,243,given,310.7972972972973,3.641928195953369
7,244,you,311.8378378378378,3.6589365005493164
7,245,that,302.6216216216216,1.2742866277694702
7,246,phone,311.7162162162162,0.7793176770210266
7,247,Lucy.',357.5131578947368,13.233464360237122
7,248,"'No,",365.3157894736842,6.30620002746582
7,249,it's,338.63157894736844,3.774291515350342
7,250,fine.,330.8,4.236059665679932
7,251,I,322.8157894736842,1.0314180850982666
7,252,love,321.32,4.421919345855713
7,253,"it,'",310.38157894736844,3.2179157733917236
7,254,said,324.36,0.9271856546401978
7,255,Lucy,346.9868421052632,0.6823304295539856
7,256,knowing,333.61333333333334,8.040982246398926
7,257,that,320.4342105263158,1.0808851718902588
7,258,affording,324.48,16.711416721343994
7,259,the,383.61842105263156,1.4904017448425293
7,260,phone,339.53333333333336,0.5298129916191101
7,261,had,319.39473684210526,4.081158638000488
7,262,been,321.0133333333333,1.4095934629440308
7,263,no,322.19736842105266,5.512424945831299
7,264,small,322.49333333333334,3.029268503189087
7,265,thing,313.2133333333333,3.073209047317505
7,266,for,324.47297297297297,0.7929075956344604
7,267,her,301.3333333333333,0.21521954238414764
7,268,mother.,315.4594594594595,4.23453688621521
7,269,It,400.36842105263156,3.6580395698547363
7,270,had,308.84,2.307755947113037
7,271,been,297.2236842105263,0.8428972959518433
7,272,nothing,313.8666666666667,5.250656604766846
7,273,but,318.62666666666667,1.6734586954116821
7,274,trouble,319.3333333333333,5.433838844299316
7,275,though.,324.30263157894734,7.209913015365601
7,276,Lucy,379.6933333333333,2.4887001514434814
7,277,did,344.7763157894737,4.662372589111328
7,278,not,320.1842105263158,0.3911968171596527
7,279,know,307.0657894736842,2.1675078868865967
7,280,who,306.9736842105263,3.644454002380371
7,281,it,311.70666666666665,3.6384148597717285
7,282,was,308.55263157894734,0.20072989165782928
7,283,that,294.8666666666667,1.4533207416534424
7,284,was,354.4078947368421,2.3439512252807617
7,285,sending,309.88,3.349111795425415
7,286,her,300.6842105263158,1.766486406326294
7,287,the,306.7866666666667,1.5220296382904053
7,288,"messages,",312.4868421052632,2.1393178701400757
7,289,and,349.55263157894734,2.343075752258301
7,290,she,303.50666666666666,1.4825620651245117
7,291,did,299.02666666666664,2.083164930343628
7,292,not,300.05263157894734,0.029463287442922592
7,293,know,296.49333333333334,0.9011248350143433
7,294,how,311.5131578947368,1.9514577388763428
7,295,they,305.72,3.2917428016662598
7,296,had,309.67105263157896,1.576663613319397
7,297,got,312.9605263157895,3.155172824859619
7,298,her,305.5733333333333,5.206647872924805
7,299,"number,",324.24,10.578341722488403
7,300,but,352.0133333333333,1.6746935844421387
7,301,whoever,337.1842105263158,6.417679786682129
7,302,it,310.11842105263156,0.7713209390640259
7,303,"was,",309.4,1.429727628827095
7,304,he,304.3466666666667,4.561790466308594
7,305,or,360.50666666666666,1.974805474281311
7,306,she,316.14473684210526,0.003905527526512742
7,307,had,296.42105263157896,1.6764572858810425
7,308,slowly,301.9736842105263,9.164764404296875
7,309,taken,338.72,4.016483306884766
7,310,over,315.0,1.495407223701477
7,311,Lucy's,304.9866666666667,4.202281758189201
7,312,life.,311.5,1.1837131977081299
7,313,She,335.8666666666667,2.151510000228882
7,314,was,299.5,2.1352155208587646
7,315,getting,322.5394736842105,5.1164655685424805
7,316,several,314.38157894736844,8.463958740234375
7,317,texts,303.5131578947368,3.1092886924743652
7,318,a,323.67105263157896,0.916600227355957
7,319,day,301.8421052631579,0.15059185028076172
7,320,"now,",316.6,5.696616768836975
7,321,all,335.8493150684931,3.5741734504699707
7,322,of,316.72972972972974,1.420992136001587
7,323,which,309.7027027027027,0.7071890830993652
7,324,were,300.74666666666667,1.1192724704742432
7,325,abusive,331.74666666666667,7.498876571655273
7,326,and,360.46666666666664,1.4393385648727417
7,327,hurtful.,301.2133333333333,4.977953452151269
7,328,Lucy,343.48,3.08797025680542
7,329,wondered,370.35616438356163,5.623007774353027
7,330,what,343.3421052631579,1.6014256477355957
7,331,the,345.64,2.438042640686035
7,332,person,311.4533333333333,4.488087177276611
7,333,who,308.82894736842104,1.8578416109085083
7,334,was,325.08,2.190136194229126
7,335,messaging,343.0263157894737,8.098223686218262
7,336,her,335.4736842105263,0.2853906452655792
7,337,might,327.29333333333335,4.784042835235596
7,338,be,317.86842105263156,0.9274454116821289
7,339,thinking,310.96,1.9071323871612549
7,340,or,334.2368421052632,3.751028060913086
7,341,trying,344.53333333333336,4.000192165374756
7,342,to,297.67105263157896,0.013774574734270573
7,343,achieve,310.24,5.741672992706299
7,344,with,309.05333333333334,1.9416890144348145
7,345,all,351.61842105263156,4.5146050453186035
7,346,of,306.49333333333334,1.101501226425171
7,347,their,337.2631578947368,3.3169407844543457
7,348,hateful,314.04,5.9078521728515625
7,349,messages.,330.94736842105266,1.163190245628357
7,350,As,362.70666666666665,4.552609920501709
7,351,the,317.44,2.6182684898376465
7,352,car,306.0921052631579,6.122091770172119
7,353,pulled,302.50666666666666,1.6210306882858276
7,354,up,355.18666666666667,0.9580839276313782
7,355,outside,303.3157894736842,5.078372955322266
7,356,the,328.35526315789474,1.6419475078582764
7,357,"school,",313.38666666666666,5.132344484329224
7,358,which,379.5394736842105,6.106867790222168
7,359,looked,349.85333333333335,4.829895496368408
7,360,like,306.82666666666665,1.188193678855896
7,361,a,307.5135135135135,1.2174923419952393
7,362,large,298.8918918918919,3.637784957885742
7,363,shadow,313.85333333333335,8.126093864440918
7,364,in,332.9864864864865,3.764634609222412
7,365,the,305.16,0.1840209662914276
7,366,darkness,328.6756756756757,4.604575157165527
7,367,of,335.1333333333333,2.41272234916687
7,368,a,299.2432432432432,2.516557455062866
7,369,November,315.73333333333335,10.839937210083008
7,370,"evening,",335.9189189189189,2.624861016869545
7,371,Lucy,393.8933333333333,1.453501582145691
7,372,felt,363.14666666666665,3.344485282897949
7,373,a,306.3466666666667,1.6272106170654297
7,374,shiver,326.9866666666667,4.871125457808375
7,375,run,322.0,0.8298195004463196
7,376,down,308.08,0.49059394001960754
7,377,her,306.2162162162162,0.024498580023646355
7,378,spine.,313.35135135135135,0.7422574684023857
7,379,Hastened,364.2567567567568,15.398128986358643
7,380,by,344.04,1.1047332286834717
7,381,"Jill,",316.94520547945206,7.976624011993408
7,382,who,370.05333333333334,1.3917994499206543
7,383,did,342.35135135135135,5.426295280456543
7,384,not,302.68918918918916,0.16534647345542908
7,385,want,309.3918918918919,2.813993215560913
7,386,to,299.16,0.2784818708896637
7,387,be,290.25333333333333,2.3893661499023438
7,388,late,299.36986301369865,4.53110408782959
7,389,to,312.96,1.5995560884475708
7,390,her,317.4109589041096,2.8126511573791504
7,391,own,312.2133333333333,4.414510726928711
7,392,"concert,",352.7837837837838,7.831875383853912
7,393,Lucy,382.64,0.9384632110595703
7,394,hesitantly,469.9054054054054,8.960064387429156
7,395,stepped,382.7866666666667,4.008545398712158
7,396,out,378.8933333333333,0.9095660448074341
7,397,of,310.4594594594595,0.26024261116981506
7,398,the,285.16,0.17452819645404816
7,399,car,300.0933333333333,0.2937249541282654
7,400,and,304.82666666666665,1.0591930150985718
7,401,walked,320.8783783783784,2.6875030994415283
7,402,toward,307.5733333333333,2.8293967247009277
7,403,the,290.0810810810811,0.23418985307216644
7,404,school.,314.70666666666665,3.0105144381523132
7,405,It,373.31081081081084,3.1731760501861572
7,406,was,306.8,0.3274945914745331
7,407,Jill,305.1756756756757,12.36180305480957
7,408,who,293.41333333333336,1.478447437286377
7,409,in,305.5945945945946,7.280113220214844
7,410,her,300.9864864864865,1.79823899269104
7,411,final,320.1621621621622,5.777507781982422
7,412,year,316.7027027027027,4.428530693054199
7,413,of,308.61333333333334,1.7043390274047852
7,414,high,333.8243243243243,0.6269241571426392
7,415,school,330.37333333333333,0.00975850597023964
7,416,had,346.3918918918919,1.55354642868042
7,417,become,330.93243243243245,3.777348518371582
7,418,involved,326.68918918918916,5.441084861755371
7,419,in,318.05405405405406,0.37552401423454285
7,420,helping,364.4054054054054,5.674007892608643
7,421,organize,339.7162162162162,5.424251556396484
7,422,this,323.6575342465753,4.912652015686035
7,423,year's,338.81333333333333,3.439387235790491
7,424,school,330.9864864864865,3.6176700592041016
7,425,talent,336.3918918918919,8.962240219116211
7,426,"show,",333.64864864864865,3.532148003578186
7,427,and,325.3783783783784,1.1762685775756836
7,428,she,319.5405405405405,1.1066393852233887
7,429,took,307.7733333333333,5.061330795288086
7,430,her,316.85135135135135,2.2362194061279297
7,431,position,333.64864864864865,5.596851825714111
7,432,very,323.52702702702703,4.055450439453125
7,433,seriously.,335.97297297297297,0.45814149081707
7,434,Lucy,373.40277777777777,2.706016778945923
7,435,hurried,341.2837837837838,6.3690667152404785
7,436,behind,368.7567567567568,6.1351799964904785
7,437,"Jill,",342.8,3.624687075614929
7,438,pulling,390.8493150684931,5.018301010131836
7,439,on,360.18666666666667,2.989206552505493
7,440,the,327.02666666666664,1.9106085300445557
7,441,"worn,",331.29333333333335,11.867263317108154
7,442,oversized,382.7567567567568,6.714945316314697
7,443,coat,381.0933333333333,5.222020149230957
7,444,that,342.7567567567568,1.856525182723999
7,445,had,325.4864864864865,2.010010242462158
7,446,originally,305.3333333333333,7.1920928955078125
7,447,belonged,326.7162162162162,2.3145458698272705
7,448,to,322.8767123287671,0.006094206590205431
7,449,"Jill,",309.85333333333335,4.066969871520996
7,450,in,370.56756756756755,4.925756454467773
7,451,order,360.44,0.9859897494316101
7,452,to,306.32876712328766,0.0611068420112133
7,453,keep,328.7808219178082,3.244887351989746
7,454,her,336.9189189189189,0.8598736524581909
7,455,dry,321.5733333333333,6.897712707519531
7,456,as,333.9054054054054,3.8281259536743164
7,457,the,322.4189189189189,2.988201141357422
7,458,raindrops,327.4,10.001166105270386
7,459,fell,323.2027027027027,1.7246791124343872
7,460,all,304.81333333333333,5.998857021331787
7,461,around,314.0810810810811,1.845700740814209
7,462,them.,320.0405405405405,3.62311989068985
7,463,As,338.5810810810811,2.8880274295806885
7,464,the,331.1066666666667,2.4517903327941895
7,465,sisters,318.2432432432432,8.323512077331543
7,466,entered,321.2,3.727759838104248
7,467,the,332.1506849315069,0.20383846759796143
7,468,hall,313.46666666666664,3.991964340209961
7,469,where,334.2837837837838,4.812182426452637
7,470,the,330.18666666666667,0.7460118532180786
7,471,show,301.77027027027026,1.4023886919021606
7,472,was,306.3466666666667,0.2494468092918396
7,473,to,303.2837837837838,2.9323034286499023
7,474,take,312.8933333333333,1.2571450471878052
7,475,"place,",315.05405405405406,0.09088174591306597
7,476,Jill,320.0810810810811,2.216587781906128
7,477,filled,307.0405405405405,7.908204078674316
7,478,with,313.1216216216216,4.144159317016602
7,479,excitement,365.3972602739726,2.4702088832855225
7,480,while,344.3243243243243,5.501187801361084
7,481,Lucy,342.58666666666664,1.3767423629760742
7,482,regretted,345.0405405405405,12.630387306213379
7,483,that,329.9189189189189,2.0405843257904053
7,484,she,306.2432432432432,0.7408552169799805
7,485,had,306.77027027027026,0.5879070162773132
7,486,promised,307.9866666666667,8.257390975952148
7,487,her,323.9864864864865,1.3940328359603882
7,488,mother,297.37333333333333,2.6510915756225586
7,489,she,315.0933333333333,2.558784008026123
7,490,would,302.9054054054054,0.282086044549942
7,491,participate,308.53333333333336,7.752773761749268
7,492,in,323.52054794520546,0.865490198135376
7,493,the,298.36,0.5550383925437927
7,494,show.,302.7260273972603,1.4887664914131165
7,495,'To,344.96,8.340238809585571
7,496,waste,334.67123287671234,9.573138236999512
7,497,your,319.8,2.088329315185547
7,498,talent,308.55405405405406,5.721291542053223
7,499,would,310.7972972972973,5.264230728149414
7,500,be,305.4594594594595,0.2459983080625534
7,501,a,299.85333333333335,1.3998717069625854
7,502,real,314.9054054054054,4.95253324508667
7,503,"shame,",293.35135135135135,3.104060411453247
7,504,for,312.2739726027397,4.7138285636901855
7,505,you,293.9066666666667,1.5788748264312744
7,506,have,291.18918918918916,2.6421666145324707
7,507,such,299.3333333333333,3.9523725509643555
7,508,a,300.5810810810811,0.6970844268798828
7,509,beautiful,314.88,2.7074294090270996
7,510,"voice,'",331.6081081081081,4.446267127990723
7,511,her,319.5,4.970782279968262
7,512,mother,306.88,0.7869366407394409
7,513,had,311.8918918918919,3.5406484603881836
7,514,argued,305.9866666666667,6.895219802856445
7,515,two,303.32,8.772762298583984
7,516,months,312.68918918918916,2.4856133460998535
7,517,"back,",329.7027027027027,7.364967226982117
7,518,when,301.027397260274,3.60327410697937
7,519,the,299.5405405405405,2.624068260192871
7,520,concert,304.4931506849315,6.620477199554443
7,521,was,320.67123287671234,0.8013322949409485
7,522,first,301.69444444444446,5.144591808319092
7,523,announced.,313.5890410958904,2.236259788274765
7,524,Lucy,320.52777777777777,1.5029995441436768
7,525,had,315.18918918918916,2.5339584350585938
7,526,been,289.83561643835617,1.899979591369629
7,527,considering,299.55405405405406,6.481448173522949
7,528,"it,",319.24657534246575,5.184266924858093
7,529,for,314.1756756756757,4.016742706298828
7,530,she,289.4864864864865,2.0359649658203125
7,531,did,301.5342465753425,3.465320587158203
7,532,love,312.88,6.254964828491211
7,533,to,290.52054794520546,2.504258155822754
7,534,sing.,293.0133333333333,3.9315595626831055
7,535,That,300.55405405405406,4.764804840087891
7,536,very,305.72,6.704949378967285
7,537,"night,",297.7567567567568,2.7476613521575928
7,538,the,314.14666666666665,2.847808361053467
7,539,first,297.2432432432432,4.343900680541992
7,540,text,322.4054054054054,7.140257358551025
7,541,message,355.18918918918916,2.117250919342041
7,542,had,316.6081081081081,2.56318998336792
7,543,come,310.68,2.2631006240844727
7,544,through.,321.05479452054794,5.293864965438843
7,545,'How,334.4,6.866863489151001
7,546,does,317.36486486486484,4.910455226898193
7,547,it,306.1066666666667,1.2751063108444214
7,548,feel,293.5733333333333,0.1179886907339096
7,549,to,293.32,0.7032939791679382
7,550,be,285.5810810810811,0.8151028156280518
7,551,tall,279.02666666666664,10.624935150146484
7,552,and,307.35135135135135,1.6363708972930908
7,553,lanky,318.1066666666667,6.25273035466671
7,554,like,328.4054054054054,3.6560919284820557
7,555,a,314.50666666666666,3.949554443359375
7,556,giraffe?',350.88,6.048566974699497
7,557,it,351.64,3.660468578338623
7,558,had,313.02666666666664,1.9682625532150269
7,559,"asked,",315.46666666666664,5.229031324386597
7,560,taking,342.972602739726,5.760576248168945
7,561,Lucy,393.2162162162162,2.1040425300598145
7,562,by,313.1506849315069,1.4833669662475586
7,563,surprise.,318.1756756756757,0.9891030490398407
7,564,One,331.75342465753425,6.301197052001953
7,565,of,306.94520547945206,0.7904170751571655
7,566,the,302.041095890411,0.32556939125061035
7,567,popular,326.22972972972974,8.798623085021973
7,568,"girls,",320.81944444444446,5.395192384719849
7,569,Lucy,315.75342465753425,2.5021932125091553
7,570,had,311.5810810810811,1.521092176437378
7,571,always,307.7945205479452,2.7812092304229736
7,572,known,298.86301369863014,2.7824368476867676
7,573,she,302.6621621621622,3.6753835678100586
7,574,"wasn't,",367.4246575342466,8.550602558534592
7,575,but,370.7432432432432,0.9153388142585754
7,576,before,422.1917808219178,6.566319465637207
7,577,the,398.5,2.595360279083252
7,578,messages,365.041095890411,4.405128002166748
7,579,"began,",344.7808219178082,4.6636962890625
7,580,Lucy,343.94520547945206,1.9123504161834717
7,581,had,324.3783783783784,1.0099952220916748
7,582,always,302.7916666666667,3.9303297996520996
7,583,been,290.4864864864865,1.5069024562835693
7,584,quite,291.9178082191781,4.547980785369873
7,585,proud,311.5135135135135,4.296247482299805
7,586,of,293.46666666666664,0.2683808207511902
7,587,being,304.7808219178082,2.972949743270874
7,588,a,296.2837837837838,2.5493602752685547
7,589,little,308.8918918918919,4.297290802001953
7,590,different.,361.1066666666667,6.642672181129456
7,591,But,344.6986301369863,4.052268028259277
7,592,text,334.56164383561645,12.0865478515625
7,593,by,325.6756756756757,9.997638702392578
7,594,"text,",313.7671232876712,1.5302003920078278
7,595,Lucy's,339.44594594594594,5.845481634140015
7,596,self-confidence,357.29333333333335,9.236615270376205
7,597,had,332.3333333333333,0.9220296740531921
7,598,deflated,324.64864864864865,10.16566888988018
7,599,"and,",346.4266666666667,7.736626863479614
7,600,in,328.13513513513516,2.7420496940612793
7,601,the,295.2763157894737,1.8060338497161865
7,602,"end,",288.9594594594595,0.9053743546828628
7,603,it,331.97333333333336,2.4625954627990723
7,604,had,300.7808219178082,1.2208281755447388
7,605,taken,284.96,3.151099443435669
7,606,some,299.14864864864865,4.408217906951904
7,607,doing,298.14666666666665,6.047325134277344
7,608,to,317.86486486486484,1.502687692642212
7,609,get,303.88,1.8446271419525146
7,610,her,311.9864864864865,0.6845014691352844
7,611,to,295.8933333333333,0.9579029083251953
7,612,agree,310.97297297297297,4.385745048522949
7,613,to,294.53333333333336,0.37810614705085754
7,614,perform,291.4189189189189,5.964627265930176
7,615,in,284.7733333333333,2.678201675415039
7,616,the,280.8783783783784,0.9499838352203369
7,617,show.,291.3333333333333,0.9366664290428162
7,618,"Now,",319.1081081081081,6.021751880645752
7,619,"however,",330.62666666666667,3.3520841225981712
7,620,Lucy,294.1081081081081,2.582630157470703
7,621,had,290.3466666666667,1.6980500221252441
7,622,no,287.1081081081081,3.512439012527466
7,623,choice,286.85333333333335,1.4352097511291504
7,624,but,271.9866666666667,0.3116399645805359
7,625,to,269.4864864864865,0.007662191987037659
7,626,make,266.58666666666664,4.0689802169799805
7,627,her,291.7567567567568,2.3492367267608643
7,628,way,286.4657534246575,2.670056104660034
7,629,towards,279.06666666666666,4.379002571105957
7,630,the,291.8,0.27663668990135193
7,631,stage,285.7837837837838,2.4446749687194824
7,632,where,282.94594594594594,2.3463878631591797
7,633,Jill,303.77027027027026,4.148468494415283
7,634,was,288.25333333333333,1.0371125936508179
7,635,beckoning,296.63513513513516,11.622607288882136
7,636,encouragingly,361.52,12.175727859139442
7,637,to,334.46666666666664,2.4045047760009766
7,638,her.,319.31081081081084,3.7978169322013855
7,639,She,349.88,2.285773754119873
7,640,was,312.77027027027026,2.406680107116699
7,641,the,289.97333333333336,4.5813751220703125
7,642,first,298.36,2.1261515617370605
7,643,performer.,300.16438356164383,11.615388870239258
7,644,"Lucy,",357.36986301369865,6.515437841415405
7,645,announced,350.05333333333334,11.917236328125
7,646,by,339.72972972972974,3.45082426071167
7,647,her,318.25333333333333,1.5721720457077026
7,648,sister,327.3918918918919,4.104407787322998
7,649,to,324.0,3.4280903339385986
7,650,the,310.4054054054054,1.2818320989608765
7,651,"audience,",312.0133333333333,2.7794156670570374
7,652,was,327.2027027027027,1.9067208766937256
7,653,all,304.3066666666667,5.859530448913574
7,654,nerves,295.7432432432432,7.151021957397461
7,655,as,310.46666666666664,2.549379825592041
7,656,she,322.52702702702703,0.343708872795105
7,657,walked,298.73333333333335,2.594602108001709
7,658,out,286.45205479452056,3.285738706588745
7,659,onto,287.88,3.444786310195923
7,660,the,284.31081081081084,0.09193522483110428
7,661,middle,294.9866666666667,9.844910621643066
7,662,of,295.56,1.1373248100280762
7,663,the,288.3918918918919,0.05465986579656601
7,664,"stage,",297.16,1.9897519052028656
7,665,where,307.3333333333333,3.100614547729492
7,666,there,284.8783783783784,3.9692482948303223
7,667,was,281.8,0.4677857756614685
7,668,nothing,289.36486486486484,3.9311962127685547
7,669,but,284.8,0.6665735244750977
7,670,a,300.22972972972974,2.1506266593933105
7,671,microphone,295.49333333333334,6.9628214836120605
7,672,and,320.05405405405406,1.6784559488296509
7,673,her.,298.36486486486484,10.956716537475586
7,674,She,385.4864864864865,2.097519874572754
7,675,heard,339.37333333333333,5.939703941345215
7,676,the,307.3378378378378,1.2907770872116089
7,677,audience,316.43243243243245,4.113839149475098
7,678,applaud,305.17333333333335,2.4227230548858643
7,679,and,313.75342465753425,1.862266182899475
7,680,could,284.9866666666667,6.522789001464844
7,681,feel,302.63513513513516,1.8629227876663208
7,682,a,292.96,3.0878970623016357
7,683,sense,288.5753424657534,3.7414913177490234
7,684,of,286.31081081081084,0.006762475706636906
7,685,anticipation,299.3378378378378,3.567711353302002
7,686,emanate,322.7945205479452,8.563923381268978
7,687,from,367.5,0.23530465364456177
7,688,the,316.5890410958904,1.175801157951355
7,689,other,298.5135135135135,4.516307353973389
7,690,side,312.13698630136986,3.414201021194458
7,691,of,296.43243243243245,0.47217461466789246
7,692,the,281.7808219178082,0.160614013671875
7,693,heavy,278.4594594594595,10.529366493225098
7,694,curtain.,362.2328767123288,3.0448214411735535
7,695,As,353.7972972972973,2.996269464492798
7,696,the,324.4657534246575,1.8860208988189697
7,697,curtains,306.7432432432432,7.122488021850586
7,698,began,319.4931506849315,3.238758087158203
7,699,to,310.3243243243243,0.17233259975910187
7,700,"part,",323.35616438356163,10.503305196762085
7,701,she,313.5945945945946,2.20650577545166
7,702,cast,311.05479452054794,8.724846839904785
7,703,a,341.6575342465753,1.6485249996185303
7,704,worried,305.9864864864865,6.082091331481934
7,705,look,309.67123287671234,0.7881888151168823
7,706,at,294.63513513513516,1.2200016975402832
7,707,Jill,294.013698630137,1.181082844734192
7,708,in,314.4594594594595,3.9383761882781982
7,709,the,301.85135135135135,1.3184831142425537
7,710,"wings,",326.2739726027397,11.915202975273132
7,711,who,366.9054054054054,2.5080032348632812
7,712,assured,320.9864864864865,8.715801239013672
7,713,her,357.32876712328766,0.16884709894657135
7,714,with,285.63513513513516,5.165490627288818
7,715,a,301.5342465753425,0.5149752497673035
7,716,positive,314.5405405405405,6.9462175369262695
7,717,thumbs,313.82191780821915,7.3827290534973145
7,718,up.,354.1095890410959,2.7424026429653168
7,719,Lucy,369.2083333333333,2.4060041904449463
7,720,thought,316.05479452054794,5.1896653175354
7,721,to,319.8082191780822,2.1488380432128906
7,722,herself,300.56756756756755,0.02254812978208065
7,723,that,300.4864864864865,1.6746084690093994
7,724,she,307.56756756756755,1.10208261013031
7,725,could,288.86301369863014,2.909003496170044
7,726,not,287.7260273972603,1.8448874950408936
7,727,go,288.3378378378378,4.781342506408691
7,728,through,293.73972602739724,3.2459325790405273
7,729,with,293.06756756756755,0.562858521938324
7,730,this,277.6575342465753,1.3556768894195557
7,731,and,295.77027027027026,3.037761688232422
7,732,that,296.9178082191781,2.7515320777893066
7,733,"she,",284.3918918918919,6.8669188022613525
7,734,unlike,291.67123287671234,6.531932830810547
7,735,her,312.8378378378378,1.2008821964263916
7,736,older,278.0,3.6288933753967285
7,737,"sister,",294.63013698630135,0.3301808536052704
7,738,was,291.22222222222223,1.465657114982605
7,739,not,286.54794520547944,1.500340461730957
7,740,confident,290.36486486486484,6.762118339538574
7,741,enough,295.2027027027027,0.9130527973175049
7,742,to,291.93243243243245,0.5222899913787842
7,743,put,275.52054794520546,5.403640270233154
7,744,herself,282.47297297297297,3.081233501434326
7,745,before,293.3013698630137,5.466012001037598
7,746,the,284.2027027027027,0.6939678192138672
7,747,judging,287.45205479452056,6.681655406951904
7,748,audience.,344.1081081081081,3.7932936251163483
7,749,The,343.3243243243243,2.801684856414795
7,750,crowd,339.63380281690144,2.310204267501831
7,751,looked,305.2837837837838,4.977787017822266
7,752,up,294.68918918918916,2.367687225341797
7,753,at,291.75,1.3499641418457031
7,754,her,290.5405405405405,0.7598073482513428
7,755,and,289.17808219178085,1.821357011795044
7,756,Lucy,292.7972972972973,2.465851068496704
7,757,was,285.4594594594595,2.5111687183380127
7,758,ready,320.16438356164383,5.168978691101074
7,759,to,288.4109589041096,0.22658097743988037
7,760,run,296.93150684931504,5.175041198730469
7,761,when,329.3972602739726,5.151422500610352
7,762,the,305.47297297297297,1.4919021129608154
7,763,first,313.8082191780822,3.8562822341918945
7,764,notes,295.5733333333333,7.192743301391602
7,765,of,306.4054054054054,2.2921667098999023
7,766,the,292.5068493150685,0.3794434368610382
7,767,music,289.0945945945946,4.180026054382324
7,768,sounded,301.81081081081084,5.8768815994262695
7,769,out,290.6575342465753,2.82474946975708
7,770,and,300.027397260274,3.0808472633361816
7,771,a,313.55555555555554,3.087704658508301
7,772,sudden,307.2739726027397,5.003868103027344
7,773,calm,307.72972972972974,7.199214935302734
7,774,settled,307.3611111111111,5.141296863555908
7,775,over,315.22972972972974,1.2298222780227661
7,776,her.,316.3611111111111,1.3486116528511047
7,777,She,328.4864864864865,1.9911301136016846
7,778,closed,307.52054794520546,5.195262432098389
7,779,her,292.4054054054054,0.16031093895435333
7,780,eyes,289.17808219178085,0.0363246314227581
7,781,and,283.02702702702703,0.7786853313446045
7,782,shut,289.85135135135135,5.881692886352539
7,783,everything,300.3888888888889,7.620408058166504
7,784,"out,",296.2191780821918,4.277416467666626
7,785,including,322.9594594594595,6.810001373291016
7,786,the,321.73972602739724,1.0143368244171143
7,787,"audience,",302.0405405405405,5.334930658340454
7,788,the,301.4931506849315,4.501136302947998
7,789,nerves,306.05405405405406,6.606996059417725
7,790,that,307.5890410958904,3.1789517402648926
7,791,threatened,284.6756756756757,5.679091930389404
7,792,to,301.28767123287673,0.07826083153486252
7,793,take,303.05479452054794,4.12733268737793
7,794,"over,",278.27027027027026,4.544432461261749
7,795,the,306.94520547945206,2.630152702331543
7,796,text,285.6621621621622,9.591155052185059
7,797,"messages,",306.52054794520546,2.15012925863266
7,798,and,333.31081081081084,1.0939085483551025
7,799,the,299.7671232876712,0.5973946452140808
7,800,way,286.68918918918916,5.157359600067139
7,801,they,296.6027397260274,3.458840847015381
7,802,made,292.64383561643837,4.177319526672363
7,803,her,295.7260273972603,0.3948248326778412
7,804,feel.,286.7945205479452,1.0723733603954315
7,805,It,306.13698630136986,3.0729126930236816
7,806,was,291.28767123287673,0.6060620546340942
7,807,just,283.8783783783784,3.88153076171875
7,808,her,279.63013698630135,3.7371697425842285
7,809,and,271.3378378378378,3.164621353149414
7,810,the,283.0405405405405,2.775514841079712
7,811,"music,",283.2191780821918,4.829717516899109
7,812,and,280.14864864864865,1.6963963508605957
7,813,it,280.24657534246575,1.986728549003601
7,814,was,281.75342465753425,0.6503137946128845
7,815,a,268.43243243243245,3.167227268218994
7,816,love,284.09589041095893,5.966081142425537
7,817,story,290.1081081081081,2.285524845123291
7,818,that,287.63013698630135,1.5266022682189941
7,819,had,285.72972972972974,1.633861780166626
7,820,been,277.0,1.5416985750198364
7,821,going,280.22972972972974,2.8621866703033447
7,822,on,271.7808219178082,0.05175890028476715
7,823,her,272.3783783783784,5.416683197021484
7,824,whole,317.8082191780822,1.0074656009674072
7,825,life.,281.52702702702703,0.4705389831215143
7,826,She,310.4246575342466,1.8405284881591797
7,827,began,272.958904109589,4.816244602203369
7,828,to,282.4864864864865,0.2976981997489929
7,829,"sing,",288.4189189189189,4.886170864105225
7,830,and,275.2432432432432,1.8305822610855103
7,831,all,267.94520547945206,5.2459564208984375
7,832,the,270.1756756756757,1.7372889518737793
7,833,pain,271.63013698630135,6.41152286529541
7,834,and,283.0821917808219,1.1106631755828857
7,835,confusion,279.8378378378378,3.8376235961914062
7,836,that,279.93150684931504,1.6403990983963013
7,837,the,276.5068493150685,4.063861846923828
7,838,messages,272.52702702702703,3.579381227493286
7,839,had,289.93150684931504,0.5987250804901123
7,840,been,291.31081081081084,3.6913254261016846
7,841,causing,284.7027027027027,2.3749537467956543
7,842,inside,303.63013698630135,5.913538455963135
7,843,her,315.8918918918919,0.4403305947780609
7,844,just,296.82191780821915,5.583313465118408
7,845,flowed,284.68918918918916,5.557103157043457
7,846,out.,298.31081081081084,2.844710648059845
7,847,The,331.7837837837838,2.1593499183654785
7,848,words,291.6575342465753,4.315682411193848
7,849,were,293.8767123287671,2.0760605335235596
7,850,not,281.7837837837838,3.405543804168701
7,851,"important,",291.86301369863014,9.23400592803955
7,852,for,294.2567567567568,4.201274394989014
7,853,it,282.0821917808219,3.06141996383667
7,854,was,280.3918918918919,0.4013110399246216
7,855,the,301.7945205479452,2.4386162757873535
7,856,feeling,282.6216216216216,5.93521785736084
7,857,behind,283.4109589041096,6.246079444885254
7,858,them,282.55405405405406,1.0442121028900146
7,859,that,299.041095890411,0.3168738782405853
7,860,she,278.3972602739726,3.274724245071411
7,861,latched,276.7837837837838,11.773504048585892
7,862,onto.,309.2739726027397,1.2138417661190033
7,863,Lucy,302.6621621621622,3.1596875190734863
7,864,was,305.5890410958904,2.2499451637268066
7,865,in,314.0135135135135,3.7294509410858154
7,866,the,296.02777777777777,1.788923978805542
7,867,heart,272.97297297297297,4.461441516876221
7,868,of,292.55555555555554,0.03543274104595184
7,869,the,296.4583333333333,0.9543651342391968
7,870,song,306.3972602739726,3.6048576831817627
7,871,with,300.31944444444446,3.8596701622009277
7,872,the,295.52054794520546,1.9938998222351074
7,873,rest,285.86301369863014,4.056663513183594
7,874,of,279.55555555555554,0.0488685667514801
7,875,the,256.86301369863014,0.14196589589118958
7,876,world,269.9861111111111,3.9480066299438477
7,877,slipping,292.93055555555554,11.750349998474121
7,878,away.,310.4657534246575,3.176121234893799
7,879,When,312.44444444444446,4.401037216186523
7,880,the,307.1232876712329,1.378753662109375
7,881,song,296.8888888888889,2.085327625274658
7,882,finished,292.68055555555554,1.7935330867767334
7,883,and,303.32394366197184,2.978191614151001
7,884,the,280.0945945945946,1.0070850849151611
7,885,last,290.24657534246575,5.181682586669922
7,886,note,279.6756756756757,1.7539571523666382
7,887,died,287.7808219178082,6.7982611656188965
7,888,"away,",290.2432432432432,3.816158354282379
7,889,she,294.013698630137,1.4552383422851562
7,890,opened,289.73972602739724,4.493409156799316
7,891,her,293.05405405405406,0.14033137261867523
7,892,eyes.,296.32876712328766,2.8255648761987686
7,893,To,301.5890410958904,5.823666095733643
7,894,see,290.986301369863,3.859867811203003
7,895,the,292.24657534246575,1.5570186376571655
7,896,whole,300.3835616438356,5.136468887329102
7,897,audience,294.2027027027027,4.729273796081543
7,898,on,292.0135135135135,4.738101005554199
7,899,their,284.47945205479454,3.2926197052001953
7,900,feet,280.9054054054054,0.6630093455314636
7,901,and,279.13698630136986,2.296180248260498
7,902,the,297.47297297297297,2.353891611099243
7,903,hall,286.5945945945946,8.395040512084961
7,904,filled,287.2972972972973,3.0288031101226807
7,905,with,291.16438356164383,0.037789713591337204
7,906,cheers,305.6027397260274,4.952269554138184
7,907,and,284.5068493150685,1.2010401487350464
7,908,applause,276.34722222222223,1.1739742755889893
7,909,was,283.35616438356163,2.5677411556243896
7,910,not,312.1756756756757,3.885704517364502
7,911,what,305.7808219178082,2.536644220352173
7,912,Lucy,297.63013698630135,1.6944900751113892
7,913,had,309.13513513513516,1.4603193998336792
7,914,expected.,323.3783783783784,1.7965578138828278
7,915,Lucy,320.72,4.331792831420898
7,916,allowed,303.5135135135135,8.300406455993652
7,917,herself,297.16,0.40311893820762634
7,918,to,300.77027027027026,0.27504774928092957
7,919,enjoy,290.6533333333333,5.0368852615356445
7,920,the,287.2162162162162,0.527806282043457
7,921,sense,286.0405405405405,6.827665328979492
7,922,of,283.29333333333335,0.041203200817108154
7,923,achievement,278.8783783783784,6.851844310760498
7,924,and,294.26666666666665,1.797790765762329
7,925,belonging,284.2054794520548,8.265820503234863
7,926,that,307.28767123287673,1.0183262825012207
7,927,she,301.06849315068496,1.9694849252700806
7,928,had,297.0135135135135,0.5206700563430786
7,929,not,317.56164383561645,5.630140781402588
7,930,felt,300.5135135135135,2.3823142051696777
7,931,in,313.1232876712329,1.4625842571258545
7,932,a,271.44594594594594,1.9345848560333252
7,933,very,268.63013698630135,3.0268616676330566
7,934,long,263.93243243243245,0.01719331555068493
7,935,time.,286.35616438356163,0.3698128517717123
7,936,Then,293.45205479452056,4.8667449951171875
7,937,she,291.1621621621622,1.116889238357544
7,938,saw,277.09589041095893,3.4931366443634033
7,939,her,271.63513513513516,2.5260074138641357
7,940,"mother,",289.97222222222223,3.071627140045166
7,941,who,277.7945205479452,0.8091866374015808
7,942,was,286.5068493150685,0.8656365871429443
7,943,cheering,276.2567567567568,6.640026569366455
7,944,the,280.6849315068493,3.2296714782714844
7,945,loudest,281.6621621621622,8.007290780544281
7,946,of,275.3918918918919,2.5786750316619873
7,947,all,277.2162162162162,1.695883870124817
7,948,in,282.0,4.385976791381836
7,949,the,267.8082191780822,1.0316730737686157
7,950,"crowd,",272.2054794520548,4.042111039161682
7,951,and,303.94444444444446,1.466361165046692
7,952,"Jill,",269.5890410958904,6.637230753898621
7,953,who,287.6027397260274,0.18623176217079163
7,954,was,289.68055555555554,0.5560488104820251
7,955,beaming,281.09589041095893,7.501626560464501
7,956,at,295.3150684931507,2.3405251502990723
7,957,her,271.56756756756755,0.5664416551589966
7,958,with,291.40277777777777,1.6704180240631104
7,959,pride,277.0821917808219,2.98197865486145
7,960,from,284.0,6.533568382263184
7,961,the,278.6575342465753,0.9633078575134277
7,962,wings.,289.8918918918919,7.658315092325211
7,963,She,326.47945205479454,2.312407970428467
7,964,knew,283.9054054054054,2.9417967796325684
7,965,she,280.4657534246575,2.231806755065918
7,966,owed,283.7972972972973,7.864891529083252
7,967,them,293.1506849315069,2.6484317779541016
7,968,big,334.0810810810811,7.472531318664551
7,969,time,289.36986301369865,1.3277767896652222
7,970,for,285.06756756756755,1.8791851997375488
7,971,reminding,301.85135135135135,6.570735454559326
7,972,her,317.2567567567568,0.29591044783592224
7,973,what,294.3150684931507,5.077528953552246
7,974,she,287.7972972972973,1.0892442464828491
7,975,was,283.6216216216216,1.9725794792175293
7,976,capable,282.2328767123288,2.249567985534668
7,977,of,271.3918918918919,0.0060431379824876785
7,978,and,281.05405405405406,2.0353212356567383
7,979,who,278.3783783783784,4.910445213317871
7,980,she,298.13698630136986,0.19495120644569397
7,981,really,294.97297297297297,3.062040328979492
7,982,was.,292.31081081081084,0.39142023772001266
7,983,The,279.47297297297297,2.5059564113616943
7,984,next,281.31081081081084,3.891282081604004
7,985,time,281.16438356164383,2.879180908203125
7,986,her,283.5810810810811,3.7867279052734375
7,987,phone,272.94594594594594,6.203120708465576
7,988,bleeped,297.61842105263156,12.359280464239419
7,989,she,337.61842105263156,4.207084655761719
7,990,would,344.3421052631579,0.7349921464920044
7,991,tap,340.13157894736844,9.125075340270996
7,992,the,300.4342105263158,1.9717490673065186
7,993,message,328.75,4.365478515625
7,994,straight,350.3333333333333,8.558170318603516
7,995,into,324.5,0.9424331784248352
7,996,oblivion,350.54794520547944,12.608443667180836
7,997,where,383.72972972972974,7.719316482543945
7,998,it,347.0263157894737,0.714087724685669
7,999,belonged.,442.42105263157896,4.038236230611801
8,2,Roswell,456.9342105263158,11.746296882629395
8,3,UFO,426.2236842105263,3.322470188140869
8,4,Incident,458.9594594594595,2.9263265132904053
8,5,was,372.82894736842104,3.3280177116394043
8,6,the,387.77027027027026,2.3551318645477295
8,7,alleged,411.11842105263156,8.460896492004395
8,8,recovery,444.18666666666667,9.734031677246094
8,9,of,385.3972602739726,0.22222693264484406
8,10,extra-terrestrial,507.375,9.492056757211685
8,11,"debris,",467.06756756756755,8.126161575317383
8,12,including,440.32,3.3888683319091797
8,13,alien,384.35526315789474,4.224789619445801
8,14,"corpses,",404.4594594594595,6.854285836219788
8,15,from,406.1917808219178,1.1794804334640503
8,16,an,406.35526315789474,2.884645938873291
8,17,object,401.81333333333333,4.0053324699401855
8,18,that,363.14285714285717,2.059168815612793
8,19,crashed,354.4868421052632,3.3846757411956787
8,20,near,351.14666666666665,2.4085865020751953
8,21,"Roswell,",346.013698630137,1.3064468378870515
8,22,New,387.6216216216216,0.7644006609916687
8,23,"Mexico,",392.41333333333336,1.5596556314267218
8,24,on,365.5131578947368,1.08134126663208
8,25,or,340.06666666666666,8.133336067199707
8,26,about,347.18666666666667,0.22044292092323303
8,27,July,340.38157894736844,2.449155330657959
8,28,"eighth,",393.56756756756755,17.155821979045868
8,29,nineteen,510.49333333333334,9.264466285705566
8,30,forty-seven.,652.0428571428571,9.615927040576935
8,31,Since,621.1369863013699,5.329733848571777
8,32,the,460.16,1.2237095832824707
8,33,late,349.7866666666667,5.167179584503174
8,34,nineteen,393.75,1.1621628999710083
8,35,"seventies,",488.52,4.079397331923246
8,36,the,427.2133333333333,1.5907368659973145
8,37,incident,408.96,6.357458591461182
8,38,has,366.0657894736842,0.20368775725364685
8,39,been,332.0131578947368,0.7331967353820801
8,40,the,328.94666666666666,2.936339855194092
8,41,subject,369.2,0.16673725843429565
8,42,of,387.38157894736844,0.002997669158503413
8,43,intense,368.14864864864865,4.0848388671875
8,44,controversy,415.3611111111111,3.3136239051818848
8,45,and,357.88,1.5063227415084839
8,46,the,335.4533333333333,3.521838426589966
8,47,subject,341.28,3.030809164047241
8,48,of,319.55263157894734,0.09198839962482452
8,49,conspiracy,327.37333333333333,5.2071146965026855
8,50,theories,330.62666666666667,0.08118056505918503
8,51,as,334.7894736842105,4.608763217926025
8,52,to,356.6666666666667,2.015822410583496
8,53,the,340.55405405405406,1.262752890586853
8,54,true,366.9054054054054,3.492173671722412
8,55,nature,335.14666666666665,1.1880197525024414
8,56,of,297.72972972972974,0.1730225831270218
8,57,the,297.48,0.3778885304927826
8,58,object,320.31081081081084,2.6851749420166016
8,59,that,339.17808219178085,3.097912311553955
8,60,crashed.,328.97333333333336,1.5879561305046082
8,61,The,338.16438356164383,1.9517405033111572
8,62,United,353.5135135135135,5.363279819488525
8,63,States,342.35616438356163,0.04600514844059944
8,64,military,390.0135135135135,4.220301628112793
8,65,maintains,340.7837837837838,4.425483226776123
8,66,the,359.041095890411,3.293534755706787
8,67,debris,334.8243243243243,5.418777942657471
8,68,recovered,397.4054054054054,2.3351783752441406
8,69,was,328.48,2.98331880569458
8,70,from,346.4,2.6146531105041504
8,71,an,316.08,1.4806561470031738
8,72,experimental,359.18918918918916,7.340060710906982
8,73,high-altitude,394.5068493150685,8.16204093034321
8,74,surveillance,438.12,8.58139419555664
8,75,balloon,448.06666666666666,3.218562126159668
8,76,that,378.8082191780822,2.379031181335449
8,77,belonged,367.56,6.545419216156006
8,78,to,377.2133333333333,0.019312912598252296
8,79,a,310.8,1.5829071998596191
8,80,classified,313.36,6.536467552185059
8,81,program,338.4594594594595,3.1128053665161133
8,82,named,355.28,4.159584999084473
8,83,'Mogul'.,477.6478873239437,21.483929753303528
8,84,"However,",574.9166666666666,3.8831253424286842
8,85,many,415.2027027027027,4.814755916595459
8,86,UFO,356.31081081081084,2.429863214492798
8,87,proponents,407.3918918918919,4.860653877258301
8,88,maintain,440.4189189189189,3.4243879318237305
8,89,"that,",403.0810810810811,4.994328528642654
8,90,in,379.12,2.260093927383423
8,91,"fact,",352.6933333333333,0.9856613073498011
8,92,a,313.41333333333336,3.671236276626587
8,93,crashed,358.4266666666667,5.403059959411621
8,94,alien,369.44,4.741783142089844
8,95,craft,348.94666666666666,1.7158008813858032
8,96,and,395.62666666666667,5.1611247062683105
8,97,bodies,387.4533333333333,7.18660306930542
8,98,were,354.08,0.9511330127716064
8,99,"recovered,",332.9066666666667,4.8776057958602905
8,100,and,336.93333333333334,1.7918777465820312
8,101,that,321.81333333333333,0.6066575646400452
8,102,the,327.3466666666667,1.0455498695373535
8,103,military,330.6533333333333,4.978099822998047
8,104,then,335.14666666666665,6.725505828857422
8,105,engaged,348.37333333333333,6.753199577331543
8,106,in,332.5733333333333,0.0871151015162468
8,107,a,341.25333333333333,1.2314523458480835
8,108,cover-up.,338.6,5.098870184563566
8,109,The,369.86486486486484,1.9616587162017822
8,110,incident,352.4533333333333,5.3446574211120605
8,111,has,337.8918918918919,2.2604146003723145
8,112,turned,309.93243243243245,6.408481121063232
8,113,into,364.5,1.4481245279312134
8,114,a,338.44,0.4680524468421936
8,115,widely,312.41333333333336,6.252013206481934
8,116,known,332.8933333333333,4.89909553527832
8,117,pop,350.72972972972974,10.167959213256836
8,118,culture,343.86486486486484,1.8636059761047363
8,119,"phenomenon,",326.58666666666664,2.046610713005066
8,120,making,352.1081081081081,5.869903564453125
8,121,the,323.14666666666665,1.8439360857009888
8,122,name,299.2105263157895,5.588535308837891
8,123,Roswell,342.04,3.6157661913894117
8,124,synonymous,372.8243243243243,5.6064066886901855
8,125,with,399.2133333333333,0.07618989795446396
8,126,UFOs.,368.8243243243243,3.655737042427063
8,127,It,406.2162162162162,3.501791000366211
8,128,ranks,380.0810810810811,9.630391120910645
8,129,as,327.0135135135135,1.5696306228637695
8,130,one,312.6027397260274,0.4263394773006439
8,131,of,300.5135135135135,0.014124192297458649
8,132,the,303.47297297297297,0.045331161469221115
8,133,most,332.77027027027026,0.7887252569198608
8,134,publicized,326.06756756756755,4.847479820251465
8,135,and,354.56164383561645,2.887403964996338
8,136,controversial,371.0394736842105,2.589151620864868
8,137,alleged,342.43243243243245,7.5647125244140625
8,138,UFO,372.04,0.40591180324554443
8,139,incidents.,329.4054054054054,4.195273280143738
8,140,On,380.48,4.614602088928223
8,141,July,335.93243243243245,2.244626045227051
8,142,"ninth,",378.34722222222223,6.586707428097725
8,143,nineteen,504.3835616438356,1.6518555879592896
8,144,"forty-seven,",552.6805555555555,1.9737937450408936
8,145,a,424.55555555555554,1.4018858671188354
8,146,press,438.85135135135135,8.688040733337402
8,147,release,371.972602739726,1.5048441886901855
8,148,that,362.9189189189189,5.904767036437988
8,149,Roswell,351.8243243243243,8.722215191810392
8,150,Army,349.46666666666664,8.236993789672852
8,151,Air,367.3333333333333,3.0207791328430176
8,152,Field,348.3243243243243,3.7646470069885254
8,153,issued,374.16438356164383,4.342867851257324
8,154,stated,360.8378378378378,5.041492938995361
8,155,that,386.93243243243245,0.8497896194458008
8,156,personnel,350.86486486486484,7.327629566192627
8,157,from,348.5405405405405,1.9756282567977905
8,158,the,347.4533333333333,0.6495119333267212
8,159,field's,327.43243243243245,9.33620309829712
8,160,Bomb,335.75342465753425,7.945528984069824
8,161,Group,437.7972972972973,5.396676063537598
8,162,had,358.0821917808219,1.694735050201416
8,163,recovered,341.7027027027027,3.72360897064209
8,164,a,322.6756756756757,1.7291407585144043
8,165,crashed,347.6756756756757,3.737710475921631
8,166,'flying,365.35135135135135,7.467256546020508
8,167,disc',409.6081081081081,5.277532339096069
8,168,from,381.77027027027026,1.645843267440796
8,169,a,337.8666666666667,1.2030123472213745
8,170,ranch,329.49333333333334,8.498429298400879
8,171,near,351.1756756756757,2.2955164909362793
8,172,"Roswell,",349.43243243243245,0.5826611450174823
8,173,sparking,376.8243243243243,11.525189399719238
8,174,intense,373.77027027027026,4.329079627990723
8,175,media,401.08,3.141911506652832
8,176,interest.,404.17333333333335,2.3431469202041626
8,177,Later,400.61333333333334,5.78894567489624
8,178,the,342.22972972972974,3.8557708263397217
8,179,same,318.14666666666665,0.7850416302680969
8,180,"day,",314.32,1.1335957050323486
8,181,the,324.92,1.8305774927139282
8,182,Commanding,355.7837837837838,10.270723700523376
8,183,General,410.6666666666667,1.321449875831604
8,184,of,346.3333333333333,0.21390394866466522
8,185,the,326.7733333333333,0.34962818026542664
8,186,Eighth,318.14666666666665,8.32616138458252
8,187,Air,377.8378378378378,0.501824140548706
8,188,Force,367.6,0.21785549819469452
8,189,stated,333.986301369863,3.285329818725586
8,190,"that,",360.43243243243245,2.938521444797516
8,191,in,348.1066666666667,1.9650124311447144
8,192,"fact,",329.6666666666667,2.099238086491823
8,193,a,318.4,1.271436333656311
8,194,weather,318.6533333333333,8.589574813842773
8,195,balloon,321.7763157894737,0.24588383734226227
8,196,had,346.2837837837838,1.6883931159973145
8,197,been,326.1333333333333,1.0774567127227783
8,198,recovered,318.26666666666665,0.50483238697052
8,199,by,335.77027027027026,3.9590322971343994
8,200,the,302.68,0.9908183813095093
8,201,Roswell,303.04,2.668057870643679
8,202,Army,324.46666666666664,2.302260398864746
8,203,Air,331.5466666666667,0.5274242162704468
8,204,Field,321.88,0.30426323413848877
8,205,"personnel,",377.9864864864865,6.945937752723694
8,206,rather,370.18666666666667,7.353598594665527
8,207,than,312.28,0.01788254827260971
8,208,a,284.1333333333333,1.8616456985473633
8,209,'flying,307.6533333333333,4.040694713592529
8,210,saucer'.,363.013698630137,7.228208274114877
8,211,A,373.94594594594594,3.3632876873016357
8,212,subsequent,366.3243243243243,4.185606002807617
8,213,press,373.45205479452056,2.9118781089782715
8,214,conference,363.27027027027026,3.2162322998046875
8,215,was,341.85135135135135,2.0435237884521484
8,216,"called,",322.0405405405405,7.873353958129883
8,217,featuring,337.0,7.558581829071045
8,218,debris,351.41333333333336,10.276987075805664
8,219,from,359.53333333333336,0.934607744216919
8,220,the,346.52,0.8385815620422363
8,221,crashed,316.22972972972974,2.2689146995544434
8,222,object,362.68,2.6332952976226807
8,223,that,324.36,4.036375999450684
8,224,confirmed,335.06756756756755,7.746223449707031
8,225,the,330.17333333333335,0.7862396836280823
8,226,weather,319.35616438356163,5.214998722076416
8,227,balloon,340.88,0.04416467621922493
8,228,description.,363.85333333333335,8.000525712966919
8,229,The,375.4189189189189,1.6788442134857178
8,230,case,348.8,5.616224765777588
8,231,was,349.05333333333334,1.4515516757965088
8,232,quickly,327.88,3.3099467754364014
8,233,forgotten,299.08,5.041775226593018
8,234,and,321.50666666666666,2.033214569091797
8,235,almost,307.82666666666665,5.973226070404053
8,236,completely,336.81333333333333,2.796674966812134
8,237,"ignored,",327.88,3.355228066444397
8,238,even,316.48,3.764514446258545
8,239,by,330.7763157894737,1.0736979246139526
8,240,UFO,323.44594594594594,1.6840683221817017
8,241,"researchers,",353.2739726027397,5.071161985397339
8,242,for,350.64864864864865,3.639380931854248
8,243,more,312.82666666666665,3.0719056129455566
8,244,than,316.9594594594595,0.013523396104574203
8,245,thirty,318.68918918918916,2.6459388732910156
8,246,years.,390.4864864864865,0.31454240530729294
8,247,"Then,",367.8,7.8381065130233765
8,248,in,363.72972972972974,1.3761208057403564
8,249,nineteen,319.43243243243245,6.0895209312438965
8,250,"seventy-eight,",574.6164383561644,4.033849596977234
8,251,nuclear,557.4864864864865,9.626531600952148
8,252,physicist,478.28,0.9070037603378296
8,253,and,373.93243243243245,2.304856538772583
8,254,author,355.62666666666667,3.6781489849090576
8,255,Stanton,363.28,8.603449821472168
8,256,Friedman,416.90277777777777,0.7041095495223999
8,257,interviewed,412.44,6.126364707946777
8,258,Jesse,395.06666666666666,9.465831756591797
8,259,"Marcel,",396.8767123287671,11.774537682533264
8,260,the,387.958904109589,1.8535850048065186
8,261,only,335.05405405405406,5.345254421234131
8,262,person,332.5733333333333,1.7265386581420898
8,263,known,340.8666666666667,3.9679245948791504
8,264,to,315.02702702702703,0.09451508522033691
8,265,have,313.64473684210526,0.1120694950222969
8,266,accompanied,348.9066666666667,8.504070281982422
8,267,the,397.5,1.1230961084365845
8,268,Roswell,353.5,1.2189065893180668
8,269,debris,373.88157894736844,7.520655155181885
8,270,from,342.0133333333333,4.941256523132324
8,271,where,348.64,6.806454181671143
8,272,it,328.35526315789474,0.2682342529296875
8,273,was,347.17105263157896,1.143396258354187
8,274,recovered,338.94736842105266,0.6809017062187195
8,275,to,337.88157894736844,2.255587339401245
8,276,Fort,325.9078947368421,8.098297119140625
8,277,Worth.,424.05333333333334,4.463101387023926
8,278,Over,408.1506849315069,6.16259241104126
8,279,the,362.0933333333333,0.7073976993560791
8,280,next,335.4266666666667,0.6661456227302551
8,281,few,325.05333333333334,2.2808821201324463
8,282,"years,",314.3066666666667,1.7193520665168762
8,283,the,321.84,1.7705843448638916
8,284,accounts,318.94666666666666,9.563948631286621
8,285,he,310.8666666666667,6.13651704788208
8,286,and,303.4266666666667,4.272062301635742
8,287,others,335.13157894736844,1.9217692613601685
8,288,gave,315.52,2.392176866531372
8,289,elevated,326.8783783783784,9.904845237731934
8,290,Roswell,372.02666666666664,8.894192692241631
8,291,from,329.2837837837838,7.236854553222656
8,292,a,314.4533333333333,1.5724471807479858
8,293,forgotten,312.97333333333336,7.413480758666992
8,294,incident,314.27027027027026,3.7066593170166016
8,295,to,323.74666666666667,0.29279133677482605
8,296,perhaps,307.25333333333333,6.535673141479492
8,297,the,310.2432432432432,0.4644622802734375
8,298,most,337.8933333333333,0.47156667709350586
8,299,famous,299.6933333333333,1.3179478645324707
8,300,UFO,315.04,0.9453165531158447
8,301,case,321.2133333333333,2.4322988986968994
8,302,of,318.70666666666665,1.324552297592163
8,303,all,294.31081081081084,0.7458594441413879
8,304,time.,330.06849315068496,0.5808054208755493
8,305,By,331.17808219178085,5.325474739074707
8,306,the,303.4594594594595,1.282274842262268
8,307,early,306.2837837837838,2.9379119873046875
8,308,nineteen,331.52702702702703,0.7680656909942627
8,309,"nineties,",364.36486486486484,2.341339235426858
8,310,UFO,419.1232876712329,4.849940299987793
8,311,researchers,424.36486486486484,2.3829023838043213
8,312,had,396.7027027027027,1.2190247774124146
8,313,interviewed,341.4189189189189,6.320493698120117
8,314,several,335.958904109589,2.985668420791626
8,315,hundred,361.71830985915494,2.0401101112365723
8,316,people,381.56756756756755,1.7061126232147217
8,317,who,342.6756756756757,2.232224702835083
8,318,"had,",338.1621621621622,6.076920807361603
8,319,or,350.0,2.126411199569702
8,320,who,340.28,2.7758500576019287
8,321,claimed,315.8783783783784,4.313122749328613
8,322,to,343.8933333333333,0.16166573762893677
8,323,have,306.72,0.02934301644563675
8,324,"had,",308.88,3.906591236591339
8,325,a,327.29333333333335,2.494791269302368
8,326,connection,316.2133333333333,4.8957672119140625
8,327,with,343.56,1.1417262554168701
8,328,the,301.32894736842104,0.6894822716712952
8,329,events,289.49333333333334,4.51287841796875
8,330,at,335.29333333333335,3.807382583618164
8,331,Roswell,315.7671232876712,0.10114931681891903
8,332,in,314.1216216216216,4.052193641662598
8,333,nineteen,326.9864864864865,1.5184653997421265
8,334,forty-seven.,411.5833333333333,2.9028802439570427
8,335,"Additionally,",524.081081081081,7.206702526658773
8,336,hundreds,418.2972972972973,4.7786664962768555
8,337,of,360.3333333333333,0.25856828689575195
8,338,documents,376.0933333333333,5.256421089172363
8,339,were,343.0,1.9172357320785522
8,340,obtained,330.14864864864865,3.750779390335083
8,341,by,328.14666666666665,2.470950126647949
8,342,Freedom,322.53333333333336,7.87021017074585
8,343,of,351.24,0.08913172036409378
8,344,Information,320.16,0.043699778616428375
8,345,Act,357.93333333333334,0.16885454952716827
8,346,"requests,",354.41333333333336,2.2267300486564636
8,347,as,348.88,3.7407450675964355
8,348,were,339.28,5.0642242431640625
8,349,some,356.74666666666667,4.4836506843566895
8,350,that,311.1081081081081,6.729524612426758
8,351,insiders,359.94666666666666,11.339564323425293
8,352,apparently,410.28,7.701255798339844
8,353,leaked.,387.5466666666667,9.445783376693726
8,354,Their,439.64383561643837,6.886472702026367
8,355,conclusions,369.2,3.898179769515991
8,356,were,345.73333333333335,1.0727900266647339
8,357,that,330.9054054054054,2.362673759460449
8,358,at,310.9066666666667,4.2149200439453125
8,359,least,307.3466666666667,0.42825525999069214
8,360,one,303.96,1.5964452028274536
8,361,alien,313.46666666666664,4.843178749084473
8,362,craft,324.92,2.550567388534546
8,363,had,314.16,1.2226454019546509
8,364,crashed,331.7631578947368,0.7564753293991089
8,365,in,317.4054054054054,1.7875527143478394
8,366,the,313.5135135135135,1.2275968790054321
8,367,Roswell,326.2027027027027,3.434348557551857
8,368,"vicinity,",342.44444444444446,6.196954607963562
8,369,that,347.2972972972973,3.940314292907715
8,370,"aliens,",344.027397260274,8.336061477661133
8,371,some,350.85135135135135,3.990234375
8,372,possibly,337.43835616438355,4.375485420227051
8,373,still,355.2432432432432,6.818881988525391
8,374,"alive,",341.9594594594595,1.7260175794363022
8,375,were,345.8082191780822,1.4422578811645508
8,376,"recovered,",339.3333333333333,6.74026894569397
8,377,and,334.47297297297297,0.2280004322528839
8,378,that,328.36,0.06265366077423096
8,379,a,308.4054054054054,2.860470771789551
8,380,massive,316.72,4.976048469543457
8,381,cover-up,323.3918918918919,6.955133483366808
8,382,of,319.0945945945946,2.595278263092041
8,383,any,309.3378378378378,5.587957382202148
8,384,knowledge,322.16,6.805473804473877
8,385,of,342.32876712328766,1.0160186290740967
8,386,the,314.08,0.7837755084037781
8,387,incident,309.94594594594594,2.379518508911133
8,388,was,318.7972972972973,1.454966425895691
8,389,put,322.4,7.705721855163574
8,390,in,298.5810810810811,1.363732099533081
8,391,place.,318.6621621621622,0.7133406847715378
8,392,Numerous,374.0405405405405,5.525515079498291
8,393,"books,",348.1232876712329,7.395815849304199
8,394,"articles,",364.06944444444446,1.7461469173431396
8,395,television,363.63013698630135,4.767868995666504
8,396,specials,358.0933333333333,5.04050874710083
8,397,and,338.6756756756757,1.6036198139190674
8,398,even,350.62666666666667,3.090920925140381
8,399,a,316.1756756756757,2.0273802280426025
8,400,made-for-TV,335.8933333333333,11.697620996274054
8,401,movie,370.5733333333333,0.9413456916809082
8,402,brought,341.2,8.919218063354492
8,403,the,339.48,1.3299367427825928
8,404,nineteen,317.92,12.986381530761719
8,405,forty-seven,361.44,2.387825448065996
8,406,incident,381.3066666666667,2.030010938644409
8,407,fame,370.44594594594594,11.172833442687988
8,408,and,348.5405405405405,1.488399863243103
8,409,"notoriety,",357.2266666666667,3.1621512174606323
8,410,so,359.94594594594594,5.509986877441406
8,411,that,332.13513513513516,1.3175429105758667
8,412,by,319.041095890411,3.525811195373535
8,413,the,303.9864864864865,0.3000496029853821
8,414,mid,302.0945945945946,1.7461113929748535
8,415,nineteen,351.6081081081081,2.463221549987793
8,416,"nineties,",362.2328767123288,1.1055006126407534
8,417,strong,402.22535211267603,10.33873462677002
8,418,majorities,395.7432432432432,7.29453706741333
8,419,in,361.2972972972973,1.7829680442810059
8,420,"polls,",319.7567567567568,11.96880316734314
8,421,such,384.2054794520548,5.721668243408203
8,422,as,341.5405405405405,0.002458765869960189
8,423,a,297.47945205479454,3.9571266174316406
8,424,nineteen,342.13698630136986,7.976905822753906
8,425,ninety-seven,430.55405405405406,6.279303133487701
8,426,CNN,503.6216216216216,7.742398262023926
8,427,Time,433.43243243243245,9.716388702392578
8,428,"poll,",386.17808219178085,2.969703197479248
8,429,believed,389.027397260274,5.132315158843994
8,430,that,357.986301369863,0.4823155403137207
8,431,aliens,347.47945205479454,5.049854278564453
8,432,had,324.90277777777777,1.3264219760894775
8,433,visited,326.7638888888889,6.224584102630615
8,434,earth,331.5753424657534,5.387238502502441
8,435,and,315.18918918918916,2.1113011837005615
8,436,specifically,347.3243243243243,8.972094535827637
8,437,that,325.16438356164383,3.697796106338501
8,438,aliens,311.47945205479454,2.4628636837005615
8,439,had,301.7945205479452,1.1033928394317627
8,440,landed,312.93055555555554,4.305606365203857
8,441,at,313.5890410958904,3.0225439071655273
8,442,Roswell,305.013698630137,0.43982545798644423
8,443,and,342.26027397260276,3.217855930328369
8,444,the,348.8904109589041,3.5755364894866943
8,445,government,387.52054794520546,6.54033088684082
8,446,was,308.44444444444446,1.2977159023284912
8,447,covering,319.69444444444446,4.340536117553711
8,448,up,316.8333333333333,0.4795577824115753
8,449,the,317.9166666666667,0.6565436720848083
8,450,fact.,313.3943661971831,5.192843914031982
8,451,During,326.92857142857144,5.277935028076172
8,452,the,375.4142857142857,0.657631516456604
8,453,nineteen,304.8142857142857,1.8948720693588257
8,454,eighties,373.90140845070425,3.864629365503788
8,455,and,370.82608695652175,1.3322685956954956
8,456,nineteen,354.14285714285717,2.541637420654297
8,457,"nineties,",365.0289855072464,0.7038335571996868
8,458,a,341.84507042253523,2.8508827686309814
8,459,new,329.3943661971831,3.843461513519287
8,460,narrative,329.46478873239437,6.135958671569824
8,461,emerged,333.3333333333333,1.66081964969635
8,462,which,383.31944444444446,3.6613636016845703
8,463,was,347.0,2.4190218448638916
8,464,at,330.7464788732394,6.097318649291992
8,465,strong,326.67605633802816,12.672588348388672
8,466,odds,362.1267605633803,0.4079642593860626
8,467,with,327.8904109589041,0.005428810138255358
8,468,what,300.72222222222223,2.607147693634033
8,469,was,311.55555555555554,2.382802963256836
8,470,reported,306.2083333333333,4.605429649353027
8,471,in,331.97222222222223,1.5457197427749634
8,472,nineteen,313.1267605633803,6.297152042388916
8,473,forty-seven.,450.43055555555554,2.1126305982470512
8,474,This,385.0810810810811,3.6254186630249023
8,475,narrative,362.06849315068496,1.3694508075714111
8,476,evolved,327.0138888888889,6.741516590118408
8,477,over,356.6901408450704,1.9763123989105225
8,478,the,322.30555555555554,0.6999930143356323
8,479,years,319.77464788732397,1.200406789779663
8,480,from,322.3943661971831,3.001737117767334
8,481,the,307.17808219178085,1.4591748714447021
8,482,time,306.34722222222223,7.37722110748291
8,483,the,314.2054794520548,2.261648416519165
8,484,first,311.83561643835617,3.541733741760254
8,485,book,318.8767123287671,4.532770156860352
8,486,on,297.1506849315069,3.798768997192383
8,487,Roswell,308.36986301369865,1.5872208280488849
8,488,was,311.94444444444446,0.8123700618743896
8,489,published,336.30555555555554,0.47128307819366455
8,490,in,318.0821917808219,1.0527474880218506
8,491,nineteen,309.26027397260276,1.8244856595993042
8,492,"eighty,",362.1111111111111,5.1231958866119385
8,493,as,417.16901408450707,5.037552833557129
8,494,many,352.5753424657534,4.809741973876953
8,495,new,317.6027397260274,5.746315956115723
8,496,witnesses,343.31081081081084,3.403154134750366
8,497,and,334.2112676056338,2.5182456970214844
8,498,accounts,335.73972602739724,4.4414801597595215
8,499,"emerged,",333.16438356164383,3.4010361433029175
8,500,drawn,339.24657534246575,9.86581039428711
8,501,out,339.4583333333333,5.017673969268799
8,502,in,323.63013698630135,3.1056323051452637
8,503,part,287.6575342465753,6.014134407043457
8,504,by,301.82191780821915,0.8686741590499878
8,505,the,299.28767123287673,1.4942189455032349
8,506,publicity,304.40277777777777,5.015636444091797
8,507,on,327.0,5.669916152954102
8,508,the,306.09722222222223,0.656960129737854
8,509,incident.,318.09589041095893,5.761030197143555
8,510,Of,362.3888888888889,6.51523494720459
8,511,the,310.3783783783784,1.2713412046432495
8,512,hundreds,317.7945205479452,3.795564889907837
8,513,of,320.6756756756757,0.28280603885650635
8,514,witnesses,337.8918918918919,2.459782123565674
8,515,that,335.6164383561644,3.3569536209106445
8,516,the,346.24657534246575,3.121037006378174
8,517,various,327.5945945945946,6.01939582824707
8,518,researchers,344.5890410958904,5.863808631896973
8,519,"interviewed,",357.3835616438356,1.9854228794574738
8,520,a,424.05479452054794,3.1804821491241455
8,521,seemingly,367.35616438356163,8.65487289428711
8,522,impressive,342.4109589041096,7.929903984069824
8,523,"figure,",354.43835616438355,8.545716285705566
8,524,a,352.81944444444446,3.5810956954956055
8,525,comparable,401.36986301369865,12.034737586975098
8,526,few,356.90410958904107,7.977736473083496
8,527,were,343.09589041095893,5.240896701812744
8,528,true,346.6986301369863,7.792210102081299
8,529,'witnesses',421.3835616438356,11.152517143636942
8,530,who,398.2916666666667,1.2539472579956055
8,531,claimed,378.5138888888889,2.009101629257202
8,532,to,319.83098591549293,0.6381298899650574
8,533,have,329.77464788732397,0.1778770536184311
8,534,actually,305.0,4.783225059509277
8,535,seen,306.6027397260274,1.3454755544662476
8,536,debris,322.5342465753425,6.8983588218688965
8,537,or,327.24657534246575,3.0988540649414062
8,538,aliens.,319.5753424657534,6.505537271499634
8,539,Most,356.64383561643837,4.186337947845459
8,540,of,305.7260273972603,0.8419280052185059
8,541,these,303.3611111111111,0.9136021137237549
8,542,so-called,334.2638888888889,7.3632713090628386
8,543,witnesses,329.38028169014086,1.7626724243164062
8,544,were,314.75,1.455966591835022
8,545,repeating,312.2361111111111,11.063431739807129
8,546,the,340.125,1.3164361715316772
8,547,claims,315.986301369863,3.3500452041625977
8,548,of,323.2739726027397,0.903276801109314
8,549,"others,",338.07042253521126,4.310335993766785
8,550,and,314.98571428571427,2.495933771133423
8,551,their,320.28985507246375,4.226142883300781
8,552,testimony,368.65714285714284,3.017500400543213
8,553,would,322.3142857142857,4.0971999168396
8,554,be,313.7887323943662,1.74821138381958
8,555,inadmissible,350.77142857142854,10.148713349364698
8,556,hearsay,405.65277777777777,8.50919336406514
8,557,in,399.4166666666667,2.223524570465088
8,558,an,349.1666666666667,4.674937725067139
8,559,American,346.49295774647885,4.878575325012207
8,560,court.,334.35714285714283,2.2701919078826904
8,561,As,368.6619718309859,3.850149154663086
8,562,for,318.74285714285713,3.866037368774414
8,563,the,312.8,0.5101573467254639
8,564,several,331.2957746478873,7.140384197235107
8,565,accounts,355.0,5.731353282928467
8,566,from,315.3098591549296,4.55003547668457
8,567,those,308.1267605633803,3.171100616455078
8,568,who,302.5633802816901,0.7992970943450928
8,569,claimed,297.32394366197184,1.7196235656738281
8,570,to,308.25714285714287,0.2852669954299927
8,571,have,309.14084507042253,0.17502926290035248
8,572,seen,323.7361111111111,0.8487736582756042
8,573,"aliens,",356.55555555555554,2.623075485229492
8,574,critics,349.07042253521126,9.226200103759766
8,575,identified,375.6111111111111,6.872148036956787
8,576,a,338.15277777777777,2.731485366821289
8,577,variety,333.40277777777777,3.531287431716919
8,578,of,312.5211267605634,0.035116277635097504
8,579,problems,307.11267605633805,3.9287335872650146
8,580,with,319.6666666666667,1.1306614875793457
8,581,them.,373.6056338028169,3.613587260246277
8,582,These,380.2535211267606,3.6809234619140625
8,583,problems,314.34722222222223,1.674875259399414
8,584,ranged,322.16438356164383,3.70581316947937
8,585,from,339.44444444444446,0.06709524989128113
8,586,the,325.75,1.3097409009933472
8,587,reliability,350.2083333333333,5.379711151123047
8,588,of,363.5138888888889,0.1480190008878708
8,589,second-hand,346.94444444444446,11.703525833785534
8,590,"accounts,",427.0422535211268,3.0501357316970825
8,591,to,338.0833333333333,0.7080246210098267
8,592,serious,315.1111111111111,8.064932823181152
8,593,credibility,349.3150684931507,6.577996253967285
8,594,problems,378.83561643835617,1.1470649242401123
8,595,with,377.3835616438356,2.3926219940185547
8,596,witnesses,331.83561643835617,3.844388961791992
8,597,making,342.625,6.450854301452637
8,598,demonstrably,373.2191780821918,9.975913047790527
8,599,false,400.2916666666667,0.15959860384464264
8,600,or,343.3972602739726,3.479182243347168
8,601,internally-inconsistent,562.7260273972603,25.1328252106905
8,602,"claims,",641.7083333333334,1.759271264076233
8,603,to,413.67123287671234,0.5382530093193054
8,604,dubious,361.5416666666667,6.782822608947754
8,605,death-bed,413.63013698630135,15.623388767242432
8,606,'confessions',530.3472222222222,13.062922477722168
8,607,or,383.958904109589,2.583693504333496
8,608,accounts,344.24657534246575,5.189142227172852
8,609,from,351.6666666666667,3.434124708175659
8,610,elderly,350.34722222222223,6.932828903198242
8,611,or,339.0416666666667,2.694338798522949
8,612,easily,339.77777777777777,9.197835922241211
8,613,confused,350.6388888888889,4.241860389709473
8,614,witnesses.,402.6056338028169,2.035385310649872
8,615,A,374.27777777777777,3.7680835723876953
8,616,basic,341.90140845070425,7.229281425476074
8,617,problem,324.32394366197184,1.5415215492248535
8,618,with,332.943661971831,1.2102868556976318
8,619,all,302.5633802816901,2.5501461029052734
8,620,the,308.5,2.896160364151001
8,621,witness,314.375,6.516518592834473
8,622,"accounts,",353.7083333333333,2.653843402862549
8,623,according,387.2142857142857,3.540534019470215
8,624,to,343.9718309859155,0.0008812834857963026
8,625,the,301.9166666666667,1.7467584609985352
8,626,"critics,",310.27777777777777,2.376341462135315
8,627,is,315.9583333333333,1.9460668563842773
8,628,that,303.84722222222223,0.24107736349105835
8,629,they,310.19444444444446,0.8355785012245178
8,630,all,312.3333333333333,3.1326255798339844
8,631,came,294.1111111111111,4.143522262573242
8,632,a,290.6849315068493,7.997712135314941
8,633,minimum,334.5,9.19198226928711
8,634,of,331.8611111111111,0.11686496436595917
8,635,thirty-one,359.5833333333333,8.813213348388672
8,636,years,376.65714285714284,0.15434527397155762
8,637,after,382.32394366197184,0.5759899020195007
8,638,the,333.09859154929575,0.2634925842285156
8,639,events,319.77464788732397,1.8983161449432373
8,640,in,324.2676056338028,2.7133471965789795
8,641,"question,",363.71830985915494,3.289979100227356
8,642,and,324.59154929577466,1.0515550374984741
8,643,in,326.9154929577465,4.058866500854492
8,644,many,325.0845070422535,1.3928039073944092
8,645,cases,327.56164383561645,0.17505688965320587
8,646,were,320.7916666666667,2.1842880249023438
8,647,recounted,313.02777777777777,8.996118545532227
8,648,more,350.25,4.716403484344482
8,649,than,338.19718309859155,0.6443315744400024
8,650,forty,327.0845070422535,2.9787793159484863
8,651,years,355.40277777777777,0.4348697066307068
8,652,after,342.72222222222223,0.8077175617218018
8,653,the,316.9861111111111,0.4539899230003357
8,654,fact.,313.2054794520548,4.579363599419594
8,655,Not,372.4861111111111,6.679192543029785
8,656,only,340.44444444444446,0.679855465888977
8,657,are,316.15277777777777,3.7737441062927246
8,658,memories,340.80555555555554,9.926923751831055
8,659,this,351.25,9.242070198059082
8,660,old,316.68055555555554,3.2712130546569824
8,661,of,320.34722222222223,6.257690906524658
8,662,dubious,330.2857142857143,5.315704345703125
8,663,"reliability,",357.98591549295776,4.417216062545776
8,664,they,358.71830985915494,1.933387041091919
8,665,were,339.09859154929575,3.0666003227233887
8,666,also,335.1666666666667,1.4137227535247803
8,667,subject,311.34722222222223,5.0476837158203125
8,668,to,319.056338028169,0.0126580148935318
8,669,contamination,354.47945205479454,5.533466339111328
8,670,from,370.2191780821918,2.4216208457946777
8,671,other,341.97222222222223,2.4237332344055176
8,672,accounts,311.68055555555554,3.8959217071533203
8,673,the,328.09859154929575,6.7486982345581055
8,674,witnesses,368.5138888888889,3.6972098350524902
8,675,may,328.5492957746479,4.634433269500732
8,676,have,311.0416666666667,0.047496940940618515
8,677,been,324.3333333333333,2.773376941680908
8,678,exposed,315.3380281690141,3.599821090698242
8,679,to.,317.36619718309856,1.0366672109812498
8,680,Though,396.09859154929575,6.766474723815918
8,681,there,375.76056338028167,3.1145179271698
8,682,had,360.0281690140845,4.142601490020752
8,683,always,343.30555555555554,4.278654098510742
8,684,been,326.7361111111111,0.016450604423880577
8,685,skeptics,326.93055555555554,5.890597820281982
8,686,who,321.5416666666667,1.6527135372161865
8,687,had,319.0416666666667,3.06349515914917
8,688,many,312.92957746478874,7.331968307495117
8,689,objections,348.88732394366195,5.233650207519531
8,690,to,334.6619718309859,0.1036791205406189
8,691,the,311.97222222222223,0.7476315498352051
8,692,plausibility,327.8611111111111,6.86864496092312
8,693,of,328.63380281690144,0.12876752018928528
8,694,these,324.98591549295776,2.5424928665161133
8,695,"accounts,",353.04285714285714,1.4306415915489197
8,696,it,365.4366197183099,3.611380100250244
8,697,was,293.23943661971833,0.8554609417915344
8,698,not,287.43055555555554,2.599123001098633
8,699,until,298.2191780821918,0.2628350853919983
8,700,the,296.5416666666667,0.8332870602607727
8,701,mid,297.85714285714283,2.4859776496887207
8,702,nineteen,307.71014492753625,1.1239198446273804
8,703,nineties,385.98571428571427,1.3971411595121026
8,704,that,352.4428571428571,0.3810504376888275
8,705,a,322.85714285714283,2.7759084701538086
8,706,strong,314.55555555555554,5.053723335266113
8,707,counter-argument,384.59154929577466,9.633584350347519
8,708,to,407.84507042253523,3.2628092765808105
8,709,the,332.3333333333333,0.6923400163650513
8,710,presence,315.34722222222223,8.244646072387695
8,711,of,319.4246575342466,0.13700750470161438
8,712,aliens,317.8904109589041,0.7479204535484314
8,713,was,315.0,1.400147795677185
8,714,widely,313.05555555555554,6.73345422744751
8,715,publicized.,350.6478873239437,6.125735223293304
8,716,The,345.8611111111111,1.8569684028625488
8,717,General,349.75,9.168641090393066
8,718,Accounting,330.43835616438355,2.2783477306365967
8,719,Office,340.88732394366195,0.003383627627044916
8,720,launched,345.972602739726,7.52315092086792
8,721,an,367.65277777777777,1.2783818244934082
8,722,inquiry,363.1917808219178,3.238492965698242
8,723,and,338.90140845070425,3.7269949913024902
8,724,directed,310.7361111111111,7.652928829193115
8,725,the,299.94444444444446,1.0422635078430176
8,726,Office,319.22222222222223,2.4157028198242188
8,727,of,307.59722222222223,0.4546327590942383
8,728,the,301.7916666666667,1.313476324081421
8,729,Secretary,312.55555555555554,3.963557243347168
8,730,of,307.22535211267603,0.19529104232788086
8,731,the,362.6027397260274,1.396423578262329
8,732,Air,335.0,2.381354808807373
8,733,Force,368.54285714285714,0.017096053808927536
8,734,to,331.4788732394366,0.3539882302284241
8,735,conduct,328.9,1.8798651695251465
8,736,an,341.0,1.1979622840881348
8,737,internal,305.34285714285716,2.9814977645874023
8,738,investigation.,331.3142857142857,2.5231101512908936
8,739,The,346.1617647058824,1.2824348211288452
8,740,result,346.0422535211268,4.438569068908691
8,741,was,318.5072463768116,0.7357879877090454
8,742,summarized,355.22058823529414,8.089932441711426
8,743,in,331.82608695652175,0.5652458071708679
8,744,two,311.3768115942029,3.802957773208618
8,745,reports.,303.536231884058,6.719824314117432
8,746,The,337.7916666666667,0.8226784467697144
8,747,"first,",319.6666666666667,1.3977842256426811
8,748,released,299.7083333333333,3.604602575302124
8,749,in,304.05555555555554,0.5820845365524292
8,750,nineteen,306.82191780821915,3.0492591857910156
8,751,"ninety-five,",398.2857142857143,5.242090180516243
8,752,concluded,434.2112676056338,3.9990341663360596
8,753,that,352.7808219178082,0.22962096333503723
8,754,the,305.8333333333333,1.3805910348892212
8,755,reported,303.88732394366195,5.782606601715088
8,756,recovered,340.59154929577466,8.831624031066895
8,757,material,397.40845070422534,3.7806248664855957
8,758,in,368.28169014084506,4.44723653793335
8,759,nineteen,339.7916666666667,3.563934326171875
8,760,forty-seven,344.2463768115942,1.8980786576867104
8,761,was,361.92857142857144,0.9085709452629089
8,762,likely,328.2028985507246,4.978307723999023
8,763,debris,362.6478873239437,5.271920204162598
8,764,from,321.6714285714286,0.7796738147735596
8,765,a,309.59154929577466,0.9190148115158081
8,766,secret,334.6142857142857,6.457320690155029
8,767,government,359.32394366197184,3.7859950065612793
8,768,program,343.05797101449275,0.909041166305542
8,769,called,337.0,1.3709847927093506
8,770,Project,338.07246376811594,5.537149906158447
8,771,"Mogul,",397.3188405797101,11.42840416636318
8,772,which,368.27536231884056,1.2849013805389404
8,773,involved,337.8857142857143,3.685558795928955
8,774,high,330.3333333333333,5.398581504821777
8,775,altitude,330.3,1.4852101802825928
8,776,balloons,350.0857142857143,3.2429819107055664
8,777,meant,329.3623188405797,6.956661224365234
8,778,to,330.5857142857143,0.1478954255580902
8,779,detect,304.77142857142854,4.059528350830078
8,780,sound,317.4,8.547338485717773
8,781,waves,334.11267605633805,0.714457094669342
8,782,generated,348.8285714285714,4.810680866241455
8,783,by,338.2957746478873,0.4044708013534546
8,784,Soviet,320.6619718309859,7.359832286834717
8,785,atomic,322.67605633802816,5.101559638977051
8,786,bomb,363.4714285714286,2.5940675735473633
8,787,tests,359.8169014084507,1.1754130125045776
8,788,and,349.9154929577465,2.8270275592803955
8,789,ballistic,336.24285714285713,7.497321605682373
8,790,missiles.,370.92857142857144,1.3584967851638794
8,791,The,368.90140845070425,0.7568385004997253
8,792,second,372.2112676056338,0.25647133588790894
8,793,"report,",348.92957746478874,1.0470111668109894
8,794,released,341.6521739130435,0.5851852893829346
8,795,two,328.0571428571429,4.892723560333252
8,796,years,323.53521126760563,0.5193248987197876
8,797,"later,",316.8142857142857,0.45471594482660294
8,798,in,316.19718309859155,5.970163822174072
8,799,nineteen,314.07142857142856,0.6215693354606628
8,800,"ninety-seven,",356.15714285714284,3.0621270202100277
8,801,concluded,466.98591549295776,0.8806591033935547
8,802,that,362.3333333333333,0.15662145614624023
8,803,reports,315.27142857142854,6.834075450897217
8,804,of,360.5774647887324,0.9294692277908325
8,805,recovered,342.3285714285714,5.408878326416016
8,806,alien,353.8169014084507,2.773282051086426
8,807,bodies,338.943661971831,1.3565751314163208
8,808,were,347.07042253521126,1.6585800647735596
8,809,likely,326.3,2.4539761543273926
8,810,a,335.48571428571427,3.786440372467041
8,811,combination,350.7042253521127,4.619153022766113
8,812,of,329.35714285714283,0.012817969545722008
8,813,innocently,355.55555555555554,15.830405592918396
8,814,transformed,364.9154929577465,10.121838569641113
8,815,memories,402.3188405797101,6.96502161026001
8,816,of,382.2,1.6878687143325806
8,817,military,340.36619718309856,6.017004013061523
8,818,accidents,369.1,5.9212751388549805
8,819,involving,399.2957746478873,4.525231838226318
8,820,injured,389.056338028169,8.150243759155273
8,821,or,347.35714285714283,1.680855393409729
8,822,killed,338.65714285714284,2.0450944900512695
8,823,"personnel,",338.82608695652175,3.6308101415634155
8,824,innocently,364.5285714285714,12.355726080946624
8,825,transformed,412.11267605633805,1.5907639265060425
8,826,memories,386.6,1.3972315788269043
8,827,of,401.2676056338028,0.07255854457616806
8,828,the,330.53521126760563,2.323211669921875
8,829,recovery,321.49295774647885,8.23402214050293
8,830,of,336.1857142857143,0.14780668914318085
8,831,anthropomorphic,490.6478873239437,10.560168504714966
8,832,dummies,528.1739130434783,9.991918206214905
8,833,in,401.48571428571427,4.076320648193359
8,834,military,366.35714285714283,4.560374736785889
8,835,programs,364.12857142857143,7.94578218460083
8,836,US,373.07142857142856,12.708758354187012
8,837,conducted,413.82608695652175,7.342166423797607
8,838,in,338.7857142857143,1.4981142282485962
8,839,the,324.84285714285716,0.780174732208252
8,840,nineteen,326.7323943661972,1.2404868602752686
8,841,"fifties,",373.0285714285714,6.045586929889396
8,842,and,375.23943661971833,0.15533992648124695
8,843,hoaxes,344.95714285714286,8.16717267036438
8,844,that,375.6,2.6528263092041016
8,845,various,326.0857142857143,7.391729354858398
8,846,witnesses,339.7142857142857,3.326181650161743
8,847,and,312.4714285714286,3.405827045440674
8,848,UFO,302.0869565217391,4.788139343261719
8,849,proponents,331.28169014084506,4.155807971954346
8,850,perpetrated.,407.056338028169,10.461714148521423
8,851,The,402.9154929577465,1.3174511194229126
8,852,psychological,408.056338028169,8.829922676086426
8,853,effects,379.07042253521126,2.453659772872925
8,854,of,319.76056338028167,0.26305869221687317
8,855,time,307.50704225352115,8.449865341186523
8,856,compression,341.54285714285714,8.110916137695312
8,857,and,391.9577464788732,1.7923839092254639
8,858,confusion,353.15492957746477,7.602644920349121
8,859,about,377.34285714285716,4.372654438018799
8,860,when,316.5211267605634,5.4611005783081055
8,861,events,336.38028169014086,5.054577827453613
8,862,occurred,324.8142857142857,1.068742036819458
8,863,explained,329.90277777777777,9.274272918701172
8,864,the,326.94444444444446,1.7772425413131714
8,865,discrepancy,325.7887323943662,4.5350661277771
8,866,with,345.97222222222223,4.406068801879883
8,867,the,315.2535211267606,0.8155847191810608
8,868,years,306.5068493150685,8.876996994018555
8,869,in,365.4714285714286,4.59562873840332
8,870,question.,353.8888888888889,2.5615380108356476
8,871,In,376.84507042253523,2.699000358581543
8,872,January,326.5833333333333,6.274224281311035
8,873,nineteen,357.59722222222223,2.1533679962158203
8,874,"ninety-seven,",474.59154929577466,3.116712473332882
8,875,Karl,434.72222222222223,9.903597831726074
8,876,"Pflock,",444.3382352941176,16.873915314674377
8,877,one,401.75,4.209849834442139
8,878,of,347.38028169014086,0.021594051271677017
8,879,the,300.7887323943662,0.14660193026065826
8,880,more,299.52777777777777,5.78025484085083
8,881,prominent,330.98571428571427,1.2092769145965576
8,882,pro-UFO,365.9166666666667,9.174127451144159
8,883,"researchers,",446.36764705882354,3.4591298699378967
8,884,"said,",419.1142857142857,6.3641602993011475
8,885,'Based,352.6478873239437,9.97077488899231
8,886,on,351.98571428571427,0.16553722321987152
8,887,my,308.2676056338028,2.063519239425659
8,888,research,308.9154929577465,2.0650181770324707
8,889,and,323.8169014084507,2.691214084625244
8,890,that,337.72857142857146,5.362159729003906
8,891,of,322.6714285714286,0.1021915078163147
8,892,"others,",316.1267605633803,2.1446943879127502
8,893,I'm,327.14285714285717,5.442673087120056
8,894,as,307.0281690140845,6.880969047546387
8,895,certain,327.40845070422534,1.218806505203247
8,896,as,307.32394366197184,1.0530056953430176
8,897,it's,307.2957746478873,10.018972873687744
8,898,possible,333.16901408450707,0.882473349571228
8,899,to,319.3943661971831,2.294884443283081
8,900,be,306.90140845070425,1.284530758857727
8,901,without,328.3380281690141,5.561404228210449
8,902,absolute,356.3857142857143,9.369998931884766
8,903,"proof,",331.1857142857143,5.539409399032593
8,904,that,351.51428571428573,0.9473894834518433
8,905,no,308.98591549295776,4.747467994689941
8,906,flying,325.05555555555554,5.301586151123047
8,907,saucer,321.7916666666667,0.31807030737400055
8,908,or,316.8857142857143,2.0535449981689453
8,909,saucers,322.50704225352115,9.281712425872684
8,910,crashed,334.67605633802816,4.483287811279297
8,911,in,327.7042253521127,1.1555092334747314
8,912,the,305.7323943661972,1.5321452617645264
8,913,general,337.2112676056338,8.750367164611816
8,914,vicinity,316.74285714285713,0.18920285999774933
8,915,of,320.72857142857146,0.12981177866458893
8,916,Roswell,310.4927536231884,0.2218951133545488
8,917,or,334.9,3.7138113975524902
8,918,on,296.49295774647885,4.558005332946777
8,919,the,316.3142857142857,1.2404996156692505
8,920,Plains,296.3521126760563,7.960733413696289
8,921,of,332.0285714285714,0.3771677017211914
8,922,San,318.7464788732394,6.877493858337402
8,923,Agustin,338.2142857142857,7.574378781020641
8,924,in,394.4366197183099,3.1356191635131836
8,925,nineteen,360.37142857142857,1.033172845840454
8,926,forty-seven.',378.7647058823529,2.7673221677541733
8,927,He,388.61971830985914,2.654541492462158
8,928,then,340.056338028169,2.974243640899658
8,929,"added,",309.8285714285714,2.4828682243824005
8,930,'The,326.1142857142857,2.7323236912488937
8,931,debris,356.14084507042253,6.640898704528809
8,932,found,312.1470588235294,3.5389201641082764
8,933,was,324.3943661971831,3.4393439292907715
8,934,the,305.4428571428571,4.302497386932373
8,935,remains,309.85915492957747,3.94254469871521
8,936,of,299.2857142857143,0.017701148986816406
8,937,something,292.7887323943662,5.0262627601623535
8,938,very,316.2,3.2657017707824707
8,939,"earthly,",310.943661971831,12.060073852539062
8,940,all,355.7,7.125744819641113
8,941,but,348.23943661971833,4.616125106811523
8,942,certainly,356.1714285714286,3.8430280685424805
8,943,something,345.3521126760563,5.693265438079834
8,944,from,352.2676056338028,4.664060592651367
8,945,the,315.27142857142854,1.3666473627090454
8,946,Top,291.4225352112676,9.126410484313965
8,947,Secret,319.46478873239437,1.922668218612671
8,948,Project,316.87142857142857,3.245919704437256
8,949,Mogul.',343.0144927536232,4.171585984993726
8,950,Although,407.77142857142854,4.325680732727051
8,951,most,371.7391304347826,4.688232421875
8,952,now,327.9142857142857,9.135507583618164
8,953,agree,335.82608695652175,2.3743715286254883
8,954,with,322.5285714285714,2.2409629821777344
8,955,this,300.3,1.9623609781265259
8,956,"conclusion,",320.3188405797101,2.312767915427685
8,957,each,342.84285714285716,7.75117301940918
8,958,"year,",354.6231884057971,7.177899360656738
8,959,during,330.7,5.957745552062988
8,960,July,327.1014492753623,7.662947654724121
8,961,Fourth,326.4,8.943619728088379
8,962,"weekend,",370.1764705882353,7.31877326965332
8,963,the,376.8285714285714,2.2124924659729004
8,964,City,312.6714285714286,8.548189163208008
8,965,of,314.25714285714287,0.35725000500679016
8,966,Roswell,329.4492753623188,1.3721068426966667
8,967,hosts,314.7971014492754,6.382025718688965
8,968,the,352.9428571428571,2.316152572631836
8,969,Roswell,323.768115942029,3.572108341846615
8,970,UFO,302.54285714285714,2.1564295291900635
8,971,Festival,322.2647058823529,2.062519073486328
8,972,celebrating,339.3098591549296,7.952597618103027
8,973,all,345.4507042253521,4.818215370178223
8,974,things,315.69444444444446,1.1004310846328735
8,975,"UFO,",333.4861111111111,3.9613113403320312
8,976,featuring,347.56164383561645,5.669576168060303
8,977,prominent,339.013698630137,7.068371295928955
8,978,UFOlogists,407.15714285714284,11.45370589196682
8,979,and,403.7260273972603,1.5247132778167725
8,980,discussions.,476.3611111111111,12.130409240722656
9,2,mania,495.51807228915663,12.331542491912842
9,3,was,463.9277108433735,3.516242504119873
9,4,a,346.64285714285717,3.116933822631836
9,5,period,343.3614457831325,8.339032173156738
9,6,in,350.9166666666667,2.8094685077667236
9,7,the,322.07142857142856,2.1774682998657227
9,8,Dutch,358.9,8.198110580444336
9,9,Golden,387.7261904761905,9.093613624572754
9,10,Age,391.0722891566265,0.07810836285352707
9,11,during,431.81481481481484,3.9578659534454346
9,12,which,407.1566265060241,0.20646518468856812
9,13,contract,425.5061728395062,11.830743789672852
9,14,prices,449.5243902439024,5.243831634521484
9,15,for,448.109756097561,2.812067747116089
9,16,bulbs,384.325,8.890085220336914
9,17,of,366.890243902439,4.491477012634277
9,18,the,329.3703703703704,2.8909201622009277
9,19,recently,383.7654320987654,10.175661087036133
9,20,introduced,406.97435897435895,2.043795108795166
9,21,tulip,406.7875,6.87370552867651
9,22,reached,397.4,12.299263000488281
9,23,extraordinarily,408.7088607594937,8.769305229187012
9,24,high,388.65,0.08255321532487869
9,25,levels,381.37179487179486,0.7055606842041016
9,26,and,373.1794871794872,2.7646474838256836
9,27,then,376.5875,4.96266508102417
9,28,suddenly,343.875,5.251967430114746
9,29,collapsed.,413.8101265822785,3.814558267593384
9,30,At,417.525,4.788054466247559
9,31,the,346.27848101265823,1.0890686511993408
9,32,peak,354.7901234567901,3.2837119102478027
9,33,of,342.2926829268293,0.5014725923538208
9,34,tulip,316.125,1.5514331758022308
9,35,mania,340.5,4.347561541944742
9,36,in,364.4,1.7283766269683838
9,37,February,375.54545454545456,5.678871154785156
9,38,sixteen,465.55696202531647,12.859062194824219
9,39,"thirty-seven,",862.1111111111111,16.13242357969284
9,40,tulip,800.1728395061729,7.089891195297241
9,41,contracts,584.2207792207793,8.619298934936523
9,42,sold,466.2875,4.921052932739258
9,43,for,366.53164556962025,0.6686844229698181
9,44,more,393.44303797468353,3.462122917175293
9,45,than,364.77777777777777,0.02030152641236782
9,46,ten,383.6125,2.3388559818267822
9,47,times,381.3375,1.3969635963439941
9,48,the,371.65,0.9831588268280029
9,49,annual,374.9240506329114,4.954289436340332
9,50,income,346.43589743589746,6.795787334442139
9,51,of,348.39240506329116,0.45319753885269165
9,52,a,370.46753246753246,2.2105298042297363
9,53,skilled,362.43037974683546,9.548273086547852
9,54,craftsman.,429.89473684210526,4.712252374738455
9,55,It,439.20512820512823,3.930030345916748
9,56,is,359.3,1.5078685283660889
9,57,generally,368.6875,5.7951507568359375
9,58,considered,410.875,2.9254984855651855
9,59,the,358.34177215189874,2.8663291931152344
9,60,first,349.1375,3.098637819290161
9,61,recorded,378.0379746835443,5.194863319396973
9,62,economic,413.95,6.81948184967041
9,63,bubble.,408.24050632911394,8.686095237731934
9,64,The,472.1948051948052,2.044039249420166
9,65,"tulip,",467.8375,8.653670031577349
9,66,introduced,465.2564102564103,6.753432273864746
9,67,to,372.9875,3.53173565864563
9,68,Europe,351.4,2.4045963287353516
9,69,in,358.60759493670884,0.8327428102493286
9,70,the,337.1875,1.664832353591919
9,71,mid,359.4375,2.6150834560394287
9,72,sixteenth,388.126582278481,6.3057525008916855
9,73,century,455.31168831168833,0.03264107555150986
9,74,from,410.37974683544303,5.9614033699035645
9,75,the,406.1375,1.6911206245422363
9,76,Ottoman,415.9113924050633,5.682053565979004
9,77,"Empire,",423.94871794871796,0.8957811892032623
9,78,became,414.7848101265823,4.08292293548584
9,79,very,404.0375,5.364498615264893
9,80,popular,363.7875,0.4969744086265564
9,81,in,374.65384615384613,1.4418866634368896
9,82,the,324.7974683544304,1.1265485286712646
9,83,United,327.1625,2.896921157836914
9,84,"Provinces,",394.0875,12.501044424512656
9,85,which,536.2051282051282,3.426219940185547
9,86,we,359.55,7.737943649291992
9,87,now,331.175,1.6382172107696533
9,88,know,337.8125,1.2549372911453247
9,89,as,338.62025316455697,0.7539787888526917
9,90,the,331.9875,1.0205897092819214
9,91,Netherlands.,399.45569620253167,0.9274674654006958
9,92,Tulip,520.3552631578947,3.952385038137436
9,93,cultivation,527.0875,8.184860229492188
9,94,in,418.8625,2.1945719718933105
9,95,the,348.41975308641975,0.6269452571868896
9,96,United,341.3625,3.175828456878662
9,97,Provinces,390.925,0.38804271059052553
9,98,is,373.5,3.355741024017334
9,99,generally,364.6125,4.860357284545898
9,100,thought,371.2875,4.092344284057617
9,101,to,342.35,0.16756995022296906
9,102,have,328.875,0.21731048822402954
9,103,started,336.05128205128204,2.7526323795318604
9,104,in,347.375,0.7481201887130737
9,105,earnest,405.325,5.70931339263916
9,106,around,393.3625,2.605642795562744
9,107,fifteen,384.71794871794873,6.059901237487793
9,108,"ninety-three,",639.7179487179487,14.375691056251526
9,109,after,526.2658227848101,4.248931884765625
9,110,the,438.825,1.0104912519454956
9,111,Flemish,398.0,9.120991398580372
9,112,botanist,455.9493670886076,8.453436076641083
9,113,Charles,451.3246753246753,4.72154426574707
9,114,de,406.4567901234568,3.4235496520996094
9,115,l'Ecluse,502.1578947368421,21.534683413803577
9,116,had,467.4177215189873,3.8077845573425293
9,117,taken,380.2125,5.044429779052734
9,118,up,341.0632911392405,2.486163377761841
9,119,a,332.3,2.578368663787842
9,120,post,380.725,3.669114112854004
9,121,at,324.675,1.6094508171081543
9,122,the,311.59493670886076,0.8823012113571167
9,123,University,357.1111111111111,2.6103005409240723
9,124,of,354.1375,0.07193849980831146
9,125,Leiden,364.05194805194805,4.385711669921875
9,126,and,382.1645569620253,2.532909870147705
9,127,established,391.775,3.4182486534118652
9,128,a,337.15,1.0274651050567627
9,129,botanical,363.62025316455697,4.111502714455128
9,130,"garden,",401.94871794871796,4.139344215393066
9,131,which,432.11392405063293,2.1371963024139404
9,132,is,340.7,3.471296787261963
9,133,famous,343.55,6.902988910675049
9,134,as,347.6875,2.9548933506011963
9,135,one,323.63291139240505,2.2844691276550293
9,136,of,319.975,0.012166337110102177
9,137,the,325.8375,0.09055688232183456
9,138,oldest,306.253164556962,3.069882392883301
9,139,in,325.15,1.616454005241394
9,140,the,325.0375,0.5958042740821838
9,141,world.,348.61538461538464,0.792104035615921
9,142,"There,",395.126582278481,7.989927291870117
9,143,he,364.3375,1.906065583229065
9,144,planted,361.7564102564103,3.9894187450408936
9,145,his,306.2625,2.970856189727783
9,146,collection,317.5375,5.994823455810547
9,147,of,307.1898734177215,0.0919986143708229
9,148,tulip,320.4,3.077787548303604
9,149,bulbs,326.45,1.673595905303955
9,150,that,346.8205128205128,4.566375732421875
9,151,the,321.625,5.462310791015625
9,152,Emperor's,330.525,10.997809886932373
9,153,ambassador,399.5897435897436,7.164135456085205
9,154,sent,420.36708860759495,4.0837321281433105
9,155,to,341.075,0.5306612253189087
9,156,him,333.7721518987342,2.669938325881958
9,157,from,326.9113924050633,3.567887783050537
9,158,"Turkey,",375.2307692307692,7.54593825340271
9,159,which,421.1794871794872,2.2214298248291016
9,160,were,350.9873417721519,2.5537352561950684
9,161,able,323.425,5.862293243408203
9,162,to,344.3333333333333,0.016681823879480362
9,163,tolerate,347.8625,6.7910051345825195
9,164,the,334.6835443037975,1.1432141065597534
9,165,harsher,336.9125,8.66115665435791
9,166,conditions,355.87179487179486,1.601849913597107
9,167,of,320.5875,0.8124966025352478
9,168,the,311.325,0.8724093437194824
9,169,northern,331.25,5.703312873840332
9,170,climate.,351.09090909090907,4.860813021659851
9,171,It,391.6625,3.5534911155700684
9,172,was,347.1875,0.9676858186721802
9,173,shortly,340.8333333333333,6.484421253204346
9,174,thereafter,358.1392405063291,2.5321638584136963
9,175,that,351.06410256410254,0.24728287756443024
9,176,the,359.63291139240505,1.215692400932312
9,177,tulips,335.45569620253167,5.578888416290283
9,178,began,362.3333333333333,1.6034340858459473
9,179,to,313.9873417721519,0.23057569563388824
9,180,grow,311.85897435897436,3.306751012802124
9,181,in,332.43037974683546,1.3904184103012085
9,182,popularity.,381.0632911392405,5.85405421257019
9,183,The,393.8076923076923,1.8134677410125732
9,184,flower,342.7974683544304,5.885004997253418
9,185,rapidly,334.62025316455697,8.685993194580078
9,186,became,343.9493670886076,1.5939173698425293
9,187,a,321.30379746835445,1.4825944900512695
9,188,coveted,329.0632911392405,7.971941947937012
9,189,luxury,346.2692307692308,4.750482082366943
9,190,item,382.44303797468353,1.7967077493667603
9,191,and,337.17721518987344,2.9544548988342285
9,192,a,330.5189873417722,3.022148609161377
9,193,status,333.0759493670886,8.016128540039062
9,194,"symbol,",331.5974025974026,2.974198315292597
9,195,and,326.82278481012656,2.1762754917144775
9,196,a,314.6923076923077,3.6452584266662598
9,197,profusion,326.60759493670884,10.123314023017883
9,198,of,353.7974683544304,0.08185960352420807
9,199,varieties,343.5822784810127,5.236052513122559
9,200,followed.,377.12820512820514,7.69380122423172
9,201,They,401.7435897435897,5.543687343597412
9,202,were,322.1898734177215,1.086376667022705
9,203,classified,330.40506329113924,7.008321285247803
9,204,in,317.67088607594934,3.1718909740448
9,205,groups:,340.7974683544304,13.09182596206665
9,206,one-colored,440.4805194805195,15.789751052856445
9,207,tulips,484.37974683544303,3.842091917991638
9,208,of,427.97435897435895,4.264530181884766
9,209,"red,",409.67088607594934,4.637650728225708
9,210,"yellow,",425.59493670886076,3.0645350366830826
9,211,or,383.26582278481015,2.4770469665527344
9,212,white,438.1818181818182,3.063762664794922
9,213,were,401.9102564102564,3.5997724533081055
9,214,known,347.3333333333333,3.5306003093719482
9,215,as,324.70512820512823,0.8806962370872498
9,216,"Couleren,",561.6578947368421,24.032694816589355
9,217,but,534.6315789473684,4.705013751983643
9,218,it,357.0769230769231,4.432882308959961
9,219,was,323.78205128205127,0.5872997641563416
9,220,the,321.79487179487177,2.663597822189331
9,221,multicolored,388.40506329113924,8.369688667356968
9,222,Rosen,406.5064935064935,13.013640403747559
9,223,(red,486.7922077922078,8.021437168121338
9,224,or,396.0759493670886,3.9044642448425293
9,225,pink,381.11538461538464,3.9506466388702393
9,226,on,375.15384615384613,7.591413974761963
9,227,white,387.75949367088606,2.6635661125183105
9,228,"background),",494.35064935064935,7.466610670089722
9,229,Violetten,569.2467532467532,19.08518934249878
9,230,(purple,533.7051282051282,4.428965809755027
9,231,or,366.46835443037975,1.12274169921875
9,232,lilac,345.85897435897436,7.860307771712542
9,233,on,345.6923076923077,0.8994474411010742
9,234,white,376.45569620253167,0.6584274172782898
9,235,"background),",430.4025974025974,0.43573760241270065
9,236,"and,",400.40506329113924,6.5565465092659
9,237,to,334.575,4.296566486358643
9,238,a,368.0126582278481,0.3561501204967499
9,239,lesser,350.54430379746833,0.17363674938678741
9,240,"extent,",320.36708860759495,0.3407912664115429
9,241,the,329.46835443037975,1.7797935009002686
9,242,Bizarden,382.9871794871795,21.63820743560791
9,243,"(red,",468.82278481012656,5.6891080141067505
9,244,brown,409.50632911392404,3.7900514602661133
9,245,or,377.7974683544304,1.3761640787124634
9,246,purple,371.62820512820514,3.0488641262054443
9,247,on,355.52564102564105,0.660767138004303
9,248,yellow,347.85,4.849173545837402
9,249,background),412.47435897435895,1.694100022315979
9,250,that,396.93589743589746,0.595571756362915
9,251,were,345.3544303797468,2.6529464721679688
9,252,the,313.0506329113924,2.3569421768188477
9,253,most,313.72151898734177,1.1357238292694092
9,254,popular.,356.8101265822785,1.4822749495506287
9,255,These,350.47435897435895,3.4925875663757324
9,256,spectacular,399.7692307692308,8.508689880371094
9,257,and,387.30379746835445,3.457728385925293
9,258,highly,362.1794871794872,3.0327210426330566
9,259,sought-after,362.126582278481,4.086382878944278
9,260,tulip,383.0769230769231,5.069200754165649
9,261,bulbs,351.8607594936709,0.9448215961456299
9,262,would,356.1898734177215,5.129911422729492
9,263,grow,354.0506329113924,4.027906894683838
9,264,flowers,348.3544303797468,8.360645294189453
9,265,with,354.61538461538464,3.634881019592285
9,266,vivid,358.2278481012658,5.939984321594238
9,267,"colors,",384.5128205128205,2.678843855857849
9,268,"lines,",383.9746835443038,10.874871850013733
9,269,and,366.28205128205127,0.45110884308815
9,270,flames,399.11392405063293,8.991867065429688
9,271,on,334.2911392405063,4.268639087677002
9,272,the,321.0379746835443,1.6058200597763062
9,273,"petals,",362.72151898734177,8.275254160165787
9,274,as,354.2857142857143,3.5326154232025146
9,275,a,323.32911392405066,4.717626094818115
9,276,"result,",317.126582278481,7.8079447746276855
9,277,it,330.59493670886076,5.041235446929932
9,278,is,307.82278481012656,1.0439471006393433
9,279,now,296.5128205128205,4.855982780456543
9,280,"understood,",332.78205128205127,4.126834809780121
9,281,of,337.4177215189873,0.2916221022605896
9,282,being,351.73417721518985,7.302438735961914
9,283,infected,346.375,8.801056861877441
9,284,with,386.35,0.4205971360206604
9,285,tulip-specific,440.0,11.447963953018188
9,286,virus,452.7875,4.354978561401367
9,287,known,401.8987341772152,5.646134376525879
9,288,as,346.3205128205128,0.05858493223786354
9,289,the,345.3333333333333,3.058515787124634
9,290,'Tulip,390.63157894736844,8.351951016113162
9,291,breaking,406.44736842105266,15.012250900268555
9,292,virus'.,446.42105263157896,1.2937135696411133
9,293,The,419.45454545454544,1.7182376384735107
9,294,Dutch,361.87179487179486,5.646651744842529
9,295,Golden,350.126582278481,4.712740421295166
9,296,Age,349.425,0.05307292193174362
9,297,growers,359.34615384615387,9.513440132141113
9,298,named,387.69620253164555,7.812639236450195
9,299,their,364.75949367088606,1.422014832496643
9,300,new,348.8101265822785,4.033783435821533
9,301,varieties,354.36708860759495,1.8760545253753662
9,302,with,340.32911392405066,5.672042369842529
9,303,exalted,367.47435897435895,10.270238876342773
9,304,titles.,392.0,3.939704656600952
9,305,Many,370.2692307692308,5.086781978607178
9,306,early,347.15584415584414,5.80574369430542
9,307,forms,369.0769230769231,6.376298904418945
9,308,were,338.93589743589746,2.7731077671051025
9,309,prefixed,337.0,10.131812632083893
9,310,with,375.8076923076923,0.5624924302101135
9,311,"'admiral',",431.7894736842105,17.864039033651352
9,312,often,419.62820512820514,5.636126518249512
9,313,combined,390.3333333333333,8.208780288696289
9,314,with,343.88461538461536,0.10213295370340347
9,315,the,341.3376623376623,1.8478224277496338
9,316,growers',353.7368421052632,15.161810159683228
9,317,names.,380.30263157894734,3.014599323272705
9,318,'General',438.3333333333333,11.735185503959656
9,319,was,412.97402597402595,1.935731053352356
9,320,another,373.53333333333336,5.349459171295166
9,321,prefix,359.2077922077922,5.850958824157715
9,322,that,363.57142857142856,2.337101936340332
9,323,found,338.6233766233766,7.378430366516113
9,324,its,324.9736842105263,0.38371142745018005
9,325,way,336.0,0.5128751993179321
9,326,into,311.19736842105266,0.40377378463745117
9,327,the,295.4935064935065,1.022070288658142
9,328,names,309.4736842105263,3.492509365081787
9,329,of,303.7142857142857,0.2705758512020111
9,330,around,302.94805194805195,8.060471534729004
9,331,thirty,347.5974025974026,2.2826671600341797
9,332,varieties.,394.7368421052632,2.2680612802505493
9,333,Later,463.92,5.349485874176025
9,334,came,357.36,7.210677623748779
9,335,varieties,359.05263157894734,6.626503944396973
9,336,with,352.0128205128205,2.047781467437744
9,337,even,357.76623376623377,5.844826698303223
9,338,more,328.8961038961039,0.4816962778568268
9,339,superb,320.06493506493507,9.609132766723633
9,340,"names,",342.1168831168831,4.304744124412537
9,341,such,343.0263157894737,0.8544042110443115
9,342,as,313.1948051948052,0.0016769407084211707
9,343,even,337.038961038961,8.910423278808594
9,344,'Admiral,460.2207792207792,8.353953586891294
9,345,of,426.0921052631579,3.6672632694244385
9,346,Admirals',453.84,7.304139792919159
9,347,and,408.54545454545456,1.038691520690918
9,348,'General,371.4415584415584,2.6761765480041504
9,349,of,354.57142857142856,0.6749642491340637
9,350,Generals'.,349.1578947368421,5.859744775108993
9,351,Most,369.54545454545456,5.009062767028809
9,352,of,366.46753246753246,0.9431698322296143
9,353,these,316.3636363636364,0.8559210896492004
9,354,varieties,343.57142857142856,1.728812336921692
9,355,have,327.83116883116884,4.160882949829102
9,356,now,329.7402597402597,2.9542999267578125
9,357,died,300.48,4.6336350440979
9,358,"out,",315.02597402597405,1.4519966542720795
9,359,though,344.2597402597403,3.1582674980163574
9,360,similar,364.76623376623377,8.363252639770508
9,361,'broken',362.64,15.23448882997036
9,362,tulips,406.4266666666667,3.0832661986351013
9,363,continue,411.6233766233766,3.554260015487671
9,364,in,342.2631578947368,4.056029319763184
9,365,the,333.71794871794873,1.7280447483062744
9,366,trade.,342.75,6.228854238986969
9,367,Tulips,364.24,6.3239405155181885
9,368,grow,331.2077922077922,5.346573829650879
9,369,from,355.46753246753246,3.711697578430176
9,370,"bulbs,",336.84415584415586,10.251655340194702
9,371,and,356.82894736842104,2.267393112182617
9,372,can,342.961038961039,3.9927005767822266
9,373,be,303.90909090909093,0.7421488761901855
9,374,propagated,349.961038961039,5.629069549962878
9,375,through,392.7894736842105,3.310520648956299
9,376,both,351.27272727272725,5.857443332672119
9,377,seeds,349.2763157894737,5.3490447998046875
9,378,and,325.44,0.07562073320150375
9,379,buds.,363.90410958904107,5.812605500221252
9,380,Seeds,494.80263157894734,5.012835502624512
9,381,from,431.94736842105266,4.404971122741699
9,382,a,343.14666666666665,2.941241502761841
9,383,tulip,347.4736842105263,2.665883667767048
9,384,will,350.35526315789474,3.7686820030212402
9,385,form,379.30263157894734,4.738796234130859
9,386,a,314.2133333333333,1.1136552095413208
9,387,flowering,331.8831168831169,6.984142303466797
9,388,bulb,337.57142857142856,3.8761680126190186
9,389,after,397.68831168831167,4.886081695556641
9,390,seven-twelve,584.9864864864865,17.156241178512573
9,391,years.,873.1142857142858,5.75951611995697
9,392,When,597.7466666666667,4.024434566497803
9,393,a,424.92,2.0942330360412598
9,394,bulb,380.7894736842105,3.2744698524475098
9,395,grows,372.8181818181818,4.214521408081055
9,396,into,344.2857142857143,3.6529927253723145
9,397,the,327.72727272727275,2.1898701190948486
9,398,"flower,",363.7012987012987,3.7525781393051147
9,399,the,393.0131578947368,1.5292328596115112
9,400,original,372.2207792207792,5.310853958129883
9,401,bulb,357.0263157894737,2.172347068786621
9,402,will,336.7894736842105,1.3919283151626587
9,403,"disappear,",407.2236842105263,7.284940600395203
9,404,but,402.11842105263156,2.3990886211395264
9,405,a,382.32894736842104,2.5721402168273926
9,406,clone,346.60526315789474,7.802127361297607
9,407,bulb,380.6753246753247,5.781699180603027
9,408,forms,357.4805194805195,6.33115816116333
9,409,in,354.5921052631579,2.5256154537200928
9,410,its,347.4415584415584,3.434115409851074
9,411,"place,",357.0657894736842,2.4041232764720917
9,412,as,363.72727272727275,3.8458285331726074
9,413,do,353.06493506493507,5.531578063964844
9,414,several,359.2077922077922,5.094818115234375
9,415,buds.,352.8181818181818,7.372432470321655
9,416,Properly,517.0933333333334,9.66632080078125
9,417,"cultivated,",448.14285714285717,4.833066940307617
9,418,these,410.13157894736844,2.4360337257385254
9,419,buds,337.7012987012987,4.172057151794434
9,420,will,361.9736842105263,1.3526923656463623
9,421,become,318.2631578947368,3.6493711471557617
9,422,bulbs,330.03846153846155,5.537209510803223
9,423,of,353.84415584415586,1.931967854499817
9,424,their,336.4155844155844,5.982785224914551
9,425,own.,406.0394736842105,2.038463979959488
9,426,The,423.10526315789474,1.7100551128387451
9,427,'tulip,385.52564102564105,8.683448575437069
9,428,breaking',365.93589743589746,3.2034976482391357
9,429,"virus,",398.5584415584416,2.8867462873458862
9,430,which,387.92105263157896,1.4701488018035889
9,431,many,357.83116883116884,6.760736465454102
9,432,botanists,353.38157894736844,5.417889735661447
9,433,have,355.2763157894737,2.2957568168640137
9,434,"studied,",338.72,6.297456502914429
9,435,spreads,412.0,4.945695400238037
9,436,only,344.57894736842104,5.643876075744629
9,437,through,351.2857142857143,1.5750807523727417
9,438,"buds,",356.31168831168833,6.549603462219238
9,439,not,408.4868421052632,3.1600747108459473
9,440,"seeds,",424.5394736842105,4.04680871963501
9,441,and,378.9866666666667,0.7271447777748108
9,442,so,376.5657894736842,4.933207035064697
9,443,cultivating,374.64935064935065,11.566104888916016
9,444,the,388.9605263157895,2.2838737964630127
9,445,most,333.2207792207792,5.898412704467773
9,446,appealing,352.45454545454544,8.824440956115723
9,447,varieties,387.1168831168831,1.116676688194275
9,448,takes,386.7792207792208,5.0662455558776855
9,449,years.,396.82894736842104,4.177558064460754
9,450,Propagation,512.2236842105264,10.021682977676392
9,451,is,405.45454545454544,1.8869545459747314
9,452,greatly,372.7012987012987,8.32709789276123
9,453,slowed,405.97402597402595,5.473870754241943
9,454,down,375.5064935064935,1.927465796470642
9,455,by,330.13157894736844,1.117166519165039
9,456,the,322.1038961038961,1.0539934635162354
9,457,virus.,329.6233766233766,8.041799068450928
9,458,Tulips,480.5064935064935,5.672898173332214
9,459,bloom,410.57142857142856,5.942080497741699
9,460,in,386.7763157894737,1.5989152193069458
9,461,April,346.24675324675326,6.445645332336426
9,462,and,393.38961038961037,1.2640212774276733
9,463,May,327.2368421052632,0.5727910995483398
9,464,for,338.2597402597403,5.71159553527832
9,465,about,352.2236842105263,3.6512680053710938
9,466,a,326.06493506493507,2.436640501022339
9,467,"week,",330.88157894736844,3.167317032814026
9,468,and,345.9342105263158,1.1525723934173584
9,469,the,331.7792207792208,2.717550039291382
9,470,secondary,347.68831168831167,8.190506935119629
9,471,buds,345.05194805194805,3.449897289276123
9,472,appear,383.5974025974026,5.113539218902588
9,473,shortly,397.0,5.520418167114258
9,474,thereafter.,393.4230769230769,1.7569708973169327
9,475,Bulbs,479.0,9.108318090438843
9,476,can,373.7763157894737,2.6540794372558594
9,477,be,366.05194805194805,1.0276968479156494
9,478,uprooted,354.88157894736844,6.634983924770495
9,479,and,362.46153846153845,1.9978009462356567
9,480,moved,349.9871794871795,5.488667011260986
9,481,about,335.35897435897436,2.3896961212158203
9,482,from,359.88461538461536,4.655122756958008
9,483,June,355.53246753246754,8.768743515014648
9,484,to,362.45569620253167,0.6782457828521729
9,485,"September,",386.6753246753247,2.5081251859664917
9,486,and,386.5394736842105,1.5340664386749268
9,487,thus,354.72727272727275,6.937040328979492
9,488,actual,349.1818181818182,10.041833877563477
9,489,purchases,388.97402597402595,10.862916946411133
9,490,occurred,415.31168831168833,9.782963752746582
9,491,during,393.4805194805195,3.4668819904327393
9,492,these,357.63157894736844,2.573854446411133
9,493,months.,324.5128205128205,2.178212821483612
9,494,As,407.4736842105263,4.40437650680542
9,495,the,391.2857142857143,1.6041126251220703
9,496,flowers,386.35064935064935,2.4305644035339355
9,497,grew,339.2105263157895,5.143545150756836
9,498,in,345.2857142857143,2.4013962745666504
9,499,"popularity,",337.72727272727275,2.898522049188614
9,500,professional,388.9078947368421,9.360113143920898
9,501,growers,343.17105263157896,1.4379119873046875
9,502,paid,352.3636363636364,6.506996154785156
9,503,higher,354.72727272727275,5.386871337890625
9,504,and,338.27272727272725,4.954527378082275
9,505,higher,335.8831168831169,0.21620914340019226
9,506,prices,335.9871794871795,0.48368051648139954
9,507,for,320.8333333333333,0.7704188227653503
9,508,bulbs,307.4533333333333,2.4461097717285156
9,509,with,312.961038961039,5.2699103355407715
9,510,the,301.90909090909093,2.0794222354888916
9,511,virus.,309.2857142857143,5.083958566188812
9,512,By,358.5844155844156,4.346297264099121
9,513,sixteen,392.97402597402595,7.632281303405762
9,514,"thirty-four,",592.1466666666666,7.139134526252747
9,515,in,442.2857142857143,4.711416721343994
9,516,part,428.53846153846155,5.947388172149658
9,517,as,362.4871794871795,4.680751800537109
9,518,a,338.53246753246754,0.06780362874269485
9,519,result,320.5974025974026,0.5087809562683105
9,520,of,313.9078947368421,0.05605236813426018
9,521,demand,321.7142857142857,7.058502674102783
9,522,from,336.08,1.9007154703140259
9,523,the,308.3636363636364,1.3461387157440186
9,524,"French,",341.83116883116884,6.753098249435425
9,525,speculators,406.4155844155844,10.686842367053032
9,526,began,395.0131578947368,1.6680784225463867
9,527,to,338.92105263157896,0.5793772339820862
9,528,enter,316.83116883116884,5.521530628204346
9,529,the,317.7142857142857,0.41060948371887207
9,530,market.,301.0394736842105,2.7108283042907715
9,531,In,338.6533333333333,2.40655517578125
9,532,sixteen,343.0133333333333,6.64589786529541
9,533,"thirty-six,",449.7368421052632,6.019809737801552
9,534,the,435.89473684210526,1.3151187896728516
9,535,Dutch,347.5844155844156,2.4361202716827393
9,536,created,333.987012987013,7.682180881500244
9,537,a,315.5897435897436,0.9960078001022339
9,538,type,306.47435897435895,6.995622634887695
9,539,of,298.1948051948052,0.0559636615216732
9,540,formal,306.85897435897436,8.929845809936523
9,541,futures,327.1645569620253,11.276178359985352
9,542,"markets,",410.56410256410254,7.449615240097046
9,543,which,419.5,1.4861148595809937
9,544,merchants,350.70512820512823,9.336920738220215
9,545,used,330.0769230769231,3.353280544281006
9,546,to,326.42857142857144,0.2864404618740082
9,547,sell,324.53246753246754,2.1095478534698486
9,548,and,319.96153846153845,4.148795127868652
9,549,buy,317.1025641025641,2.417160749435425
9,550,contracts,332.15384615384613,6.5412702560424805
9,551,to,349.1794871794872,2.8288817405700684
9,552,buy,335.7435897435897,2.5455522537231445
9,553,bulbs,350.3466666666667,3.504950523376465
9,554,at,324.75324675324674,3.1844563484191895
9,555,the,316.61038961038963,2.991273880004883
9,556,end,311.5194805194805,5.108024597167969
9,557,of,305.1038961038961,0.016638679429888725
9,558,the,290.15584415584414,0.7576040625572205
9,559,season.,308.2987012987013,3.7938514053821564
9,560,Traders,401.0128205128205,5.053461790084839
9,561,met,377.78205128205127,8.541778564453125
9,562,at,362.92,2.4569125175476074
9,563,taverns,373.6623376623377,8.464483007788658
9,564,and,353.54545454545456,1.3137174844741821
9,565,buyers,345.97402597402595,9.272916793823242
9,566,were,325.42105263157896,2.4270238876342773
9,567,required,322.7142857142857,4.064596652984619
9,568,to,322.24675324675326,0.030827028676867485
9,569,pay,309.24675324675326,1.6013424396514893
9,570,a,333.14102564102564,1.500505805015564
9,571,fee,312.29487179487177,2.308678150177002
9,572,per,308.64935064935065,5.287395477294922
9,573,trade.,355.2105263157895,7.617449045181274
9,574,People,395.15584415584414,6.552048683166504
9,575,were,370.5844155844156,2.4284651279449463
9,576,purchasing,352.7402597402597,7.199260234832764
9,577,bulbs,370.57142857142856,1.7232019901275635
9,578,at,359.5,1.8219579458236694
9,579,higher,309.3333333333333,4.608429431915283
9,580,and,297.1794871794872,2.197906255722046
9,581,higher,303.3974358974359,0.15897667407989502
9,582,"prices,",348.0769230769231,1.445322260260582
9,583,intending,368.35897435897436,9.198246002197266
9,584,to,339.43589743589746,0.19276700913906097
9,585,re-sell,311.62820512820514,8.98920488357544
9,586,them,328.15584415584414,0.7069436311721802
9,587,for,319.52564102564105,2.4127392768859863
9,588,a,302.79487179487177,1.554395318031311
9,589,profit.,322.56410256410254,2.5998454689979553
9,590,"However,",371.0769230769231,4.039114788174629
9,591,such,344.76623376623377,5.132125377655029
9,592,a,310.5064935064935,1.7931766510009766
9,593,scheme,342.8974358974359,2.7067489624023438
9,594,could,311.20512820512823,4.388391494750977
9,595,not,301.2435897435897,0.788762629032135
9,596,last,290.97435897435895,2.92586088180542
9,597,unless,310.20512820512823,6.4253740310668945
9,598,someone,294.9230769230769,6.183863162994385
9,599,was,319.8974358974359,2.1494734287261963
9,600,ultimately,321.7402597402597,8.85173225402832
9,601,willing,355.97435897435895,2.5417568683624268
9,602,to,315.7088607594937,0.038420047610998154
9,603,pay,284.7564102564103,0.9965264797210693
9,604,such,293.8205128205128,5.140338897705078
9,605,high,296.1666666666667,2.2452471256256104
9,606,prices,309.59493670886076,0.3361720144748688
9,607,and,300.4871794871795,3.3732616901397705
9,608,take,299.6578947368421,4.5416388511657715
9,609,possession,314.37179487179486,4.207269191741943
9,610,of,346.55128205128204,0.07635027915239334
9,611,the,310.0769230769231,0.37999314069747925
9,612,bulbs.,313.05128205128204,0.9796944260597229
9,613,In,350.05128205128204,2.2695367336273193
9,614,February,313.46153846153845,3.850395679473877
9,615,sixteen,380.24675324675326,2.414853096008301
9,616,"thirty-seven,",486.50666666666666,1.9970915913581848
9,617,tulip,476.55128205128204,3.5130095034837723
9,618,traders,377.76623376623377,3.920093059539795
9,619,could,345.5,6.5370683670043945
9,620,no,354.85897435897436,1.7661203145980835
9,621,longer,337.5844155844156,0.005925706587731838
9,622,find,307.7402597402597,4.598752498626709
9,623,new,321.61538461538464,4.532506942749023
9,624,buyers,328.7402597402597,1.6330550909042358
9,625,willing,314.4871794871795,4.442215919494629
9,626,to,341.987012987013,0.010593844577670097
9,627,pay,302.8333333333333,0.7014997601509094
9,628,increasingly,339.84615384615387,10.133288383483887
9,629,inflated,337.31168831168833,4.898819446563721
9,630,prices,330.62820512820514,0.1564769148826599
9,631,for,319.14102564102564,1.682323932647705
9,632,their,310.15384615384613,2.186959981918335
9,633,bulbs.,307.92105263157896,0.6992387175559998
9,634,As,332.0263157894737,3.6155076026916504
9,635,this,317.6363636363636,4.556830406188965
9,636,realization,312.21794871794873,9.840343475341797
9,637,set,330.987012987013,4.727046966552734
9,638,"in,",312.8333333333333,0.4931079298257828
9,639,the,317.8076923076923,1.3948317766189575
9,640,demand,335.2207792207792,5.029721736907959
9,641,for,339.15384615384613,0.18552230298519135
9,642,tulips,306.64935064935065,3.6657274961471558
9,643,"collapsed,",300.62820512820514,7.504440784454346
9,644,and,367.61538461538464,0.7059736251831055
9,645,prices,313.64102564102564,2.7932629585266113
9,646,plummeted.,308.75324675324674,4.2226186990737915
9,647,The,361.52564102564105,1.6964521408081055
9,648,speculative,341.1818181818182,7.854163646697998
9,649,bubble,379.38961038961037,3.663249969482422
9,650,burst.,333.02597402597405,4.904616832733154
9,651,Some,345.7368421052632,5.080592155456543
9,652,were,344.7142857142857,4.431735992431641
9,653,left,331.97435897435895,4.4466633796691895
9,654,holding,320.3076923076923,3.820338726043701
9,655,contracts,326.8076923076923,6.615107536315918
9,656,to,327.11538461538464,2.8363709449768066
9,657,purchase,320.3246753246753,2.511422872543335
9,658,tulips,321.34615384615387,4.064585447311401
9,659,at,315.5,1.838921070098877
9,660,prices,315.6923076923077,3.670677900314331
9,661,now,303.70512820512823,6.971935272216797
9,662,ten,309.34615384615387,5.780439376831055
9,663,times,333.96153846153845,0.8278042078018188
9,664,greater,314.71794871794873,4.59033727645874
9,665,than,315.8181818181818,0.054700952023267746
9,666,those,307.93589743589746,1.2074655294418335
9,667,on,293.52564102564105,4.334786415100098
9,668,the,298.12820512820514,0.895997166633606
9,669,open,296.03846153846155,3.279932975769043
9,670,"market,",358.14285714285717,1.5729068871587515
9,671,while,344.4342105263158,2.115906238555908
9,672,others,347.8961038961039,0.25584980845451355
9,673,found,322.2435897435897,5.4198713302612305
9,674,themselves,295.7307692307692,1.6580439805984497
9,675,in,324.8333333333333,2.3358688354492188
9,676,possession,323.6923076923077,5.153324127197266
9,677,of,310.46153846153845,0.039631977677345276
9,678,bulbs,297.55128205128204,3.3772904872894287
9,679,now,312.6794871794872,6.084186553955078
9,680,worth,301.5921052631579,2.666128396987915
9,681,a,306.79487179487177,3.3673887252807617
9,682,fraction,319.4230769230769,2.8186588287353516
9,683,of,301.62820512820514,0.07856272161006927
9,684,the,292.1666666666667,1.4667160511016846
9,685,price,302.97435897435895,1.7103259563446045
9,686,they,292.1666666666667,1.5996575355529785
9,687,had,305.6666666666667,1.5325044393539429
9,688,paid.,318.61538461538464,2.6397050619125366
9,689,The,339.8666666666667,1.634435772895813
9,690,event,304.05263157894734,8.331782341003418
9,691,was,324.65384615384613,2.0411689281463623
9,692,popularized,334.8333333333333,10.081005096435547
9,693,in,341.8051948051948,1.6276335716247559
9,694,eighteen,337.65384615384613,6.494500637054443
9,695,forty-one,359.62820512820514,5.763265877962112
9,696,by,420.02597402597405,1.6864912509918213
9,697,the,330.84615384615387,1.2703741788864136
9,698,book,306.78205128205127,5.564489364624023
9,699,'Extraordinary,415.6666666666667,11.339269533753395
9,700,Popular,404.71794871794873,7.217895030975342
9,701,Delusions,440.9342105263158,7.223839282989502
9,702,and,400.15384615384613,3.121762752532959
9,703,the,352.3974358974359,3.3163859844207764
9,704,Madness,339.3376623376623,6.134650230407715
9,705,of,338.46753246753246,0.11204668879508972
9,706,"Crowds',",381.49333333333334,8.716643691062927
9,707,that,399.61538461538464,6.001428127288818
9,708,a,345.0,6.1548686027526855
9,709,British,320.75,5.387019157409668
9,710,journalist,329.90909090909093,3.9342963695526123
9,711,Charles,345.2236842105263,6.510566234588623
9,712,Mackay,369.5405405405405,8.415579319000244
9,713,wrote.,396.5769230769231,3.8344993591308594
9,714,That,389.2987012987013,6.2415266036987305
9,715,crowds,354.2857142857143,11.156388282775879
9,716,of,378.4805194805195,1.47996187210083
9,717,people,331.7432432432432,1.3701181411743164
9,718,often,323.46753246753246,5.4330949783325195
9,719,behave,311.88461538461536,7.679043769836426
9,720,irrationally,347.6666666666667,5.454260602535214
9,721,was,341.83116883116884,2.89286732673645
9,722,the,305.35897435897436,2.5769052505493164
9,723,main,317.0,2.818406105041504
9,724,thesis,326.3766233766234,7.603856086730957
9,725,of,324.3076923076923,0.3155013918876648
9,726,the,311.4230769230769,1.0924134254455566
9,727,"book,",281.7564102564103,1.4328940212726593
9,728,and,322.65384615384613,1.5047330856323242
9,729,tulip,300.126582278481,8.708215355873108
9,730,mania,343.0921052631579,5.738053360953927
9,731,was,309.97402597402595,1.36433744430542
9,732,one,294.35064935064935,2.9465737342834473
9,733,of,279.56410256410254,0.2215338796377182
9,734,the,272.84615384615387,0.4570419192314148
9,735,primary,303.52564102564105,3.765841245651245
9,736,examples.,319.1392405063291,6.321902334690094
9,737,According,339.26582278481015,5.304865837097168
9,738,to,321.5657894736842,0.002237675478681922
9,739,"Mackay,",320.37179487179486,0.8808364209835418
9,740,at,337.2597402597403,4.384819507598877
9,741,one,317.05128205128204,2.647850513458252
9,742,point,340.78205128205127,1.0001507997512817
9,743,twelve,315.2025316455696,7.632593154907227
9,744,acres,326.4025974025974,7.559381484985352
9,745,of,335.5128205128205,0.3867596983909607
9,746,land,303.9230769230769,2.239494562149048
9,747,were,298.4415584415584,1.2453054189682007
9,748,offered,301.9102564102564,5.126835823059082
9,749,for,317.27848101265823,1.5896129608154297
9,750,a,309.71794871794873,2.7324914932250977
9,751,Semper,305.87012987012986,16.665645837783813
9,752,Augustus,439.7631578947368,7.320925235748291
9,753,bulb.,455.9868421052632,6.246231555938721
9,754,He,468.02564102564105,2.875983476638794
9,755,claims,377.47435897435895,5.776510715484619
9,756,that,334.7307692307692,0.6216645240783691
9,757,many,323.29487179487177,5.1157050132751465
9,758,such,345.30263157894734,5.1917405128479
9,759,investors,345.7402597402597,5.347867965698242
9,760,ruined,331.1038961038961,8.823592185974121
9,761,by,332.6842105263158,7.276968002319336
9,762,the,355.961038961039,2.304771661758423
9,763,fall,310.9220779220779,4.635951042175293
9,764,in,304.13157894736844,2.8367443084716797
9,765,prices,323.0394736842105,0.5816382169723511
9,766,were,320.8243243243243,1.9190053939819336
9,767,"desperate,",326.6842105263158,10.51643681526184
9,768,and,337.4736842105263,0.9594390392303467
9,769,Dutch,317.6578947368421,13.698535919189453
9,770,commerce,323.87012987012986,10.207054138183594
9,771,suffered,354.88461538461536,5.670180797576904
9,772,a,318.4025974025974,3.2358508110046387
9,773,severe,308.24675324675326,2.6217381954193115
9,774,shock.,340.16883116883116,6.411984920501709
9,775,In,356.3246753246753,2.627025842666626
9,776,Mackay's,337.85897435897436,10.522050738683902
9,777,"account,",356.09090909090907,3.1677918434143066
9,778,the,357.38961038961037,1.5183160305023193
9,779,panicked,332.987012987013,9.905253410339355
9,780,tulip,344.15584415584414,4.279688194394112
9,781,speculators,344.94736842105266,6.697191953659058
9,782,sought,371.12,5.722897529602051
9,783,help,350.3376623376623,6.276011943817139
9,784,from,326.35064935064935,0.24158334732055664
9,785,the,301.64935064935065,1.39369797706604
9,786,government,311.6842105263158,4.351442813873291
9,787,of,330.2236842105263,2.568774700164795
9,788,the,320.0394736842105,1.5511863231658936
9,789,"Netherlands,",371.8666666666667,1.51924729347229
9,790,which,334.67105263157896,1.6044446229934692
9,791,responded,317.0657894736842,4.698620796203613
9,792,by,320.94805194805195,0.564857006072998
9,793,declaring,313.72727272727275,4.919411659240723
9,794,that,310.64473684210526,1.1517547369003296
9,795,anyone,304.4415584415584,5.884676456451416
9,796,who,305.61842105263156,0.6307677030563354
9,797,had,303.7922077922078,2.634361505508423
9,798,bought,282.31168831168833,3.2946252822875977
9,799,contracts,298.2987012987013,6.501125335693359
9,800,to,342.5897435897436,1.8455355167388916
9,801,purchase,315.7402597402597,1.3438301086425781
9,802,bulbs,305.6363636363636,1.3535728454589844
9,803,in,295.961038961039,2.687500476837158
9,804,the,284.7012987012987,0.9804512858390808
9,805,future,301.5064935064935,4.296135425567627
9,806,could,316.88157894736844,3.3455183506011963
9,807,void,312.3333333333333,9.400139808654785
9,808,their,305.7402597402597,2.4677958488464355
9,809,contract,300.94871794871796,2.7701709270477295
9,810,by,319.2207792207792,3.276448965072632
9,811,payment,312.06493506493507,7.029393196105957
9,812,of,317.5974025974026,0.3510313630104065
9,813,a,296.76623376623377,1.1092008352279663
9,814,ten,325.30263157894734,4.5856032371521
9,815,percent,372.4736842105263,2.2984468936920166
9,816,fee.,350.24675324675326,2.6394351720809937
9,817,Attempts,384.986301369863,7.933765605092049
9,818,that,383.48,7.3958024978637695
9,819,were,339.4025974025974,2.2339046001434326
9,820,made,327.1168831168831,1.7397496700286865
9,821,to,320.3376623376623,0.38921719789505005
9,822,resolve,301.12987012987014,4.576450824737549
9,823,the,316.2207792207792,0.5884518027305603
9,824,situation,299.35064935064935,1.8544234037399292
9,825,to,323.6623376623377,6.2679829597473145
9,826,the,330.82894736842104,1.8992111682891846
9,827,satisfaction,339.5194805194805,2.935821771621704
9,828,of,324.1168831168831,0.003273487789556384
9,829,all,284.961038961039,3.5059726238250732
9,830,parties,288.20512820512823,1.6098688840866089
9,831,were,301.4805194805195,0.9652385711669922
9,832,unsuccessful.,353.0263157894737,1.9001458287239075
9,833,The,357.6578947368421,1.6474591493606567
9,834,mania,348.3157894736842,8.798137784004211
9,835,finally,340.1948051948052,4.9606757164001465
9,836,"ended,",333.15584415584414,4.706423759460449
9,837,Mackay,320.3636363636364,6.842700337583665
9,838,"says,",349.38157894736844,2.70201113820076
9,839,with,313.038961038961,3.10780668258667
9,840,individuals,313.6623376623377,8.798874855041504
9,841,stuck,316.2987012987013,9.680084228515625
9,842,with,325.2987012987013,2.4087412357330322
9,843,the,347.038961038961,1.8562030792236328
9,844,bulbs,317.10526315789474,2.166947841644287
9,845,they,311.4868421052632,4.05025577545166
9,846,held,308.76623376623377,4.567138671875
9,847,at,312.09090909090907,3.5845484733581543
9,848,the,313.038961038961,1.7551363706588745
9,849,end,309.4025974025974,2.433013677597046
9,850,of,300.68831168831167,0.039204858243465424
9,851,the,283.3157894736842,0.33107179403305054
9,852,crash.,306.24675324675326,13.12382709980011
9,853,No,383.37333333333333,6.096642971038818
9,854,court,321.27272727272725,6.896145820617676
9,855,would,326.2207792207792,3.9910290241241455
9,856,enforce,329.3766233766234,4.174741268157959
9,857,payment,329.2077922077922,7.40519905090332
9,858,of,310.12987012987014,0.6130189299583435
9,859,a,297.63157894736844,1.9013035297393799
9,860,"contract,",303.88157894736844,6.891976833343506
9,861,since,364.4868421052632,5.226612091064453
9,862,judges,317.97435897435895,9.379040718078613
9,863,regarded,314.92,6.073417663574219
9,864,the,338.49333333333334,1.1854090690612793
9,865,debts,314.2972972972973,6.558150291442871
9,866,as,316.06666666666666,1.1741451025009155
9,867,contracted,344.85526315789474,8.297725677490234
9,868,through,372.4078947368421,6.207747459411621
9,869,"gambling,",358.5131578947368,8.421650052070618
9,870,and,365.8918918918919,0.9514175653457642
9,871,thus,342.2368421052632,3.466980457305908
9,872,not,326.76623376623377,3.6840219497680664
9,873,enforceable,324.68831168831167,5.79113245010376
9,874,by,319.6756756756757,1.9365277290344238
9,875,law.,372.1232876712329,1.7987534999847412
9,876,Although,363.94594594594594,4.828294277191162
9,877,Mackay's,339.4054054054054,5.020989543409087
9,878,book,338.72,1.8746540546417236
9,879,is,313.7866666666667,1.7416517734527588
9,880,a,290.68,2.4243829250335693
9,881,classic,290.0921052631579,3.0559449195861816
9,882,that,308.4736842105263,6.205779552459717
9,883,many,299.92,4.505017280578613
9,884,publishing,313.0,10.878650665283203
9,885,houses,317.2631578947368,0.2695903778076172
9,886,continue,338.81081081081084,4.142810821533203
9,887,reprinting,308.7763157894737,12.909345149993896
9,888,"today,",374.97333333333336,2.2675095200538635
9,889,his,355.3066666666667,3.3026697635650635
9,890,account,322.88,1.8208818435668945
9,891,is,302.5394736842105,1.124634861946106
9,892,contested.,320.49333333333334,11.508625030517578
9,893,Many,416.46666666666664,4.028431415557861
9,894,modern,342.8157894736842,6.367739200592041
9,895,scholars,317.5657894736842,3.161682605743408
9,896,believe,312.3333333333333,2.305386543273926
9,897,the,324.24,2.7234930992126465
9,898,mania,301.10526315789474,5.4193444941192865
9,899,was,303.2266666666667,1.2488009929656982
9,900,not,297.4805194805195,3.787248134613037
9,901,as,291.9868421052632,3.90346360206604
9,902,extraordinary,300.6933333333333,7.738965034484863
9,903,as,305.55263157894734,0.17092476785182953
9,904,Mackay,292.9866666666667,2.7741029777680524
9,905,"described,",336.44736842105266,6.780181646347046
9,906,with,324.5263157894737,4.862805366516113
9,907,some,318.84,2.085181713104248
9,908,arguing,305.2266666666667,3.0544068813323975
9,909,that,325.80263157894734,0.17984643578529358
9,910,the,284.84,1.3342161178588867
9,911,price,277.9866666666667,3.756603717803955
9,912,changes,277.2763157894737,6.820869445800781
9,913,may,301.57894736842104,4.841538429260254
9,914,not,295.32894736842104,3.5349433422088623
9,915,have,298.2236842105263,0.1775423139333725
9,916,constituted,314.1081081081081,7.179201126098633
9,917,a,362.80263157894734,0.9962512850761414
9,918,bubble.,323.26666666666665,7.689442873001099
9,919,Research,363.9605263157895,8.51111125946045
9,920,on,377.2133333333333,2.901658535003662
9,921,the,316.60526315789474,0.7237787246704102
9,922,tulip,289.8831168831169,3.196067441254854
9,923,mania,316.43243243243245,2.9824903151020408
9,924,is,311.5921052631579,2.7669873237609863
9,925,difficult,309.4342105263158,3.56241774559021
9,926,because,312.3766233766234,1.9963898658752441
9,927,of,304.15584415584414,1.4365551471710205
9,928,the,302.5,0.6908770203590393
9,929,limited,290.2894736842105,3.744248628616333
9,930,data,287.12,3.802403450012207
9,931,from,298.39473684210526,5.325417518615723
9,932,the,294.2631578947368,1.0763649940490723
9,933,sixteen,297.25,8.971549034118652
9,934,thirties.,306.0263157894737,8.39966645091772
9,935,"However,",413.4054054054054,2.7005869522690773
9,936,some,358.14473684210526,3.345421075820923
9,937,modern,349.29333333333335,5.2713494300842285
9,938,economists,386.80263157894734,4.328235626220703
9,939,have,341.13157894736844,1.691683292388916
9,940,proposed,308.69736842105266,4.430387020111084
9,941,rational,331.85526315789474,7.852566719055176
9,942,"explanations,",397.7922077922078,3.107345402240753
9,943,rather,355.0,7.080836296081543
9,944,than,333.67105263157896,0.07371021807193756
9,945,a,314.3421052631579,3.2873589992523193
9,946,speculative,322.0394736842105,3.8576502799987793
9,947,"mania,",359.60526315789474,8.891106124036014
9,948,for,333.9736842105263,1.7791121006011963
9,949,the,329.53333333333336,0.7107858061790466
9,950,rise,302.7631578947368,4.674807071685791
9,951,and,293.61038961038963,2.121469497680664
9,952,fall,284.5733333333333,0.12215116620063782
9,953,in,305.3378378378378,1.8481178283691406
9,954,prices.,319.4605263157895,1.0578233003616333
9,955,For,351.4736842105263,3.1151304244995117
9,956,"example,",305.7866666666667,0.47949706204235554
9,957,other,317.57894736842104,7.232485771179199
9,958,"flowers,",318.04,12.220996379852295
9,959,such,354.7631578947368,0.5196847915649414
9,960,as,290.22972972972974,0.0011448265286162496
9,961,the,277.2763157894737,2.0498569011688232
9,962,"hyacinth,",291.0131578947368,8.399901221957407
9,963,also,371.8421052631579,5.234381198883057
9,964,had,320.89473684210526,3.443558931350708
9,965,high,302.6575342465753,3.5517849922180176
9,966,prices,296.32894736842104,0.5518360137939453
9,967,on,307.2894736842105,5.386234283447266
9,968,the,291.41333333333336,0.811896026134491
9,969,flower's,301.6533333333333,15.98426103591919
9,970,"introduction,",365.6621621621622,9.136427760124207
9,971,which,348.3066666666667,2.994544506072998
9,972,then,321.64864864864865,5.8635735511779785
9,973,fell,305.2266666666667,4.09596061706543
9,974,dramatically.,311.8243243243243,6.261315822601318
9,975,The,329.75,2.2359392642974854
9,976,high,322.81333333333333,4.871833801269531
9,977,prices,331.72972972972974,1.0515552759170532
9,978,may,311.47297297297297,3.096710205078125
9,979,also,285.2432432432432,2.611562728881836
9,980,have,287.35135135135135,0.2397414594888687
9,981,been,293.61333333333334,1.3183002471923828
9,982,driven,298.7567567567568,3.626168727874756
9,983,by,280.1333333333333,0.1530458927154541
9,984,expectations,316.3013698630137,7.463735580444336
9,985,of,325.1081081081081,1.2277278900146484
9,986,a,296.94594594594594,2.1229801177978516
9,987,parliamentary,323.62666666666667,12.475273132324219
9,988,decree,386.4864864864865,6.709547996520996
9,989,that,394.5263157894737,1.8805437088012695
9,990,contracts,334.14473684210526,9.545300483703613
9,991,could,335.1842105263158,2.8269805908203125
9,992,be,317.0933333333333,0.6388508677482605
9,993,voided,300.7894736842105,5.275402890358237
9,994,for,313.43243243243245,3.1421024799346924
9,995,a,311.3066666666667,2.6439242362976074
9,996,small,303.32,5.037075042724609
9,997,"cost,",335.92,7.300769686698914
9,998,thus,307.55263157894734,4.261436462402344
9,999,lowering,348.28,4.144539833068848
9,1000,the,356.8,0.7000921964645386
9,1001,risk,299.38666666666666,4.652515411376953
9,1002,to,306.7763157894737,3.683546304702759
9,1003,buyers.,320.94666666666666,4.283366680145264
9,1004,Despite,387.92105263157896,6.220889091491699
9,1005,these,337.5405405405405,1.6445047855377197
9,1006,disagreements,317.30263157894734,7.196720123291016
9,1007,about,368.50666666666666,4.236513614654541
9,1008,whether,329.8157894736842,3.3234951496124268
9,1009,the,336.7368421052632,1.2818502187728882
9,1010,phenomenon,307.56,6.306756019592285
9,1011,technically,339.3333333333333,12.480639457702637
9,1012,constituted,379.11842105263156,4.167979717254639
9,1013,an,367.16883116883116,2.7718496322631836
9,1014,economic,333.70666666666665,3.3294475078582764
9,1015,"bubble,",331.5394736842105,0.8862835466861725
9,1016,the,364.68918918918916,2.0680956840515137
9,1017,term,333.11842105263156,5.37075138092041
9,1018,'tulip,308.89473684210526,3.315878387540579
9,1019,mania',340.14666666666665,1.7649207669310272
9,1020,is,345.16,1.621137261390686
9,1021,still,309.7837837837838,2.115281105041504
9,1022,often,294.60526315789474,4.747021675109863
9,1023,used,302.9736842105263,0.12557506561279297
9,1024,metaphorically,335.93506493506493,9.414790366194211
9,1025,to,349.36486486486484,2.443042039871216
9,1026,refer,315.1578947368421,2.2257590293884277
9,1027,to,292.4078947368421,0.023342810571193695
9,1028,any,286.2133333333333,3.584439754486084
9,1029,large,314.1818181818182,4.932281494140625
9,1030,economic,320.23376623376623,4.5583906173706055
9,1031,"bubble,",315.3766233766234,3.882080078125
9,1032,when,390.1012658227848,5.0779571533203125
9,1033,asset,307.12820512820514,11.226766586303711
9,1034,prices,328.0657894736842,0.2682705223560333
9,1035,deviate,342.6623376623377,9.396569721400738
9,1036,from,367.32911392405066,0.2677329182624817
9,1037,intrinsic,397.3766233766234,9.200414657592773
9,1038,values.,516.5064935064935,2.5500025749206543
10,2,"syndrome,",522.8181818181819,5.2313878536224365
10,3,a,464.75,1.8246370553970337
10,4,neurological,447.6623376623377,3.4214391708374023
10,5,disorder,427.23376623376623,0.8882673978805542
10,6,characterized,463.63513513513516,2.386300563812256
10,7,by,394.92105263157896,0.009126848541200161
10,8,"repetitive,",421.44736842105266,8.00002646446228
10,9,involuntary,437.7027027027027,3.3883416652679443
10,10,"movements,",427.4657534246575,3.006490409374237
10,11,was,487.68918918918916,6.007336616516113
10,12,named,359.63513513513516,5.394382476806641
10,13,for,365.6216216216216,2.0402190685272217
10,14,Dr.,337.97222222222223,5.484044106677175
10,15,Georges,427.125,6.92180922627449
10,16,Gilles,473.7638888888889,9.190692782402039
10,17,de,470.25,3.3805267810821533
10,18,la,413.44444444444446,2.172827959060669
10,19,"Tourette,",486.38028169014086,4.382846069987863
10,20,the,440.8082191780822,1.8343075513839722
10,21,pioneering,432.1621621621622,5.773627281188965
10,22,French,393.5890410958904,1.76424241065979
10,23,neurologist,398.6666666666667,1.113427517004311
10,24,who,414.40845070422534,0.5389595031738281
10,25,first,381.1,2.2710299491882324
10,26,described,371.43055555555554,1.9337406158447266
10,27,the,387.6986301369863,0.993617057800293
10,28,condition,383.027397260274,1.1652969121932983
10,29,in,346.3918918918919,0.48045778274536133
10,30,an,335.54794520547944,6.5691070556640625
10,31,eighty-six-year-old,687.3661971830986,16.468128978274763
10,32,French,596.4444444444445,4.0731892585754395
10,33,noblewoman.,694.7916666666666,12.577719688415527
10,34,It,559.6849315068494,3.40869140625
10,35,is,390.6164383561644,1.0894241333007812
10,36,almost,379.7027027027027,6.190728187561035
10,37,always,407.36,3.024482250213623
10,38,in,410.8082191780822,5.9405412673950195
10,39,childhood,356.72972972972974,5.028882026672363
10,40,that,370.06756756756755,1.9045559167861938
10,41,the,341.8082191780822,1.9635400772094727
10,42,early,372.71232876712327,7.628803253173828
10,43,symptoms,456.4109589041096,0.6608642935752869
10,44,of,349.55405405405406,0.7093954682350159
10,45,Tourette's,337.64383561643837,0.1144399072509259
10,46,are,339.1232876712329,1.4268391132354736
10,47,first,365.375,3.897376537322998
10,48,"noticed,",354.43835616438355,3.111668348312378
10,49,with,350.8904109589041,3.7604753971099854
10,50,the,357.958904109589,1.7253787517547607
10,51,average,377.16438356164383,6.078299522399902
10,52,onset,375.38028169014086,4.222066402435303
10,53,between,374.875,4.679815292358398
10,54,the,338.02777777777777,2.0310606956481934
10,55,ages,331.36986301369865,0.6270580291748047
10,56,of,375.027397260274,0.0028373245149850845
10,57,seven,382.7671232876712,3.062896490097046
10,58,and,373.3424657534247,0.12412600219249725
10,59,ten,374.6111111111111,2.07896089553833
10,60,years.,381.72222222222223,2.953169286251068
10,61,It,431.2739726027397,3.200868606567383
10,62,is,357.6575342465753,0.526765763759613
10,63,estimated,365.43835616438355,4.246804237365723
10,64,that,355.8904109589041,0.05989103391766548
10,65,two,366.35135135135135,5.176759719848633
10,66,hundred,354.9166666666667,3.256364345550537
10,67,thousand,366.5416666666667,1.3383790254592896
10,68,Americans,422.056338028169,2.996476173400879
10,69,have,432.93150684931504,1.6261858940124512
10,70,the,397.5068493150685,1.7024714946746826
10,71,most,369.6164383561644,7.999209403991699
10,72,severe,352.16901408450707,0.7744166851043701
10,73,form,398.8888888888889,0.8591123819351196
10,74,of,358.71232876712327,0.05448829382658005
10,75,"Tourette's,",375.2191780821918,1.6211208985332632
10,76,and,360.47945205479454,1.209107756614685
10,77,as,341.84722222222223,4.405272483825684
10,78,many,379.4246575342466,1.6978867053985596
10,79,as,340.0135135135135,0.015037980861961842
10,80,one,330.7027027027027,2.124227523803711
10,81,in,327.47297297297297,1.493276596069336
10,82,a,368.3150684931507,5.039734363555908
10,83,hundred,375.4054054054054,1.3107833862304688
10,84,people,413.0405405405405,3.252237319946289
10,85,exhibit,415.8243243243243,7.328875541687012
10,86,milder,349.0,7.893545627593994
10,87,and,442.4189189189189,3.9943716526031494
10,88,less,364.8378378378378,0.8755422830581665
10,89,complex,356.31081081081084,6.06192684173584
10,90,symptoms,365.97297297297297,0.73191237449646
10,91,that,365.2328767123288,4.385240077972412
10,92,include,392.8918918918919,4.648288726806641
10,93,chronic,365.14864864864865,6.617461204528809
10,94,motor,360.36486486486484,5.311499118804932
10,95,and,383.22972972972974,1.8541674613952637
10,96,vocal,407.72972972972974,5.544614791870117
10,97,tics,373.7260273972603,3.58184964209795
10,98,or,427.54794520547944,3.9581081867218018
10,99,transient,449.56756756756755,8.253095626831055
10,100,tics,372.4109589041096,3.3924873769283295
10,101,of,409.72972972972974,3.2628986835479736
10,102,childhood.,445.0821917808219,9.891271352767944
10,103,For,433.5138888888889,5.248488903045654
10,104,the,361.8783783783784,2.3176820278167725
10,105,majority,396.81081081081084,2.862987518310547
10,106,of,355.64864864864865,0.07036842405796051
10,107,people,367.94594594594594,1.5734155178070068
10,108,diagnosed,383.24657534246575,2.801081657409668
10,109,with,380.7808219178082,0.10437613725662231
10,110,the,339.2739726027397,3.1110763549804688
10,111,"disorder,",399.7945205479452,1.2131885141134262
10,112,Tourette's,385.7945205479452,2.5500945677777054
10,113,is,387.05479452054794,1.2869904041290283
10,114,not,358.47945205479454,2.3767483234405518
10,115,a,375.5068493150685,1.8467216491699219
10,116,chronic,351.8243243243243,4.786566734313965
10,117,condition,404.013698630137,1.570273756980896
10,118,with,401.3013698630137,4.991657257080078
10,119,symptoms,373.88,3.07340145111084
10,120,lasting,372.4594594594595,1.693982720375061
10,121,a,349.2432432432432,2.4073004722595215
10,122,lifetime.,371.77027027027026,2.490215986967087
10,123,Rather,399.8918918918919,4.392762660980225
10,124,it,341.5405405405405,3.569873332977295
10,125,is,319.36486486486484,0.289571076631546
10,126,a,348.13698630136986,0.6231371760368347
10,127,condition,378.1111111111111,3.6705405712127686
10,128,whose,348.3013698630137,5.236084938049316
10,129,severity,349.83561643835617,3.7098329067230225
10,130,peaks,368.18918918918916,6.3314104080200195
10,131,in,334.3783783783784,2.3219499588012695
10,132,the,342.3783783783784,1.6354305744171143
10,133,early,333.0945945945946,1.784416913986206
10,134,"teens,",322.7027027027027,5.589832782745361
10,135,with,358.3013698630137,3.10833740234375
10,136,improvement,393.67123287671234,9.192058563232422
10,137,occurring,369.9054054054054,3.5529062747955322
10,138,in,396.3783783783784,1.8201074600219727
10,139,the,318.0405405405405,1.6091015338897705
10,140,late,315.35135135135135,1.258920431137085
10,141,teens,328.1917808219178,0.6783517003059387
10,142,and,332.2328767123288,1.0180697441101074
10,143,continuing,324.31081081081084,6.10853385925293
10,144,into,346.22972972972974,2.7255148887634277
10,145,adulthood.,358.70666666666665,0.6816265732049942
10,146,"However,",375.5,4.44742026925087
10,147,approximately,363.0810810810811,7.154130935668945
10,148,ten,391.45205479452056,3.905432939529419
10,149,percent,388.3835616438356,0.7596892714500427
10,150,of,350.6027397260274,0.08738494664430618
10,151,those,339.5135135135135,2.4662485122680664
10,152,affected,355.4246575342466,4.781505584716797
10,153,have,340.8767123287671,2.3577795028686523
10,154,a,327.1095890410959,2.1198253631591797
10,155,progressive,340.375,5.057370185852051
10,156,or,356.5890410958904,2.7021543979644775
10,157,disabling,345.5753424657534,3.7289934158325195
10,158,course,357.75342465753425,7.40224552154541
10,159,that,370.2,2.724595546722412
10,160,lasts,355.97297297297297,2.10742449760437
10,161,into,333.2027027027027,4.001230239868164
10,162,adulthood.,390.0,0.779949963092804
10,163,It,360.3424657534247,3.756027936935425
10,164,is,335.0,0.3202560245990753
10,165,not,315.8378378378378,2.0264856815338135
10,166,uncommon,326.5810810810811,1.115362524986267
10,167,for,335.18918918918916,0.38949283957481384
10,168,symptoms,352.6027397260274,4.224559783935547
10,169,to,348.63013698630135,0.4268820583820343
10,170,be,341.958904109589,2.3596527576446533
10,171,present,369.05479452054794,3.2962470054626465
10,172,for,332.85135135135135,1.5996133089065552
10,173,an,347.80281690140845,4.331118583679199
10,174,extended,346.2972972972973,2.3020341396331787
10,175,period,345.5753424657534,0.11220323294401169
10,176,of,318.05555555555554,0.22828540205955505
10,177,time,312.7837837837838,0.003577382303774357
10,178,before,322.1081081081081,3.0331859588623047
10,179,a,326.7432432432432,2.9426918029785156
10,180,formal,332.1232876712329,8.689859390258789
10,181,diagnosis,336.6575342465753,0.03921414166688919
10,182,of,326.9594594594595,1.9616739749908447
10,183,Tourette's,340.2432432432432,0.6091463419725187
10,184,is,364.52702702702703,1.3187808990478516
10,185,obtained.,360.27027027027026,5.411895215511322
10,186,The,368.3150684931507,2.3394455909729004
10,187,reasons,348.05405405405406,7.115118026733398
10,188,for,327.56164383561645,0.21175599098205566
10,189,this,340.8783783783784,1.068176507949829
10,190,are,356.56944444444446,1.5368952751159668
10,191,many,369.77027027027026,3.856750726699829
10,192,and,320.6164383561644,1.8751364946365356
10,193,may,336.041095890411,6.284976005554199
10,194,include,406.2739726027397,0.995842456817627
10,195,the,343.1756756756757,2.3458945751190186
10,196,fact,340.8493150684931,2.637101411819458
10,197,that,323.46666666666664,0.006360051687806845
10,198,for,314.97333333333336,6.490642547607422
10,199,families,338.958904109589,6.568733215332031
10,200,and,331.73972602739724,3.1436853408813477
10,201,physicians,351.81081081081084,4.545266628265381
10,202,unfamiliar,352.7027027027027,5.361908912658691
10,203,with,349.4583333333333,0.005217862781137228
10,204,"Tourette's,",348.64383561643837,1.1170453639642801
10,205,mild,376.32876712328766,7.723122596740723
10,206,and,339.44594594594594,3.9934825897216797
10,207,even,351.3783783783784,5.275800704956055
10,208,moderate,352.90410958904107,2.4951226711273193
10,209,tic,330.13698630136986,8.769490957260132
10,210,symptoms,333.2972972972973,1.3325079679489136
10,211,may,346.3150684931507,1.7421971559524536
10,212,be,335.2432432432432,1.0892937183380127
10,213,considered,324.94520547945206,4.334085464477539
10,214,"inconsequential,",431.35135135135135,10.556093855586369
10,215,part,438.94444444444446,9.792296409606934
10,216,of,360.1232876712329,0.02182641625404358
10,217,a,335.1111111111111,1.211849570274353
10,218,developmental,397.85135135135135,5.094832420349121
10,219,"phase,",393.31081081081084,6.378143787384033
10,220,or,339.36486486486484,0.4753594398498535
10,221,the,350.5416666666667,2.9442336559295654
10,222,result,327.63513513513516,1.7851171493530273
10,223,of,312.2837837837838,0.006386821623891592
10,224,another,313.1095890410959,6.427603721618652
10,225,condition.,382.52054794520546,4.2148860692977905
10,226,For,372.7945205479452,3.511392116546631
10,227,"example,",347.63013698630135,1.9256239794194698
10,228,parents,331.7916666666667,4.595779895782471
10,229,may,319.2191780821918,0.9791338443756104
10,230,think,350.86301369863014,4.48155403137207
10,231,that,314.93055555555554,0.8434010744094849
10,232,eye,318.77777777777777,11.074426651000977
10,233,blinking,333.0,5.812047004699707
10,234,is,358.0416666666667,1.400452733039856
10,235,related,336.7323943661972,4.473733425140381
10,236,to,313.1388888888889,0.007278828416019678
10,237,vision,334.8888888888889,7.9190545082092285
10,238,problems,319.0138888888889,1.4242141246795654
10,239,or,333.45205479452056,2.090928792953491
10,240,that,323.0138888888889,1.4653249979019165
10,241,sniffing,319.986301369863,10.846504867076874
10,242,is,374.59722222222223,1.9614520072937012
10,243,related,343.27777777777777,1.4679499864578247
10,244,to,323.55555555555554,0.01523700449615717
10,245,seasonal,384.75,8.877484321594238
10,246,allergies.,345.4492753623188,1.7338142395019531
10,247,There,403.01408450704224,4.921564102172852
10,248,are,336.61971830985914,1.0433895587921143
10,249,many,321.8888888888889,2.0288450717926025
10,250,patients,354.7323943661972,7.3352460861206055
10,251,who,346.4788732394366,0.8526378273963928
10,252,are,319.07042253521126,2.2115190029144287
10,253,self-diagnosed,378.55555555555554,7.898258358240128
10,254,after,378.7323943661972,7.410789489746094
10,255,"they,",349.27777777777777,11.635154247283936
10,256,their,374.1666666666667,2.992818832397461
10,257,"parents,",380.8169014084507,1.7757143378257751
10,258,other,365.958904109589,6.778844356536865
10,259,"relatives,",355.24657534246575,2.5449530631303787
10,260,or,349.9189189189189,0.5227823257446289
10,261,friends,322.31081081081084,1.6034122705459595
10,262,read,324.47945205479454,8.611480712890625
10,263,or,316.09589041095893,2.3465051651000977
10,264,hear,315.43835616438355,1.5111956596374512
10,265,about,302.6621621621622,1.3437589406967163
10,266,Tourette's,335.6575342465753,1.2616499920841306
10,267,from,331.93150684931504,5.1953911781311035
10,268,others.,344.47222222222223,4.397868633270264
10,269,Tics,361.8918918918919,9.658812284469604
10,270,are,343.3835616438356,2.4454197883605957
10,271,classified,344.6756756756757,6.849339485168457
10,272,as,347.6111111111111,0.868378758430481
10,273,either,324.0,3.649416923522949
10,274,simple,308.0,5.386338710784912
10,275,or,357.94520547945206,0.8647236824035645
10,276,complex.,327.041095890411,1.9482599794864655
10,277,Simple,365.958904109589,3.7151238918304443
10,278,motor,356.24657534246575,9.44193172454834
10,279,tics,370.16438356164383,0.77529077231884
10,280,are,330.3835616438356,1.4928630590438843
10,281,"sudden,",331.7361111111111,8.498008608818054
10,282,"brief,",400.1506849315069,5.92459911108017
10,283,repetitive,347.55555555555554,5.208004951477051
10,284,movements,384.83561643835617,0.5325219631195068
10,285,that,352.43835616438355,1.1050164699554443
10,286,involve,326.875,4.677582740783691
10,287,a,333.68918918918916,2.4682958126068115
10,288,limited,340.09589041095893,5.296914100646973
10,289,number,338.63013698630135,1.3823285102844238
10,290,of,316.6164383561644,0.029473818838596344
10,291,muscle,328.17808219178085,4.291250228881836
10,292,groups.,355.5753424657534,4.181807279586792
10,293,Some,347.1917808219178,5.947498321533203
10,294,of,317.59722222222223,2.13806414604187
10,295,the,313.93055555555554,0.8291970491409302
10,296,more,326.2676056338028,2.454195976257324
10,297,common,312.40277777777777,1.8569897413253784
10,298,simple,313.31944444444446,4.375183582305908
10,299,tics,342.8082191780822,0.8146361410617828
10,300,include,308.18055555555554,0.43565329909324646
10,301,eye,358.875,6.206921577453613
10,302,"blinking,",367.7042253521127,2.2369540631771088
10,303,facial,352.6575342465753,5.317819595336914
10,304,"grimacing,",397.8888888888889,9.714119952172041
10,305,shoulder,472.94444444444446,7.077381134033203
10,306,"shrugging,",465.68055555555554,5.283204379666131
10,307,and,406.55555555555554,1.4287045001983643
10,308,head,353.90277777777777,5.009822845458984
10,309,or,363.68055555555554,6.1545000076293945
10,310,shoulder,364.22222222222223,3.181875705718994
10,311,jerking.,374.2112676056338,3.641269586980343
10,312,Simple,372.5,4.762622833251953
10,313,"vocalizations,",476.05555555555554,14.245754599571228
10,314,which,382.34722222222223,3.620041847229004
10,315,motor,373.28169014084506,12.115995407104492
10,316,tics,389.3888888888889,0.25479087233543396
10,317,typically,366.72222222222223,3.4451403617858887
10,318,"precede,",376.40277777777777,6.403294559393544
10,319,might,510.0833333333333,6.585890769958496
10,320,include,416.4246575342466,1.3136959075927734
10,321,repetitive,402.83561643835617,6.206185340881348
10,322,"throat-clearing,",484.8169014084507,14.818257257342339
10,323,"sniffing,",523.8356164383562,6.248076111078262
10,324,or,402.27777777777777,1.6067655086517334
10,325,grunting,375.83561643835617,6.788052408955991
10,326,sounds.,400.6849315068493,4.807327032089233
10,327,Complex,431.63013698630135,1.5484533309936523
10,328,tics,395.4246575342466,1.404039740562439
10,329,are,375.22222222222223,2.0708422660827637
10,330,"distinct,",366.40277777777777,8.999640703201294
10,331,coordinated,404.76056338028167,8.922929763793945
10,332,patterns,394.7323943661972,6.757049083709717
10,333,of,353.8169014084507,0.48780304193496704
10,334,movement,343.25,1.495595097541809
10,335,that,351.2328767123288,0.8040993213653564
10,336,involve,321.2054794520548,2.5370678901672363
10,337,several,327.22222222222223,3.364854097366333
10,338,muscle,350.5,2.2631731033325195
10,339,groups.,347.35616438356163,0.951937647536397
10,340,Complex,345.5068493150685,3.5313665866851807
10,341,motor,344.05555555555554,3.559752941131592
10,342,tics,329.52054794520546,0.13246100954711437
10,343,might,345.5,4.942558288574219
10,344,include,327.5774647887324,0.8329930305480957
10,345,facial,320.67605633802816,5.074118614196777
10,346,grimacing,352.6478873239437,2.0059811770915985
10,347,combined,394.81944444444446,10.047886848449707
10,348,with,337.013698630137,0.0036680102348327637
10,349,a,315.63013698630135,2.43524432182312
10,350,head,326.8493150684931,5.397695541381836
10,351,twist,340.98591549295776,6.508603572845459
10,352,and,351.3521126760563,2.9909563064575195
10,353,a,364.9577464788732,1.468536138534546
10,354,shoulder,335.88732394366195,4.001661777496338
10,355,shrug.,349.69444444444446,4.806872487068176
10,356,Other,361.92957746478874,4.599236965179443
10,357,complex,344.8611111111111,1.6392593383789062
10,358,motor,338.80555555555554,1.410379409790039
10,359,tics,316.30555555555554,0.0646890364587307
10,360,may,317.7887323943662,2.0293052196502686
10,361,actually,323.43055555555554,9.22746753692627
10,362,appear,323.40277777777777,5.990583896636963
10,363,"purposeful,",320.4861111111111,15.586930446326733
10,364,including,401.28169014084506,3.7353410720825195
10,365,sniffing,371.625,5.391644116491079
10,366,or,368.84722222222223,1.8713715076446533
10,367,touching,352.8888888888889,8.256597518920898
10,368,"objects,",389.01408450704224,6.195631742477417
10,369,"hopping,",405.0422535211268,8.573392391204834
10,370,"jumping,",438.80281690140845,4.721283987164497
10,371,"bending,",437.5211267605634,5.781768769025803
10,372,or,400.3521126760563,1.5800007581710815
10,373,twisting.,383.40277777777777,3.8143516182899475
10,374,Complex,397.68055555555554,3.205965280532837
10,375,vocal,412.92957746478874,1.7794532775878906
10,376,tics,338.6619718309859,2.3536323104053736
10,377,include,354.77777777777777,2.525301218032837
10,378,words,349.15492957746477,6.820749282836914
10,379,or,341.2112676056338,2.1131954193115234
10,380,phrases.,341.16901408450707,5.112790584564209
10,381,Perhaps,352.7083333333333,7.289034843444824
10,382,the,344.2083333333333,0.5576133728027344
10,383,most,313.93055555555554,0.11022208631038666
10,384,dramatic,354.06944444444446,6.533907890319824
10,385,and,330.2083333333333,3.2349154949188232
10,386,disabling,323.69444444444446,5.470399856567383
10,387,tics,329.97222222222223,4.226387619972229
10,388,include,324.6666666666667,2.9665515422821045
10,389,motor,326.55555555555554,6.827714443206787
10,390,movements,348.0138888888889,4.126600742340088
10,391,that,355.5774647887324,0.9444726705551147
10,392,result,329.01408450704224,5.144952774047852
10,393,in,322.80281690140845,0.26180580258369446
10,394,self-harm,342.90140845070425,10.427264103665948
10,395,such,346.3380281690141,5.654128551483154
10,396,as,346.92957746478874,0.0027064383029937744
10,397,punching,336.1267605633803,6.5514678955078125
10,398,oneself,344.3380281690141,6.656508445739746
10,399,in,367.4225352112676,0.7001577019691467
10,400,the,320.8611111111111,0.010511745698750019
10,401,"face,",326.59722222222223,1.7019845247268677
10,402,or,328.80555555555554,2.677783727645874
10,403,vocal,321.5492957746479,5.726788520812988
10,404,tics,359.6901408450704,1.5962513461709023
10,405,including,334.2957746478873,6.147414207458496
10,406,"coprolalia,",485.4142857142857,22.05052226781845
10,407,which,504.9577464788732,3.5432980060577393
10,408,involves,439.68055555555554,3.406557321548462
10,409,uttering,375.30555555555554,5.411882868036628
10,410,swear,385.06944444444446,8.344218254089355
10,411,"words,",392.47222222222223,2.0473840832710266
10,412,or,388.80555555555554,2.4315953254699707
10,413,"echolalia,",600.0555555555555,8.745297819375992
10,414,which,430.47222222222223,0.10619277507066727
10,415,involves,358.2083333333333,0.5105623006820679
10,416,repeating,402.3888888888889,4.913403511047363
10,417,the,355.09722222222223,2.1431632041931152
10,418,words,346.2638888888889,2.188418388366699
10,419,or,358.95714285714286,3.2302207946777344
10,420,phrases,368.5211267605634,0.2034829556941986
10,421,of,366.50704225352115,3.328500986099243
10,422,others.,352.6901408450704,3.149543046951294
10,423,Tics,406.1142857142857,5.403621077537537
10,424,are,412.6901408450704,2.0341734886169434
10,425,often,341.0,2.190338134765625
10,426,worse,336.55555555555554,8.078648567199707
10,427,with,342.59722222222223,3.3726556301116943
10,428,excitement,347.8888888888889,11.362080574035645
10,429,or,361.30555555555554,1.7266606092453003
10,430,anxiety,368.83098591549293,3.811791181564331
10,431,and,340.02777777777777,3.6348657608032227
10,432,better,333.47222222222223,7.302586555480957
10,433,during,321.55555555555554,4.933486461639404
10,434,"calm,",316.6388888888889,9.212340831756592
10,435,focused,326.75,5.58277702331543
10,436,activities.,373.5833333333333,6.494603633880615
10,437,Certain,399.93055555555554,6.88447904586792
10,438,physical,359.77777777777777,4.789843559265137
10,439,experiences,385.09859154929575,8.086456298828125
10,440,can,366.125,2.711366653442383
10,441,trigger,323.625,3.511286735534668
10,442,or,344.05555555555554,4.488081932067871
10,443,worsen,345.1388888888889,2.4118664264678955
10,444,tics.,343.4507042253521,2.3467361107468605
10,445,For,320.84507042253523,2.053283929824829
10,446,"example,",339.28169014084506,0.14753156155347824
10,447,tight,387.85915492957747,8.562967300415039
10,448,collars,377.61971830985914,8.74648916348815
10,449,may,394.3521126760563,1.9903461933135986
10,450,trigger,351.19718309859155,3.3826117515563965
10,451,neck,349.19718309859155,9.97204303741455
10,452,"tics,",346.19444444444446,3.291483919136226
10,453,or,340.0416666666667,2.4643168449401855
10,454,hearing,342.9718309859155,7.647875785827637
10,455,another,327.0138888888889,9.806295394897461
10,456,person,357.80555555555554,0.2522629499435425
10,457,sniff,322.34722222222223,7.408227443695068
10,458,or,332.30555555555554,2.1912152767181396
10,459,throat-clear,345.5416666666667,17.529786586761475
10,460,may,339.6901408450704,3.786013603210449
10,461,trigger,336.40277777777777,1.8065942525863647
10,462,the,321.375,3.620896100997925
10,463,production,308.80555555555554,6.2514262199401855
10,464,of,302.2916666666667,0.01458823960274458
10,465,similar,311.1666666666667,7.498705863952637
10,466,sounds.,326.6666666666667,3.3970134258270264
10,467,Tics,349.7857142857143,3.380755126476288
10,468,come,366.6478873239437,6.665463924407959
10,469,and,330.14084507042253,2.4570066928863525
10,470,go,333.5633802816901,0.002112420741468668
10,471,over,320.8169014084507,2.853851318359375
10,472,"time,",319.40277777777777,1.1283561140298843
10,473,varying,314.09722222222223,6.693404197692871
10,474,in,326.6111111111111,1.0632367134094238
10,475,"type,",309.5,8.140384316444397
10,476,"frequency,",321.7916666666667,2.484634682536125
10,477,"location,",334.9583333333333,6.113539204001427
10,478,and,324.7857142857143,0.43953737616539
10,479,severity.,348.5492957746479,2.615011364221573
10,480,The,340.14084507042253,2.436375617980957
10,481,first,321.0571428571429,4.658855438232422
10,482,symptoms,328.84057971014494,2.028966188430786
10,483,Tourette's,362.75714285714287,14.11933994278661
10,484,patients,381.5774647887324,3.8578009605407715
10,485,experience,423.5633802816901,1.2843749523162842
10,486,usually,356.9154929577465,5.296294689178467
10,487,occur,348.14084507042253,2.1138477325439453
10,488,in,316.63380281690144,1.5110163688659668
10,489,the,311.9166666666667,1.0882904529571533
10,490,head,310.4428571428571,8.369939804077148
10,491,and,322.0857142857143,1.83505380153656
10,492,neck,330.27142857142854,0.9566924571990967
10,493,"area,",359.2,4.585524678230286
10,494,though,341.35714285714283,5.019279479980469
10,495,they,336.1830985915493,2.049069404602051
10,496,may,315.9718309859155,0.7594099044799805
10,497,progress,320.71830985915494,5.834366798400879
10,498,to,324.93055555555554,0.972266674041748
10,499,include,328.56944444444446,7.558046340942383
10,500,muscles,326.2638888888889,5.856418132781982
10,501,of,340.7887323943662,4.57088565826416
10,502,the,302.375,0.13168483972549438
10,503,trunk,298.5833333333333,4.576798439025879
10,504,and,355.59722222222223,1.0853619575500488
10,505,extremities.,347.7916666666667,5.133283086121082
10,506,The,391.6478873239437,2.062075614929199
10,507,symptoms,356.4507042253521,2.5712547302246094
10,508,of,349.14084507042253,1.0669870376586914
10,509,Tourette's,318.2957746478873,1.1782228698721156
10,510,are,315.34722222222223,1.5028060674667358
10,511,"involuntary,",340.15277777777777,9.070050120353699
10,512,but,332.40277777777777,4.076657295227051
10,513,there,334.27777777777777,3.335684299468994
10,514,are,317.3333333333333,0.8467035889625549
10,515,some,328.80555555555554,2.611082077026367
10,516,people,316.90277777777777,5.903027534484863
10,517,who,307.5492957746479,0.39975491166114807
10,518,can,298.2957746478873,3.275353193283081
10,519,sometimes,305.49295774647885,5.394139766693115
10,520,"suppress,",336.8611111111111,12.508531093597412
10,521,"camouflage,",357.34722222222223,11.923205249011517
10,522,or,363.9166666666667,0.2900693714618683
10,523,otherwise,362.40277777777777,3.99342679977417
10,524,manage,348.3333333333333,4.826290130615234
10,525,their,321.84722222222223,1.5757074356079102
10,526,tics,307.1666666666667,1.9442728981375694
10,527,in,321.98591549295776,3.1475415229797363
10,528,an,314.875,2.6341264247894287
10,529,effort,327.80555555555554,0.6574277877807617
10,530,to,300.625,0.012605867348611355
10,531,minimize,291.55555555555554,3.864163398742676
10,532,their,301.8732394366197,2.0492186546325684
10,533,impact,315.84722222222223,2.942892551422119
10,534,on,304.25,0.4393162131309509
10,535,functioning.,329.25714285714287,8.799409627914429
10,536,"However,",417.55555555555554,4.31739903986454
10,537,people,351.46478873239437,4.721307277679443
10,538,affected,331.84507042253523,5.800492286682129
10,539,by,328.0281690140845,0.4388810396194458
10,540,Tourette's,326.0571428571429,0.3090035672066733
10,541,often,338.83098591549293,1.7242071628570557
10,542,report,321.8732394366197,4.017271995544434
10,543,a,314.92957746478874,2.9331047534942627
10,544,substantial,326.95714285714286,7.122232437133789
10,545,buildup,320.65714285714284,7.284858226776123
10,546,in,319.4714285714286,2.3230960369110107
10,547,tension,360.9714285714286,5.529645919799805
10,548,when,324.72857142857146,4.243869781494141
10,549,suppressing,332.7857142857143,9.057788848876953
10,550,their,341.07246376811594,1.4059889316558838
10,551,tics,328.65714285714284,0.3155180364847183
10,552,to,303.3521126760563,5.0721354484558105
10,553,the,314.943661971831,2.1793346405029297
10,554,point,303.6714285714286,0.20208033919334412
10,555,where,299.95714285714286,1.394128680229187
10,556,they,306.5571428571429,0.5079479217529297
10,557,often,316.8985507246377,5.500119686126709
10,558,feel,317.51428571428573,1.8346997499465942
10,559,that,306.5211267605634,4.295743465423584
10,560,the,298.19718309859155,2.556718111038208
10,561,tic,289.07042253521126,2.9082091450691223
10,562,must,305.5492957746479,4.664742946624756
10,563,be,302.6714285714286,0.3810891807079315
10,564,expressed.,323.45714285714286,9.877155423164368
10,565,Tics,379.8550724637681,4.8145880699157715
10,566,in,376.37142857142857,4.306931972503662
10,567,response,327.0,4.234461784362793
10,568,to,304.6857142857143,0.04407365247607231
10,569,an,318.2142857142857,4.080020427703857
10,570,environmental,336.77464788732397,7.618208885192871
10,571,trigger,335.9428571428571,3.1282052993774414
10,572,can,323.2957746478873,2.4075655937194824
10,573,appear,320.2112676056338,6.282073497772217
10,574,to,363.83098591549293,1.6149318218231201
10,575,be,297.3285714285714,0.5866129398345947
10,576,voluntary,312.85714285714283,5.542234420776367
10,577,or,325.22857142857146,1.3577467203140259
10,578,"purposeful,",363.42857142857144,10.398091519251466
10,579,but,336.6521739130435,1.5921802520751953
10,580,are,331.77142857142854,3.503028392791748
10,581,not.,363.14285714285717,2.945277214050293
10,582,Many,328.7042253521127,4.143698692321777
10,583,people,330.6901408450704,1.1752040386199951
10,584,with,336.76056338028167,1.13911771774292
10,585,Tourette's,320.80281690140845,0.16450101876398548
10,586,experience,316.2112676056338,2.4995574951171875
10,587,additional,352.7042253521127,7.504979133605957
10,588,neurobehavioral,417.76056338028167,10.515994292218238
10,589,problems,480.8169014084507,3.048386335372925
10,590,that,372.85915492957747,1.9998881816864014
10,591,include,345.15492957746477,3.5759310722351074
10,592,"inattention,",379.7464788732394,8.663612388074398
10,593,hyperactivity,566.2394366197183,3.2985465824604034
10,594,and,438.38028169014086,3.850855588912964
10,595,impulsivity.,380.37142857142857,2.8423986062407494
10,596,People,415.22535211267603,3.9213051795959473
10,597,with,368.07042253521126,0.33484309911727905
10,598,Tourette's,342.8732394366197,0.18725519318832085
10,599,have,341.38028169014086,2.47556471824646
10,600,also,345.3098591549296,4.119300842285156
10,601,reported,335.0422535211268,1.464126467704773
10,602,problems,314.3098591549296,3.892279863357544
10,603,with,317.9718309859155,0.45605748891830444
10,604,depression,332.3380281690141,5.19249153137207
10,605,or,341.943661971831,3.2445361614227295
10,606,anxiety,338.6619718309859,0.9005411267280579
10,607,"disorders,",390.875,5.878360748291016
10,608,as,350.9718309859155,3.044086217880249
10,609,well,327.12857142857143,0.21558475494384766
10,610,as,329.8732394366197,0.011214320547878742
10,611,other,338.5774647887324,2.864614248275757
10,612,difficulties,344.4366197183099,6.028159141540527
10,613,Tourette's,357.4507042253521,13.161522997543216
10,614,syndrome,389.4788732394366,5.269474983215332
10,615,may,326.0281690140845,2.319042682647705
10,616,or,309.2957746478873,7.226199150085449
10,617,may,322.15492957746477,0.02082541584968567
10,618,not,312.7464788732394,0.003587716491892934
10,619,directly,322.27142857142854,7.474754810333252
10,620,cause.,327.7887323943662,2.297814577817917
10,621,Tourette's,389.80281690140845,3.631545194017235
10,622,is,407.28169014084506,1.678572654724121
10,623,a,396.9577464788732,1.6180739402770996
10,624,diagnosis,342.75714285714287,4.625673770904541
10,625,doctors,355.5857142857143,12.389963150024414
10,626,make,433.8732394366197,3.1427810192108154
10,627,after,373.2676056338028,4.944502353668213
10,628,verifying,320.056338028169,8.183101654052734
10,629,that,332.4366197183099,0.9405018091201782
10,630,the,310.92957746478874,1.3776887655258179
10,631,patient,317.4788732394366,1.7540106773376465
10,632,has,326.2,0.9940551519393921
10,633,had,300.77464788732397,2.9479446411132812
10,634,both,317.9154929577465,5.684563636779785
10,635,motor,318.4366197183099,7.159406661987305
10,636,and,323.92957746478874,0.3595931828022003
10,637,vocal,322.7,0.7233321070671082
10,638,tics,324.2857142857143,0.16414634883403778
10,639,for,321.74285714285713,1.5856999158859253
10,640,at,302.0289855072464,0.8825487494468689
10,641,least,315.24285714285713,0.0002628219372127205
10,642,one,298.98571428571427,2.3511054515838623
10,643,year.,332.6521739130435,0.8051934242248535
10,644,The,378.7391304347826,2.0321900844573975
10,645,existence,342.9130434782609,8.087900161743164
10,646,of,324.95522388059703,0.08287587016820908
10,647,other,309.92753623188406,4.532111167907715
10,648,neurological,328.75,1.7348570823669434
10,649,or,366.5652173913044,2.524564027786255
10,650,psychiatric,341.42028985507244,1.220840573310852
10,651,conditions,349.60869565217394,0.965775191783905
10,652,can,324.75714285714287,3.6905124187469482
10,653,also,314.98571428571427,1.8800565004348755
10,654,help,303.42028985507244,3.4298269748687744
10,655,doctors,297.9,3.1397759914398193
10,656,establish,313.3857142857143,4.789328575134277
10,657,the,314.1142857142857,2.0875234603881836
10,658,diagnosis,299.48571428571427,1.2961350679397583
10,659,of,305.536231884058,1.137935996055603
10,660,Tourette's,312.74285714285713,0.24902170116547495
10,661,is,355.51428571428573,9.787431716918945
10,662,the,333.25714285714287,4.374042510986328
10,663,correct,336.9154929577465,5.156539440155029
10,664,one.,357.3285714285714,1.5064677000045776
10,665,Knowledgeable,446.63380281690144,14.540086269378662
10,666,clinicians,409.5211267605634,3.4792416095733643
10,667,consulted,458.8169014084507,11.734770774841309
10,668,by,387.57142857142856,0.6972439885139465
10,669,patients,326.76056338028167,4.772227764129639
10,670,do,334.5652173913044,6.53237247467041
10,671,not,339.3380281690141,0.1399604082107544
10,672,often,320.7857142857143,3.2203118801116943
10,673,misdiagnose,321.2142857142857,9.439680353738368
10,674,common,423.7464788732394,8.232422828674316
10,675,tics.,359.19718309859155,3.2865289747714996
10,676,"However,",371.6478873239437,2.775394910015166
10,677,atypical,385.09859154929575,12.426811411511153
10,678,symptoms,412.1830985915493,2.7852096557617188
10,679,or,363.01408450704224,4.025945663452148
10,680,atypical,329.7323943661972,6.628543251659721
10,681,presentation,376.36619718309856,5.079830169677734
10,682,such,328.6056338028169,6.004766464233398
10,683,as,316.95714285714286,0.002424398437142372
10,684,onset,318.63380281690144,8.652642250061035
10,685,of,322.3521126760563,0.31770098209381104
10,686,symptoms,318.7464788732394,2.840038776397705
10,687,in,317.59154929577466,3.062722682952881
10,688,adulthood,308.01408450704224,4.151228904724121
10,689,may,344.71830985915494,1.6970362663269043
10,690,require,330.6478873239437,5.106719970703125
10,691,specialty,348.0281690140845,8.681856155395508
10,692,expertise,346.1830985915493,3.9826762676239014
10,693,for,340.8169014084507,3.623269557952881
10,694,diagnosis.,355.943661971831,2.216409921646118
10,695,There,354.6714285714286,4.464729309082031
10,696,are,327.9428571428571,0.5554131865501404
10,697,no,313.8857142857143,3.283445358276367
10,698,blood,339.7857142857143,9.194995880126953
10,699,or,317.07042253521126,3.003427743911743
10,700,laboratory,345.01408450704224,3.555645704269409
10,701,tests,311.9130434782609,0.08148003369569778
10,702,needed,318.74285714285713,5.229687690734863
10,703,for,318.34285714285716,1.314315915107727
10,704,diagnosis.,330.3142857142857,1.6013160943984985
10,705,"However,",358.45714285714286,3.4062894824892282
10,706,neuroimaging,418.84722222222223,8.536630485206842
10,707,"studies,",476.875,4.4581538438797
10,708,which,420.6388888888889,2.0618178844451904
10,709,include,378.1830985915493,3.8143646717071533
10,710,magnetic,353.1267605633803,4.130234718322754
10,711,resonance,366.9142857142857,0.003957655280828476
10,712,"imaging,",380.75,1.3618630841374397
10,713,computerized,405.15277777777777,8.039649784564972
10,714,"tomography,",450.34722222222223,1.5744130872189999
10,715,and,438.3611111111111,0.5614409446716309
10,716,"electroencephalograms,",569.8823529411765,8.88368314824038
10,717,as,432.9718309859155,6.342192649841309
10,718,well,353.9166666666667,0.012170459143817425
10,719,as,307.76056338028167,0.0011392300948500633
10,720,certain,318.2112676056338,6.848696708679199
10,721,lab,323.5633802816901,6.24342155456543
10,722,tests,339.4225352112676,0.41601845622062683
10,723,may,329.3521126760563,5.333668231964111
10,724,be,322.01408450704224,1.3483514785766602
10,725,used,316.01408450704224,1.8524935245513916
10,726,to,309.80281690140845,0.33769744634628296
10,727,rule,309.6478873239437,3.9539122581481934
10,728,out,301.04285714285714,0.015060409903526306
10,729,other,299.60869565217394,2.1319448947906494
10,730,conditions,315.3333333333333,2.543966293334961
10,731,that,330.07246376811594,1.9044896364212036
10,732,Tourette's,335.0144927536232,10.452125436160713
10,733,might,374.2463768115942,3.2445249557495117
10,734,be,319.3333333333333,1.4372618198394775
10,735,confused,316.92753623188406,6.401662349700928
10,736,with.,326.95652173913044,0.45568738877773285
10,737,In,341.25,3.2555267810821533
10,738,terms,329.5735294117647,6.470048904418945
10,739,of,302.3235294117647,0.00042215018766000867
10,740,the,284.7391304347826,2.269524574279785
10,741,role,283.7536231884058,5.030208587646484
10,742,of,281.95652173913044,0.6289999485015869
10,743,genes,302.4492753623188,6.288893222808838
10,744,in,314.2463768115942,0.8579477667808533
10,745,the,328.40579710144925,1.290663480758667
10,746,"disorder,",325.44117647058823,4.804926812648773
10,747,evidence,355.20588235294116,6.921240329742432
10,748,from,336.75,2.1597070693969727
10,749,twin,301.8695652173913,6.143731117248535
10,750,and,326.1159420289855,2.8855652809143066
10,751,family,332.71014492753625,3.3403115272521973
10,752,studies,320.3623188405797,0.17701464891433716
10,753,suggests,356.7391304347826,1.3814958333969116
10,754,that,314.59420289855075,0.08262763917446136
10,755,Tourette's,311.64179104477614,3.236318754934473
10,756,is,320.55882352941177,1.201312780380249
10,757,an,298.54411764705884,3.659449577331543
10,758,inherited,320.38235294117646,1.0262430906295776
10,759,disorder.,377.74626865671644,1.9604519605636597
10,760,Although,404.9850746268657,3.652158737182617
10,761,early,329.97058823529414,5.708538055419922
10,762,family,337.94117647058823,6.00786018371582
10,763,studies,357.20588235294116,2.117079257965088
10,764,suggested,318.0735294117647,3.785224437713623
10,765,an,319.8840579710145,4.14560079574585
10,766,autosomal,379.4347826086956,3.214354266412556
10,767,dominant,507.92753623188406,0.5099016427993774
10,768,mode,441.0869565217391,6.7563629150390625
10,769,of,364.8840579710145,0.3675837814807892
10,770,inheritance,371.3478260869565,0.3979679048061371
10,771,characterized,403.77941176470586,8.979570388793945
10,772,the,365.1304347826087,5.28225564956665
10,773,"condition,",374.6666666666667,4.574920356273651
10,774,more,368.3333333333333,4.507572174072266
10,775,recent,352.15942028985506,0.27977487444877625
10,776,studies,336.80882352941177,0.5867765545845032
10,777,discovered,331.27941176470586,7.099742412567139
10,778,the,353.7536231884058,3.935011863708496
10,779,pattern,345.0735294117647,5.935563087463379
10,780,of,322.9852941176471,0.9301965832710266
10,781,inheritance,346.0,1.5902481079101562
10,782,was,348.42424242424244,3.2216594219207764
10,783,much,340.04477611940297,3.520324468612671
10,784,more,358.8059701492537,0.40290576219558716
10,785,complex.,351.44776119402985,2.111371695995331
10,786,Although,362.55223880597015,3.913713216781616
10,787,there,364.7910447761194,2.8332762718200684
10,788,may,323.25373134328356,2.9696390628814697
10,789,be,324.94029850746267,0.13069786131381989
10,790,a,322.9852941176471,1.7989692687988281
10,791,few,319.5507246376812,3.5667638778686523
10,792,genes,302.38235294117646,2.0472521781921387
10,793,that,338.54411764705884,1.4622621536254883
10,794,have,317.4927536231884,3.3915224075317383
10,795,substantial,317.7971014492754,7.374050140380859
10,796,"effects,",331.8695652173913,5.316571950912476
10,797,it's,340.84057971014494,8.292866706848145
10,798,also,360.3333333333333,4.245737075805664
10,799,possible,301.3768115942029,0.6994909048080444
10,800,that,322.0,0.16514195501804352
10,801,many,325.60869565217394,3.0270097255706787
10,802,genes,311.5072463768116,1.8362493515014648
10,803,with,311.4492753623188,4.909879684448242
10,804,smaller,312.463768115942,6.263209342956543
10,805,effects,323.4927536231884,0.9542751908302307
10,806,and,335.2173913043478,4.368686676025391
10,807,environmental,327.3529411764706,7.896721839904785
10,808,factors,351.8695652173913,1.81714928150177
10,809,may,335.0882352941176,1.6197247505187988
10,810,play,318.94202898550725,2.462505340576172
10,811,a,311.39130434782606,0.4047015607357025
10,812,role,292.40579710144925,0.33840665221214294
10,813,in,297.8840579710145,0.8374396562576294
10,814,the,289.27536231884056,0.7183110117912292
10,815,development,301.3623188405797,1.6588709354400635
10,816,of,309.7536231884058,0.21284769475460052
10,817,Tourette's.,351.6617647058824,0.8565391449956223
10,818,Genetic,386.75,2.9137914180755615
10,819,studies,346.6521739130435,1.3085213899612427
10,820,also,327.71014492753625,3.0412802696228027
10,821,suggest,321.11764705882354,1.4014825820922852
10,822,that,306.1449275362319,0.25074708461761475
10,823,some,309.0285714285714,2.686194658279419
10,824,forms,304.4852941176471,5.382266998291016
10,825,of,294.6764705882353,0.021097995340824127
10,826,Attention,324.5,11.394984245300293
10,827,Deficit,351.6376811594203,0.20570147223770618
10,828,Hyperactivity,386.7826086956522,0.0925660072825849
10,829,Disorder,380.3970588235294,0.013743533752858639
10,830,and,385.2173913043478,3.605459213256836
10,831,Obsessive,327.2173913043478,5.670494066958781
10,832,Compulsive,329.82608695652175,0.9006221536546946
10,833,Disorder,341.0144927536232,0.029573125764727592
10,834,are,339.0289855072464,1.9672534465789795
10,835,genetically,314.54411764705884,4.399070739746094
10,836,related,316.9130434782609,1.8401587009429932
10,837,to,322.0869565217391,1.282392144203186
10,838,"Tourette's,",313.57971014492756,2.248229324351996
10,839,but,329.9710144927536,1.7108365297317505
10,840,there,314.15942028985506,2.56309175491333
10,841,is,291.9855072463768,0.7498009204864502
10,842,less,308.39130434782606,5.589303970336914
10,843,evidence,304.1159420289855,1.4154505729675293
10,844,for,294.3333333333333,1.8483750820159912
10,845,a,295.4492753623188,2.5124127864837646
10,846,genetic,308.7391304347826,2.3807249069213867
10,847,relationship,303.5507246376812,2.267489433288574
10,848,between,319.3188405797101,1.9009647369384766
10,849,Tourette's,319.40579710144925,0.46115119544265326
10,850,and,320.4492753623188,0.0727611854672432
10,851,other,301.40579710144925,3.4936013221740723
10,852,neurobehavioral,320.1304347826087,4.8470805149991065
10,853,problems,375.1304347826087,2.5465896129608154
10,854,that,321.4927536231884,3.7589783668518066
10,855,Tourette's,326.5652173913044,6.238276351141394
10,856,commonly,335.3333333333333,7.0492634773254395
10,857,co-occurs,364.01428571428573,8.130214801989496
10,858,with.,400.04285714285714,0.4519810602068901
10,859,An,363.1304347826087,5.307644844055176
10,860,important,322.3,2.469428777694702
10,861,role,365.6231884057971,3.2610604763031006
10,862,in,324.39130434782606,3.745464324951172
10,863,Tourette's,316.0,1.6220751143991947
10,864,gene,364.7857142857143,7.793242931365967
10,865,expression,347.6376811594203,3.5698025226593018
10,866,is,339.2857142857143,1.2924742698669434
10,867,played,324.0289855072464,4.934806823730469
10,868,by,309.0144927536232,0.08346932381391525
10,869,the,297.2173913043478,1.291900634765625
10,870,sex,313.07142857142856,6.7105712890625
10,871,of,307.0,1.0472956895828247
10,872,the,335.42857142857144,0.20143438875675201
10,873,person.,322.4507042253521,6.815446615219116
10,874,In,325.15492957746477,2.576571226119995
10,875,"particular,",309.9583333333333,5.368977203965187
10,876,males,302.5774647887324,3.943584680557251
10,877,affected,322.44444444444446,6.682764530181885
10,878,by,308.63380281690144,0.3506699502468109
10,879,the,299.55555555555554,3.643967628479004
10,880,gene,293.22222222222223,4.589558124542236
10,881,are,301.1267605633803,2.1955745220184326
10,882,more,306.1388888888889,0.5809752345085144
10,883,likely,289.84507042253523,0.36263105273246765
10,884,to,285.85915492957747,0.18114899098873138
10,885,have,293.056338028169,1.306889295578003
10,886,tics,301.67605633802816,6.6402746587991714
10,887,and,308.7536231884058,2.8629648685455322
10,888,females,315.92957746478874,1.5551865100860596
10,889,who,310.55555555555554,4.906712055206299
10,890,have,288.7638888888889,1.5366820096969604
10,891,a,294.0571428571429,3.0215559005737305
10,892,genetic,317.28169014084506,3.1500566005706787
10,893,predisposition,343.1142857142857,1.5724835083528887
10,894,are,350.34285714285716,3.087920665740967
10,895,more,317.50704225352115,0.3680573105812073
10,896,likely,298.2957746478873,0.23812204599380493
10,897,to,300.49295774647885,0.007321313489228487
10,898,have,300.12857142857143,0.4094300866127014
10,899,obsessive-compulsive,423.4428571428571,11.028946699341759
10,900,symptoms.,510.6212121212121,3.7974125146865845
10,901,Much,422.1159420289855,7.691776275634766
10,902,current,357.27142857142854,8.375764846801758
10,903,research,469.4714285714286,0.3176429569721222
10,904,is,372.7,1.7796682119369507
10,905,aimed,323.3142857142857,4.860189437866211
10,906,at,316.62857142857143,0.06198912858963013
10,907,better,305.34285714285716,5.750747203826904
10,908,understanding,337.34285714285716,0.06433571130037308
10,909,the,338.4428571428571,0.6275907754898071
10,910,genetic,311.74285714285713,1.6384713649749756
10,911,basis,320.72857142857146,1.68472421169281
10,912,and,304.6857142857143,3.4035568237304688
10,913,symptomology,357.84285714285716,13.004032611846924
10,914,of,394.4,0.12964624166488647
10,915,"Tourette's,",417.8857142857143,2.1502426176448353
10,916,as,359.76056338028167,3.168652057647705
10,917,well,315.0281690140845,0.09126691520214081
10,918,as,299.7,0.004033525940030813
10,919,its,309.9714285714286,2.9222564697265625
10,920,relationship,338.04347826086956,3.891643762588501
10,921,to,330.12857142857143,0.16680990159511566
10,922,related,316.9142857142857,6.128625392913818
10,923,disorders.,311.14285714285717,2.689568281173706
10,924,The,338.4492753623188,2.4012694358825684
10,925,hope,317.3098591549296,7.635612964630127
10,926,is,313.80281690140845,0.16851185262203217
10,927,that,321.3380281690141,0.13945254683494568
10,928,this,296.9577464788732,2.4601869583129883
10,929,research,313.0422535211268,1.1929614543914795
10,930,leads,316.14084507042253,6.522529125213623
10,931,to,313.09859154929575,0.04490099847316742
10,932,better,301.2957746478873,1.022239089012146
10,933,diagnostic,304.8550724637681,3.5761466026306152
10,934,tools,351.50704225352115,1.4731487035751343
10,935,and,323.5857142857143,1.1263865232467651
10,936,better,317.4142857142857,2.115510940551758
10,937,treatments,335.2676056338028,1.9843707084655762
10,938,for,359.8611111111111,0.48813343048095703
10,939,Tourette's.,506.72857142857146,0.9883967727655545
