item,zone,word,RT,log_RT,prev_word,prev2_word,surprisal
1,3,were,368.18390804597703,5.908582563460364,you,if,5.294978465282522
1,4,to,344.3181818181818,5.841566177019254,were,you,5.29162837839724
1,5,journey,354.63953488372096,5.871101878919248,to,were,5.697093486505405
1,6,to,349.6741573033708,5.857001741720005,journey,to,5.695414224985685
1,7,the,376.3707865168539,5.9305747918321705,to,journey,5.695414224985685
1,8,<UNK>,327.3103448275862,5.7909087875691805,the,to,3.6699514442284173
1,9,of,365.4943820224719,5.9012509084081515,<UNK>,the,3.0826339954089095
1,10,<UNK>,344.9310344827586,5.843344496998706,of,<UNK>,2.923444506170187
1,11,you,400.2696629213483,5.992138477269399,<UNK>,of,5.7698822763607245
1,12,would,372.59090909090907,5.920481059294715,you,<UNK>,5.71042701737487
1,13,come,350.37931034482756,5.859016311499407,would,you,5.698769932832657
1,14,to,319.08045977011494,5.765443295966157,come,would,5.695414224985685
1,15,a,355.9310344827586,5.874736988722199,to,come,5.695414224985685
1,16,valley,343.8588235294118,5.840231176420792,a,to,5.703782474656201
1,17,that,330.7325581395349,5.801310067332561,valley,a,5.695414224985685
1,18,is,346.77906976744185,5.848687890626747,that,valley,5.695414224985685
1,19,surrounded,360.28735632183907,5.886901925053485,is,that,5.697093486505405
1,20,by,337.04651162790697,5.820220937528954,surrounded,is,5.695414224985685
1,21,<UNK>,359.36470588235295,5.8843377666400745,by,surrounded,5.0056227522727115
1,22,as,395.43023255813955,5.979974368506869,<UNK>,by,5.7120812774708964
1,23,high,414.5977011494253,6.027308655243001,as,<UNK>,5.339139361068292
1,24,as,390.95348837209303,5.9685885973394965,high,as,5.29162837839724
1,25,<UNK>,434.03614457831327,6.073127813071125,as,high,5.697093486505405
1,26,it,457.3452380952381,6.125438550099417,<UNK>,as,5.723585101952381
1,27,is,399.92857142857144,5.991285959733634,it,<UNK>,5.033700567027251
1,28,in,325.2470588235294,5.784585074533986,is,it,5.70877001616724
1,29,this,318.2674418604651,5.7628920414674525,in,is,5.697093486505405
1,30,valley,341.22352941176473,5.832537774001167,this,in,5.698769932832657
1,31,where,375.8,5.929057086979365,valley,this,5.695414224985685
1,32,you,363.1294117647059,5.89475927697046,where,valley,5.695414224985685
1,33,would,365.4367816091954,5.901093300096284,you,where,5.695414224985685
1,34,find,323.5581395348837,5.779378818148314,would,you,5.698769932832657
1,35,the,305.32941176470587,5.721391232358167,find,would,5.695414224985685
1,36,city,355.85714285714283,5.874529366206867,the,find,5.695414224985685
1,37,of,320.2988505747126,5.7692544680189535,city,the,5.0072963928307415
1,38,bradford,418.4367816091954,6.036525819042662,of,city,5.293304824724492
1,39,where,440.5764705882353,6.088084029828845,bradford,of,5.7120812774708964
1,40,once,377.3095238095238,5.9330658686594395,where,bradford,5.695414224985685
1,41,a,353.95402298850576,5.869167026135281,once,where,5.695414224985685
1,42,<UNK>,397.41379310344826,5.984978037878375,a,once,5.695414224985685
1,43,<UNK>,455.13953488372096,6.120604042011407,<UNK>,a,2.8249715391611123
1,44,<UNK>,459.0238095238095,6.1291020813161,<UNK>,<UNK>,2.4908413853078146
1,45,that,539.3176470588236,6.290304723963995,<UNK>,<UNK>,4.213607983048918
1,46,<UNK>,538.5348837209302,6.288852273924401,that,<UNK>,3.905850146321065
1,47,and,432.3139534883721,6.069152068479476,<UNK>,that,5.728475087246572
1,48,<UNK>,407.40697674418607,6.009812628693167,and,<UNK>,2.645901983305224
1,49,<UNK>,414.81176470588235,6.027824838310647,<UNK>,and,3.7524409356036807
1,50,<UNK>,453.9647058823529,6.1180194546721705,<UNK>,<UNK>,2.4908413853078146
1,51,into,426.8720930232558,6.05648442040027,<UNK>,<UNK>,6.2285110035911835
1,52,<UNK>,392.5595238095238,5.972688178742201,into,<UNK>,5.316484670503486
1,53,for,384.2068965517241,5.951181200594287,<UNK>,into,5.698769932832657
1,54,the,385.4712643678161,5.954466649026131,for,<UNK>,4.490240219314114
1,55,<UNK>,462.6470588235294,6.136964471436162,the,for,4.618415412738112
1,56,mill,441.19767441860466,6.089493016328748,<UNK>,the,6.02707297457535
1,57,owners,476.8690476190476,6.167241919903777,mill,<UNK>,5.293304824724492
1,58,that,480.58620689655174,6.175006623133036,owners,mill,5.698769932832657
1,59,all,415.6896551724138,6.029938960628797,that,owners,5.695414224985685
1,60,mill,439.01149425287355,6.084525595540776,all,that,5.695414224985685
1,61,owners,429.5287356321839,6.062688644034206,mill,all,5.695414224985685
1,62,were,381.5287356321839,5.944186170645914,owners,mill,5.698769932832657
1,63,generally,387.19767441860466,5.958935349234087,were,owners,5.695414224985685
1,64,busy,378.5402298850575,5.936322354904553,generally,were,5.695414224985685
1,65,as,369.51190476190476,5.912182958440034,busy,generally,5.695414224985685
1,66,<UNK>,388.72093023255815,5.962861683160637,as,busy,5.695414224985685
1,67,and,359.7906976744186,5.885522467025506,<UNK>,as,5.318119993844216
1,68,quite,362.5057471264368,5.893040328310948,and,<UNK>,5.903998521326706
1,69,pleased,385.735632183908,5.955152244104777,quite,and,5.695414224985685
1,70,with,343.93023255813955,5.840438824473207,pleased,quite,5.695414224985685
1,71,themselves,370.37931034482756,5.914527643611573,with,pleased,5.697093486505405
1,72,for,371.47058823529414,5.9174696907283755,themselves,with,5.695414224985685
1,73,being,349.0581395348837,5.855238497253201,for,themselves,5.695414224985685
1,74,so,339.4651162790698,5.827371191437016,being,for,5.695414224985685
1,75,<UNK>,345.9647058823529,5.846336763734379,so,being,5.695414224985685
1,76,and,380.4767441860465,5.941425056343345,<UNK>,so,5.707110264748875
1,77,well,362.9529411764706,5.894273187228724,and,<UNK>,5.903998521326706
1,78,off,361.2738095238095,5.889636145971186,well,and,5.695414224985685
1,79,was,357.0919540229885,5.8779933229071615,off,well,5.695414224985685
1,80,known,353.41379310344826,5.867639588845089,was,off,5.695414224985685
1,81,to,357.0232558139535,5.877800921993973,known,was,5.695414224985685
1,82,the,344.45348837209303,5.841959069356462,to,known,5.697093486505405
1,83,<UNK>,381.80232558139534,5.944903002371565,the,to,3.6699514442284173
1,84,of,365.5,5.901266279189834,<UNK>,the,3.0826339954089095
1,85,bradford,388.9651162790698,5.9634896642222275,of,<UNK>,4.951592753462473
1,86,and,399.61176470588236,5.990493487546926,bradford,of,5.306616169362732
1,87,if,367.6309523809524,5.907079588190756,and,bradford,5.697093486505405
1,88,you,328.6860465116279,5.795103029241677,if,and,5.695414224985685
1,89,were,329.86206896551727,5.798674594253768,you,if,5.294978465282522
1,90,to,331.6046511627907,5.803943449588557,were,you,5.29162837839724
1,91,go,315.4186046511628,5.753900660269152,to,were,5.697093486505405
1,92,into,344.7931034482759,5.842944536989376,go,to,5.702114417555504
1,93,the,332.2823529411765,5.8059850681459215,into,go,5.695414224985685
1,94,city,326.1294117647059,5.78729427119891,the,into,5.71042701737487
1,95,to,319.5833333333333,5.767018064013357,city,the,5.700443573390687
1,96,<UNK>,319.0813953488372,5.765446228070966,to,city,5.697093486505405
1,97,the,330.9186046511628,5.801872437738582,<UNK>,to,3.9482807534507702
1,98,<UNK>,370.7325581395349,5.915480935109066,the,<UNK>,2.9055340056358423
1,99,city,393.69767441860466,5.975583290943687,<UNK>,the,6.02707297457535
1,100,hall,385.6279069767442,5.954872932982601,city,<UNK>,5.697093486505405
1,101,you,395.39080459770116,5.97987465451693,hall,city,5.695414224985685
1,102,would,334.367816091954,5.812241632834664,you,hall,5.695414224985685
1,103,see,327.7931034482759,5.7923826271874805,would,you,5.698769932832657
1,104,there,333.4418604651163,5.809468518719255,see,would,5.695414224985685
1,105,the,341.1162790697674,5.832223413497654,there,see,5.695414224985685
1,106,<UNK>,391.2298850574713,5.9692953285390375,the,there,5.697093486505405
1,107,of,381.24418604651163,5.9434400780912755,<UNK>,the,3.0826339954089095
1,108,the,333.6385542168675,5.8100582340013185,of,<UNK>,3.1937348359100985
1,109,city,341.7142857142857,5.833974966015209,the,of,5.8126368795682835
1,110,of,353.95348837209303,5.8691655157221145,city,the,5.0072963928307415
1,111,bradford,357.91764705882355,5.88030292378979,of,city,5.293304824724492
1,112,which,387.5882352941176,5.959943526857604,bradford,of,5.7120812774708964
1,113,those,374.15294117647056,5.924664647450891,which,bradford,5.695414224985685
1,114,<UNK>,356.63529411764705,5.876713674501286,those,which,5.695414224985685
1,115,mill,394.0919540229885,5.976584267912843,<UNK>,those,5.695414224985685
1,116,owners,350.5,5.859360706474645,mill,<UNK>,5.293304824724492
1,117,<UNK>,380.0581395348837,5.9403242397933225,owners,mill,5.698769932832657
1,118,to,360.83720930232556,5.888426912866295,<UNK>,owners,5.695414224985685
1,119,<UNK>,371.52941176470586,5.917628031319317,to,<UNK>,3.145934280925833
1,120,their,342.9529411764706,5.837593240017232,<UNK>,to,5.414617822244197
1,121,<UNK>,400.26190476190476,5.9921190947496905,their,<UNK>,5.012300573415317
1,122,it,419.1860465116279,6.0383148464595875,<UNK>,their,5.70877001616724
1,123,<UNK>,388.62068965517244,5.962603777047348,it,<UNK>,5.321382639479033
1,124,a,338.9080459770115,5.8257288197800206,<UNK>,it,5.7120812774708964
1,125,<UNK>,380.2906976744186,5.940935954141805,a,<UNK>,3.4420193761824103
1,126,looking,426.8837209302326,6.056511659821162,<UNK>,a,5.893024474294729
1,127,boars,407.5176470588235,6.010084237409079,looking,<UNK>,5.697093486505405
1,128,head,406.3837209302326,6.007297838695819,boars,looking,5.695414224985685
1,129,sitting,424.8390804597701,6.051710463012078,head,boars,5.698769932832657
1,130,on,356.8488372093023,5.8773122669258555,sitting,head,5.695414224985685
1,131,top,340.74418604651163,5.8311320082051425,on,sitting,5.695414224985685
1,132,of,349.91954022988506,5.857703242998368,top,on,5.695414224985685
1,133,a,350.04597701149424,5.858064508746094,of,top,5.698769932832657
1,134,well,343.13953488372096,5.838137171683478,a,of,5.707110264748875
1,135,which,375.66279069767444,5.928691907743483,well,a,5.695414224985685
1,136,<UNK>,423.2352941176471,6.047928275265252,which,well,5.695414224985685
1,137,<UNK>,425.9647058823529,6.054356492795691,<UNK>,which,4.794136285500715
1,138,at,375.2068965517241,5.927477597964538,<UNK>,<UNK>,5.535363823031238
1,139,first,353.5176470588235,5.8679334050491,at,<UNK>,5.72194977861165
1,140,but,343.74418604651163,5.839897735518511,first,at,5.293304824724492
1,141,the,331.1046511627907,5.802434492061875,but,first,5.293304824724492
1,142,<UNK>,358.85057471264366,5.882906075414839,the,but,5.70877001616724
1,143,for,340.8735632183908,5.831511626175985,<UNK>,the,5.110782242701195
1,144,this,341.3103448275862,5.832792165525357,for,<UNK>,5.337538079701318
1,145,<UNK>,340.5581395348837,5.830585858546565,this,for,5.697093486505405
1,146,is,348.88505747126436,5.8547425197355185,<UNK>,this,5.304961909266705
1,147,a,328.1511627906977,5.793474364386554,is,<UNK>,5.70877001616724
1,148,<UNK>,355.44827586206895,5.873379741785782,a,is,5.296649309447339
1,149,of,327.264367816092,5.790768308535445,<UNK>,a,3.6417326756882344
1,150,<UNK>,372.4117647058824,5.920000136487911,of,<UNK>,2.923444506170187
1,151,there,392.7241379310345,5.973107426287877,<UNK>,of,5.7698822763607245
1,152,was,364.28735632183907,5.897942996637146,there,<UNK>,5.294978465282522
1,153,once,331.6551724137931,5.804095791851134,was,there,5.705447753975262
1,154,<UNK>,342.8965517241379,5.837428803204073,once,was,5.695414224985685
1,155,has,455.28735632183907,6.1209287719613785,<UNK>,once,5.695414224985685
1,156,it,376.02298850574715,5.929650281163887,has,<UNK>,5.698769932832657
1,157,a,358.2068965517241,5.881110742796165,it,has,5.695414224985685
1,158,<UNK>,369.04597701149424,5.910921235225862,a,it,5.29162837839724
1,159,boar,369.9767441860465,5.913440150111677,<UNK>,a,5.893024474294729
1,160,which,375.0232558139535,5.9269880395514045,boar,<UNK>,5.695414224985685
1,161,<UNK>,363.3837209302326,5.895459358399051,which,boar,5.695414224985685
1,162,in,324.90588235294115,5.783535547629476,<UNK>,which,5.304961909266705
1,163,a,302.56976744186045,5.712311887049903,in,<UNK>,4.864452783918175
1,164,wood,363.19767441860466,5.894947243674163,a,in,5.707110264748875
1,165,<UNK>,357.7674418604651,5.879883171575053,wood,a,5.695414224985685
1,166,just,424.8735632183908,6.0517916263533476,<UNK>,wood,5.695414224985685
1,167,outside,342.74117647058824,5.836975574772147,just,<UNK>,5.698769932832657
1,168,the,323.74418604651163,5.779953654695005,outside,just,5.29162837839724
1,169,manor,350.36046511627904,5.858962524832194,the,outside,5.698769932832657
1,170,of,353.3333333333333,5.867411898438003,manor,the,5.71042701737487
1,171,bradford,407.0232558139535,6.008870323402214,of,manor,5.695414224985685
1,172,a,391.6162790697674,5.970282480450561,bradford,of,5.7120812774708964
1,173,<UNK>,365.5348837209302,5.901361715732558,a,bradford,5.695414224985685
1,174,of,345.7931034482759,5.84584062929171,<UNK>,a,3.6417326756882344
1,175,great,333.8045977011494,5.810555784952976,of,<UNK>,5.867883485336628
1,176,<UNK>,358.3103448275862,5.881399495866173,great,of,5.695414224985685
1,177,to,338.4651162790698,5.824421033213469,<UNK>,great,5.698769932832657
1,178,the,319.2093023255814,5.765847007775018,to,<UNK>,3.8741727812970486
1,179,<UNK>,308.9418604651163,5.733153105360017,the,to,3.6699514442284173
1,180,<UNK>,307.4470588235294,5.728302905996685,<UNK>,the,2.6426827112295754
1,181,the,336.04651162790697,5.817249577847016,<UNK>,<UNK>,3.455922281351402
1,182,boar,346.2352941176471,5.847118584737202,the,<UNK>,4.9849755473156785
1,183,was,342.5529411764706,5.836426218535156,boar,the,5.313205979041787
1,184,<UNK>,374.7142857142857,5.926163830811561,was,boar,5.29162837839724
1,185,<UNK>,374.5,5.925591802957274,<UNK>,was,4.075995423553904
1,186,to,347.4235294117647,5.850544581541538,<UNK>,<UNK>,4.213607983048918
1,187,the,320.5,5.7698822763607245,to,<UNK>,3.8741727812970486
1,188,<UNK>,332.1511627906977,5.805590174905055,the,to,3.6699514442284173
1,189,<UNK>,336.86046511627904,5.819668794509888,<UNK>,the,2.6426827112295754
1,190,and,329.51162790697674,5.797611642870664,<UNK>,<UNK>,3.487670979665982
1,191,<UNK>,341.6860465116279,5.833892322793243,and,<UNK>,2.645901983305224
1,192,the,359.86046511627904,5.885716359415837,<UNK>,and,4.445588116163626
1,193,<UNK>,397.1162790697674,5.98422913218429,the,<UNK>,2.9055340056358423
1,194,around,414.54761904761904,6.02718785108323,<UNK>,the,6.02707297457535
1,195,even,429.8048780487805,6.063331333722367,around,<UNK>,5.705447753975262
1,196,worse,385.1309523809524,5.953583412509052,even,around,5.695414224985685
1,197,however,364.8255813953488,5.899419380180578,worse,even,5.697093486505405
1,198,the,360.6511627906977,5.887911183097257,however,worse,5.695414224985685
1,199,boar,324.4186046511628,5.782034671555949,the,however,5.695414224985685
1,200,most,337.50588235294117,5.821582939354598,boar,the,5.718671087149952
1,201,liked,356.4767441860465,5.876269004026811,most,boar,5.695414224985685
1,202,to,343.0232558139535,5.837798246074404,liked,most,5.695414224985685
1,203,go,331.9651162790698,5.8050298919475125,to,liked,5.697093486505405
1,204,to,309.56470588235294,5.735167136129175,go,to,5.296649309447339
1,205,the,318.4186046511628,5.763366883956514,to,go,5.698769932832657
1,206,well,323.8953488372093,5.7804204662014085,the,to,5.749392985908253
1,207,that,349.56976744186045,5.856703162472931,well,the,5.293304824724492
1,208,was,338.2906976744186,5.823905578141147,that,well,5.697093486505405
1,209,in,324.5232558139535,5.782357200183161,was,that,5.7120812774708964
1,210,the,300.6511627906977,5.705950665067315,in,was,5.29162837839724
1,211,wood,311.7906976744186,5.742332121907999,the,in,5.389071729816501
1,212,and,356.7093023255814,5.8769211708741995,wood,the,5.294978465282522
1,213,<UNK>,338.35714285714283,5.824101973308493,and,wood,5.697093486505405
1,214,its,352.45882352941175,5.864933802746671,<UNK>,and,5.831882477283517
1,215,<UNK>,326.78823529411767,5.78931236262584,its,<UNK>,5.695414224985685
1,216,water,324.3764705882353,5.781904787515226,<UNK>,its,5.703782474656201
1,217,so,366.78823529411767,5.90478466596967,water,<UNK>,5.700443573390687
1,218,that,339.8139534883721,5.8283982722216106,so,water,5.698769932832657
1,219,the,313.45882352941175,5.747668007042754,that,so,5.294978465282522
1,220,people,301.56626506024094,5.708989776629222,the,that,5.340738082431989
1,221,of,331.0,5.802118375377063,people,the,4.61015772749913
1,222,bradford,313.91764705882355,5.749130680996027,of,people,4.785823685681349
1,223,had,318.9294117647059,5.764969798564407,bradford,of,5.7120812774708964
1,224,second,353.8720930232558,5.868935528698939,had,bradford,5.695414224985685
1,225,<UNK>,350.16470588235296,5.858403632026835,second,had,5.695414224985685
1,226,about,335.3837209302326,5.815275311926846,<UNK>,second,5.697093486505405
1,227,<UNK>,337.67816091954023,5.822093255236776,about,<UNK>,5.304961909266705
1,228,the,319.4418604651163,5.766575286883749,<UNK>,about,5.293304824724492
1,229,well,335.3139534883721,5.815067267543293,the,<UNK>,5.901266279189834
1,230,that,445.2093023255814,6.098544513894647,well,the,5.293304824724492
1,231,the,350.47058823529414,5.859276789217011,that,well,5.697093486505405
1,232,people,341.0,5.831882477283517,the,that,5.340738082431989
1,233,of,335.54651162790697,5.8157605805672175,people,the,4.61015772749913
1,234,bradford,319.5238095238095,5.7668317922423045,of,people,4.785823685681349
1,235,<UNK>,337.0813953488372,5.82032443041391,bradford,of,5.306616169362732
1,236,the,351.56470588235294,5.862393779322959,<UNK>,bradford,5.697093486505405
1,237,<UNK>,370.6588235294118,5.915282026375598,the,<UNK>,2.9055340056358423
1,238,of,358.1162790697674,5.880857735534851,<UNK>,the,3.0826339954089095
1,239,the,336.21176470588233,5.817741213538599,of,<UNK>,3.1937348359100985
1,240,<UNK>,333.70238095238096,5.810249520740507,the,of,3.2476875221067463
1,241,<UNK>,382.64285714285717,5.9471020662657015,<UNK>,the,2.6426827112295754
1,242,was,402.26190476190476,5.997103380865022,<UNK>,<UNK>,4.975748035095815
1,243,<UNK>,386.8333333333333,5.957993937046382,was,<UNK>,4.342180726126682
1,244,in,343.4651162790698,5.839085552732748,<UNK>,was,4.68213122712422
1,245,the,314.95348837209303,5.752424971961809,in,<UNK>,3.338396480423125
1,246,eyes,308.15294117647056,5.730596221988601,the,in,5.794536837924666
1,247,of,323.2906976744186,5.778551911272024,eyes,the,5.695414224985685
1,248,the,312.72093023255815,5.745311196130308,of,eyes,5.695414224985685
1,249,people,348.8255813953488,5.854572030501884,the,of,5.8126368795682835
1,250,of,325.2,5.784440377673656,people,the,4.61015772749913
1,251,the,305.2352941176471,5.721082935311523,of,people,5.702114417555504
1,252,<UNK>,380.4470588235294,5.9413470318094435,the,of,3.2476875221067463
1,253,<UNK>,415.66279069767444,6.029874332263579,<UNK>,the,2.6426827112295754
1,254,the,342.66279069767444,5.836746846089472,<UNK>,<UNK>,3.455922281351402
1,255,<UNK>,326.6860465116279,5.788999607292791,the,<UNK>,2.9055340056358423
1,256,<UNK>,341.36046511627904,5.832939001417716,<UNK>,the,2.6426827112295754
1,257,the,336.66279069767444,5.819081808321738,<UNK>,<UNK>,3.455922281351402
1,258,<UNK>,346.6279069767442,5.848251890418609,the,<UNK>,2.9055340056358423
1,259,of,320.8488372093023,5.770970100095528,<UNK>,the,3.0826339954089095
1,260,the,307.40697674418607,5.728172526826731,of,<UNK>,3.1937348359100985
1,261,<UNK>,328.0,5.793013608384144,the,of,3.2476875221067463
1,262,lord,325.3255813953488,5.784826469782868,<UNK>,the,6.02707297457535
1,263,of,326.48837209302326,5.788394334278389,lord,<UNK>,5.695414224985685
1,264,the,302.01162790697674,5.710465519636882,of,lord,4.603502128887395
1,265,manor,322.2906976744186,5.775453926085347,the,of,4.7140245909001735
1,266,who,317.5813953488372,5.760734148780714,manor,the,5.71042701737487
1,267,the,349.2674418604651,5.85583793779333,who,manor,5.695414224985685
1,268,people,327.36046511627904,5.791061903572,the,who,5.702114417555504
1,269,had,334.8941176470588,5.813814415140254,people,the,5.70877001616724
1,270,often,321.0348837209302,5.771549789253458,had,people,5.695414224985685
1,271,asked,326.1046511627907,5.787218345688929,often,had,5.695414224985685
1,272,for,317.8837209302326,5.761685658459091,asked,often,5.695414224985685
1,273,help,310.5348837209302,5.738296241990402,for,asked,5.695414224985685
1,274,the,334.95348837209303,5.813991681505487,help,for,5.695414224985685
1,275,lord,323.5813953488372,5.779450690790024,the,help,5.695414224985685
1,276,saw,311.0813953488372,5.740054599315067,lord,the,5.306616169362732
1,277,the,322.4418604651163,5.775922842356316,saw,lord,5.697093486505405
1,278,severity,334.83529411764704,5.81363875157067,the,saw,5.698769932832657
1,279,of,340.0352941176471,5.8290494184510875,severity,the,5.695414224985685
1,280,the,317.5764705882353,5.760718641578911,of,severity,5.695414224985685
1,281,problem,324.74117647058824,5.7830284849601545,the,of,5.8126368795682835
1,282,the,310.2,5.737217250742439,problem,the,5.698769932832657
1,283,people,330.5232558139535,5.800677022365229,the,problem,5.695414224985685
1,284,<UNK>,317.2674418604651,5.759745083366824,people,the,5.70877001616724
1,285,and,327.22093023255815,5.790635570386163,<UNK>,people,5.700443573390687
1,286,suggested,325.06976744186045,5.784039828343512,and,<UNK>,5.498533413218542
1,287,a,348.59302325581393,5.853905119276392,suggested,and,5.29162837839724
1,288,<UNK>,331.5348837209302,5.803733034017028,a,suggested,5.29162837839724
1,289,could,328.54117647058825,5.794662177011824,<UNK>,a,5.487559366186565
1,290,<UNK>,332.6,5.806940566758827,could,<UNK>,5.298317366548036
1,291,the,295.4642857142857,5.688547969014979,<UNK>,could,5.301645156640712
1,292,problem,308.2470588235294,5.7309016004694255,the,<UNK>,5.901266279189834
1,293,he,331.8705882352941,5.8047450984548705,problem,the,5.698769932832657
1,294,said,315.7529411764706,5.754960076077069,he,problem,5.695414224985685
1,295,that,313.47058823529414,5.747705538240567,said,he,5.697093486505405
1,296,<UNK>,306.61176470588236,5.725582337214535,that,said,5.705447753975262
1,297,could,338.47058823529414,5.824437200055277,<UNK>,that,5.728475087246572
1,298,kill,308.45348837209303,5.731571064951701,could,<UNK>,5.703782474656201
1,299,the,310.83720930232556,5.739269332377453,kill,could,5.695414224985685
1,300,boar,297.8235294117647,5.6965011279136935,the,kill,5.0056227522727115
1,301,and,303.6470588235294,5.7158660362223435,boar,the,5.313205979041787
1,302,<UNK>,286.7294117647059,5.658538954878068,and,boar,5.697093486505405
1,303,as,288.52941176470586,5.664797027943247,<UNK>,and,5.1387352967235715
1,304,proof,331.61176470588236,5.8039649012381895,as,<UNK>,5.744604469176456
1,305,its,340.7294117647059,5.831088648398231,proof,as,5.698769932832657
1,306,head,300.5529411764706,5.705623915417893,its,proof,5.695414224985685
1,307,to,300.0235294117647,5.703860902953171,head,its,5.695414224985685
1,308,the,294.4470588235294,5.685099220627937,to,head,5.695414224985685
1,309,manor,320.7647058823529,5.7707078508698455,the,to,5.056245805348308
1,310,house,316.90588235294115,5.758604828698601,manor,the,4.794136285500715
1,311,would,328.8809523809524,5.7956958384165915,house,manor,5.700443573390687
1,312,be,317.3333333333333,5.759952746123256,would,house,5.695414224985685
1,313,<UNK>,321.42857142857144,5.772775346143153,be,would,4.454347296253507
1,314,with,305.49411764705883,5.721930523588496,<UNK>,be,5.32463467486541
1,315,land,314.09411764705885,5.749692678725362,with,<UNK>,5.7477993600729755
1,316,and,328.32142857142856,5.793993093688551,land,with,5.695414224985685
1,317,fame,335.9761904761905,5.817040295774392,and,land,5.695414224985685
1,318,it,318.2261904761905,5.762762420738394,fame,and,5.695414224985685
1,319,was,329.32941176470587,5.797058501411815,it,fame,5.695414224985685
1,320,the,316.2705882352941,5.756598139062013,was,it,4.389808775115936
1,321,people,309.5301204819277,5.735055407201752,the,was,5.723585101952381
1,322,of,316.0722891566265,5.755970950578493,people,the,4.61015772749913
1,323,bradford,328.90361445783134,5.795764742668927,of,people,4.785823685681349
1,324,and,324.0,5.780743515792329,bradford,of,5.306616169362732
1,325,the,331.0352941176471,5.802224998446842,and,bradford,5.697093486505405
1,326,people,293.82142857142856,5.682972196993727,the,and,5.736572297479192
1,327,who,299.86746987951807,5.703340609980109,people,the,5.70877001616724
1,328,knew,332.90588235294115,5.807859814454728,who,people,5.698769932832657
1,329,them,340.2823529411765,5.829775722804526,knew,who,5.695414224985685
1,330,who,318.54651162790697,5.763768497719008,them,knew,5.695414224985685
1,331,<UNK>,361.98823529411766,5.891611712110141,who,them,5.695414224985685
1,332,at,347.77647058823527,5.851559947498941,<UNK>,who,5.700443573390687
1,333,this,325.1904761904762,5.784411091237667,at,<UNK>,5.72194977861165
1,334,<UNK>,367.22352941176473,5.905970734612183,this,at,5.29162837839724
1,335,but,365.70588235294116,5.9018294102131215,<UNK>,this,5.71042701737487
1,336,one,356.18823529411765,5.8754593419387415,but,<UNK>,5.730099782973574
1,337,question,349.3809523809524,5.8561628809905715,one,but,5.695414224985685
1,338,remained,381.2705882352941,5.94350932839221,question,one,5.695414224985685
1,339,who,383.3452380952381,5.948935988107583,remained,question,5.695414224985685
1,340,would,331.78823529411767,5.8044969199068595,who,remained,5.695414224985685
1,341,kill,317.91764705882355,5.76179237772813,would,who,5.695414224985685
1,342,the,317.4117647058824,5.76019987327143,kill,would,5.695414224985685
1,343,boar,295.1058823529412,5.687334215172595,the,kill,5.0056227522727115
1,344,by,324.3058823529412,5.781687151764068,boar,the,5.718671087149952
1,345,the,309.3529411764706,5.734482829533128,by,boar,5.695414224985685
1,346,<UNK>,331.38823529411764,5.803290604344572,the,by,4.230880695348377
1,347,reward,355.4823529411765,5.873475607901977,<UNK>,the,6.02707297457535
1,348,many,399.8,5.9909644220663,reward,<UNK>,5.695414224985685
1,349,felt,416.5529411764706,6.032013563196545,many,reward,5.695414224985685
1,350,<UNK>,368.1294117647059,5.9084345387542925,felt,many,5.695414224985685
1,351,but,354.0352941176471,5.869396609061279,<UNK>,felt,5.697093486505405
1,352,the,340.91764705882355,5.831640943890351,but,<UNK>,5.32463467486541
1,353,thought,354.75,5.871413316040152,the,but,5.70877001616724
1,354,of,305.20238095238096,5.720975100665524,thought,the,5.695414224985685
1,355,the,306.8588235294118,5.726387783609598,of,thought,5.695414224985685
1,356,boar,306.5952380952381,5.725528434990416,the,of,5.119489699008338
1,357,with,326.83529411764704,5.789456356290368,boar,the,5.718671087149952
1,358,its,320.88235294117646,5.771074554210955,with,boar,5.697093486505405
1,359,<UNK>,312.9404761904762,5.7460130005397705,its,with,5.695414224985685
1,360,<UNK>,312.6,5.744924417987376,<UNK>,its,5.703782474656201
1,361,and,328.23809523809524,5.793739245162229,<UNK>,<UNK>,3.487670979665982
1,362,face,316.23809523809524,5.756495395817291,and,<UNK>,5.903998521326706
1,363,like,306.5833333333333,5.725489605316774,face,and,5.695414224985685
1,364,<UNK>,326.8095238095238,5.789377505185212,like,face,5.695414224985685
1,365,soon,325.1058823529412,5.784150921126298,<UNK>,like,5.697093486505405
1,366,put,331.61176470588236,5.8039649012381895,soon,<UNK>,5.697093486505405
1,367,an,312.42857142857144,5.744375871621455,put,soon,5.695414224985685
1,368,end,293.29411764705884,5.681175920027287,an,put,5.697093486505405
1,369,to,292.32941176470587,5.677881288898152,end,an,5.695414224985685
1,370,their,285.8705882352941,5.655539219728171,to,end,5.695414224985685
1,371,<UNK>,341.81176470588235,5.834260189942512,their,to,5.695414224985685
1,372,however,400.89285714285717,5.993694202435251,<UNK>,their,5.70877001616724
1,373,there,374.7469879518072,5.926251099463568,however,<UNK>,5.700443573390687
1,374,was,343.42857142857144,5.838979146599785,there,however,5.695414224985685
1,375,one,316.0,5.755742213586912,was,there,5.705447753975262
1,376,huntsman,361.16470588235296,5.889334103264549,one,was,5.698769932832657
1,377,who,386.18823529411765,5.956324906801565,huntsman,one,5.695414224985685
1,378,was,322.11764705882354,5.774916842352123,who,huntsman,5.0072963928307415
1,379,still,297.6,5.6957503029589365,was,who,5.72194977861165
1,380,<UNK>,308.57142857142856,5.731953351622898,still,was,5.0056227522727115
1,381,behind,344.0357142857143,5.8407454725824195,<UNK>,still,5.702114417555504
1,382,the,312.75,5.745404149347021,behind,<UNK>,5.296649309447339
1,383,<UNK>,298.67857142857144,5.699367983206322,the,behind,5.697093486505405
1,384,who,318.2823529411765,5.762938891158822,<UNK>,the,5.333925794015404
1,385,decided,317.3764705882353,5.760088673612328,who,<UNK>,5.718671087149952
1,386,the,293.8452380952381,5.68305322770441,decided,who,5.695414224985685
1,387,prize,302.0,5.71042701737487,the,decided,5.698769932832657
1,388,was,304.9759036144578,5.720232768943627,prize,the,5.697093486505405
1,389,worth,300.2857142857143,5.704734402381583,was,prize,5.695414224985685
1,390,a,308.8333333333333,5.732801757057305,worth,was,5.695414224985685
1,391,<UNK>,305.3855421686747,5.721575051024357,a,worth,5.29162837839724
1,392,in,315.4938271604938,5.754139116529942,<UNK>,a,5.199877293734784
1,393,<UNK>,333.21176470588233,5.80877821791031,in,<UNK>,3.9889840465642745
1,394,of,294.2352941176471,5.6843797673813485,<UNK>,in,5.045036720813588
1,395,the,293.1707317073171,5.680755141384891,of,<UNK>,3.1937348359100985
1,396,boars,299.65060240963857,5.702617137279742,the,of,5.8126368795682835
1,397,<UNK>,325.6666666666667,5.785874363374673,boars,the,5.0106352940962555
1,398,the,362.34939759036143,5.892608933046282,<UNK>,boars,5.698769932832657
1,399,huntsman,383.9047619047619,5.950394505953688,the,<UNK>,5.208119098629888
1,400,discovered,353.32142857142856,5.867378205148019,huntsman,the,5.71042701737487
1,401,the,333.6470588235294,5.8100837241557475,discovered,huntsman,5.695414224985685
1,402,boar,337.8705882352941,5.8226629471241464,the,discovered,5.697093486505405
1,403,<UNK>,351.0238095238095,5.860854054566452,boar,the,5.313205979041787
1,404,to,337.8292682926829,5.822540644470791,<UNK>,boar,5.697093486505405
1,405,come,323.4404761904762,5.779015097599785,to,<UNK>,5.414617822244197
1,406,out,305.8433734939759,5.723073119584897,come,to,5.700443573390687
1,407,in,302.32142857142856,5.711490784392032,out,come,5.695414224985685
1,408,the,293.04761904761904,5.680335118158564,in,out,5.697093486505405
1,409,<UNK>,299.43529411764706,5.701898347862366,the,in,3.4431615807611875
1,410,of,297.51190476190476,5.695454240191468,<UNK>,the,3.0826339954089095
1,411,the,284.26190476190476,5.64989601306202,of,<UNK>,3.1937348359100985
1,412,day,305.6823529411765,5.722546500508838,the,of,5.8126368795682835
1,413,so,349.2261904761905,5.8557198225166465,day,the,5.697093486505405
1,414,he,321.1309523809524,5.771848991283022,so,day,5.29162837839724
1,415,went,321.925,5.774318599159847,he,so,5.700443573390687
1,416,to,274.0,5.6131281063880705,went,he,5.697093486505405
1,417,the,280.9166666666667,5.63805806544606,to,went,5.695414224985685
1,418,wood,292.4404761904762,5.678261145759435,the,to,5.749392985908253
1,419,by,303.3333333333333,5.714832310842786,wood,the,5.700443573390687
1,420,the,300.67857142857144,5.70604182516246,by,wood,5.695414224985685
1,421,well,291.9529411764706,5.676592628926003,the,by,5.734958092124651
1,422,with,310.56626506024094,5.73839729264664,well,the,5.698769932832657
1,423,his,314.0,5.749392985908253,with,well,5.695414224985685
1,424,good,319.70588235294116,5.767401455499094,his,with,5.700443573390687
1,425,<UNK>,350.9759036144578,5.86071757043824,good,his,5.29162837839724
1,426,to,344.5595238095238,5.842266858720068,<UNK>,good,5.705447753975262
1,427,<UNK>,349.4117647058824,5.856251068300475,to,<UNK>,3.145934280925833
1,428,his,370.8313253012048,5.915747310439525,<UNK>,to,5.414617822244197
1,429,time,342.33734939759034,5.835796652635424,his,<UNK>,5.720311776607412
1,430,around,356.79761904761904,5.877168727610773,time,his,5.695414224985685
1,431,<UNK>,354.2470588235294,5.869994575991593,around,time,5.695414224985685
1,432,the,360.4642857142857,5.887392883063655,<UNK>,around,5.698769932832657
1,433,boar,322.83529411764704,5.777142267834158,the,<UNK>,4.9849755473156785
1,434,<UNK>,317.2,5.7595324897606925,boar,the,5.313205979041787
1,435,by,329.36046511627904,5.797152789642699,<UNK>,boar,5.697093486505405
1,436,the,337.16279069767444,5.82056587216726,by,<UNK>,3.661957796547672
1,437,<UNK>,304.3488372093023,5.718174534361918,the,by,4.230880695348377
1,438,came,346.6235294117647,5.848239261335568,<UNK>,the,6.02707297457535
1,439,out,326.5882352941176,5.788700158130425,came,<UNK>,5.698769932832657
1,440,as,309.0235294117647,5.733417420962352,out,came,5.695414224985685
1,441,<UNK>,319.7176470588235,5.767438253350103,as,out,5.695414224985685
1,442,as,317.9268292682927,5.761821259663295,<UNK>,as,4.807294370078226
1,443,a,297.9390243902439,5.696888849428545,as,<UNK>,5.051457288616511
1,444,snail,360.8941176470588,5.888584612394434,a,as,5.70877001616724
1,445,from,352.63529411764705,5.865434361714625,snail,a,5.695414224985685
1,446,among,340.9764705882353,5.831813473695303,from,snail,5.695414224985685
1,447,the,331.08235294117645,5.802367144857884,among,from,5.695414224985685
1,448,<UNK>,309.15294117647056,5.733836109711451,the,among,5.700443573390687
1,449,just,317.7294117647059,5.761200114153535,<UNK>,the,6.02707297457535
1,450,as,324.9156626506024,5.783565649117299,just,<UNK>,5.293304824724492
1,451,the,320.26190476190476,5.769139113425213,as,just,5.698769932832657
1,452,huntsman,321.6470588235294,5.773454853787624,the,as,5.713732805509369
1,453,had,333.21176470588233,5.80877821791031,huntsman,the,5.71042701737487
1,454,<UNK>,344.0722891566265,5.840851778193643,had,huntsman,5.293304824724492
1,455,the,404.23809523809524,6.002004049014545,<UNK>,had,5.0401940963378005
1,456,huntsman,365.0,5.8998973535824915,the,<UNK>,5.208119098629888
1,457,<UNK>,323.3095238095238,5.778610142415427,huntsman,the,4.794136285500715
1,458,from,339.9642857142857,5.8288405700761015,<UNK>,huntsman,5.700443573390687
1,459,his,322.1411764705882,5.774989885703385,from,<UNK>,5.730099782973574
1,460,<UNK>,313.3764705882353,5.74740524921012,his,from,5.293304824724492
1,461,place,314.26506024096386,5.750236770716495,<UNK>,his,5.728475087246572
1,462,and,309.08641975308643,5.733620913372153,place,<UNK>,5.698769932832657
1,463,through,316.45882352941175,5.757193133687427,and,place,5.697093486505405
1,464,the,334.04651162790697,5.811280239652411,through,and,5.695414224985685
1,465,heart,363.1860465116279,5.894915227794283,the,through,5.702114417555504
1,466,with,388.1411764705882,5.96136913032637,heart,the,5.697093486505405
1,467,his,367.3176470588235,5.9062269970262955,with,heart,5.695414224985685
1,468,fine,343.4470588235294,5.839032976999782,his,with,5.700443573390687
1,469,<UNK>,342.45238095238096,5.836132614320521,fine,his,5.695414224985685
1,470,<UNK>,356.7738095238095,5.8771019942106815,<UNK>,fine,5.697093486505405
1,471,the,351.4096385542169,5.861952604387121,<UNK>,<UNK>,3.455922281351402
1,472,boar,364.3614457831325,5.8981463578760165,the,<UNK>,4.9849755473156785
1,473,now,387.1927710843373,5.958922685507938,boar,the,5.718671087149952
1,474,the,332.7738095238095,5.807463008505933,now,boar,5.695414224985685
1,475,problem,325.6823529411765,5.785922528871329,the,now,5.695414224985685
1,476,was,308.64285714285717,5.732184806316675,problem,the,5.698769932832657
1,477,no,318.45882352941175,5.763493184172294,was,problem,5.695414224985685
1,478,longer,310.2261904761905,5.737301678113843,no,was,5.0072963928307415
1,479,to,331.7529411764706,5.804390538814225,longer,no,5.700443573390687
1,480,kill,325.2261904761905,5.784520910950415,to,longer,5.695414224985685
1,481,the,305.35714285714283,5.7214820517556015,kill,to,5.695414224985685
1,482,boar,315.3855421686747,5.753795833810147,the,kill,5.0056227522727115
1,483,it,338.13253012048193,5.8234379195797015,boar,the,5.718671087149952
1,484,was,310.1666666666667,5.737109787414195,it,boar,5.695414224985685
1,485,to,306.50588235294117,5.725236947208223,was,it,5.776103136235827
1,486,find,313.7951807228916,5.748740482382694,to,was,5.700443573390687
1,487,a,329.8072289156627,5.798508328974614,find,to,5.702114417555504
1,488,way,308.0357142857143,5.730215731724357,a,find,5.695414224985685
1,489,to,291.6588235294118,5.675584706571639,way,a,5.695414224985685
1,490,carry,304.52941176470586,5.7187676728456855,to,way,5.697093486505405
1,491,the,313.09411764705885,5.74650384069838,carry,to,5.698769932832657
1,492,boar,312.91764705882355,5.745940047482792,the,carry,5.695414224985685
1,493,back,330.70238095238096,5.801218819696879,boar,the,5.718671087149952
1,494,the,411.66265060240966,6.020204204724704,back,boar,5.695414224985685
1,495,head,347.63529411764705,5.851153924823763,the,back,5.697093486505405
1,496,was,357.94117647058823,5.880368661365411,head,the,5.700443573390687
1,497,too,337.4,5.821269170111868,was,head,5.697093486505405
1,498,heavy,342.2470588235294,5.835532870482339,too,was,5.695414224985685
1,499,for,345.29411764705884,5.8443965687659265,heavy,too,5.29162837839724
1,500,the,315.8,5.7551091018215415,for,heavy,5.29162837839724
1,501,little,319.42857142857144,5.7665336852196765,the,for,5.717027701406222
1,502,huntsman,346.3095238095238,5.8473329526459334,little,the,5.731721843345443
1,503,to,338.4578313253012,5.824399509482313,huntsman,little,5.695414224985685
1,504,carry,318.98809523809524,5.765153783085637,to,huntsman,5.695414224985685
1,505,back,332.11764705882354,5.8054892647572185,carry,to,5.698769932832657
1,506,to,308.4117647058824,5.7314357885163165,back,carry,5.695414224985685
1,507,the,312.3095238095238,5.743994759531778,to,back,5.293304824724492
1,508,manor,324.91764705882355,5.78357175655498,the,to,5.056245805348308
1,509,house,354.9529411764706,5.871985220622274,manor,the,4.794136285500715
1,510,but,374.1190476190476,5.9245740559067634,house,manor,5.700443573390687
1,511,the,341.43373493975906,5.833153619010412,but,house,5.695414224985685
1,512,huntsman,327.85714285714283,5.792577973439332,the,but,5.70877001616724
1,513,who,314.73809523809524,5.751740849296032,huntsman,the,5.304961909266705
1,514,was,310.27710843373495,5.73746579636349,who,huntsman,5.0072963928307415
1,515,as,328.4235294117647,5.794304023646726,was,who,5.72194977861165
1,516,<UNK>,331.89285714285717,5.804812197382136,as,was,5.0056227522727115
1,517,and,372.9166666666667,5.921354980920955,<UNK>,as,5.318119993844216
1,518,cunning,349.11764705882354,5.8554089629875525,and,<UNK>,5.498533413218542
1,519,as,326.70238095238096,5.789049606466544,cunning,and,5.697093486505405
1,520,ever,319.66265060240966,5.767266222848849,as,cunning,5.695414224985685
1,521,asked,317.18823529411765,5.759495399836167,ever,as,5.695414224985685
1,522,himself,340.4166666666667,5.830170357506103,asked,ever,5.695414224985685
1,523,what,319.83529411764704,5.767806157404877,himself,asked,5.695414224985685
1,524,<UNK>,327.25882352941176,5.790751367083244,what,himself,5.695414224985685
1,525,can,323.1927710843373,5.778248959702301,<UNK>,what,5.698769932832657
1,526,i,308.04761904761904,5.730254378320563,can,<UNK>,5.697093486505405
1,527,do,300.0470588235294,5.7039393250996255,i,can,5.695414224985685
1,528,to,316.8235294117647,5.758344929315328,do,i,5.695414224985685
1,529,<UNK>,348.27710843373495,5.8529984515075935,to,do,5.695414224985685
1,530,i,300.7469879518072,5.706269339681801,<UNK>,to,5.414617822244197
1,531,<UNK>,334.04761904761904,5.811283554813138,i,<UNK>,5.0238805208462765
1,532,the,306.0238095238095,5.723662907826763,<UNK>,i,5.304961909266705
1,533,boar,331.89285714285717,5.804812197382136,the,<UNK>,4.9849755473156785
1,534,the,348.7647058823529,5.854397499651151,boar,the,5.025523906590006
1,535,next,334.77647058823527,5.813463057137975,the,boar,5.698769932832657
1,536,<UNK>,318.29411764705884,5.76297585358652,next,the,5.705447753975262
1,537,he,336.93023255813955,5.819875883869687,<UNK>,next,5.698769932832657
1,538,opened,340.32941176470587,5.829914006701586,he,<UNK>,5.705447753975262
1,539,the,345.8,5.84586057324919,opened,he,5.695414224985685
1,540,boars,343.2,5.838313367613807,the,opened,5.695414224985685
1,541,<UNK>,329.3529411764706,5.797129945292677,boars,the,5.0106352940962555
1,542,and,358.0833333333333,5.880765733986995,<UNK>,boars,5.698769932832657
1,543,cut,340.4,5.830121396699219,and,<UNK>,5.903998521326706
1,544,out,356.23809523809524,5.875599314148982,cut,and,5.29162837839724
1,545,its,327.47058823529414,5.791398244127292,out,cut,5.29162837839724
1,546,tongue,346.11764705882354,5.846778737665112,its,out,5.29162837839724
1,547,taking,389.4470588235294,5.964727935208873,tongue,its,5.698769932832657
1,548,that,368.0348837209302,5.908177726396304,taking,tongue,5.695414224985685
1,549,as,349.6046511627907,5.856802947934272,that,taking,5.695414224985685
1,550,proof,338.8,5.8254099627779,as,that,5.695414224985685
1,551,for,311.43023255813955,5.741175340615879,proof,as,5.698769932832657
1,552,the,293.7093023255814,5.682590510585469,for,proof,5.695414224985685
1,553,lord,314.5952380952381,5.751286854130848,the,for,5.717027701406222
1,554,he,307.51190476190476,5.72851380117004,lord,the,5.7120812774708964
1,555,<UNK>,318.9764705882353,5.76511734015296,he,lord,5.293304824724492
1,556,out,308.90588235294115,5.733036642646884,<UNK>,he,5.045036720813588
1,557,for,309.3690476190476,5.7345348931186235,out,<UNK>,5.726847747587197
1,558,the,315.45882352941175,5.75402816167119,for,out,5.695414224985685
1,559,manor,285.8139534883721,5.655341086866518,the,for,5.717027701406222
1,560,house,304.40697674418607,5.718365545383835,manor,the,4.794136285500715
1,561,as,312.2857142857143,5.743918519681171,house,manor,5.700443573390687
1,562,quickly,297.23809523809524,5.694533485107302,as,house,5.695414224985685
1,563,as,308.50602409638554,5.731741370209527,quickly,as,5.695414224985685
1,564,he,284.0357142857143,5.649099984781931,as,quickly,5.695414224985685
1,565,could,295.2705882352941,5.687892184179937,he,as,5.702114417555504
1,566,and,296.7176470588235,5.69278100331309,could,he,5.705447753975262
1,567,he,287.7951807228916,5.6622490490833615,and,could,5.695414224985685
1,568,had,288.76190476190476,5.665602489598784,he,and,5.296649309447339
1,569,only,295.14285714285717,5.6874595006242705,had,he,5.705447753975262
1,570,been,293.96385542168673,5.683456819038287,only,had,5.698769932832657
1,571,gone,291.64285714285717,5.675529961704317,been,only,5.695414224985685
1,572,a,285.6190476190476,5.654658921585531,gone,been,5.695414224985685
1,573,few,288.09638554216866,5.663295096167176,a,gone,5.695414224985685
1,574,minutes,303.8095238095238,5.716400938615412,few,a,5.012300573415317
1,575,when,312.0,5.7430031878094825,minutes,few,5.698769932832657
1,576,a,303.72093023255815,5.7161092871368595,when,minutes,5.695414224985685
1,577,second,296.5,5.69204721843778,a,when,5.698769932832657
1,578,huntsman,320.80232558139534,5.770825125284647,second,a,5.695414224985685
1,579,not,319.6588235294118,5.7672542505527415,huntsman,second,5.702114417555504
1,580,so,321.6941176470588,5.773601148865056,not,huntsman,5.695414224985685
1,581,<UNK>,320.56470588235294,5.770084146412153,so,not,5.697093486505405
1,582,as,350.25882352941176,5.858672376989484,<UNK>,so,5.707110264748875
1,583,the,317.01162790697674,5.75893845429911,as,<UNK>,4.8283137373023015
1,584,first,292.61176470588236,5.678846695248273,the,as,5.713732805509369
1,585,but,303.36470588235295,5.714935731480466,first,the,5.717027701406222
1,586,a,297.1511627906977,5.6942409749488725,but,first,5.698769932832657
1,587,little,312.76190476190476,5.745442213408841,a,but,5.700443573390687
1,588,more,312.45882352941175,5.744472695788843,little,a,5.705447753975262
1,589,cunning,303.1309523809524,5.714164898219617,more,little,5.695414224985685
1,590,came,323.84705882352944,5.780271363677941,cunning,more,5.695414224985685
1,591,on,317.4470588235294,5.7603110605665435,came,cunning,5.695414224985685
1,592,the,302.78823529411767,5.713033667750759,on,came,5.695414224985685
1,593,<UNK>,339.29761904761904,5.826877654517167,the,on,3.951243718581427
1,594,<UNK>,386.29761904761904,5.9566081061730936,<UNK>,the,2.6426827112295754
1,595,the,314.91764705882355,5.7523111667362885,<UNK>,<UNK>,3.455922281351402
1,596,slain,316.09411764705885,5.756040009896439,the,<UNK>,5.901266279189834
1,597,<UNK>,327.6162790697674,5.791843042654469,slain,the,5.695414224985685
1,598,of,335.98837209302326,5.817076552498371,<UNK>,slain,5.695414224985685
1,599,the,296.2352941176471,5.691154051108022,of,<UNK>,3.1937348359100985
1,600,boar,320.6470588235294,5.770341013008065,the,of,5.119489699008338
1,601,the,314.84705882352944,5.7520869933746175,boar,the,5.025523906590006
1,602,huntsman,323.9529411764706,5.780598261961004,the,boar,5.698769932832657
1,603,<UNK>,327.1058823529412,5.7902839177300605,huntsman,the,4.794136285500715
1,604,in,325.0352941176471,5.783933773718547,<UNK>,huntsman,5.700443573390687
1,605,his,299.2352941176471,5.701230200766549,in,<UNK>,5.0875963352323845
1,606,good,302.38823529411764,5.711711739097911,his,in,5.702114417555504
1,607,<UNK>,299.5529411764706,5.702291167131274,good,his,5.29162837839724
1,608,the,321.8705882352941,5.774149564870611,<UNK>,good,5.705447753975262
1,609,second,338.7176470588235,5.825166860795421,the,<UNK>,5.495801171081669
1,610,huntsman,310.54117647058825,5.738316506012996,second,the,4.785823685681349
1,611,knew,312.2823529411765,5.743907755939909,huntsman,second,5.702114417555504
1,612,a,308.92857142857144,5.7331100897507214,knew,huntsman,5.695414224985685
1,613,<UNK>,298.1904761904762,5.697732464162928,a,knew,5.695414224985685
1,614,to,326.3411764705882,5.787943387702048,<UNK>,a,5.487559366186565
1,615,the,327.6235294117647,5.791865173000958,to,<UNK>,3.8741727812970486
1,616,manor,294.2048192771084,5.6842761889886715,the,to,5.056245805348308
1,617,house,297.6744186046512,5.696000334214146,manor,the,4.794136285500715
1,618,was,299.6511627906977,5.7026190073929035,house,manor,5.700443573390687
1,619,just,315.6235294117647,5.754550140729312,was,house,5.695414224985685
1,620,around,298.9761904761905,5.700363939705595,just,was,5.700443573390687
1,621,the,295.87951807228916,5.68995233792386,around,just,5.695414224985685
1,622,<UNK>,301.7857142857143,5.709717210176016,the,around,5.700443573390687
1,623,pond,304.0,5.717027701406222,<UNK>,the,6.02707297457535
1,624,and,322.21176470588233,5.775208983750637,pond,<UNK>,5.695414224985685
1,625,being,329.1904761904762,5.796636538221842,and,pond,5.697093486505405
1,626,a,312.60714285714283,5.744947267557234,being,and,5.695414224985685
1,627,<UNK>,305.90588235294115,5.723277480631798,a,being,5.697093486505405
1,628,man,305.84705882352944,5.723085169240601,<UNK>,a,5.893024474294729
1,629,than,296.90588235294115,5.693415194146507,man,<UNK>,5.697093486505405
1,630,the,287.77647058823527,5.662184034989564,than,man,5.695414224985685
1,631,first,287.9047619047619,5.662629737615981,the,than,5.698769932832657
1,632,was,299.2261904761905,5.701199777283362,first,the,5.717027701406222
1,633,able,293.26506024096386,5.681076842535316,was,first,5.695414224985685
1,634,to,270.56626506024094,5.600517040781943,able,was,5.29162837839724
1,635,<UNK>,281.0,5.638354669333745,to,able,5.0072963928307415
1,636,up,283.3690476190476,5.646750103292733,<UNK>,to,5.414617822244197
1,637,the,274.81176470588235,5.616086371316371,up,<UNK>,5.309916502391388
1,638,boars,302.77647058823527,5.712994812428546,the,up,5.698769932832657
1,639,head,307.74117647058824,5.729259093558781,boars,the,5.298317366548036
1,640,and,312.6,5.744924417987376,head,boars,5.698769932832657
1,641,carry,308.29411764705884,5.73105425474595,and,head,5.700443573390687
1,642,it,293.2857142857143,5.68114726796362,carry,and,5.695414224985685
1,643,through,286.1309523809524,5.656449581484748,it,carry,5.695414224985685
1,644,the,288.82142857142856,5.6658086029206185,through,it,5.695414224985685
1,645,wood,287.9879518072289,5.662918645258202,the,through,5.702114417555504
1,646,towards,305.6463414634146,5.722428686710359,wood,the,5.700443573390687
1,647,the,318.08235294117645,5.762310320765977,towards,wood,5.695414224985685
1,648,prize,298.2857142857143,5.6980517999472164,the,towards,5.698769932832657
1,649,that,314.43529411764706,5.750778312898437,prize,the,5.697093486505405
1,650,<UNK>,333.81176470588235,5.810577255381614,that,prize,5.695414224985685
1,651,him,324.3333333333333,5.781771793517895,<UNK>,that,5.728475087246572
1,652,the,354.10843373493975,5.869603176216154,him,<UNK>,5.304961909266705
1,653,lord,299.8588235294118,5.703311775659514,the,him,5.700443573390687
1,654,of,293.9764705882353,5.683499732123144,lord,the,4.795790545596741
1,655,the,285.855421686747,5.655486164424451,of,lord,4.603502128887395
1,656,manor,267.225,5.588091000160009,the,of,4.7140245909001735
1,657,was,291.609756097561,5.675416456699521,manor,the,5.71042701737487
1,658,<UNK>,284.2560975609756,5.649875583802417,was,manor,5.695414224985685
1,659,in,300.7831325301205,5.706389515138111,<UNK>,was,4.68213122712422
1,660,his,318.9047619047619,5.764892506186627,in,<UNK>,5.0875963352323845
1,661,hall,283.3764705882353,5.646776298362477,his,in,5.702114417555504
1,662,when,281.67058823529413,5.640738261320998,hall,his,5.695414224985685
1,663,the,286.6823529411765,5.658374818644627,when,hall,5.695414224985685
1,664,second,293.10714285714283,5.680538217454508,the,when,5.707110264748875
1,665,huntsman,296.3176470588235,5.691432010885061,second,the,4.785823685681349
1,666,burst,295.05882352941177,5.687174738256541,huntsman,second,5.702114417555504
1,667,through,302.23809523809524,5.711215101583047,burst,huntsman,5.697093486505405
1,668,the,303.16470588235296,5.714276241591372,through,burst,5.695414224985685
1,669,door,284.4823529411765,5.65067122331628,the,through,5.296649309447339
1,670,and,287.48809523809524,5.661181451512581,door,the,5.700443573390687
1,671,began,281.2261904761905,5.639159293850446,and,door,5.695414224985685
1,672,to,292.47058823529414,5.678364108574386,began,and,5.29162837839724
1,673,<UNK>,292.7261904761905,5.679237668602223,to,began,4.787491742782046
1,674,a,284.81176470588235,5.651828487342937,<UNK>,to,5.126935749792416
1,675,<UNK>,292.32941176470587,5.677881288898152,a,<UNK>,3.4420193761824103
1,676,the,333.6666666666667,5.810142490647111,<UNK>,a,5.199877293734784
1,677,<UNK>,352.77647058823527,5.8658346285645315,the,<UNK>,2.9055340056358423
1,678,of,319.4047619047619,5.766459144576356,<UNK>,the,3.0826339954089095
1,679,bradford,325.10843373493975,5.784158768944888,of,<UNK>,4.951592753462473
1,680,are,316.6941176470588,5.757936379475851,bradford,of,5.306616169362732
1,681,ended,309.83529411764704,5.73604084698648,are,bradford,5.29162837839724
1,682,he,326.9759036144578,5.7898864789296445,ended,are,5.29162837839724
1,683,announced,328.32142857142856,5.793993093688551,he,ended,5.697093486505405
1,684,with,366.6470588235294,5.9043996927526345,announced,he,5.695414224985685
1,685,my,335.35714285714283,5.815196062027105,with,announced,5.695414224985685
1,686,own,323.4470588235294,5.7790354493076075,my,with,5.697093486505405
1,687,hand,302.29411764705884,5.7114004429360135,own,my,5.695414224985685
1,688,i,286.2289156626506,5.656791895081924,hand,own,5.695414224985685
1,689,have,349.65060240963857,5.85693437704168,i,hand,5.695414224985685
1,690,slain,285.0120481927711,5.652531453735715,have,i,5.293304824724492
1,691,the,283.82142857142856,5.6483452677649755,slain,have,5.29162837839724
1,692,boar,293.45238095238096,5.681715380627523,the,slain,5.29162837839724
1,693,and,303.8192771084337,5.7164330414350815,boar,the,5.313205979041787
1,694,with,301.2738095238095,5.708019517445386,and,boar,5.697093486505405
1,695,that,276.4166666666667,5.621909389159052,with,and,5.697093486505405
1,696,at,282.20238095238096,5.642624476492905,that,with,5.695414224985685
1,697,the,298.5238095238095,5.698849693550546,at,that,5.697093486505405
1,698,feet,301.5903614457831,5.70906967755212,the,at,5.723585101952381
1,699,of,287.39285714285717,5.660850119970929,feet,the,5.695414224985685
1,700,his,288.17857142857144,5.663580327673302,of,feet,5.695414224985685
1,701,lord,281.45238095238096,5.639963271467009,his,of,5.702114417555504
1,702,he,310.9761904761905,5.739716351294153,lord,his,5.695414224985685
1,703,<UNK>,296.9647058823529,5.69361329632826,he,lord,5.293304824724492
1,704,the,289.68674698795184,5.668800156362455,<UNK>,he,5.738183901373533
1,705,boars,297.6,5.6957503029589365,the,<UNK>,5.901266279189834
1,706,<UNK>,315.5952380952381,5.754460500439757,boars,the,5.0106352940962555
1,707,head,329.6,5.797879798035317,<UNK>,boars,5.698769932832657
1,708,then,371.2738095238095,5.916939821457918,head,<UNK>,5.698769932832657
1,709,you,338.8235294117647,5.825479409633721,then,head,5.697093486505405
1,710,will,301.6666666666667,5.709322655031817,you,then,5.695414224985685
1,711,be,285.0352941176471,5.652613011610521,will,you,5.700443573390687
1,712,<UNK>,308.2705882352941,5.730977930520604,be,will,5.695414224985685
1,713,as,311.05882352941177,5.739982037475306,<UNK>,be,5.730099782973574
1,714,i,288.1058823529412,5.6633280596291495,as,<UNK>,5.744604469176456
1,715,<UNK>,298.25882352941176,5.69796164488044,i,as,5.294978465282522
1,716,but,326.29761904761904,5.787809906752607,<UNK>,i,5.71042701737487
1,717,first,341.77647058823527,5.834156928605187,but,<UNK>,5.730099782973574
1,718,let,306.5357142857143,5.725334271543016,first,but,5.695414224985685
1,719,me,304.0843373493976,5.717305088422325,let,first,5.695414224985685
1,720,<UNK>,295.7261904761905,5.689433994042737,me,let,5.695414224985685
1,721,the,306.17857142857144,5.724168498503552,<UNK>,me,5.702114417555504
1,722,head,304.89285714285717,5.719960426835103,the,<UNK>,5.495801171081669
1,723,of,302.3095238095238,5.711451405786423,head,the,5.700443573390687
1,724,this,298.1547619047619,5.697612686948403,of,head,5.695414224985685
1,725,<UNK>,359.9166666666667,5.885872523172701,this,of,5.695414224985685
1,726,said,312.6309523809524,5.745023429019571,<UNK>,this,5.71042701737487
1,727,the,299.20238095238096,5.701120203797205,said,<UNK>,5.697093486505405
1,728,lord,307.60714285714283,5.728823458613969,the,said,5.29162837839724
1,729,of,300.5529411764706,5.705623915417893,lord,the,4.795790545596741
1,730,the,291.52941176470586,5.675140898692817,of,lord,4.603502128887395
1,731,manor,306.6024096385542,5.725551825632382,the,of,4.7140245909001735
1,732,to,322.7647058823529,5.776923593002759,manor,the,5.71042701737487
1,733,not,306.51190476190476,5.725256595606982,to,manor,5.695414224985685
1,734,<UNK>,318.66265060240966,5.764133021591773,not,to,5.695414224985685
1,735,the,345.21176470588233,5.844158039468286,<UNK>,not,5.314846668499247
1,736,head,304.6904761904762,5.719296429154228,the,<UNK>,5.495801171081669
1,737,in,300.88235294117646,5.70671933432951,head,the,5.700443573390687
1,738,<UNK>,305.0,5.720311776607412,in,head,5.695414224985685
1,739,had,318.9642857142857,5.765079139508682,<UNK>,in,5.738183901373533
1,740,not,314.1309523809524,5.749809944768036,had,<UNK>,5.71042701737487
1,741,been,323.8690476190476,5.780339260076712,not,had,5.702114417555504
1,742,very,329.8095238095238,5.798515287238944,been,not,5.695414224985685
1,743,<UNK>,337.17857142857144,5.820612675557313,very,been,5.695414224985685
1,744,on,335.76190476190476,5.816402291995618,<UNK>,very,5.707110264748875
1,745,the,333.04651162790697,5.80828215478514,on,<UNK>,3.948033442951179
1,746,part,323.75,5.779971613013747,the,on,5.7430031878094825
1,747,of,291.3614457831325,5.674564578155112,part,the,5.695414224985685
1,748,the,280.07142857142856,5.635044672677073,of,part,5.697093486505405
1,749,huntsman,331.4761904761905,5.803555983445244,the,of,5.8126368795682835
1,750,right,387.4823529411765,5.959670306959424,huntsman,the,5.71042701737487
1,751,away,350.5421686746988,5.859481009294172,right,huntsman,5.695414224985685
1,752,the,325.0357142857143,5.783935066402152,away,right,5.695414224985685
1,753,lord,318.04761904761904,5.762201117002213,the,away,5.698769932832657
1,754,noticed,315.5595238095238,5.7543473291926786,lord,the,5.7120812774708964
1,755,the,317.08235294117645,5.759161528596072,noticed,lord,5.695414224985685
1,756,tongue,302.16470588235296,5.710972252423622,the,noticed,5.695414224985685
1,757,of,304.45882352941175,5.7185358515016285,tongue,the,5.695414224985685
1,758,the,287.2738095238095,5.660435801105208,of,tongue,5.695414224985685
1,759,boar,288.10714285714283,5.66333243476177,the,of,5.119489699008338
1,760,was,300.0,5.703782474656201,boar,the,5.313205979041787
1,761,<UNK>,295.2261904761905,5.687741809916138,was,boar,5.29162837839724
1,762,and,322.1904761904762,5.775142911617231,<UNK>,was,5.0875963352323845
1,763,<UNK>,315.25882352941176,5.753393963444341,and,<UNK>,2.645901983305224
1,764,what,341.57142857142856,5.833556818403012,<UNK>,and,5.831882477283517
1,765,is,335.64285714285717,5.816047669487557,what,<UNK>,5.700443573390687
1,766,this,327.6235294117647,5.791865173000958,is,what,5.697093486505405
1,767,a,308.1764705882353,5.730672575352004,this,is,5.695414224985685
1,768,boar,324.74117647058824,5.7830284849601545,a,this,5.695414224985685
1,769,with,284.2,5.649678215663,boar,a,5.695414224985685
1,770,no,297.3452380952381,5.694893881547282,with,boar,5.697093486505405
1,771,tongue,307.3058823529412,5.727843611006409,no,with,5.695414224985685
1,772,he,329.78823529411767,5.798450737245801,tongue,no,5.29162837839724
1,773,looked,311.7647058823529,5.742248755483997,he,tongue,5.698769932832657
1,774,at,306.09411764705885,5.723892628671188,looked,he,5.697093486505405
1,775,the,291.60714285714283,5.675407495229361,at,looked,5.29162837839724
1,776,huntsman,315.90588235294115,5.755444328568325,the,at,5.723585101952381
1,777,<UNK>,359.08235294117645,5.883551757560504,huntsman,the,4.794136285500715
1,778,how,344.47058823529414,5.842008711584931,<UNK>,huntsman,5.700443573390687
1,779,come,338.48809523809524,5.824488922570203,how,<UNK>,5.700443573390687
1,780,this,331.8690476190476,5.804740456224202,come,how,5.695414224985685
1,781,creature,308.6823529411765,5.7323127641506595,this,come,5.695414224985685
1,782,has,301.05882352941177,5.707305672663518,creature,this,5.695414224985685
1,783,no,294.1190476190476,5.683984609253446,has,creature,5.695414224985685
1,784,tongue,331.94117647058823,5.804957773912924,no,has,5.695414224985685
1,785,he,342.74117647058824,5.836975574772147,tongue,no,5.29162837839724
1,786,<UNK>,295.76190476190476,5.68955475483588,he,tongue,5.698769932832657
1,787,all,315.0235294117647,5.75264733258127,<UNK>,he,5.738183901373533
1,788,eyes,312.56470588235294,5.744811506566266,all,<UNK>,5.298317366548036
1,789,were,305.67857142857144,5.722534129706406,eyes,all,5.697093486505405
1,790,on,289.79761904761904,5.669182814006106,were,eyes,5.697093486505405
1,791,the,282.47058823529414,5.643574432724982,on,were,5.695414224985685
1,792,huntsman,302.2,5.711089049838639,the,on,5.7430031878094825
1,793,the,313.92857142857144,5.749165480504018,huntsman,the,5.71042701737487
1,794,huntsman,309.0352941176471,5.733455490820547,the,huntsman,5.697093486505405
1,795,<UNK>,296.36470588235295,5.691590810361356,huntsman,the,4.794136285500715
1,796,by,320.1764705882353,5.768872314377984,<UNK>,huntsman,5.700443573390687
1,797,the,310.07142857142856,5.736802685684335,by,<UNK>,3.661957796547672
1,798,lord,317.6235294117647,5.760866811678456,the,by,5.734958092124651
1,799,replied,327.5238095238095,5.791560753268788,lord,the,5.7120812774708964
1,800,i,317.08235294117645,5.759161528596072,replied,lord,5.695414224985685
1,801,<UNK>,315.3333333333333,5.753630280383769,i,replied,5.695414224985685
1,802,say,304.1666666666667,5.717575796788537,<UNK>,i,5.71042701737487
1,803,my,312.0,5.7430031878094825,say,<UNK>,5.695414224985685
1,804,lord,297.1309523809524,5.694172958734899,my,say,5.695414224985685
1,805,he,313.3411764705882,5.747292617571774,lord,my,5.695414224985685
1,806,was,307.77647058823527,5.729373774649907,he,lord,5.698769932832657
1,807,suddenly,298.15294117647056,5.6976065802746785,was,he,5.71042701737487
1,808,<UNK>,339.67857142857144,5.827999792307182,suddenly,was,5.695414224985685
1,809,his,326.1666666666667,5.787408498168022,<UNK>,suddenly,5.700443573390687
1,810,<UNK>,352.65060240963857,5.865477771889334,his,<UNK>,4.467548808112044
1,811,<UNK>,334.8235294117647,5.813603615153527,<UNK>,his,4.629862798578463
1,812,could,338.5813953488372,5.8247645223797635,<UNK>,<UNK>,6.2285110035911835
1,813,end,316.9647058823529,5.758790429768196,could,<UNK>,5.703782474656201
1,814,<UNK>,307.3452380952381,5.72797166980608,end,could,5.695414224985685
1,815,for,317.5833333333333,5.76074025108586,<UNK>,end,5.695414224985685
1,816,him,309.9047619047619,5.736265030615505,for,<UNK>,5.049856007249537
1,817,through,391.2142857142857,5.9692554551684625,him,for,5.700443573390687
1,818,the,338.0,5.823045895483019,through,him,5.695414224985685
1,819,door,336.4096385542169,5.818329579751995,the,through,5.296649309447339
1,820,at,290.8292682926829,5.6727363880936545,door,the,5.700443573390687
1,821,this,297.4268292682927,5.695168242695169,at,door,5.695414224985685
1,822,<UNK>,300.6829268292683,5.706056310295644,this,at,5.29162837839724
1,823,the,321.5595238095238,5.773182670582695,<UNK>,this,5.71042701737487
1,824,first,296.73809523809524,5.692849915543008,the,<UNK>,4.802653990521724
1,825,huntsman,307.5238095238095,5.7285525135947974,first,the,4.800736969532067
1,826,burst,311.6941176470588,5.74202231475389,huntsman,first,5.700443573390687
1,827,the,319.10714285714283,5.765526917418325,burst,huntsman,5.697093486505405
1,828,<UNK>,340.9277108433735,5.8316704631484475,the,burst,5.695414224985685
1,829,of,330.45238095238096,5.800462567072471,<UNK>,the,3.0826339954089095
1,830,bradford,301.8705882352941,5.709998409758575,of,<UNK>,4.951592753462473
1,831,are,302.1411764705882,5.710894379900902,bradford,of,5.306616169362732
1,832,ended,292.9642857142857,5.680050709827546,are,bradford,5.29162837839724
1,833,he,299.5542168674699,5.70229542577176,ended,are,5.29162837839724
1,834,cried,303.81176470588235,5.7164083145793585,he,ended,5.697093486505405
1,835,i,295.18823529411765,5.6876132385924425,cried,he,5.695414224985685
1,836,have,317.0,5.75890177387728,i,cried,5.697093486505405
1,837,slain,289.39285714285717,5.6677851322855215,have,i,5.293304824724492
1,838,the,286.49397590361446,5.6577175094192995,slain,have,5.29162837839724
1,839,boar,275.8690476190476,5.619926287974567,the,slain,5.29162837839724
1,840,the,289.77647058823527,5.669109834693293,boar,the,5.025523906590006
1,841,people,289.7738095238095,5.669100651488601,the,boar,5.698769932832657
1,842,of,284.1190476190476,5.649393332086287,people,the,4.61015772749913
1,843,bradford,289.21176470588233,5.667159169629678,of,people,4.785823685681349
1,844,<UNK>,301.98823529411766,5.710388060636323,bradford,of,5.306616169362732
1,845,all,361.5764705882353,5.890473556124961,<UNK>,bradford,5.697093486505405
1,846,eyes,354.6823529411765,5.871222608473044,all,<UNK>,5.298317366548036
1,847,turned,310.5882352941176,5.738468032644091,eyes,all,5.697093486505405
1,848,to,289.2048192771084,5.667135154312805,turned,eyes,5.695414224985685
1,849,the,296.5833333333333,5.692328235722193,to,turned,5.695414224985685
1,850,man,280.20238095238096,5.6355121311986425,the,to,5.343927877800089
1,851,who,276.43373493975906,5.621971135602749,man,the,4.79081953287472
1,852,now,288.5595238095238,5.66490138636355,who,man,5.703782474656201
1,853,stood,297.6309523809524,5.695854304207046,now,who,5.695414224985685
1,854,in,298.5529411764706,5.6989472744818075,stood,now,5.695414224985685
1,855,the,284.56626506024094,5.650966144055979,in,stood,5.695414224985685
1,856,<UNK>,291.9390243902439,5.6765449598808715,the,in,3.4431615807611875
1,857,the,302.69879518072287,5.712738235777674,<UNK>,the,4.3223248823369245
1,858,reward,315.32530120481925,5.753604808193032,the,<UNK>,5.901266279189834
1,859,is,310.42857142857144,5.737953831201116,reward,the,5.695414224985685
1,860,already,323.75,5.779971613013747,is,reward,5.695414224985685
1,861,given,310.0609756097561,5.736768973652508,already,is,5.695414224985685
1,862,said,357.4096385542169,5.878882570896145,given,already,5.695414224985685
1,863,the,310.3048780487805,5.73755529175868,said,given,5.695414224985685
1,864,lord,298.4235294117647,5.698513717137058,the,said,5.29162837839724
1,865,of,298.2705882352941,5.698001088722275,lord,the,4.795790545596741
1,866,the,293.0235294117647,5.680252910952387,of,lord,4.603502128887395
1,867,manor,281.0352941176471,5.638480263288655,the,of,4.7140245909001735
1,868,the,301.1309523809524,5.707545227882723,manor,the,5.71042701737487
1,869,man,311.45882352941175,5.7412671417834,the,manor,5.695414224985685
1,870,<UNK>,322.4166666666667,5.775844704912513,man,the,5.301645156640712
1,871,has,312.95238095238096,5.746051041433736,<UNK>,man,5.698769932832657
1,872,<UNK>,295.38823529411764,5.688290542947106,has,<UNK>,5.698769932832657
1,873,to,280.83529411764704,5.637768355555328,<UNK>,has,5.698769932832657
1,874,me,269.4404761904762,5.596347498386412,to,<UNK>,5.820082930352362
1,875,the,285.98823529411766,5.655950674638518,me,to,5.695414224985685
1,876,boars,298.9166666666667,5.700164827744282,the,me,5.695414224985685
1,877,head,306.7176470588235,5.725927607967778,boars,the,5.298317366548036
1,878,then,316.1190476190476,5.756118875612533,head,boars,5.698769932832657
1,879,where,318.2823529411765,5.762938891158822,then,head,5.697093486505405
1,880,is,322.7142857142857,5.77676736741269,where,then,5.695414224985685
1,881,its,306.8690476190476,5.726421101599924,is,where,5.695414224985685
1,882,tongue,361.0352941176471,5.888975721192848,its,is,5.695414224985685
1,883,the,355.84705882352944,5.87450102849693,tongue,its,5.698769932832657
1,884,first,314.7857142857143,5.751892135226728,the,tongue,5.695414224985685
1,885,huntsman,331.5238095238095,5.803699630647961,first,the,4.800736969532067
1,886,replied,327.29761904761904,5.790869906954611,huntsman,first,5.700443573390687
1,887,and,356.0352941176471,5.875029866717815,replied,huntsman,5.695414224985685
1,888,so,360.9529411764706,5.888747592983806,and,replied,5.697093486505405
1,889,<UNK>,321.54761904761904,5.773145647943347,so,and,5.0072963928307415
1,890,he,318.6904761904762,5.764220337671085,<UNK>,so,5.707110264748875
1,891,<UNK>,323.61176470588236,5.779544540227694,he,<UNK>,5.705447753975262
1,892,out,308.47058823529414,5.731626500827375,<UNK>,he,5.045036720813588
1,893,the,308.11764705882354,5.730481681011441,out,<UNK>,4.810557015713042
1,894,boars,306.3809523809524,5.724829270075548,the,out,5.700443573390687
1,895,tongue,312.77647058823527,5.745488783937228,boars,the,5.703782474656201
1,896,he,331.6588235294118,5.8041068005608585,tongue,boars,5.695414224985685
1,897,had,316.76190476190476,5.758150402589395,he,tongue,5.698769932832657
1,898,put,308.2674418604651,5.730967723932606,had,he,5.705447753975262
1,899,in,300.42857142857144,5.705210026647387,put,had,5.697093486505405
1,900,his,306.26190476190476,5.724440633795347,in,put,5.697093486505405
1,901,<UNK>,293.76190476190476,5.682769591486216,his,in,5.0089672369955585
1,902,<UNK>,309.6666666666667,5.735496450145729,<UNK>,his,4.629862798578463
1,903,and,318.8941176470588,5.764859128085645,<UNK>,<UNK>,3.487670979665982
1,904,related,335.56470588235294,5.815814801846718,and,<UNK>,5.903998521326706
1,905,how,335.6235294117647,5.815990083612605,related,and,5.695414224985685
1,906,he,313.2705882352941,5.747067316230278,how,related,5.695414224985685
1,907,had,300.1294117647059,5.704213754190831,he,how,5.695414224985685
1,908,<UNK>,335.2352941176471,5.814832655778783,had,he,5.2999826458670976
1,909,the,313.4235294117647,5.747555404997031,<UNK>,had,5.0401940963378005
1,910,creature,305.49411764705883,5.721930523588496,the,<UNK>,5.901266279189834
1,911,in,298.6235294117647,5.699183681102294,creature,the,5.695414224985685
1,912,the,288.13253012048193,5.6634205483177995,in,creature,5.695414224985685
1,913,wood,293.9642857142857,5.6834582827974405,the,in,5.389071729816501
1,914,and,289.94117647058823,5.669678062649162,wood,the,5.294978465282522
1,915,cut,284.2823529411765,5.649967944768315,and,wood,5.697093486505405
1,916,out,290.28915662650604,5.6708775180302,cut,and,5.29162837839724
1,917,its,272.4404761904762,5.607420154244429,out,cut,5.29162837839724
1,918,tongue,288.1058823529412,5.6633280596291495,its,out,5.29162837839724
1,919,as,288.49411764705883,5.664674696302016,tongue,its,5.698769932832657
1,920,proof,284.1294117647059,5.649429809600615,as,tongue,5.695414224985685
1,921,of,306.56470588235294,5.72542884527256,proof,as,5.698769932832657
1,922,his,274.25882352941176,5.61407227194467,of,proof,5.695414224985685
1,923,<UNK>,292.8705882352941,5.679730833070606,his,of,5.702114417555504
1,924,<UNK>,317.0843373493976,5.759167786913488,<UNK>,his,4.629862798578463
1,925,to,338.2073170731707,5.823659071573936,<UNK>,<UNK>,4.213607983048918
1,926,the,293.54761904761904,5.682039871585184,to,<UNK>,3.8741727812970486
1,927,<UNK>,283.2142857142857,5.64620380445369,the,to,3.6699514442284173
1,928,the,318.75,5.7644070964726355,<UNK>,the,4.3223248823369245
1,929,lord,290.75,5.672463791398774,the,<UNK>,5.208119098629888
1,930,of,276.6470588235294,5.622742537888832,lord,the,4.795790545596741
1,931,the,283.1058823529412,5.64582097025925,of,lord,4.603502128887395
1,932,manor,290.4,5.671259282950641,the,of,4.7140245909001735
1,933,tried,281.23809523809524,5.639201624580445,manor,the,5.71042701737487
1,934,to,277.2261904761905,5.624833745089922,tried,manor,5.695414224985685
1,935,<UNK>,286.68674698795184,5.658390145758613,to,tried,4.608497976080766
1,936,which,303.1463414634146,5.714215664041204,<UNK>,to,5.820082930352362
1,937,huntsman,297.48192771084337,5.695353475950057,which,<UNK>,5.713732805509369
1,938,was,308.3764705882353,5.731321343669071,huntsman,which,5.695414224985685
1,939,telling,292.4470588235294,5.67828365481514,was,huntsman,5.695414224985685
1,940,him,291.91764705882355,5.676471731869699,telling,was,5.697093486505405
1,941,the,295.77647058823527,5.689604002110243,him,telling,5.695414224985685
1,942,<UNK>,285.18823529411765,5.653149436967419,the,him,5.294978465282522
1,943,and,287.7647058823529,5.662143152750847,<UNK>,the,4.081162825520036
1,944,what,279.82142857142856,5.634151644614917,and,<UNK>,5.903998521326706
1,945,the,295.3058823529412,5.688011708473392,what,and,5.695414224985685
1,946,two,288.5176470588235,5.664756252392262,the,what,5.697093486505405
1,947,<UNK>,299.0357142857143,5.700563012029228,two,the,5.695414224985685
1,948,were,308.0238095238095,5.730177083634533,<UNK>,two,5.702114417555504
1,949,<UNK>,301.144578313253,5.707590476051073,were,<UNK>,4.465908118654584
1,950,as,321.4404761904762,5.772812382494336,<UNK>,were,5.726847747587197
1,951,they,309.36470588235295,5.734520858853739,as,<UNK>,5.339139361068292
1,952,<UNK>,302.63529411764705,5.712528430764437,they,as,5.29162837839724
1,953,for,297.29411764705884,5.694721943891923,<UNK>,they,5.707110264748875
1,954,him,290.74117647058824,5.672433443459649,for,<UNK>,5.049856007249537
1,955,to,276.8809523809524,5.623587639009675,him,for,5.294978465282522
1,956,make,276.64285714285717,5.622727349899494,to,him,5.698769932832657
1,957,a,276.7142857142857,5.622985514351683,make,to,5.703782474656201
1,958,<UNK>,279.06024096385545,5.631427675947725,a,make,5.695414224985685
1,959,almost,325.2048192771084,5.784455196989152,<UNK>,a,5.893024474294729
1,960,<UNK>,329.67058823529413,5.798093938440861,almost,<UNK>,5.695414224985685
1,961,the,318.6235294117647,5.76401024726551,<UNK>,almost,5.697093486505405
1,962,lord,300.16470588235296,5.704331343607919,the,<UNK>,5.208119098629888
1,963,saw,278.7294117647059,5.630241460906539,lord,the,5.306616169362732
1,964,that,285.4047619047619,5.653908389923732,saw,lord,5.697093486505405
1,965,the,297.1566265060241,5.694259361769388,that,saw,5.695414224985685
1,966,second,279.3690476190476,5.632533659079281,the,that,5.746203190540153
1,967,huntsman,295.4823529411765,5.6886091157436836,second,the,4.785823685681349
1,968,had,327.6309523809524,5.7918878297530885,huntsman,second,5.296649309447339
1,969,<UNK>,319.75,5.767539440458952,had,huntsman,5.293304824724492
1,970,him,343.63529411764705,5.839580903454366,<UNK>,had,5.733341276897745
1,971,a,335.88235294117646,5.81676095859384,him,<UNK>,5.71042701737487
1,972,<UNK>,309.82142857142856,5.735996094639856,a,him,5.695414224985685
1,973,of,309.0705882352941,5.733569691700017,<UNK>,a,3.6417326756882344
1,974,<UNK>,334.18823529411765,5.811704412950757,of,<UNK>,2.923444506170187
1,975,and,320.98823529411766,5.771404472284294,<UNK>,of,4.517119307865356
1,976,it,304.3764705882353,5.718265325326572,and,<UNK>,5.2108513407667605
1,977,was,291.66265060240966,5.675597828231539,it,and,5.0089672369955585
1,978,the,277.9047619047619,5.6272784719192535,was,it,4.389808775115936
1,979,first,274.9642857142857,5.616641219102846,the,was,5.318119993844216
1,980,huntsman,299.6309523809524,5.70255155865969,first,the,4.800736969532067
1,981,who,296.6707317073171,5.692622876348414,huntsman,first,5.700443573390687
1,982,was,276.0843373493976,5.620706389146626,who,huntsman,5.0072963928307415
1,983,the,268.67469879518075,5.593501349651612,was,who,5.72194977861165
1,984,true,286.6309523809524,5.6581955081005155,the,was,5.723585101952381
1,985,<UNK>,311.6588235294118,5.741909075157658,true,the,5.0056227522727115
1,986,of,295.3333333333333,5.688104661936971,<UNK>,true,5.293304824724492
1,987,bradford,293.8313253012048,5.683005879231109,of,<UNK>,4.951592753462473
1,988,the,321.8048780487805,5.773945393078509,bradford,of,5.7120812774708964
1,989,lord,306.29411764705884,5.724545809106683,the,bradford,5.695414224985685
1,990,believed,295.1309523809524,5.6874191642186425,lord,the,5.7120812774708964
1,991,the,303.70238095238096,5.716048211837834,believed,lord,5.695414224985685
1,992,second,290.29411764705884,5.670894607811366,the,believed,5.695414224985685
1,993,huntsman,307.4117647058824,5.728188102024342,second,the,4.785823685681349
1,994,had,308.21176470588233,5.730787094467278,huntsman,second,5.296649309447339
1,995,tried,317.5529411764706,5.760644548295433,had,huntsman,5.698769932832657
1,996,to,292.3058823529412,5.6778007962833055,tried,had,5.695414224985685
1,997,<UNK>,271.03614457831327,5.602252186813794,to,tried,4.608497976080766
1,998,the,285.2261904761905,5.653282516288046,<UNK>,to,3.9482807534507702
1,999,first,280.61176470588236,5.63697209375268,the,<UNK>,4.802653990521724
1,1000,<UNK>,329.4,5.79727281774354,first,the,4.618415412738112
1,1001,prize,338.8452380952381,5.8255434783484725,<UNK>,first,5.703782474656201
1,1002,and,305.9294117647059,5.723354394834043,prize,<UNK>,5.695414224985685
1,1003,so,303.51190476190476,5.7154208346459425,and,prize,5.695414224985685
1,1004,<UNK>,308.1309523809524,5.73052486268242,so,and,5.0072963928307415
1,1005,the,316.54117647058825,5.757453332555172,<UNK>,so,5.01396308418893
1,1006,first,311.61176470588236,5.741758069079376,the,<UNK>,4.802653990521724
1,1007,huntsman,303.86746987951807,5.716591652006809,first,the,4.800736969532067
1,1008,the,297.8072289156627,5.6964463943530825,huntsman,first,5.700443573390687
1,1009,true,291.855421686747,5.676258548440577,the,huntsman,5.697093486505405
1,1010,<UNK>,333.5176470588235,5.809695778674855,true,the,5.0056227522727115
1,1011,the,311.8941176470588,5.742663763695798,<UNK>,true,5.698769932832657
1,1012,lord,306.3734939759036,5.72480492621287,the,<UNK>,5.208119098629888
1,1013,<UNK>,324.14285714285717,5.781184335724529,lord,the,5.7120812774708964
1,1014,for,298.65060240963857,5.6992743362854,<UNK>,lord,5.695414224985685
1,1015,a,312.0238095238095,5.743079497474138,for,<UNK>,4.490240219314114
1,1016,<UNK>,308.3529411764706,5.731245039827136,a,for,4.789157022101107
1,1017,why,309.0238095238095,5.733418327404391,<UNK>,a,5.893024474294729
1,1018,he,303.14285714285717,5.714204170118615,why,<UNK>,5.695414224985685
1,1019,always,305.79761904761904,5.722923507485642,he,why,5.695414224985685
1,1020,<UNK>,294.10714285714283,5.683944132436537,always,he,5.697093486505405
1,1021,so,364.29761904761904,5.8979711683017495,<UNK>,always,5.698769932832657
1,1022,much,324.8658536585366,5.783412339147984,so,<UNK>,5.707110264748875
1,1023,<UNK>,370.9761904761905,5.916137883933986,much,so,5.695414224985685
1,1024,in,440.1764705882353,6.087175716024142,<UNK>,much,5.697093486505405
1,1025,his,366.2823529411765,5.903404492105478,in,<UNK>,5.0875963352323845
1,1026,<UNK>,371.4642857142857,5.917452724177929,his,in,5.0089672369955585
1,1027,<UNK>,399.8095238095238,5.9909882432171,<UNK>,his,4.629862798578463
1,1028,the,377.8095238095238,5.9343901633508525,<UNK>,<UNK>,3.455922281351402
1,1029,huntsman,409.5833333333333,6.015140382793266,the,<UNK>,5.208119098629888
1,1030,who,341.5882352941176,5.833606021315834,huntsman,the,5.304961909266705
1,1031,had,309.32941176470587,5.734406766552944,who,huntsman,5.700443573390687
1,1032,<UNK>,354.7951807228916,5.871540667262259,had,who,5.018934096910951
1,1033,his,351.87951807228916,5.863288838803819,<UNK>,had,5.733341276897745
1,1034,prize,346.87951807228916,5.848977509489139,his,<UNK>,5.720311776607412
1,1035,<UNK>,326.3095238095238,5.787846390453518,prize,his,5.695414224985685
1,1036,and,336.20238095238096,5.817713302901791,<UNK>,prize,5.695414224985685
1,1037,<UNK>,302.85714285714283,5.713261218610745,and,<UNK>,2.645901983305224
1,1038,<UNK>,312.65060240963857,5.7450862807974366,<UNK>,and,3.7524409356036807
1,1039,as,312.01176470588234,5.7430408944892255,<UNK>,<UNK>,5.1298987149230735
1,1040,his,331.7647058823529,5.804426000435888,as,<UNK>,5.744604469176456
1,1041,reward,303.8809523809524,5.7166360206993225,his,as,5.695414224985685
1,1042,a,311.0833333333333,5.740060829126583,reward,his,5.695414224985685
1,1043,<UNK>,333.8452380952381,5.8106775265964545,a,reward,5.695414224985685
1,1044,of,323.3809523809524,5.778831047390368,<UNK>,a,3.6417326756882344
1,1045,land,318.8809523809524,5.764817843103754,of,<UNK>,5.462418377228463
1,1046,just,339.17857142857144,5.826526728067749,land,of,5.697093486505405
1,1047,outside,334.3690476190476,5.812245315978694,just,land,5.695414224985685
1,1048,the,285.3529411764706,5.6537268041890005,outside,just,5.29162837839724
1,1049,<UNK>,289.90588235294115,5.669556326694297,the,outside,5.698769932832657
1,1050,known,310.8690476190476,5.739371754755853,<UNK>,the,6.02707297457535
1,1051,thereafter,350.79761904761904,5.860209473267523,known,<UNK>,5.697093486505405
1,1052,as,355.5529411764706,5.873674158483389,thereafter,known,5.695414224985685
1,1053,<UNK>,335.1411764705882,5.814551865351892,as,thereafter,5.695414224985685
1,1054,<UNK>,461.6470588235294,6.134800657188983,<UNK>,as,4.624972813284271
1,1055,his,442.5833333333333,6.0926287706343984,<UNK>,<UNK>,5.535363823031238
1,1056,fame,362.7093023255814,5.893601693397467,his,<UNK>,5.720311776607412
1,1057,was,338.17241379310343,5.823555865405846,fame,his,5.695414224985685
1,1058,<UNK>,362.57471264367814,5.893230556902879,was,fame,5.695414224985685
1,1059,<UNK>,338.6511627906977,5.824970559261094,<UNK>,was,4.075995423553904
1,1060,but,336.95348837209303,5.81994490412716,<UNK>,<UNK>,5.823045895483019
1,1061,it,335.5,5.815621956411737,but,<UNK>,5.0369526024136295
1,1062,was,323.0689655172414,5.777865815964715,it,but,4.606835465307152
1,1063,not,307.32183908045977,5.727895534233968,was,it,5.082955955675882
1,1064,nearly,304.8735632183908,5.719897143834174,not,was,5.707110264748875
1,1065,as,358.17241379310343,5.881014473241337,nearly,not,5.695414224985685
1,1066,<UNK>,355.04597701149424,5.872247293797804,as,nearly,5.695414224985685
1,1067,as,330.3448275862069,5.8001370409784325,<UNK>,as,4.807294370078226
1,1068,that,319.7011494252874,5.767386651383973,as,<UNK>,5.744604469176456
1,1069,of,327.2413793103448,5.7906980616174994,that,as,5.695414224985685
1,1070,the,327.5402298850575,5.791610886874859,of,that,5.697093486505405
1,1071,<UNK>,357.8045977011494,5.879987020911426,the,of,3.2476875221067463
1,1072,bradford,424.2528735632184,6.050329677369461,<UNK>,the,6.02707297457535
1,1073,boar,614.735632183908,6.4211923090198555,bradford,<UNK>,5.695414224985685
2,2,clear,405.8369565217391,6.005951494023089,a,boar,5.695414224985685
2,3,and,351.0111111111111,5.86081787855205,clear,a,5.695414224985685
2,4,<UNK>,396.97802197802196,5.983880918897883,and,clear,5.695414224985685
2,5,day,376.02197802197804,5.9296475938677435,<UNK>,and,5.831882477283517
2,6,it,356.2608695652174,5.875663242177667,day,<UNK>,5.698769932832657
2,7,was,343.51612903225805,5.8392340655302375,it,day,5.695414224985685
2,8,and,373.39130434782606,5.922626943069522,was,it,5.776103136235827
2,9,out,386.72222222222223,5.957706663272502,and,was,5.695414224985685
2,10,on,349.0989010989011,5.855355266294238,out,and,5.697093486505405
2,11,the,332.3626373626374,5.806226654024164,on,out,5.29162837839724
2,12,<UNK>,327.14130434782606,5.790392200946678,the,on,3.951243718581427
2,13,open,364.5326086956522,5.8986160088893955,<UNK>,the,6.02707297457535
2,14,<UNK>,389.39772727272725,5.964601256436032,open,<UNK>,5.695414224985685
2,15,thousands,459.3152173913044,6.129736722486158,<UNK>,open,5.697093486505405
2,16,upon,360.1847826086956,5.886617184788612,thousands,<UNK>,5.695414224985685
2,17,thousands,357.7802197802198,5.8799188866516054,upon,thousands,5.695414224985685
2,18,of,344.8369565217391,5.843071715533548,thousands,upon,5.695414224985685
2,19,<UNK>,360.19565217391306,5.886647362080202,of,thousands,5.695414224985685
2,20,water,363.78409090909093,5.8965605348064685,<UNK>,of,5.7698822763607245
2,21,drops,378.45454545454544,5.936095974396605,water,<UNK>,5.700443573390687
2,22,excited,430.03370786516854,6.063863595999355,drops,water,5.707110264748875
2,23,by,406.31111111111113,6.007119149681316,excited,drops,5.695414224985685
2,24,getting,394.0,5.976350909297934,by,excited,5.695414224985685
2,25,to,372.1573033707865,5.919316623417297,getting,by,5.695414224985685
2,26,play,359.77272727272725,5.885472518956797,to,getting,5.695414224985685
2,27,in,356.07865168539325,5.87515163815076,play,to,5.698769932832657
2,28,the,334.1111111111111,5.81147360565231,in,play,5.695414224985685
2,29,ocean,377.57954545454544,5.933781262927371,the,in,4.8782461060505105
2,30,danced,406.5164835164835,6.00762447802179,ocean,the,5.707110264748875
2,31,all,375.1098901098901,5.927219023335531,danced,ocean,5.695414224985685
2,32,around,360.8369565217391,5.888426212326915,all,danced,5.695414224985685
2,33,one,380.0989010989011,5.9404314849068385,around,all,5.697093486505405
2,34,of,383.8791208791209,5.950327713653861,one,around,5.695414224985685
2,35,these,328.4111111111111,5.794266211083596,of,one,5.713732805509369
2,36,was,364.18279569892474,5.897655927569615,these,of,5.700443573390687
2,37,a,337.2888888888889,5.820939800193538,was,these,5.695414224985685
2,38,<UNK>,345.97752808988764,5.846373825231442,a,was,4.209655408733095
2,39,little,349.56043956043953,5.85667647822634,<UNK>,a,5.893024474294729
2,40,<UNK>,348.70786516853934,5.854234509115614,little,<UNK>,5.296649309447339
2,41,named,389.9230769230769,5.965949481010813,<UNK>,little,5.70877001616724
2,42,aqua,451.39080459770116,6.112333493324598,named,<UNK>,5.697093486505405
2,43,who,436.13483146067415,6.077951442011637,aqua,named,5.695414224985685
2,44,danced,385.2087912087912,5.953785502116271,who,aqua,5.695414224985685
2,45,on,385.91011235955057,5.955604472811667,danced,who,5.695414224985685
2,46,the,391.4347826086956,5.969818918179327,on,danced,5.695414224985685
2,47,<UNK>,396.0769230769231,5.981608442584605,the,on,3.951243718581427
2,48,<UNK>,406.76666666666665,6.0082397204696845,<UNK>,the,2.6426827112295754
2,49,of,403.4725274725275,6.000108399822132,<UNK>,<UNK>,3.9259259105971376
2,50,the,379.31868131868134,5.938376699574499,of,<UNK>,3.1937348359100985
2,51,<UNK>,393.8695652173913,5.976019801740138,the,of,3.2476875221067463
2,52,as,423.0879120879121,6.047579987447681,<UNK>,the,5.333925794015404
2,53,they,384.08045977011494,5.950852061290587,as,<UNK>,5.339139361068292
2,54,<UNK>,371.032967032967,5.9162909185867605,they,as,5.29162837839724
2,55,up,357.2608695652174,5.878466242002038,<UNK>,they,5.707110264748875
2,56,and,340.27472527472526,5.829753306855311,up,<UNK>,5.309916502391388
2,57,down,346.4725274725275,5.847803529693102,and,up,5.29162837839724
2,58,in,352.6,5.86533426996377,down,and,5.698769932832657
2,59,the,327.15555555555557,5.790435762848332,in,down,5.697093486505405
2,60,waves,386.30434782608694,5.956625524659602,the,in,5.794536837924666
2,61,and,395.6373626373626,5.980498040782701,waves,the,5.29162837839724
2,62,no,363.8901098901099,5.896851926150706,and,waves,5.697093486505405
2,63,<UNK>,349.1868131868132,5.855607060328049,no,and,5.695414224985685
2,64,how,341.8131868131868,5.83426435043227,<UNK>,no,5.71042701737487
2,65,high,344.2,5.841222883777439,how,<UNK>,5.700443573390687
2,66,he,318.6292134831461,5.7640280865653635,high,how,5.695414224985685
2,67,<UNK>,373.75824175824175,5.923609175988833,he,high,5.695414224985685
2,68,he,373.8478260869565,5.923848832495104,<UNK>,he,5.738183901373533
2,69,always,361.4175824175824,5.890034027825799,he,<UNK>,5.705447753975262
2,70,came,355.53333333333336,5.873619009498392,always,he,5.697093486505405
2,71,down,355.94505494505495,5.8747763788984,came,always,5.695414224985685
2,72,again,359.27777777777777,5.884095843550428,down,came,5.695414224985685
2,73,into,371.96629213483146,5.918803237626807,again,down,5.695414224985685
2,74,his,344.5934065934066,5.842365190403545,into,again,5.695414224985685
2,75,<UNK>,365.3888888888889,5.900962235405187,his,into,5.697093486505405
2,76,<UNK>,414.7692307692308,6.027722295130606,<UNK>,his,4.629862798578463
2,77,his,426.8,6.056315519427598,<UNK>,<UNK>,5.535363823031238
2,78,mother,383.3,5.948817972386509,his,<UNK>,5.720311776607412
2,79,you,387.84444444444443,5.960604342854517,mother,his,5.695414224985685
2,80,know,369.2857142857143,5.911570637887216,you,mother,5.695414224985685
2,81,was,364.7362637362637,5.89917452730038,know,you,5.698769932832657
2,82,the,342.5444444444444,5.836401414084854,was,know,5.695414224985685
2,83,ocean,378.4065934065934,5.935969261461948,the,was,5.723585101952381
2,84,and,404.6333333333333,6.002981307235649,ocean,the,5.707110264748875
2,85,very,374.8021978021978,5.926398414280366,and,ocean,5.695414224985685
2,86,beautiful,388.0659340659341,5.961175258345894,very,and,5.695414224985685
2,87,she,380.5652173913044,5.9416575618032885,beautiful,very,5.695414224985685
2,88,looked,351.0879120879121,5.861036653894471,she,beautiful,5.695414224985685
2,89,that,366.57142857142856,5.904193396120268,looked,she,5.698769932832657
2,90,<UNK>,398.0978260869565,5.986697769270328,that,looked,5.695414224985685
2,91,day,395.4175824175824,5.979942377167148,<UNK>,that,5.728475087246572
2,92,in,353.13186813186815,5.866841551288537,day,<UNK>,5.698769932832657
2,93,her,354.1758241758242,5.869793468292634,in,day,5.698769932832657
2,94,dark,384.07608695652175,5.950840676075915,her,in,5.703782474656201
2,95,blue,392.70652173913044,5.973062568879549,dark,her,5.695414224985685
2,96,<UNK>,378.7912087912088,5.936985152994061,blue,dark,5.695414224985685
2,97,and,382.7032967032967,5.947260006722478,<UNK>,blue,5.695414224985685
2,98,white,367.1098901098901,5.90566123132727,and,<UNK>,5.903998521326706
2,99,<UNK>,406.2282608695652,6.0069152205064595,white,and,5.695414224985685
2,100,by,456.10869565217394,6.122731148767606,<UNK>,white,5.697093486505405
2,101,and,471.31111111111113,6.155518409105027,by,<UNK>,5.741399338227508
2,102,by,436.96629213483146,6.079856057417653,and,by,5.695414224985685
2,103,the,372.14444444444445,5.919282070424828,by,and,5.695414224985685
2,104,<UNK>,342.84615384615387,5.837281815485019,the,by,4.230880695348377
2,105,water,403.72222222222223,6.000727072720471,<UNK>,the,5.621607866467185
2,106,<UNK>,416.43956043956047,6.0317413380867375,water,<UNK>,5.700443573390687
2,107,tired,434.1304347826087,6.073345029920766,<UNK>,water,5.698769932832657
2,108,of,407.19565217391306,6.009293787806797,tired,<UNK>,5.695414224985685
2,109,his,370.13186813186815,5.9138593424991495,of,tired,5.697093486505405
2,110,play,373.0659340659341,5.921755170955182,his,of,5.702114417555504
2,111,and,371.24175824175825,5.916853489848285,play,his,5.695414224985685
2,112,looking,361.7391304347826,5.890923317886105,and,play,5.695414224985685
2,113,up,359.64130434782606,5.8851071579252165,looking,and,5.695414224985685
2,114,to,346.0,5.846438775057725,up,looking,5.695414224985685
2,115,the,326.27472527472526,5.78773974204795,to,up,5.296649309447339
2,116,clear,344.94565217391306,5.8433868746915305,the,to,5.749392985908253
2,117,sky,339.85869565217394,5.828529930201149,clear,the,5.695414224985685
2,118,<UNK>,343.9340659340659,5.840449970206267,sky,clear,5.695414224985685
2,119,him,361.54945054945057,5.890398824911468,<UNK>,sky,5.695414224985685
2,120,thought,366.6,5.904271335405605,him,<UNK>,5.71042701737487
2,121,he,348.45054945054943,5.853496324725154,thought,him,5.695414224985685
2,122,would,336.9120879120879,5.819822029591008,he,thought,5.695414224985685
2,123,like,342.46666666666664,5.836174329365058,would,he,5.700443573390687
2,124,to,308.75824175824175,5.732558581539729,like,would,5.697093486505405
2,125,have,315.95652173913044,5.755604614687487,to,like,5.29162837839724
2,126,a,305.2608695652174,5.721166721088099,have,to,5.7120812774708964
2,127,<UNK>,315.05494505494505,5.752747052360565,a,have,5.0072963928307415
2,128,on,368.86813186813185,5.9104392139589805,<UNK>,a,5.487559366186565
2,129,one,371.5869565217391,5.917782905467173,on,<UNK>,5.739792912179234
2,130,of,344.3695652173913,5.841715398199756,one,on,5.695414224985685
2,131,the,337.65934065934067,5.822037519370901,of,one,4.104294893075269
2,132,white,352.4065934065934,5.8647856038943535,the,of,5.8126368795682835
2,133,<UNK>,476.4175824175824,6.166294743638018,white,the,5.695414224985685
2,134,<UNK>,519.438202247191,6.252747847250132,<UNK>,white,5.697093486505405
2,135,<UNK>,454.9891304347826,6.120273529511276,<UNK>,<UNK>,2.4908413853078146
2,136,of,371.64130434782606,5.917929153474804,<UNK>,<UNK>,3.9259259105971376
2,137,<UNK>,358.92391304347825,5.883110424642461,of,<UNK>,2.923444506170187
2,138,his,362.6043956043956,5.8933124207083765,<UNK>,of,5.7698822763607245
2,139,whole,355.83516483516485,5.874467603499171,his,<UNK>,5.720311776607412
2,140,life,357.35164835164835,5.878720306364594,whole,his,5.695414224985685
2,141,in,329.84615384615387,5.798626345289101,life,whole,5.697093486505405
2,142,the,327.4673913043478,5.791388481581688,in,life,5.695414224985685
2,143,ocean,337.64444444444445,5.821993402292847,the,in,4.8782461060505105
2,144,of,386.27777777777777,5.956556742202853,ocean,the,5.707110264748875
2,145,the,344.7802197802198,5.842907169917235,of,ocean,5.695414224985685
2,146,sky,354.5934065934066,5.870971799540015,the,of,5.8126368795682835
2,147,little,524.7888888888889,6.262996065319027,sky,the,5.700443573390687
2,148,aqua,481.967032967033,6.177875715377508,little,sky,5.695414224985685
2,149,had,401.75,5.995830004617622,aqua,little,5.697093486505405
2,150,always,376.967032967033,5.932157737913624,had,aqua,5.695414224985685
2,151,been,350.6043956043956,5.859658509785597,always,had,5.0072963928307415
2,152,<UNK>,374.3076923076923,5.925078165881931,been,always,5.293304824724492
2,153,but,428.67391304347825,6.06069652044259,<UNK>,been,5.7120812774708964
2,154,he,364.0888888888889,5.897398038068915,but,<UNK>,5.730099782973574
2,155,decided,367.7032967032967,5.907276354008935,he,but,5.695414224985685
2,156,to,342.20652173913044,5.835414419543963,decided,he,5.695414224985685
2,157,finally,339.5652173913044,5.827666026904582,to,decided,5.698769932832657
2,158,face,349.5652173913044,5.856690146243863,finally,to,5.695414224985685
2,159,his,332.3369565217391,5.806149383506333,face,finally,5.695414224985685
2,160,<UNK>,358.9782608695652,5.883261831973893,his,face,5.695414224985685
2,161,and,361.53846153846155,5.890368430236613,<UNK>,his,5.035327906686628
2,162,suggested,355.5111111111111,5.873556503638447,and,<UNK>,5.498533413218542
2,163,a,358.4945054945055,5.881913333547066,suggested,and,5.29162837839724
2,164,<UNK>,368.8901098901099,5.910498794511906,a,suggested,5.29162837839724
2,165,<UNK>,409.4222222222222,6.014746951730201,<UNK>,a,2.8249715391611123
2,166,the,388.69565217391306,5.96279665223841,<UNK>,<UNK>,3.455922281351402
2,167,sun,372.5326086956522,5.920324574110757,the,<UNK>,5.495801171081669
2,168,<UNK>,399.7717391304348,5.990893732050147,sun,the,5.705447753975262
2,169,him,363.0989010989011,5.894675251973687,<UNK>,sun,5.695414224985685
2,170,up,347.5824175824176,5.8510018097828445,him,<UNK>,5.304961909266705
2,171,to,340.4021739130435,5.8301277830273674,up,him,5.697093486505405
2,172,the,341.69565217391306,5.833920434937025,to,up,5.296649309447339
2,173,sky,343.5934065934066,5.8394590007333385,the,to,5.749392985908253
2,174,would,390.17391304347825,5.966592570606779,sky,the,5.700443573390687
2,175,be,391.032967032967,5.968791871093404,would,sky,5.695414224985685
2,176,<UNK>,394.8021978021978,5.978384874418699,be,would,4.454347296253507
2,177,the,403.4021739130435,5.999934014481901,<UNK>,be,5.730099782973574
2,178,sun,384.0879120879121,5.950871464114422,the,<UNK>,5.495801171081669
2,179,understood,413.2826086956522,6.024131641502532,sun,the,5.705447753975262
2,180,<UNK>,376.7826086956522,5.931668386370705,understood,sun,5.695414224985685
2,181,<UNK>,374.1978021978022,5.924784540487098,<UNK>,understood,5.695414224985685
2,182,came,367.1978021978022,5.90590067342832,<UNK>,<UNK>,6.2285110035911835
2,183,from,401.69565217391306,5.995694717741595,came,<UNK>,5.698769932832657
2,184,his,347.80434782608694,5.8516401027796165,from,came,5.697093486505405
2,185,heart,367.6263736263736,5.907067133355104,his,from,5.698769932832657
2,186,so,394.2197802197802,5.9769085715921095,heart,his,5.695414224985685
2,187,he,378.75,5.9368763568235785,so,heart,5.695414224985685
2,188,<UNK>,479.35164835164835,6.172434458239631,he,so,5.0072963928307415
2,189,and,427.010989010989,6.056809748286208,<UNK>,he,5.738183901373533
2,190,also,369.57608695652175,5.912356637881446,and,<UNK>,5.903998521326706
2,191,took,356.69565217391306,5.876882903263121,also,and,5.695414224985685
2,192,ever,350.05494505494505,5.858090128033738,took,also,5.695414224985685
2,193,so,398.35164835164835,5.9873351537659705,ever,took,5.695414224985685
2,194,many,393.0967741935484,5.974055826323293,so,ever,5.695414224985685
2,195,other,358.6703296703297,5.8824036648369615,many,so,5.695414224985685
2,196,drops,387.4623655913978,5.959618723022389,other,many,5.695414224985685
2,197,so,374.16483516483515,5.924696436053919,drops,other,5.697093486505405
2,198,that,371.42391304347825,5.917344033069591,so,drops,5.695414224985685
2,199,aqua,364.97802197802196,5.899837138010726,that,so,5.700443573390687
2,200,might,355.8369565217391,5.874472638645329,aqua,that,5.695414224985685
2,201,not,333.71590909090907,5.810290059451334,might,aqua,5.695414224985685
2,202,be,319.74444444444447,5.767522065622927,not,might,5.695414224985685
2,203,<UNK>,370.5,5.914853444736141,be,not,5.695414224985685
2,204,on,402.25,5.997073785872493,<UNK>,be,5.730099782973574
2,205,the,344.45054945054943,5.841950537191218,on,<UNK>,3.948033442951179
2,206,way,328.032967032967,5.7931141125802785,the,on,5.7430031878094825
2,207,it,378.6304347826087,5.9365606232426895,way,the,5.700443573390687
2,208,was,327.55056179775283,5.791642430327545,it,way,5.695414224985685
2,209,only,331.2888888888889,5.8029907708288295,was,it,5.082955955675882
2,210,the,349.4555555555556,5.856376387795208,only,was,5.294978465282522
2,211,sun,369.2857142857143,5.911570637887216,the,only,5.697093486505405
2,212,that,336.6703296703297,5.8191042013169065,sun,the,5.705447753975262
2,213,knew,357.9230769230769,5.880318094383112,that,sun,5.695414224985685
2,214,this,336.4111111111111,5.8183339570156125,knew,that,5.695414224985685
2,215,however,367.75555555555553,5.9074184662486235,this,knew,5.695414224985685
2,216,for,358.68131868131866,5.882434302561193,however,this,5.695414224985685
2,217,all,341.010989010989,5.831914702602953,for,however,5.695414224985685
2,218,the,326.04347826086956,5.78703074137224,all,for,5.695414224985685
2,219,other,340.4021739130435,5.8301277830273674,the,all,5.306616169362732
2,220,drops,342.7362637362637,5.836961241012824,other,the,5.715381610499553
2,221,had,340.8131868131868,5.831334487907244,drops,other,5.697093486505405
2,222,been,346.0869565217391,5.846690062909279,had,drops,5.695414224985685
2,223,<UNK>,351.19565217391306,5.861343481769504,been,had,4.462618642004185
2,224,into,378.010989010989,5.934923266654664,<UNK>,been,5.7120812774708964
2,225,fine,382.9673913043478,5.9479498453584885,into,<UNK>,5.72194977861165
2,226,<UNK>,375.4021739130435,5.9279979150601045,fine,into,5.695414224985685
2,227,or,382.5054945054945,5.946743017883666,<UNK>,fine,5.697093486505405
2,228,vapor,366.5869565217391,5.90423575518109,or,<UNK>,5.730099782973574
2,229,and,355.7608695652174,5.874258790446186,vapor,or,5.695414224985685
2,230,aqua,372.4175824175824,5.920015758084247,and,vapor,5.695414224985685
2,231,could,379.57142857142856,5.9390427967045,aqua,and,5.695414224985685
2,232,not,385.4347826086956,5.954372002579158,could,aqua,5.695414224985685
2,233,see,352.7391304347826,5.865728776465915,not,could,5.301645156640712
2,234,them,355.7888888888889,5.874337546213729,see,not,5.697093486505405
2,235,do,394.97802197802196,5.978830122791159,them,see,5.695414224985685
2,236,you,367.1630434782609,5.905806009558993,do,them,5.695414224985685
2,237,know,342.8695652173913,5.837350098508423,you,do,5.294978465282522
2,238,what,333.2967032967033,5.809033094165777,know,you,5.698769932832657
2,239,vapor,330.25274725274727,5.7998582620741095,what,know,5.695414224985685
2,240,is,402.89130434782606,5.998666809308215,vapor,what,5.695414224985685
2,241,if,387.30434782608694,5.9592108124481085,is,vapor,5.697093486505405
2,242,you,343.3956043956044,5.838883148135687,if,is,5.695414224985685
2,243,<UNK>,375.9673913043478,5.929502414374648,you,if,5.700443573390687
2,244,into,370.35955056179773,5.9144742920619855,<UNK>,you,5.703782474656201
2,245,the,333.9021739130435,5.810848057599404,into,<UNK>,4.469186810116282
2,246,air,348.17391304347825,5.852702105065907,the,into,5.304961909266705
2,247,when,352.25274725274727,5.864348949904508,air,the,5.703782474656201
2,248,it,336.61538461538464,5.81894098664028,when,air,5.695414224985685
2,249,is,323.4945054945055,5.779182129235682,it,when,5.695414224985685
2,250,cold,318.64444444444445,5.7640758869447195,is,it,5.70877001616724
2,251,enough,378.8131868131868,5.937043172778824,cold,is,5.695414224985685
2,252,you,345.7608695652174,5.84574740769415,enough,cold,5.695414224985685
2,253,will,324.3333333333333,5.781771793517895,you,enough,5.695414224985685
2,254,see,312.25555555555553,5.743821940858798,will,you,5.700443573390687
2,255,it,318.2197802197802,5.762742276824517,see,will,5.695414224985685
2,256,<UNK>,355.032967032967,5.872210650045337,it,see,5.695414224985685
2,257,out,327.5280898876405,5.791573822046499,<UNK>,it,5.7120812774708964
2,258,of,313.74444444444447,5.748578783339246,out,<UNK>,4.628235458919088
2,259,your,301.2857142857143,5.708059031423462,of,out,5.7120812774708964
2,260,<UNK>,301.94505494505495,5.710245063554247,your,of,5.695414224985685
2,261,<UNK>,352.56666666666666,5.865239729665897,<UNK>,your,5.697093486505405
2,262,and,332.6629213483146,5.807129729107977,<UNK>,<UNK>,3.487670979665982
2,263,fast,342.84444444444443,5.837276829557799,and,<UNK>,5.903998521326706
2,264,like,314.7,5.751619804070361,fast,and,5.695414224985685
2,265,<UNK>,349.4782608695652,5.856441359079997,like,fast,5.695414224985685
2,266,when,413.97802197802196,6.02581288540654,<UNK>,like,5.697093486505405
2,267,the,374.3695652173913,5.925243451815804,when,<UNK>,5.2999826458670976
2,268,vapor,331.7802197802198,5.804472761091481,the,when,5.707110264748875
2,269,is,328.5274725274725,5.79462046464847,vapor,the,5.695414224985685
2,270,quite,359.8021978021978,5.885554429897437,is,vapor,5.697093486505405
2,271,near,357.8478260869565,5.88010782923799,quite,is,5.695414224985685
2,272,the,338.53846153846155,5.824637709349554,near,quite,5.695414224985685
2,273,earth,328.74444444444447,5.795280684320878,the,near,5.698769932832657
2,274,we,372.1222222222222,5.919222354671795,earth,the,5.703782474656201
2,275,call,314.0989010989011,5.749707907967647,we,earth,5.695414224985685
2,276,it,301.89130434782606,5.710067033210285,call,we,5.695414224985685
2,277,<UNK>,347.4347826086956,5.850576971445313,it,call,5.29162837839724
2,278,into,409.4725274725275,6.0148698130634495,<UNK>,it,5.7120812774708964
2,279,vapor,361.85714285714283,5.891249500946362,into,<UNK>,5.72194977861165
2,280,the,404.6847826086956,6.003108449516089,vapor,into,5.695414224985685
2,281,water,365.5869565217391,5.901504162033655,the,vapor,5.695414224985685
2,282,drops,349.6630434782609,5.856969957839215,water,the,4.792479284293085
2,283,that,345.56043956043953,5.845167561513371,drops,water,5.301645156640712
2,284,danced,405.85869565217394,6.006005058756081,that,drops,5.698769932832657
2,285,in,339.42391304347825,5.827249807134538,danced,that,5.695414224985685
2,286,the,333.04347826086956,5.808273046805487,in,danced,5.695414224985685
2,287,ocean,320.68131868131866,5.770447853307117,the,in,4.8782461060505105
2,288,had,337.39130434782606,5.821243397248114,ocean,the,5.707110264748875
2,289,been,348.14130434782606,5.852608444336221,had,ocean,5.695414224985685
2,290,<UNK>,366.24175824175825,5.903293656983903,been,had,4.462618642004185
2,291,because,391.8021978021978,5.9707571149949565,<UNK>,been,5.7120812774708964
2,292,in,330.54347826086956,5.80073820362237,because,<UNK>,5.71042701737487
2,293,their,320.0652173913044,5.768524779376314,in,because,5.695414224985685
2,294,own,312.4891304347826,5.744569685962832,their,in,5.695414224985685
2,295,<UNK>,319.0869565217391,5.765463656615913,own,their,5.697093486505405
2,296,they,333.85869565217394,5.810717836548988,<UNK>,own,5.698769932832657
2,297,were,324.42857142857144,5.782065393050245,they,<UNK>,4.792479284293085
2,298,too,332.85869565217394,5.807718062543001,were,they,5.71042701737487
2,299,heavy,331.82608695652175,5.8046109971989726,too,were,5.695414224985685
2,300,for,338.86813186813185,5.825611040164182,heavy,too,5.29162837839724
2,301,the,316.0869565217391,5.7560173545984155,for,heavy,5.29162837839724
2,302,<UNK>,369.4021739130435,5.911885952731699,the,for,4.618415412738112
2,303,that,409.84615384615387,6.015781854758688,<UNK>,the,5.621607866467185
2,304,the,347.0659340659341,5.849514773614309,that,<UNK>,4.391357962102766
2,305,sun,372.6304347826087,5.920587137017962,the,that,5.746203190540153
2,306,let,337.04347826086956,5.820211937641452,sun,the,5.705447753975262
2,307,out,328.9120879120879,5.795790505064767,let,sun,5.695414224985685
2,308,to,329.0869565217391,5.796322021380018,out,let,5.695414224985685
2,309,carry,343.1195652173913,5.838078973063357,to,out,5.697093486505405
2,310,higher,404.0777777777778,6.001607378683622,carry,to,5.698769932832657
2,311,and,395.0217391304348,5.978940799159962,higher,carry,5.695414224985685
2,312,higher,345.5054945054945,5.845008546136249,and,higher,4.603502128887395
2,313,they,352.9891304347826,5.86643726448976,higher,and,5.702114417555504
2,314,<UNK>,325.5652173913044,5.785562802228278,they,higher,5.695414224985685
2,315,and,333.85869565217394,5.810717836548988,<UNK>,they,5.707110264748875
2,316,though,347.2197802197802,5.849957951842518,and,<UNK>,5.903998521326706
2,317,it,377.45652173913044,5.933455387855043,though,and,5.293304824724492
2,318,was,370.4673913043478,5.914765428188974,it,though,5.29162837839724
2,319,<UNK>,345.8021978021978,5.845866928932283,was,it,4.523340167740459
2,320,aqua,370.14285714285717,5.9138890315067965,<UNK>,was,5.780743515792329
2,321,and,363.6373626373626,5.896157114552631,aqua,<UNK>,5.698769932832657
2,322,his,369.6521739130435,5.9125624929895855,and,aqua,5.0072963928307415
2,323,<UNK>,334.14130434782606,5.811563970418788,his,and,5.700443573390687
2,324,were,350.2608695652174,5.858678218469248,<UNK>,his,5.728475087246572
2,325,like,306.8804347826087,5.726458208477857,were,<UNK>,5.718671087149952
2,326,fish,297.3695652173913,5.694975692600349,like,were,5.695414224985685
2,327,out,331.0217391304348,5.802184050351638,fish,like,5.695414224985685
2,328,of,310.85714285714283,5.73933345892052,out,fish,5.695414224985685
2,329,water,314.15384615384613,5.74988282182302,of,out,5.7120812774708964
2,330,so,328.38461538461536,5.794185529296425,water,of,5.293304824724492
2,331,they,331.1304347826087,5.802512360542051,so,water,5.698769932832657
2,332,grew,331.17391304347825,5.802643654443639,they,so,5.698769932832657
2,333,quite,317.16483516483515,5.759421623479173,grew,they,5.695414224985685
2,334,<UNK>,361.9347826086956,5.891464037055757,quite,grew,5.695414224985685
2,335,they,365.2826086956522,5.900671324388847,<UNK>,quite,5.697093486505405
2,336,<UNK>,390.05434782608694,5.966286082815132,they,<UNK>,5.015622835607295
2,337,looking,332.6,5.806940566758827,<UNK>,they,5.707110264748875
2,338,down,329.30434782608694,5.79698239253259,looking,<UNK>,5.697093486505405
2,339,on,311.1630434782609,5.740317030362409,down,looking,5.695414224985685
2,340,the,316.8804347826087,5.758524525386087,on,down,5.29162837839724
2,341,world,304.3369565217391,5.718135497184816,the,on,5.7430031878094825
2,342,below,312.4725274725275,5.74451655322405,world,the,5.702114417555504
2,343,while,342.14130434782606,5.835223822338811,below,world,5.695414224985685
2,344,the,322.10869565217394,5.774889052719639,while,below,5.695414224985685
2,345,wind,336.0217391304348,5.817175857663224,the,while,5.695414224985685
2,346,<UNK>,337.75555555555553,5.822322425426141,wind,the,5.294978465282522
2,347,them,338.19565217391306,5.823624580598026,<UNK>,wind,5.697093486505405
2,348,across,339.7391304347826,5.828178059685866,them,<UNK>,5.703782474656201
2,349,the,326.1304347826087,5.787297408040486,across,them,5.695414224985685
2,350,<UNK>,334.82608695652175,5.813611253610101,the,across,5.293304824724492
2,351,<UNK>,352.3695652173913,5.86468052602308,<UNK>,the,2.6426827112295754
2,352,of,328.3736263736264,5.79415206489418,<UNK>,<UNK>,3.9259259105971376
2,353,the,302.2717391304348,5.7113264112440705,of,<UNK>,3.1937348359100985
2,354,earth,318.4782608695652,5.763554217956118,the,of,5.8126368795682835
2,355,but,339.6195652173913,5.827826065314142,earth,the,5.703782474656201
2,356,after,333.9673913043478,5.811043357385195,but,earth,5.695414224985685
2,357,a,297.17391304347825,5.6943175332289,after,but,5.29162837839724
2,358,while,297.9021739130435,5.696765157151635,a,after,5.697093486505405
2,359,it,294.3804347826087,5.684872926706786,while,a,5.697093486505405
2,360,grew,293.5,5.681877639268151,it,while,5.695414224985685
2,361,nearly,296.92391304347825,5.693475920942913,grew,it,5.695414224985685
2,362,time,320.57608695652175,5.770119648985994,nearly,grew,5.695414224985685
2,363,for,383.35869565217394,5.948971093071428,time,nearly,5.695414224985685
2,364,the,320.8222222222222,5.770887144859494,for,time,5.697093486505405
2,365,sun,298.04347826086956,5.697239376067265,the,for,5.717027701406222
2,366,to,298.8695652173913,5.7000072414806295,sun,the,5.705447753975262
2,367,go,292.6630434782609,5.679021924975549,to,sun,5.695414224985685
2,368,to,303.1630434782609,5.714270758074927,go,to,5.296649309447339
2,369,bed,321.89130434782606,5.774213924419624,to,go,5.293304824724492
2,370,he,359.65934065934067,5.885157307502152,bed,to,5.698769932832657
2,371,became,329.34065934065933,5.797092653793859,he,bed,5.695414224985685
2,372,very,306.5978260869565,5.725536876024307,became,he,5.695414224985685
2,373,red,345.5217391304348,5.84505556201103,very,became,5.697093486505405
2,374,in,323.19565217391306,5.778257874124256,red,very,5.695414224985685
2,375,the,309.8804347826087,5.736186528830385,in,red,5.695414224985685
2,376,face,322.70652173913044,5.776743308767335,the,in,5.10138965736472
2,377,and,311.6630434782609,5.741922615349563,face,the,5.698769932832657
2,378,began,344.7608695652174,5.842851045009506,and,face,5.695414224985685
2,379,to,314.5652173913044,5.751191423136435,began,and,5.29162837839724
2,380,<UNK>,318.0978260869565,5.762358964676281,to,began,4.787491742782046
2,381,<UNK>,312.989010989011,5.746168081262523,<UNK>,to,4.115334838113936
2,382,and,327.9782608695652,5.792947328350979,<UNK>,<UNK>,3.487670979665982
2,383,<UNK>,314.1098901098901,5.749742893186395,and,<UNK>,2.645901983305224
2,384,until,328.8791208791209,5.795690269511132,<UNK>,and,5.831882477283517
2,385,suddenly,324.4725274725275,5.782200871458581,until,<UNK>,5.702114417555504
2,386,he,315.83516483516485,5.755220447222048,suddenly,until,5.695414224985685
2,387,went,315.68131868131866,5.7547332195378775,he,suddenly,5.695414224985685
2,388,clear,327.6521739130435,5.79195260032705,went,he,5.697093486505405
2,389,out,349.1847826086956,5.85560124514848,clear,went,5.695414224985685
2,390,of,336.7826086956522,5.819437644145548,out,clear,5.695414224985685
2,391,sight,338.67391304347825,5.825037736023334,of,out,5.306616169362732
2,392,poor,375.29347826086956,5.927708328587561,sight,of,5.697093486505405
2,393,little,343.97802197802196,5.840577765733598,poor,sight,5.695414224985685
2,394,aqua,320.15384615384613,5.768801649492043,little,poor,5.698769932832657
2,395,<UNK>,353.9021739130435,5.869020530065084,aqua,little,5.697093486505405
2,396,by,349.4725274725275,5.856424953355492,<UNK>,aqua,5.697093486505405
2,397,the,323.7692307692308,5.780031011309034,by,<UNK>,3.661957796547672
2,398,<UNK>,335.05434782608694,5.814292750983505,the,by,4.230880695348377
2,399,cold,346.35555555555555,5.847465864633186,<UNK>,the,6.02707297457535
2,400,and,337.9130434782609,5.822788594568181,cold,<UNK>,5.698769932832657
2,401,<UNK>,333.7717391304348,5.810457343564544,and,cold,5.697093486505405
2,402,wished,346.0769230769231,5.846661071379636,<UNK>,and,5.831882477283517
2,403,he,332.67391304347825,5.807162770101941,wished,<UNK>,5.697093486505405
2,404,could,330.9021739130435,5.801822784603911,he,wished,5.29162837839724
2,405,<UNK>,316.3736263736264,5.756923877089371,could,he,5.705447753975262
2,406,not,318.64130434782606,5.764066032349275,<UNK>,could,5.707110264748875
2,407,in,321.4065934065934,5.772706967737027,not,<UNK>,5.698769932832657
2,408,the,324.5164835164835,5.782336331515004,in,not,5.695414224985685
2,409,sky,322.57142857142856,5.776324595654294,the,in,5.794536837924666
2,410,but,313.6304347826087,5.7482153334566775,sky,the,5.700443573390687
2,411,<UNK>,330.9010989010989,5.8018195358682565,but,sky,5.695414224985685
2,412,<UNK>,342.2111111111111,5.835427830571851,<UNK>,but,5.700443573390687
2,413,to,307.4945054945055,5.728457218776382,<UNK>,<UNK>,4.213607983048918
2,414,earth,310.13186813186815,5.736997588100856,to,<UNK>,5.414617822244197
2,415,then,367.5978260869565,5.9069894766636,earth,to,5.698769932832657
2,416,aqua,349.16483516483515,5.8555441177631185,then,earth,5.695414224985685
2,417,heard,351.95652173913044,5.863507650182586,aqua,then,5.695414224985685
2,418,the,313.9782608695652,5.749323750612072,heard,aqua,5.695414224985685
2,419,wind,316.8369565217391,5.758387308823833,the,heard,5.702114417555504
2,420,<UNK>,310.7608695652174,5.739023708267317,wind,the,5.294978465282522
2,421,and,328.3626373626374,5.794118599372031,<UNK>,wind,5.697093486505405
2,422,<UNK>,386.2608695652174,5.956512969085169,and,<UNK>,2.645901983305224
2,423,that,381.20652173913044,5.943341280078427,<UNK>,and,4.733270188615407
2,424,<UNK>,344.0,5.840641657373398,that,<UNK>,3.905850146321065
2,425,the,335.2826086956522,5.814973784234519,<UNK>,that,4.812184355372417
2,426,wind,320.7282608695652,5.770594225266088,the,<UNK>,5.495801171081669
2,427,could,330.18888888888887,5.7996648812799165,wind,the,5.700443573390687
2,428,take,312.30434782608694,5.743978186145652,could,wind,5.695414224985685
2,429,him,311.9347826086956,5.742794135859311,take,could,5.695414224985685
2,430,back,309.83516483516485,5.736040429724432,him,take,5.695414224985685
2,431,down,295.6304347826087,5.689110143119864,back,him,5.695414224985685
2,432,to,309.6043956043956,5.735295339303402,down,back,5.695414224985685
2,433,the,302.0217391304348,5.710498998659767,to,down,5.293304824724492
2,434,ocean,322.07608695652175,5.7747878125271965,the,to,5.749392985908253
2,435,<UNK>,364.010989010989,5.897184056771673,ocean,the,5.707110264748875
2,436,the,328.5111111111111,5.79457066113077,<UNK>,ocean,5.695414224985685
2,437,wind,317.0769230769231,5.759144403988867,the,<UNK>,5.495801171081669
2,438,took,315.6,5.75447558897172,wind,the,5.700443573390687
2,439,<UNK>,322.3478260869565,5.775631167781528,took,wind,5.695414224985685
2,440,on,303.2111111111111,5.714429299241589,<UNK>,took,5.695414224985685
2,441,him,306.7912087912088,5.726167414555854,on,<UNK>,5.739792912179234
2,442,and,290.2282608695652,5.670667719821468,him,on,5.695414224985685
2,443,<UNK>,303.7802197802198,5.716304478694435,and,him,5.695414224985685
2,444,him,340.34065934065933,5.829947055241347,<UNK>,and,5.831882477283517
2,445,together,355.3076923076923,5.872984152969068,him,<UNK>,5.71042701737487
2,446,with,325.1521739130435,5.784293300170232,together,him,5.695414224985685
2,447,all,317.4021739130435,5.760169657196275,with,together,5.695414224985685
2,448,of,299.5217391304348,5.702186999664046,all,with,5.293304824724492
2,449,his,287.7142857142857,5.661967924223195,of,all,5.698769932832657
2,450,brothers,338.7692307692308,5.825319140381034,his,of,5.702114417555504
2,451,and,315.74444444444447,5.754933166283869,brothers,his,5.698769932832657
2,452,<UNK>,297.8181818181818,5.69648317217459,and,brothers,5.695414224985685
2,453,into,335.8333333333333,5.816615005152729,<UNK>,and,5.1387352967235715
2,454,a,296.31111111111113,5.691409953407685,into,<UNK>,5.028802598051705
2,455,heavy,295.4725274725275,5.688575862888092,a,into,5.702114417555504
2,456,<UNK>,299.97777777777776,5.703708397838507,heavy,a,5.695414224985685
2,457,<UNK>,342.54945054945057,5.836416028446601,<UNK>,heavy,5.698769932832657
2,458,after,337.032967032967,5.820180750591447,<UNK>,<UNK>,5.823045895483019
2,459,which,373.7362637362637,5.923550371484391,after,<UNK>,5.698769932832657
2,460,he,321.86813186813185,5.774141933304929,which,after,5.695414224985685
2,461,<UNK>,338.64835164835165,5.824962258229465,he,which,5.695414224985685
2,462,them,308.79347826086956,5.732672698306063,<UNK>,he,5.738183901373533
2,463,<UNK>,304.44565217391306,5.718492589032633,them,<UNK>,5.703782474656201
2,464,and,340.60869565217394,5.830734298296627,<UNK>,them,5.695414224985685
2,465,told,322.5217391304348,5.776170542120386,and,<UNK>,5.498533413218542
2,466,them,308.23333333333335,5.730857071915484,told,and,5.698769932832657
2,467,to,292.02197802197804,5.6768290666344035,them,told,5.695414224985685
2,468,<UNK>,312.82608695652175,5.745647403392319,to,them,5.695414224985685
2,469,down,293.73333333333335,5.682672326260079,<UNK>,to,5.820082930352362
2,470,fast,320.7912087912088,5.770790471599434,down,<UNK>,5.705447753975262
2,471,and,317.42857142857144,5.760252821144262,fast,down,5.695414224985685
2,472,<UNK>,322.1098901098901,5.774892760957007,and,fast,5.29162837839724
2,473,to,317.1195652173913,5.759278880105716,<UNK>,and,4.915591745409362
2,474,the,289.3296703296703,5.667566765761191,to,<UNK>,3.8741727812970486
2,475,earth,288.42857142857144,5.664447469257524,the,to,5.749392985908253
2,476,so,307.6847826086956,5.729075825819686,earth,the,5.298317366548036
2,477,they,297.2717391304348,5.694646667061344,so,earth,5.697093486505405
2,478,could,287.92391304347825,5.662696254410147,they,so,5.698769932832657
2,479,have,292.4725274725275,5.678370739090008,could,they,5.29162837839724
2,480,a,295.20652173913044,5.68767518509451,have,could,5.698769932832657
2,481,<UNK>,327.79347826086956,5.792383770629413,a,have,5.0072963928307415
2,482,<UNK>,305.4673913043478,5.721843034140023,<UNK>,a,2.8249715391611123
2,483,of,305.9891304347826,5.72354957986652,<UNK>,<UNK>,3.9259259105971376
2,484,<UNK>,308.8666666666667,5.732909684314438,of,<UNK>,2.923444506170187
2,485,the,290.02222222222224,5.669957548397208,<UNK>,of,5.7698822763607245
2,486,ocean,305.2637362637363,5.721176112023342,the,<UNK>,5.901266279189834
2,487,down,354.967032967033,5.872024920281609,ocean,the,5.707110264748875
2,488,they,333.0444444444444,5.808275947874677,down,ocean,5.695414224985685
2,489,went,327.22222222222223,5.790639518749468,they,down,5.695414224985685
2,490,<UNK>,298.54945054945057,5.698935582594224,went,they,5.695414224985685
2,491,over,305.1521739130435,5.720810583045231,<UNK>,went,5.697093486505405
2,492,each,322.2087912087912,5.775199755314133,over,<UNK>,5.703782474656201
2,493,other,311.65555555555557,5.741898589361193,each,over,5.695414224985685
2,494,until,318.1847826086956,5.76263229140592,other,each,5.698769932832657
2,495,with,311.10869565217394,5.7401423548217805,until,other,5.695414224985685
2,496,a,304.15555555555557,5.717539266440947,with,until,5.695414224985685
2,497,<UNK>,300.46666666666664,5.705336821588438,a,with,4.456007047671872
2,498,and,309.64835164835165,5.735437304096372,<UNK>,a,4.388947077518456
2,499,<UNK>,324.3777777777778,5.781908817360258,and,<UNK>,2.645901983305224
2,500,and,315.20652173913044,5.753228048566406,<UNK>,and,5.426417369175352
2,501,<UNK>,328.2173913043478,5.793676167210475,and,<UNK>,2.645901983305224
2,502,they,317.83516483516485,5.7615328988156405,<UNK>,and,5.831882477283517
2,503,<UNK>,346.14285714285717,5.846851571761213,they,<UNK>,5.015622835607295
2,504,the,310.7977528089888,5.739142388123044,<UNK>,they,5.707110264748875
2,505,ground,314.7032967032967,5.7516302797171015,the,<UNK>,5.901266279189834
2,506,and,334.6703296703297,5.813145956753735,ground,the,5.293304824724492
2,507,all,316.44444444444446,5.757147695195647,and,ground,5.697093486505405
2,508,the,309.85555555555555,5.736106239070053,all,and,5.0056227522727115
2,509,people,322.14606741573033,5.77500506820215,the,all,5.7120812774708964
2,510,that,310.1777777777778,5.7371456098067775,people,the,5.70877001616724
2,511,the,295.6703296703297,5.689245082528638,that,people,5.695414224985685
2,512,<UNK>,331.0888888888889,5.802386885817019,the,that,3.874401013638562
2,513,fell,325.74725274725273,5.786121782346222,<UNK>,the,5.621607866467185
2,514,on,333.4782608695652,5.809577678432152,fell,<UNK>,5.697093486505405
2,515,cried,328.6195652173913,5.7949007449669745,on,fell,5.697093486505405
2,516,its,388.8666666666667,5.9632365256514275,cried,on,5.695414224985685
2,517,<UNK>,359.9021739130435,5.8858322553919535,its,cried,5.695414224985685
2,518,and,344.53846153846155,5.842205728745763,<UNK>,its,5.703782474656201
2,519,took,333.0888888888889,5.808409387960276,and,<UNK>,5.903998521326706
2,520,out,323.4347826086956,5.778997494262192,took,and,5.695414224985685
2,521,their,343.2307692307692,5.838403017530941,out,took,5.695414224985685
2,522,<UNK>,318.34065934065933,5.76312206518339,their,out,5.695414224985685
2,523,some,332.31868131868134,5.806094392012928,<UNK>,their,5.70877001616724
2,524,of,318.4021739130435,5.763315281563263,some,<UNK>,5.698769932832657
2,525,the,301.44565217391306,5.708589741789149,of,some,5.0056227522727115
2,526,drops,300.95652173913044,5.70696580826614,the,of,5.8126368795682835
2,527,that,331.6923076923077,5.804207755127297,drops,the,5.695414224985685
2,528,were,289.6777777777778,5.6687691941278295,that,drops,5.698769932832657
2,529,the,308.43956043956047,5.731525909855329,were,that,5.298317366548036
2,530,most,314.4782608695652,5.750914950920131,the,were,5.29162837839724
2,531,<UNK>,345.6777777777778,5.845507063049953,most,the,4.456007047671872
2,532,including,402.75824175824175,5.99833648555532,<UNK>,most,5.705447753975262
2,533,aqua,343.9347826086956,5.840452053959969,including,<UNK>,5.698769932832657
2,534,fell,360.9673913043478,5.888787625456169,aqua,including,5.695414224985685
2,535,on,336.95652173913044,5.819953906418243,fell,aqua,5.695414224985685
2,536,a,320.0,5.768320995793772,on,fell,5.697093486505405
2,537,<UNK>,433.1208791208791,6.071016855603678,a,on,5.697093486505405
2,538,and,392.1195652173913,5.971566806593032,<UNK>,a,4.388947077518456
2,539,down,355.2608695652174,5.872852363455558,and,<UNK>,5.903998521326706
2,540,the,323.4065934065934,5.778910334710669,down,and,5.698769932832657
2,541,<UNK>,323.7362637362637,5.779929183499771,the,down,5.29162837839724
2,542,<UNK>,330.9782608695652,5.802052696089003,<UNK>,the,2.6426827112295754
2,543,they,345.8021978021978,5.845866928932283,<UNK>,<UNK>,5.312220271717028
2,544,<UNK>,332.3076923076923,5.806061323776619,they,<UNK>,5.015622835607295
2,545,together,386.1868131868132,5.956321224374725,<UNK>,they,5.707110264748875
2,546,they,345.6043956043956,5.845294755611737,together,<UNK>,5.697093486505405
2,547,<UNK>,339.27472527472526,5.826810178224936,they,together,5.695414224985685
2,548,into,333.94444444444446,5.8109746451429976,<UNK>,they,5.707110264748875
2,549,a,317.85714285714283,5.761602045545027,into,<UNK>,5.028802598051705
2,550,<UNK>,313.8,5.748755840298932,a,into,5.0089672369955585
2,551,brook,342.3736263736264,5.835902615522989,<UNK>,a,5.893024474294729
2,552,which,354.1573033707865,5.8697411742396755,brook,<UNK>,5.695414224985685
2,553,came,353.7032967032967,5.868458416788006,which,brook,5.695414224985685
2,554,<UNK>,352.3076923076923,5.864504919646694,came,which,5.695414224985685
2,555,and,333.31111111111113,5.80907632142504,<UNK>,came,5.695414224985685
2,556,<UNK>,388.65934065934067,5.962703228989229,and,<UNK>,2.645901983305224
2,557,along,345.67391304347825,5.845495882823302,<UNK>,and,5.831882477283517
2,558,<UNK>,337.65934065934067,5.822037519370901,along,<UNK>,5.698769932832657
2,559,over,331.7,5.804230945953007,<UNK>,along,5.695414224985685
2,560,<UNK>,335.54945054945057,5.8157693391403855,over,<UNK>,5.703782474656201
2,561,and,326.17391304347825,5.787430714712683,<UNK>,over,5.695414224985685
2,562,<UNK>,309.2696629213483,5.734213591858741,and,<UNK>,2.645901983305224
2,563,down,332.2967032967033,5.806028254446766,<UNK>,and,5.831882477283517
2,564,the,338.25274725274727,5.823793388977256,down,<UNK>,5.705447753975262
2,565,<UNK>,330.3333333333333,5.800102245661878,the,down,5.29162837839724
2,566,until,349.47777777777776,5.856439976756186,<UNK>,the,6.02707297457535
2,567,in,337.4673913043478,5.821468887287242,until,<UNK>,5.702114417555504
2,568,the,296.9891304347826,5.693695540270297,in,until,5.695414224985685
2,569,valley,289.07608695652175,5.666689930127378,the,in,5.794536837924666
2,570,below,300.7362637362637,5.706233680449347,valley,the,5.695414224985685
2,571,they,296.5111111111111,5.692084691972101,below,valley,5.695414224985685
2,572,heard,307.7,5.729125282327996,they,below,5.695414224985685
2,573,the,302.8901098901099,5.713370066097382,heard,they,5.695414224985685
2,574,<UNK>,334.010989010989,5.8111738936659725,the,heard,5.296649309447339
2,575,<UNK>,353.1666666666667,5.866940089040244,<UNK>,the,2.6426827112295754
2,576,<UNK>,356.35164835164835,5.875918019590748,<UNK>,<UNK>,2.4908413853078146
2,577,the,371.31111111111113,5.917040285623823,<UNK>,<UNK>,3.455922281351402
2,578,little,352.44565217391306,5.8648964321356045,the,<UNK>,5.901266279189834
2,579,water,326.0,5.786897381366708,little,the,5.731721843345443
2,580,drops,319.1758241758242,5.765742123909783,water,little,5.293304824724492
2,581,were,312.967032967033,5.746097859009062,drops,water,5.301645156640712
2,582,then,317.5978260869565,5.760785884535186,were,drops,5.697093486505405
2,583,able,318.6521739130435,5.764100143996701,then,were,5.695414224985685
2,584,to,302.0769230769231,5.710681697116473,able,then,5.695414224985685
2,585,make,304.65934065934067,5.719194236521025,to,able,5.700443573390687
2,586,out,311.7717391304348,5.7422713147045155,make,to,5.703782474656201
2,587,a,310.82608695652175,5.739233549837702,out,make,5.695414224985685
2,588,<UNK>,308.5888888888889,5.732009934384203,a,out,5.695414224985685
2,589,mill,361.9230769230769,5.8914316945579435,<UNK>,a,5.893024474294729
2,590,that,358.43956043956047,5.881760055700013,mill,<UNK>,5.698769932832657
2,591,was,364.1847826086956,5.897661383358231,that,mill,5.695414224985685
2,592,<UNK>,337.8791208791209,5.822688200982823,was,that,4.613468988802786
2,593,on,315.7608695652174,5.754985185231017,<UNK>,was,5.780743515792329
2,594,the,326.4835164835165,5.788379461939804,on,<UNK>,3.948033442951179
2,595,<UNK>,321.64130434782606,5.773436962975252,the,on,3.951243718581427
2,596,<UNK>,347.6179775280899,5.851104111064471,<UNK>,the,2.6426827112295754
2,597,the,327.29347826086956,5.790857255432869,<UNK>,<UNK>,3.455922281351402
2,598,mill,314.81111111111113,5.751972811698992,the,<UNK>,5.901266279189834
2,599,the,304.7692307692308,5.719554869796959,mill,the,5.695414224985685
2,600,water,321.05494505494505,5.771612276877845,the,mill,5.695414224985685
2,601,drops,298.27472527472526,5.698014958714504,water,the,4.792479284293085
2,602,saw,308.7391304347826,5.732496682252944,drops,water,5.707110264748875
2,603,two,307.15555555555557,5.72735431488102,saw,drops,5.695414224985685
2,604,great,326.9782608695652,5.789893688166118,two,saw,5.695414224985685
2,605,<UNK>,328.6304347826087,5.794933820859613,great,two,5.695414224985685
2,606,which,327.989010989011,5.79298010474062,<UNK>,great,5.698769932832657
2,607,the,335.3956043956044,5.815310743744507,which,<UNK>,5.713732805509369
2,608,big,330.38461538461536,5.800257476956819,the,which,5.697093486505405
2,609,<UNK>,318.34444444444443,5.763133955217452,big,the,5.0072963928307415
2,610,<UNK>,331.35555555555555,5.803191984820588,<UNK>,big,5.700443573390687
2,611,<UNK>,333.1630434782609,5.808631990210493,<UNK>,<UNK>,2.4908413853078146
2,612,round,330.8333333333333,5.801614723893236,<UNK>,<UNK>,6.2285110035911835
2,613,and,340.54945054945057,5.830560344264944,round,<UNK>,5.697093486505405
2,614,round,352.93333333333334,5.8662791816848365,and,round,5.695414224985685
2,615,the,352.8901098901099,5.866156705040876,round,and,5.695414224985685
2,616,<UNK>,355.70786516853934,5.874109790513544,the,round,5.695414224985685
2,617,<UNK>,370.94505494505495,5.916053951761008,<UNK>,the,2.6426827112295754
2,618,by,344.032967032967,5.8407374871797355,<UNK>,<UNK>,4.975748035095815
2,619,the,314.5280898876405,5.751073388169992,by,<UNK>,3.661957796547672
2,620,<UNK>,344.82022471910113,5.843023193447223,the,by,4.230880695348377
2,621,were,360.0769230769231,5.886317683838534,<UNK>,the,6.02707297457535
2,622,busy,340.3736263736264,5.83004391535927,were,<UNK>,5.718671087149952
2,623,<UNK>,352.2717391304348,5.864402863936054,busy,were,5.695414224985685
2,624,the,335.9120879120879,5.816849482609886,<UNK>,busy,5.697093486505405
2,625,<UNK>,316.6629213483146,5.757837868535422,the,<UNK>,2.9055340056358423
2,626,into,339.2608695652174,5.826769338187612,<UNK>,the,5.333925794015404
2,627,<UNK>,336.60869565217394,5.818921115208444,into,<UNK>,5.316484670503486
2,628,and,326.1666666666667,5.787408498168022,<UNK>,into,5.698769932832657
2,629,the,308.38461538461536,5.73134775518097,and,<UNK>,3.958088372271393
2,630,<UNK>,320.5326086956522,5.7699840143853995,the,and,4.031824205240767
2,631,into,311.6521739130435,5.741887738725617,<UNK>,the,5.333925794015404
2,632,golden,319.74725274725273,5.767530848544802,into,<UNK>,5.72194977861165
2,633,<UNK>,323.1,5.777961872830453,golden,into,5.695414224985685
2,634,but,355.4835164835165,5.873478881033332,<UNK>,golden,5.698769932832657
2,635,what,352.65934065934067,5.865502550356696,but,<UNK>,5.730099782973574
2,636,<UNK>,340.02197802197804,5.829010256762164,what,but,5.695414224985685
2,637,do,380.17391304347825,5.9406288139272245,<UNK>,what,5.698769932832657
2,638,you,389.8695652173913,5.965812235022898,do,<UNK>,5.695414224985685
2,639,<UNK>,367.67391304347825,5.907196439484947,you,do,5.700443573390687
2,640,it,348.5054945054945,5.853653996232663,<UNK>,you,5.703782474656201
2,641,was,306.79347826086956,5.726174811968822,it,<UNK>,4.474084779091829
2,642,who,319.8222222222222,5.767765285860049,was,it,5.776103136235827
2,643,could,335.56666666666666,5.815820645067268,who,was,5.695414224985685
2,644,<UNK>,317.4835164835165,5.760425900397684,could,who,5.697093486505405
2,645,and,329.13186813186815,5.796458485450982,<UNK>,could,5.707110264748875
2,646,<UNK>,341.8478260869565,5.834365685079546,and,<UNK>,2.645901983305224
2,647,that,334.57608695652175,5.812864318445066,<UNK>,and,4.733270188615407
2,648,<UNK>,353.5978260869565,5.868160182800462,that,<UNK>,3.905850146321065
2,649,<UNK>,363.0,5.8944028342648505,<UNK>,that,5.035327906686628
2,650,no,365.70652173913044,5.901831158573378,<UNK>,<UNK>,6.2285110035911835
2,651,<UNK>,366.14285714285717,5.903023577308758,no,<UNK>,5.294978465282522
2,652,at,320.45652173913044,5.769746609558183,<UNK>,no,5.71042701737487
2,653,all,333.5326086956522,5.809740637774157,at,<UNK>,5.72194977861165
2,654,it,313.94505494505495,5.749217986345306,all,at,5.700443573390687
2,655,was,302.4673913043478,5.711973474319346,it,all,5.695414224985685
2,656,just,301.9891304347826,5.710391024789338,was,it,5.3706380281276624
2,657,our,292.6222222222222,5.678882433146531,just,was,5.700443573390687
2,658,<UNK>,309.0108695652174,5.733376452865528,our,just,5.695414224985685
2,659,little,314.44565217391306,5.750811254129454,<UNK>,our,5.695414224985685
2,660,water,315.2282608695652,5.7532970140836746,little,<UNK>,5.702114417555504
2,661,drops,331.0,5.802118375377063,water,little,5.293304824724492
2,662,who,341.9891304347826,5.834778954203099,drops,water,5.707110264748875
2,663,<UNK>,331.39130434782606,5.8032998655046555,who,drops,5.695414224985685
2,664,on,319.3076923076923,5.766155190591502,<UNK>,who,5.700443573390687
2,665,it,316.5,5.757323241584231,on,<UNK>,5.739792912179234
2,666,by,310.5274725274725,5.738272375808903,it,on,5.695414224985685
2,667,hundreds,322.6703296703297,5.77663115082811,by,it,5.695414224985685
2,668,and,325.07608695652175,5.784059268641774,hundreds,by,5.695414224985685
2,669,thousands,362.80434782608694,5.893863702254308,and,hundreds,5.695414224985685
2,670,and,326.8131868131868,5.789388713497296,thousands,and,5.695414224985685
2,671,<UNK>,345.04395604395603,5.843671817738606,and,thousands,5.695414224985685
2,672,it,323.032967032967,5.777754383131912,<UNK>,and,5.831882477283517
2,673,over,342.53333333333336,5.836368976567619,it,<UNK>,5.726847747587197
2,674,and,296.29213483146066,5.691345909615192,over,it,5.695414224985685
2,675,over,310.3296703296703,5.737635185090328,and,over,5.698769932832657
2,676,it,316.64835164835165,5.757791857353917,over,and,5.695414224985685
2,677,was,336.3736263736264,5.818222525422608,it,over,5.697093486505405
2,678,<UNK>,310.42045454545456,5.737927683513747,was,it,4.523340167740459
2,679,for,301.55555555555554,5.708954263058595,<UNK>,was,5.780743515792329
2,680,the,326.43333333333334,5.788225742058639,for,<UNK>,4.490240219314114
2,681,water,309.3478260869565,5.734466294594803,the,for,5.717027701406222
2,682,drops,315.4888888888889,5.754123463893254,water,the,4.792479284293085
2,683,that,310.6222222222222,5.738577454266754,drops,water,5.301645156640712
2,684,the,291.0888888888889,5.6736286806273295,that,drops,5.698769932832657
2,685,brook,288.1777777777778,5.663577573645193,the,that,5.746203190540153
2,686,where,312.3222222222222,5.744035418408886,brook,the,5.697093486505405
2,687,they,318.0681818181818,5.762265768031293,where,brook,5.695414224985685
2,688,were,322.2247191011236,5.775249187542845,they,where,5.698769932832657
2,689,<UNK>,316.8241758241758,5.7583469696049265,were,they,5.304961909266705
2,690,next,311.032967032967,5.739898909882716,<UNK>,were,5.726847747587197
2,691,<UNK>,333.8241758241758,5.810614434681114,next,<UNK>,5.695414224985685
2,692,into,363.44565217391306,5.895629773206493,<UNK>,next,5.698769932832657
2,693,a,327.1111111111111,5.7902999025125474,into,<UNK>,5.028802598051705
2,694,beautiful,325.7362637362637,5.7860880470000104,a,into,5.702114417555504
2,695,pond,319.1208791208791,5.765569962421883,beautiful,a,5.698769932832657
2,696,where,326.2,5.787510690186913,pond,beautiful,5.695414224985685
2,697,<UNK>,331.76666666666665,5.804431910583908,where,pond,5.697093486505405
2,698,and,331.60674157303373,5.803949753491855,<UNK>,where,5.695414224985685
2,699,<UNK>,319.3369565217391,5.766246835339864,and,<UNK>,2.645901983305224
2,700,were,312.5217391304348,5.7446740319743,<UNK>,and,5.426417369175352
2,701,<UNK>,313.0989010989011,5.746519118581395,were,<UNK>,4.465908118654584
2,702,<UNK>,322.31868131868134,5.775540749656931,<UNK>,were,5.726847747587197
2,703,aqua,330.94444444444446,5.8019505197325225,<UNK>,<UNK>,6.2285110035911835
2,704,liked,339.0326086956522,5.82609629359704,aqua,<UNK>,5.698769932832657
2,705,to,327.1978021978022,5.790564887706651,liked,aqua,5.697093486505405
2,706,play,301.2111111111111,5.707811384724459,to,liked,5.697093486505405
2,707,<UNK>,335.9782608695652,5.8170464580771215,play,to,5.698769932832657
2,708,in,363.75,5.8964668184857025,<UNK>,play,5.695414224985685
2,709,this,317.84615384615387,5.761567472777992,in,<UNK>,5.780743515792329
2,710,pond,314.74444444444447,5.7517610220758915,this,in,5.698769932832657
2,711,and,300.46153846153845,5.705319753975087,pond,this,5.697093486505405
2,712,it,302.67391304347825,5.712656031420191,and,pond,5.697093486505405
2,713,was,309.6304347826087,5.735379440445491,it,and,5.0089672369955585
2,714,his,286.6666666666667,5.658320100579444,was,it,5.776103136235827
2,715,brother,324.86813186813185,5.783419351893649,his,was,5.695414224985685
2,716,water,345.8369565217391,5.84596744007123,brother,his,5.293304824724492
2,717,<UNK>,393.9120879120879,5.976127757274693,water,brother,5.697093486505405
2,718,who,378.3736263736264,5.935882137004606,<UNK>,water,5.698769932832657
2,719,he,330.1868131868132,5.799658594852148,who,<UNK>,5.718671087149952
2,720,<UNK>,338.3736263736264,5.824150688446732,he,who,5.695414224985685
2,721,by,328.8695652173913,5.795661213849199,<UNK>,he,5.738183901373533
2,722,<UNK>,336.3369565217391,5.818113504239187,by,<UNK>,4.48863636973214
2,723,to,326.45054945054943,5.788278480739051,<UNK>,by,5.7120812774708964
2,724,a,320.7802197802198,5.770756215052147,to,<UNK>,5.820082930352362
2,725,big,309.0,5.733341276897746,a,to,5.703782474656201
2,726,<UNK>,325.8695652173913,5.7864971946075485,big,a,5.695414224985685
2,727,of,316.010989010989,5.755776988333495,<UNK>,big,5.294978465282522
2,728,water,317.3296703296703,5.759941202977863,of,<UNK>,5.462418377228463
2,729,and,320.6703296703297,5.7704135850207,water,of,5.698769932832657
2,730,<UNK>,353.6630434782609,5.868344605251345,and,water,5.695414224985685
2,731,to,338.4130434782609,5.824267171546754,<UNK>,and,4.915591745409362
2,732,hide,299.9120879120879,5.703489391418464,to,<UNK>,5.820082930352362
2,733,there,317.53846153846155,5.760598949699862,hide,to,5.697093486505405
2,734,but,324.1978021978022,5.781353830123145,there,hide,5.695414224985685
2,735,then,341.8369565217391,5.834333888071642,but,there,5.695414224985685
2,736,<UNK>,354.3695652173913,5.870340338117194,then,but,5.700443573390687
2,737,<UNK>,319.57142857142856,5.7669808124348165,<UNK>,then,5.703782474656201
2,738,a,311.31868131868134,5.740817086307712,<UNK>,<UNK>,4.975748035095815
2,739,<UNK>,307.4175824175824,5.728207026663276,a,<UNK>,3.4420193761824103
2,740,into,307.5652173913044,5.728687153836276,<UNK>,a,5.893024474294729
2,741,an,317.1630434782609,5.759415974392526,into,<UNK>,5.72194977861165
2,742,<UNK>,317.7362637362637,5.761221679351538,an,into,5.695414224985685
2,743,little,321.4347826086956,5.772794669627951,<UNK>,an,5.720311776607412
2,744,<UNK>,324.2087912087912,5.781387725555738,little,<UNK>,5.296649309447339
2,745,his,356.03333333333336,5.87502435942754,<UNK>,little,5.70877001616724
2,746,brother,356.8369565217391,5.877278973037512,his,<UNK>,5.720311776607412
2,747,had,340.95652173913044,5.8317549669231274,brother,his,5.698769932832657
2,748,<UNK>,344.6703296703297,5.842588394013994,had,brother,5.695414224985685
2,749,<UNK>,391.25274725274727,5.969353763561972,<UNK>,had,4.817050545023591
2,750,and,359.35555555555555,5.884312303807624,<UNK>,<UNK>,3.487670979665982
2,751,even,366.6847826086956,5.904502576012486,and,<UNK>,4.987707789452551
2,752,<UNK>,318.8131868131868,5.764605309966453,even,and,5.294978465282522
2,753,aqua,315.5824175824176,5.754419876337472,<UNK>,even,5.698769932832657
2,754,as,346.9891304347826,5.849293455060801,aqua,<UNK>,5.698769932832657
2,755,he,307.9230769230769,5.7298500015310365,as,aqua,5.695414224985685
2,756,entered,301.30434782608694,5.7081208762547995,he,as,5.702114417555504
2,757,the,342.3296703296703,5.83577422109513,entered,he,5.695414224985685
2,758,big,306.8804347826087,5.726458208477857,the,entered,5.697093486505405
2,759,<UNK>,299.8152173913044,5.703166342856995,big,the,5.0072963928307415
2,760,of,297.35164835164835,5.694915439610075,<UNK>,big,5.294978465282522
2,761,water,297.7826086956522,5.6963637192687555,of,<UNK>,5.462418377228463
2,762,so,334.1208791208791,5.81150284103736,water,of,5.293304824724492
2,763,when,299.34065934065933,5.701582253746599,so,water,5.698769932832657
2,764,he,293.7142857142857,5.682607477519743,when,so,5.695414224985685
2,765,<UNK>,303.1098901098901,5.7140954133891855,he,when,5.0089672369955585
2,766,there,324.2826086956522,5.7816153846648355,<UNK>,he,5.738183901373533
2,767,and,351.16483516483515,5.861255729085083,there,<UNK>,5.700443573390687
2,768,could,320.56043956043953,5.770070837553676,and,there,5.695414224985685
2,769,not,299.14285714285717,5.700921242375169,could,and,5.697093486505405
2,770,find,319.6629213483146,5.767267069822338,not,could,5.301645156640712
2,771,him,306.02222222222224,5.7236577209568065,find,not,5.697093486505405
2,772,he,319.8695652173913,5.767913304003115,him,find,5.695414224985685
2,773,was,313.9673913043478,5.749289131166326,he,him,5.697093486505405
2,774,<UNK>,315.05555555555554,5.752748990117864,was,he,4.794136285500715
2,775,<UNK>,320.1195652173913,5.768694567311591,<UNK>,was,4.075995423553904
2,776,and,315.5217391304348,5.754227583348987,<UNK>,<UNK>,3.487670979665982
2,777,gave,310.75824175824175,5.739015252189531,and,<UNK>,5.903998521326706
2,778,up,324.9347826086956,5.78362449329672,gave,and,5.695414224985685
2,779,aqua,330.6373626373626,5.801022193633322,up,gave,5.697093486505405
2,780,liked,334.2826086956522,5.811986769026598,aqua,up,5.695414224985685
2,781,this,310.1777777777778,5.7371456098067775,liked,aqua,5.697093486505405
2,782,pond,333.9673913043478,5.811043357385195,this,liked,5.695414224985685
2,783,where,328.5888888888889,5.794807391546661,pond,this,5.697093486505405
2,784,he,323.72527472527474,5.779895238592353,where,pond,5.697093486505405
2,785,could,306.2258064516129,5.724322759396652,he,where,5.698769932832657
2,786,play,298.7096774193548,5.699472123155079,could,he,5.705447753975262
2,787,all,319.89130434782606,5.767981264178478,play,could,5.695414224985685
2,788,day,285.6989247311828,5.654938545600603,all,play,5.695414224985685
2,789,so,310.0,5.736572297479192,day,all,5.697093486505405
2,790,he,324.1868131868132,5.781319933541611,so,day,5.29162837839724
2,791,<UNK>,337.64516129032256,5.821995525369737,he,so,5.0072963928307415
2,792,a,320.16129032258067,5.768824901070245,<UNK>,he,5.738183901373533
2,793,good,310.24175824175825,5.737351858838256,a,<UNK>,5.339139361068292
2,794,while,308.4130434782609,5.73143993482289,good,a,5.697093486505405
2,795,<UNK>,321.7912087912088,5.773902915326225,while,good,5.695414224985685
2,796,up,353.2967032967033,5.867308223148916,<UNK>,while,5.697093486505405
2,797,and,295.989010989011,5.690322328597784,up,<UNK>,5.309916502391388
2,798,down,302.92391304347825,5.713481661907726,and,up,5.29162837839724
2,799,taking,307.35483870967744,5.72800290654999,down,and,5.698769932832657
2,800,the,302.05434782608694,5.710606960873097,taking,down,5.695414224985685
2,801,<UNK>,323.7391304347826,5.779938038503513,the,taking,5.695414224985685
2,802,<UNK>,330.7173913043478,5.801264207974033,<UNK>,the,2.6426827112295754
2,803,for,362.6043956043956,5.8933124207083765,<UNK>,<UNK>,4.975748035095815
2,804,<UNK>,338.4945054945055,5.824507860298893,for,<UNK>,5.337538079701318
2,805,and,344.86813186813185,5.84316211749502,<UNK>,for,5.303304908059076
2,806,the,331.9010989010989,5.804837029660788,and,<UNK>,3.958088372271393
2,807,<UNK>,350.81720430107526,5.860265302342992,the,and,4.031824205240767
2,808,for,335.32608695652175,5.815103452284494,<UNK>,the,5.110782242701195
2,809,<UNK>,340.5054945054945,5.830431262039387,for,<UNK>,5.337538079701318
2,810,but,345.06451612903226,5.843731402820985,<UNK>,for,5.70877001616724
2,811,after,381.64516129032256,5.944491279768516,but,<UNK>,5.730099782973574
2,812,a,343.3695652173913,5.838807316747091,after,but,5.29162837839724
2,813,time,307.1304347826087,5.727272526354646,a,after,5.697093486505405
2,814,he,301.1505376344086,5.707610264759293,time,a,5.697093486505405
2,815,tired,318.61290322580646,5.763976896422981,he,time,5.695414224985685
2,816,of,321.3370786516854,5.772490661429548,tired,he,5.695414224985685
2,817,the,326.22222222222223,5.787578812398187,of,tired,5.697093486505405
2,818,<UNK>,286.9130434782609,5.659179185454272,the,of,3.2476875221067463
2,819,life,312.94565217391306,5.746029540236697,<UNK>,the,6.02707297457535
2,820,and,289.7142857142857,5.668895215655761,life,<UNK>,5.695414224985685
2,821,he,304.9891304347826,5.72027613805362,and,life,5.695414224985685
2,822,and,299.20652173913044,5.701134043119217,he,and,5.702114417555504
2,823,his,308.2197802197802,5.730813100644165,and,he,5.697093486505405
2,824,brothers,306.53846153846155,5.7253432337627785,his,and,5.294978465282522
2,825,<UNK>,301.31868131868134,5.708168446599456,brothers,his,5.698769932832657
2,826,<UNK>,355.92391304347825,5.874716980603114,<UNK>,brothers,5.695414224985685
2,827,a,342.14285714285717,5.835228360789702,<UNK>,<UNK>,4.975748035095815
2,828,<UNK>,313.85714285714283,5.748937923329297,a,<UNK>,3.4420193761824103
2,829,for,343.6703296703297,5.839682853886606,<UNK>,a,5.893024474294729
2,830,a,297.8152173913044,5.696473218310748,for,<UNK>,4.490240219314114
2,831,long,293.80434782608694,5.682914062221453,a,for,5.705447753975262
2,832,<UNK>,308.65934065934067,5.732238211331418,long,a,5.695414224985685
2,833,until,339.0769230769231,5.826226993371214,<UNK>,long,5.697093486505405
2,834,they,302.2857142857143,5.711372643922877,until,<UNK>,5.702114417555504
2,835,saw,292.5934065934066,5.678783954475012,they,until,5.697093486505405
2,836,another,290.1630434782609,5.670442983885247,saw,they,5.695414224985685
2,837,brook,323.752688172043,5.779979916213385,another,saw,5.695414224985685
2,838,<UNK>,324.04347826086956,5.780877698952544,brook,another,5.695414224985685
2,839,down,351.7608695652174,5.862951596910713,<UNK>,brook,5.695414224985685
2,840,a,307.65934065934067,5.728993134043142,down,<UNK>,5.705447753975262
2,841,<UNK>,318.1630434782609,5.762563966727019,a,down,5.695414224985685
2,842,come,341.7826086956522,5.834174887864607,<UNK>,a,5.893024474294729
2,843,<UNK>,343.1847826086956,5.83826902691252,come,<UNK>,5.697093486505405
2,844,<UNK>,307.26881720430106,5.727722990522969,<UNK>,come,5.29162837839724
2,845,<UNK>,323.75555555555553,5.779988772883676,<UNK>,<UNK>,2.4908413853078146
2,846,cried,372.46153846153845,5.920133780036467,<UNK>,<UNK>,6.2285110035911835
2,847,aqua,339.5730337078652,5.8276890452415655,cried,<UNK>,5.697093486505405
2,848,and,340.31868131868134,5.8298824766168496,aqua,cried,5.695414224985685
2,849,because,326.83516483516485,5.789455960731779,and,aqua,5.700443573390687
2,850,the,307.0659340659341,5.72706249347206,because,and,5.695414224985685
2,851,water,318.86813186813185,5.764777637596168,the,because,5.695414224985685
2,852,drops,311.72527472527474,5.742122270188781,water,the,4.792479284293085
2,853,were,309.0326086956522,5.733446801089264,drops,water,5.301645156640712
2,854,all,303.1758241758242,5.714312915021305,were,drops,5.697093486505405
2,855,together,309.5888888888889,5.735245252469781,all,were,5.700443573390687
2,856,<UNK>,350.61538461538464,5.859689852344093,together,all,5.695414224985685
2,857,the,339.2043010752688,5.8266025838941635,<UNK>,together,5.695414224985685
2,858,brook,328.5978260869565,5.794834589899472,the,<UNK>,5.901266279189834
2,859,was,307.13978494623655,5.727302969515745,brook,the,5.697093486505405
2,860,<UNK>,354.9010989010989,5.871839156015927,was,brook,5.695414224985685
2,861,play,334.2717391304348,5.8119542524024705,<UNK>,was,5.780743515792329
2,862,it,367.5652173913044,5.906900765197586,play,<UNK>,5.695414224985685
2,863,was,352.6774193548387,5.865553812949338,it,play,5.695414224985685
2,864,by,328.6,5.794841205603168,was,it,5.776103136235827
2,865,the,295.2173913043478,5.6877120046235925,by,was,5.695414224985685
2,866,help,328.39784946236557,5.794225829025667,the,by,5.734958092124651
2,867,of,313.44086021505376,5.747610698625382,help,the,5.695414224985685
2,868,aqua,311.8021978021978,5.742369005355081,of,help,5.695414224985685
2,869,and,295.3369565217391,5.688116929994018,aqua,of,5.29162837839724
2,870,his,287.5108695652174,5.661260666706096,and,aqua,5.0072963928307415
2,871,brothers,279.4731182795699,5.632906110079137,his,and,5.294978465282522
2,872,that,289.1777777777778,5.667041647006438,brothers,his,5.698769932832657
2,873,the,283.0,5.645446897643238,that,brothers,5.695414224985685
2,874,<UNK>,290.3804347826087,5.671191907342831,the,that,3.874401013638562
2,875,<UNK>,368.494623655914,5.9094261217153985,<UNK>,the,2.6426827112295754
2,876,was,333.8494623655914,5.810690179895486,<UNK>,<UNK>,4.975748035095815
2,877,able,354.63440860215053,5.8710874239075626,was,<UNK>,5.728475087246572
2,878,to,302.3736263736264,5.711663426129054,able,was,5.29162837839724
2,879,<UNK>,295.2173913043478,5.6877120046235925,to,able,5.0072963928307415
2,880,heavy,301.9347826086956,5.710211042427124,<UNK>,to,5.820082930352362
2,881,<UNK>,321.8478260869565,5.774078844046596,heavy,<UNK>,5.695414224985685
2,882,though,370.73333333333335,5.915483026085354,<UNK>,heavy,5.698769932832657
2,883,not,422.72527472527474,6.046722499315522,though,<UNK>,5.698769932832657
2,884,so,349.2,5.855644823965447,not,though,5.695414224985685
2,885,long,313.83870967741933,5.748879190490281,so,not,5.697093486505405
2,886,ago,306.55434782608694,5.72539505719762,long,so,5.695414224985685
2,887,it,316.5111111111111,5.757358347164266,ago,long,5.695414224985685
2,888,was,297.27472527472526,5.694656712177981,it,ago,5.695414224985685
2,889,only,300.6666666666667,5.706002231394514,was,it,5.082955955675882
2,890,a,315.77777777777777,5.755038731320827,only,was,5.700443573390687
2,891,little,321.64444444444445,5.773446725655753,a,only,5.698769932832657
2,892,<UNK>,324.34065934065933,5.7817943811579395,little,a,5.2999826458670976
2,893,as,330.44444444444446,5.800438549683881,<UNK>,little,5.70877001616724
2,894,the,318.65934065934067,5.764122634556289,as,<UNK>,4.8283137373023015
2,895,<UNK>,323.7303370786517,5.779910876277114,the,as,4.327438444389479
2,896,grew,307.8068181818182,5.729472372497383,<UNK>,the,6.02707297457535
2,897,<UNK>,302.01149425287355,5.710465077090568,grew,<UNK>,5.695414224985685
2,898,and,305.7191011235955,5.722666710175397,<UNK>,grew,5.695414224985685
2,899,he,323.68131868131866,5.779759447438938,and,<UNK>,5.498533413218542
2,900,could,343.64044943820227,5.839595905644109,he,and,5.702114417555504
2,901,almost,326.05494505494505,5.787065910278241,could,he,5.705447753975262
2,902,see,301.2111111111111,5.707811384724459,almost,could,5.695414224985685
2,903,the,293.0978260869565,5.6805064307222874,see,almost,5.695414224985685
2,904,ocean,289.3333333333333,5.6675794259922405,the,see,5.697093486505405
2,905,aqua,306.8,5.726196069493101,ocean,the,5.707110264748875
2,906,<UNK>,310.9318181818182,5.739573654001853,aqua,ocean,5.695414224985685
2,907,his,320.3736263736264,5.769487897117108,<UNK>,aqua,5.697093486505405
2,908,journey,311.1098901098901,5.740146194172593,his,<UNK>,5.720311776607412
2,909,was,319.314606741573,5.766176844811504,journey,his,5.695414224985685
2,910,almost,319.42045454545456,5.7665082742609455,was,journey,5.695414224985685
2,911,over,326.9,5.789654313730165,almost,was,5.698769932832657
2,912,and,304.38461538461536,5.718292083923887,over,almost,5.695414224985685
2,913,he,319.31868131868134,5.766189605114434,and,over,5.698769932832657
2,914,had,300.1123595505618,5.7041569363718665,he,and,5.296649309447339
2,915,come,318.0113636363636,5.762087116847254,had,he,5.705447753975262
2,916,<UNK>,296.9325842696629,5.693505124045766,come,had,5.697093486505405
2,917,<UNK>,294.1098901098901,5.683953473385857,<UNK>,come,5.29162837839724
2,918,back,332.4945054945055,5.806623335130817,<UNK>,<UNK>,6.2285110035911835
2,919,in,320.7692307692308,5.77072195733131,back,<UNK>,5.705447753975262
2,920,the,306.7752808988764,5.7261154955133255,in,back,5.695414224985685
2,921,ocean,303.6,5.715711045521475,the,in,4.8782461060505105
2,922,he,313.9887640449438,5.749357201971659,ocean,the,5.707110264748875
2,923,felt,310.8666666666667,5.739364095706111,he,ocean,5.695414224985685
2,924,right,317.2111111111111,5.759567517870755,felt,he,5.695414224985685
2,925,at,316.1868131868132,5.7563332198792105,right,felt,5.695414224985685
2,926,home,304.65934065934067,5.719194236521025,at,right,5.695414224985685
2,927,for,317.2967032967033,5.7598373086729096,home,at,5.698769932832657
2,928,him,297.7912087912088,5.696392599301103,for,home,5.698769932832657
2,929,this,307.3777777777778,5.728077537592807,him,for,5.700443573390687
2,930,was,286.2307692307692,5.6567983708850855,this,him,5.695414224985685
2,931,the,287.05555555555554,5.659675770391019,was,this,5.695414224985685
2,932,<UNK>,309.2134831460674,5.73403192231514,the,was,4.33729074083249
2,933,<UNK>,307.65168539325845,5.728968251452847,<UNK>,the,2.6426827112295754
2,934,place,316.1758241758242,5.7562984644703965,<UNK>,<UNK>,6.2285110035911835
2,935,in,310.2307692307692,5.737316437411831,place,<UNK>,5.698769932832657
2,936,the,286.5164835164835,5.65779606858872,in,place,5.695414224985685
2,937,whole,292.8333333333333,5.679603618959042,the,in,5.794536837924666
2,938,<UNK>,295.6,5.689007189074046,whole,the,5.293304824724492
2,939,world,296.8222222222222,5.693133381206786,<UNK>,whole,5.698769932832657
2,940,during,318.06666666666666,5.762261004413897,world,<UNK>,5.695414224985685
2,941,the,312.7391304347826,5.745369393938207,during,world,5.695414224985685
2,942,warm,289.0111111111111,5.666465134124624,the,during,5.697093486505405
2,943,<UNK>,287.1666666666667,5.660062767299875,warm,the,5.695414224985685
2,944,<UNK>,343.44943820224717,5.839039904910255,<UNK>,warm,5.29162837839724
2,945,if,301.3777777777778,5.7083645534734675,<UNK>,<UNK>,6.2285110035911835
2,946,you,274.3296703296703,5.614330559537083,if,<UNK>,5.698769932832657
2,947,take,294.9230769230769,5.686714566144053,you,if,5.700443573390687
2,948,a,288.14444444444445,5.663461897615065,take,you,5.695414224985685
2,949,<UNK>,290.5,5.671603576291966,a,take,5.695414224985685
2,950,on,280.14772727272725,5.635317061441272,<UNK>,a,5.487559366186565
2,951,the,280.7142857142857,5.637337375248048,on,<UNK>,3.948033442951179
2,952,<UNK>,285.16483516483515,5.653067382077184,the,on,3.951243718581427
2,953,<UNK>,307.0112359550562,5.7268843461196,<UNK>,the,2.6426827112295754
2,954,you,324.31868131868134,5.781726616707145,<UNK>,<UNK>,5.823045895483019
2,955,will,310.0,5.736572297479192,you,<UNK>,5.71042701737487
2,956,hear,312.55434782608694,5.744778367098815,will,you,5.700443573390687
2,957,the,297.44565217391306,5.695231526528978,hear,will,5.695414224985685
2,958,<UNK>,305.9555555555556,5.723439848121056,the,hear,5.697093486505405
2,959,<UNK>,349.8333333333333,5.857456850592578,<UNK>,the,2.6426827112295754
2,960,<UNK>,300.56666666666666,5.705669581837752,<UNK>,<UNK>,2.4908413853078146
2,961,of,318.34065934065933,5.76312206518339,<UNK>,<UNK>,3.9259259105971376
2,962,the,316.8888888888889,5.758551204197968,of,<UNK>,3.1937348359100985
2,963,waves,293.56043956043953,5.682083545020201,the,of,5.8126368795682835
2,964,and,287.75,5.662092047601992,waves,the,5.29162837839724
2,965,some,305.0326086956522,5.72041868464878,and,waves,5.697093486505405
2,966,say,308.0674157303371,5.730318641263706,some,and,5.695414224985685
2,967,that,297.3666666666667,5.694965945251628,say,some,5.695414224985685
2,968,it,309.7282608695652,5.7356953352200595,that,say,5.695414224985685
2,969,must,302.8021978021978,5.713079779800486,it,that,5.698769932832657
2,970,be,287.5108695652174,5.661260666706096,must,it,5.293304824724492
2,971,the,281.9032258064516,5.641563841142398,be,must,5.702114417555504
2,972,<UNK>,312.97802197802196,5.746132970752188,the,be,5.697093486505405
2,973,<UNK>,319.3296703296703,5.766224018453047,<UNK>,the,2.6426827112295754
2,974,of,332.7956989247312,5.807528784959486,<UNK>,<UNK>,3.9259259105971376
2,975,aqua,320.8478260869565,5.7709669486926805,of,<UNK>,5.867883485336628
2,976,and,326.1758241758242,5.787436573938914,aqua,of,5.29162837839724
2,977,his,311.0,5.739792912179234,and,aqua,5.0072963928307415
2,978,brother,284.6489361702128,5.651256618064314,his,and,5.700443573390687
2,979,water,317.20212765957444,5.759539197366111,brother,his,5.293304824724492
2,980,drops,356.05434782608694,5.875083381633136,water,brother,5.697093486505405
2,981,telling,361.8478260869565,5.8912237535200305,drops,water,5.707110264748875
2,982,each,319.1720430107527,5.765730277187123,telling,drops,5.695414224985685
2,983,other,307.56382978723406,5.728682642249393,each,telling,5.695414224985685
2,984,about,306.05494505494505,5.723764644836681,other,each,5.698769932832657
2,985,their,314.83870967741933,5.752060474921992,about,other,5.695414224985685
2,986,<UNK>,306.1720430107527,5.724147176020435,their,about,5.695414224985685
2,987,journey,320.0425531914894,5.76845396567629,<UNK>,their,5.70877001616724
2,988,around,320.3440860215054,5.769395686923538,journey,<UNK>,5.695414224985685
2,989,the,375.0425531914894,5.927039494709895,around,journey,5.695414224985685
2,990,world,433.39130434782606,6.071641025098085,the,around,5.700443573390687
3,2,was,386.3152173913044,5.956653661573829,it,world,5.695414224985685
3,3,cold,391.1595744680851,5.96911559557173,was,it,5.776103136235827
3,4,and,405.5425531914894,6.00522580810264,cold,was,5.695414224985685
3,5,nearly,383.0744680851064,5.948229403923451,and,cold,5.697093486505405
3,6,dark,382.6777777777778,5.947193323794512,nearly,and,5.695414224985685
3,7,on,367.5869565217391,5.906959907049334,dark,nearly,5.695414224985685
3,8,the,392.6263736263736,5.972858456423524,on,dark,5.695414224985685
3,9,last,349.4891304347826,5.8564724608605765,the,on,5.7430031878094825
3,10,evening,367.26881720430106,5.90609405187424,last,the,5.697093486505405
3,11,of,378.44565217391306,5.936072475180564,evening,last,5.695414224985685
3,12,the,358.0430107526882,5.880653120951542,of,evening,5.695414224985685
3,13,old,392.9010989010989,5.973557923458184,the,of,5.8126368795682835
3,14,year,438.75,6.083929774780075,old,the,5.697093486505405
3,15,and,493.03225806451616,6.200574604081645,year,old,5.695414224985685
3,16,the,371.5483870967742,5.917679103581471,and,year,5.695414224985685
3,17,<UNK>,359.4731182795699,5.884639399065066,the,and,4.031824205240767
3,18,was,359.26881720430106,5.884070902722541,<UNK>,the,4.522995577799075
3,19,<UNK>,394.32608695652175,5.977178198868875,was,<UNK>,4.342180726126682
3,20,fast,371.247311827957,5.916868449223238,<UNK>,was,5.780743515792329
3,21,and,360.4835164835165,5.887446231639452,fast,<UNK>,5.695414224985685
3,22,<UNK>,391.5444444444444,5.970099032472725,and,fast,5.29162837839724
3,23,a,491.4782608695652,6.197417708435213,<UNK>,and,5.1387352967235715
3,24,little,400.9,5.993712019648461,a,<UNK>,5.339139361068292
3,25,girl,381.4347826086956,5.943939886199234,little,a,5.705447753975262
3,26,no,347.04347826086956,5.84945006967953,girl,little,5.705447753975262
3,27,one,394.2197802197802,5.9769085715921095,no,girl,5.695414224985685
3,28,<UNK>,431.17391304347825,6.066511519256975,one,no,5.0106352940962555
3,29,from,439.6222222222222,6.085915772257772,<UNK>,one,5.705447753975262
3,30,the,386.1208791208791,5.956150478785237,from,<UNK>,3.858297606071983
3,31,<UNK>,508.27777777777777,6.231028104783371,the,from,4.470822133457013
3,32,air,625.7640449438202,6.43897337503614,<UNK>,the,5.621607866467185
3,33,<UNK>,521.3626373626373,6.256445840632316,air,<UNK>,5.294978465282522
3,34,through,432.68131868131866,6.070001472463183,<UNK>,air,5.700443573390687
3,35,the,390.3296703296703,5.966991690589256,through,<UNK>,5.700443573390687
3,36,<UNK>,401.14606741573033,5.994325618875358,the,through,5.702114417555504
3,37,with,428.06666666666666,6.059278946691839,<UNK>,the,5.333925794015404
3,38,a,368.3888888888889,5.909139143472703,with,<UNK>,4.6491870714048655
3,39,<UNK>,389.64835164835165,5.965244669941476,a,with,4.456007047671872
3,40,head,416.6923076923077,6.032348078196362,<UNK>,a,5.487559366186565
3,41,and,391.97802197802196,5.971205771836087,head,<UNK>,5.698769932832657
3,42,<UNK>,384.8241758241758,5.952786543803923,and,head,5.294978465282522
3,43,feet,404.16483516483515,6.001822802582338,<UNK>,and,5.831882477283517
3,44,looking,445.0659340659341,6.098222437630978,feet,<UNK>,5.697093486505405
3,45,as,391.8901098901099,5.970981468577142,looking,feet,5.695414224985685
3,46,poor,366.6263736263736,5.904343273970102,as,looking,5.695414224985685
3,47,as,369.2637362637363,5.911511121163,poor,as,5.695414224985685
3,48,a,373.93333333333334,5.9240775284061264,as,poor,5.695414224985685
3,49,<UNK>,386.1208791208791,5.956150478785237,a,as,4.792479284293085
3,50,mouse,412.96590909090907,6.023365044979972,<UNK>,a,5.893024474294729
3,51,its,446.4888888888889,6.1014145150996155,mouse,<UNK>,5.697093486505405
3,52,true,409.9120879120879,6.015942716980542,its,mouse,5.695414224985685
3,53,she,371.31868131868134,5.917060673191486,true,its,5.695414224985685
3,54,had,348.61538461538464,5.85396926468636,she,true,5.695414224985685
3,55,on,349.38461538461536,5.856173365203967,had,she,5.718671087149952
3,56,a,383.3626373626374,5.94898137506123,on,had,5.695414224985685
3,57,pair,368.5824175824176,5.909664343561982,a,on,5.697093486505405
3,58,of,340.2197802197802,5.829591821186813,pair,a,5.695414224985685
3,59,slippers,409.38461538461536,6.014655094076097,of,pair,5.697093486505405
3,60,her,406.6923076923077,6.008056898773914,slippers,of,5.695414224985685
3,61,mother,420.8666666666667,6.042316077265416,her,slippers,5.695414224985685
3,62,had,375.42857142857144,5.928068230549188,mother,her,5.298317366548036
3,63,once,361.31868131868134,5.8897603426532665,had,mother,5.697093486505405
3,64,given,363.9347826086956,5.89697468292669,once,had,5.695414224985685
3,65,her,364.6989247311828,5.89907214944501,given,once,5.695414224985685
3,66,when,360.19354838709677,5.886641521385159,her,given,5.698769932832657
3,67,she,336.5483870967742,5.818741933982823,when,her,5.695414224985685
3,68,left,350.6989247311828,5.859928091076941,she,when,5.700443573390687
3,69,home,363.38709677419354,5.895468648381199,left,she,5.695414224985685
3,70,but,400.82608695652175,5.993527634869444,home,left,5.695414224985685
3,71,they,351.0752688172043,5.861000641551321,but,home,5.695414224985685
3,72,were,348.63440860215053,5.854023833327199,they,but,5.695414224985685
3,73,as,370.3225806451613,5.914374465388411,were,they,5.71042701737487
3,74,much,330.81720430107526,5.80156596996244,as,were,5.695414224985685
3,75,use,368.4623655913978,5.909338577760982,much,as,5.695414224985685
3,76,to,400.1195652173913,5.991763415485857,use,much,5.695414224985685
3,77,her,375.989010989011,5.929559916869748,to,use,5.695414224985685
3,78,as,346.3152173913044,5.8473493932419505,her,to,5.707110264748875
3,79,a,353.19565217391306,5.867022158840656,as,her,5.697093486505405
3,80,<UNK>,376.2197802197802,5.9301734944846505,a,as,4.792479284293085
3,81,<UNK>,499.7362637362637,6.214080486732147,<UNK>,a,2.8249715391611123
3,82,the,580.8111111111111,6.364425594028546,<UNK>,<UNK>,3.455922281351402
3,83,slippers,470.3478260869565,6.153472476502222,the,<UNK>,5.901266279189834
3,84,<UNK>,445.39130434782606,6.098953231390266,slippers,the,5.697093486505405
3,85,by,404.39784946236557,6.002399169284415,<UNK>,slippers,5.695414224985685
3,86,her,349.6195652173913,5.85684560679606,by,<UNK>,5.335934230119343
3,87,mother,371.741935483871,5.918199891719273,her,by,5.698769932832657
3,88,were,364.89130434782606,5.8995995129250405,mother,her,5.703782474656201
3,89,so,362.61290322580646,5.8933358829766505,were,mother,5.695414224985685
3,90,large,351.3804347826087,5.861869496293444,so,were,5.695414224985685
3,91,that,343.5698924731183,5.839390562502341,large,so,5.697093486505405
3,92,the,345.5483870967742,5.845132682885862,that,large,5.695414224985685
3,93,<UNK>,390.82608695652175,5.96826267064425,the,that,3.874401013638562
3,94,little,526.1195652173913,6.265528497205861,<UNK>,the,5.621607866467185
3,95,creature,461.0444444444444,6.133494447122819,little,<UNK>,5.702114417555504
3,96,had,414.79347826086956,6.02778075362056,creature,little,5.695414224985685
3,97,<UNK>,378.8279569892473,5.937082162678418,had,creature,5.695414224985685
3,98,them,385.0108695652174,5.953271566526179,<UNK>,had,5.733341276897745
3,99,while,390.9247311827957,5.968515038085405,them,<UNK>,5.703782474656201
3,100,<UNK>,382.64835164835165,5.947116425519883,while,them,5.695414224985685
3,101,across,377.5217391304348,5.933628154131496,<UNK>,while,5.697093486505405
3,102,the,359.7032967032967,5.885279515806358,across,<UNK>,5.29162837839724
3,103,<UNK>,344.5978260869565,5.8423780155624865,the,across,5.293304824724492
3,104,to,349.3763440860215,5.856149691017588,<UNK>,the,5.333925794015404
3,105,<UNK>,370.5326086956522,5.914941453537079,to,<UNK>,3.145934280925833
3,106,two,355.4673913043478,5.873433518747428,<UNK>,to,5.820082930352362
3,107,<UNK>,393.86813186813185,5.976016162586484,two,<UNK>,5.700443573390687
3,108,that,402.9247311827957,5.998749773244188,<UNK>,two,5.702114417555504
3,109,were,369.2903225806452,5.911583116751141,that,<UNK>,4.861361591348501
3,110,<UNK>,363.6630434782609,5.89622773417746,were,that,5.298317366548036
3,111,along,354.8222222222222,5.871616881569381,<UNK>,were,5.726847747587197
3,112,at,337.8152173913044,5.822499051882741,along,<UNK>,5.698769932832657
3,113,a,341.9782608695652,5.83474717033341,at,along,5.695414224985685
3,114,<UNK>,354.5869565217391,5.8709536093249355,a,at,5.695414224985685
3,115,<UNK>,391.6,5.970240910656355,<UNK>,a,2.8249715391611123
3,116,one,417.0,6.0330862217988015,<UNK>,<UNK>,5.823045895483019
3,117,of,382.56043956043953,5.946886652706739,one,<UNK>,5.012300573415317
3,118,the,325.5108695652174,5.785395854532603,of,one,4.104294893075269
3,119,slippers,349.02197802197804,5.85513489449464,the,of,5.8126368795682835
3,120,she,356.48387096774195,5.876288996103636,slippers,the,5.697093486505405
3,121,could,345.82608695652175,5.8459360098384865,she,slippers,5.695414224985685
3,122,not,350.3695652173913,5.858988498033623,could,she,5.0106352940962555
3,123,find,355.17391304347825,5.87260756541272,not,could,5.301645156640712
3,124,and,361.14130434782606,5.889269306532405,find,not,5.697093486505405
3,125,a,330.5217391304348,5.800672433620044,and,find,5.695414224985685
3,126,<UNK>,342.7826086956522,5.837096452343461,a,and,4.61015772749913
3,127,<UNK>,383.6195652173913,5.949651345924961,<UNK>,a,2.8249715391611123
3,128,upon,368.35869565217394,5.909057179887439,<UNK>,<UNK>,6.2285110035911835
3,129,the,344.17977528089887,5.84116412342499,upon,<UNK>,5.695414224985685
3,130,other,353.65934065934067,5.868334135290254,the,upon,5.695414224985685
3,131,<UNK>,388.34444444444443,5.961892689225658,other,the,5.309916502391388
3,132,that,352.032967032967,5.863724827556272,<UNK>,other,5.703782474656201
3,133,he,339.86813186813185,5.828557694931262,that,<UNK>,5.084505142662711
3,134,could,340.6043956043956,5.83072167361917,he,that,5.705447753975262
3,135,use,330.1098901098901,5.799425599361221,could,he,5.705447753975262
3,136,it,329.8241758241758,5.798559711939085,use,could,5.695414224985685
3,137,as,331.45054945054943,5.8034786264037805,it,use,5.695414224985685
3,138,a,329.5824175824176,5.797826451898898,as,it,5.697093486505405
3,139,home,381.2857142857143,5.94354900034921,a,as,5.70877001616724
3,140,for,373.8791208791209,5.92393253896659,home,a,5.695414224985685
3,141,his,352.74725274725273,5.865751802601257,for,home,5.698769932832657
3,142,little,340.27472527472526,5.829753306855311,his,for,5.697093486505405
3,143,<UNK>,357.30434782608694,5.878587933514205,little,his,5.29162837839724
3,144,mouse,388.0752688172043,5.961199312606216,<UNK>,little,5.70877001616724
3,145,so,431.967032967033,6.068349272755845,mouse,<UNK>,5.697093486505405
3,146,with,340.84615384615387,5.831431213737953,so,mouse,5.695414224985685
3,147,her,340.84615384615387,5.831431213737953,with,so,5.695414224985685
3,148,<UNK>,343.5444444444444,5.839316490321575,her,with,5.293304824724492
3,149,feet,365.38461538461536,5.90095053956715,<UNK>,her,5.731721843345443
3,150,which,359.65555555555557,5.885146783310855,feet,<UNK>,5.697093486505405
3,151,were,355.6263736263736,5.873880667442903,which,feet,5.697093486505405
3,152,quite,379.31868131868134,5.938376699574499,were,which,5.698769932832657
3,153,red,346.6373626373626,5.848279169040613,quite,were,5.695414224985685
3,154,and,349.64444444444445,5.856916765118868,red,quite,5.695414224985685
3,155,blue,354.04395604395603,5.8694210750410605,and,red,5.695414224985685
3,156,with,355.010989010989,5.872148743956854,blue,and,5.695414224985685
3,157,the,350.35164835164835,5.858937359676742,with,blue,5.695414224985685
3,158,cold,366.45054945054943,5.903863585758235,the,with,5.713732805509369
3,159,the,364.97777777777776,5.8998364689284495,cold,the,5.29162837839724
3,160,little,377.1222222222222,5.93256933178348,the,cold,5.697093486505405
3,161,girl,367.5,5.906723318652891,little,the,4.478958874850075
3,162,went,342.4725274725275,5.836191442726101,girl,little,5.705447753975262
3,163,on,335.95604395604397,5.816980329845925,went,girl,5.695414224985685
3,164,<UNK>,365.9222222222222,5.902420803228872,on,went,5.695414224985685
3,165,how,363.0,5.8944028342648505,<UNK>,on,5.700443573390687
3,166,she,332.5108695652174,5.806672549983295,how,<UNK>,5.700443573390687
3,167,would,330.1847826086956,5.799652445047612,she,how,5.695414224985685
3,168,get,336.8222222222222,5.819555260661337,would,she,5.698769932832657
3,169,through,332.3,5.806038175360548,get,would,5.695414224985685
3,170,this,346.4555555555556,5.8477545436081355,through,get,5.695414224985685
3,171,<UNK>,353.8241758241758,5.86880011128539,this,through,5.695414224985685
3,172,night,397.0111111111111,5.983964267980961,<UNK>,this,5.71042701737487
3,173,she,405.0769230769231,6.004076982594718,night,<UNK>,5.697093486505405
3,174,<UNK>,383.57142857142856,5.949525857887652,she,night,5.695414224985685
3,175,an,400.5777777777778,5.992907949346035,<UNK>,she,5.726847747587197
3,176,old,356.42391304347825,5.876120789427402,an,<UNK>,5.703782474656201
3,177,<UNK>,368.04347826086956,5.908201078638086,old,an,5.695414224985685
3,178,she,435.4673913043478,6.076419917035325,<UNK>,old,5.697093486505405
3,179,had,442.4021739130435,6.092219364104378,she,<UNK>,4.808927023502111
3,180,used,362.95604395604397,5.894281735902558,had,she,5.718671087149952
3,181,as,365.14130434782606,5.900284413864519,used,had,5.695414224985685
3,182,a,353.3695652173913,5.867514436248911,as,used,5.695414224985685
3,183,<UNK>,357.29347826086956,5.878557512024463,a,as,4.792479284293085
3,184,a,347.5326086956522,5.850858498575439,<UNK>,a,5.893024474294729
3,185,few,374.7282608695652,5.9262011256124625,a,<UNK>,5.051457288616511
3,186,times,379.5652173913044,5.939026432904498,few,a,5.705447753975262
3,187,before,352.1847826086956,5.864155988452621,times,few,5.695414224985685
3,188,and,350.3369565217391,5.858895424272601,before,times,5.695414224985685
3,189,found,333.0,5.808142489980444,and,before,5.695414224985685
3,190,the,323.65934065934067,5.77969154494689,found,and,5.697093486505405
3,191,<UNK>,358.2173913043478,5.88114004038644,the,found,5.695414224985685
3,192,was,379.4021739130435,5.938596787355461,<UNK>,the,4.522995577799075
3,193,<UNK>,376.94565217391306,5.932101018366263,was,<UNK>,4.342180726126682
3,194,<UNK>,422.7362637362637,6.046748494610376,<UNK>,was,4.075995423553904
3,195,<UNK>,468.5869565217391,6.14972169069214,<UNK>,<UNK>,2.4908413853078146
3,196,for,417.4835164835165,6.034245062034889,<UNK>,<UNK>,4.975748035095815
3,197,the,343.6043956043956,5.839490982823371,for,<UNK>,4.490240219314114
3,198,girl,352.6304347826087,5.865420581561019,the,for,5.717027701406222
3,199,this,388.07608695652175,5.961201420801509,girl,the,5.720311776607412
3,200,day,365.6304347826087,5.901623082238338,this,girl,5.695414224985685
3,201,was,326.3695652173913,5.78803037492321,day,this,5.695414224985685
3,202,even,348.95652173913044,5.854947334897712,was,day,5.695414224985685
3,203,worse,352.5,5.8650506222523235,even,was,5.695414224985685
3,204,than,351.04395604395603,5.8609114465195935,worse,even,5.697093486505405
3,205,the,338.5869565217391,5.824780947166559,than,worse,5.695414224985685
3,206,others,327.2307692307692,5.790665638298646,the,than,5.698769932832657
3,207,no,364.3956043956044,5.898240102732381,others,the,5.695414224985685
3,208,good,376.17391304347825,5.9300515711437995,no,others,5.695414224985685
3,209,<UNK>,497.2173913043478,6.209027337513053,good,no,5.695414224985685
3,210,had,469.2087912087912,6.151047853195419,<UNK>,good,5.705447753975262
3,211,given,367.45054945054943,5.906588750280742,had,<UNK>,5.71042701737487
3,212,her,325.97802197802196,5.786829961848731,given,had,5.293304824724492
3,213,even,352.35869565217394,5.864649678487025,her,given,5.698769932832657
3,214,a,353.3626373626374,5.867494830931001,even,her,5.695414224985685
3,215,<UNK>,377.42857142857144,5.933381336026957,a,even,5.29162837839724
3,216,and,377.0989010989011,5.932507490176006,<UNK>,a,4.388947077518456
3,217,she,340.3478260869565,5.829968112586817,and,<UNK>,4.987707789452551
3,218,had,310.19565217391306,5.7372032344414805,she,and,5.703782474656201
3,219,no,339.2826086956522,5.826833414053459,had,she,5.718671087149952
3,220,<UNK>,333.55434782608694,5.809805814076077,no,had,5.0089672369955585
3,221,<UNK>,345.29347826086956,5.844394717049524,<UNK>,no,5.71042701737487
3,222,any,347.5869565217391,5.851014868296326,<UNK>,<UNK>,6.2285110035911835
3,223,matches,343.4347826086956,5.838997232235269,any,<UNK>,5.697093486505405
3,224,that,391.53846153846155,5.970083752083032,matches,any,5.695414224985685
3,225,she,367.1098901098901,5.90566123132727,that,matches,5.695414224985685
3,226,<UNK>,374.84615384615387,5.926515685381969,she,that,5.020585624949423
3,227,in,339.94505494505495,5.8287840014482395,<UNK>,she,5.726847747587197
3,228,the,328.5054945054945,5.794553563828909,in,<UNK>,3.338396480423125
3,229,old,340.6923076923077,5.8309797464616615,the,in,5.794536837924666
3,230,<UNK>,460.05434782608694,6.131344629952296,old,the,5.697093486505405
3,231,her,525.0978260869565,6.263584580637065,<UNK>,old,5.697093486505405
3,232,grandmother,464.79347826086956,6.141593174158861,her,<UNK>,5.734958092124651
3,233,had,371.7173913043478,5.918133864759498,grandmother,her,5.296649309447339
3,234,given,343.4065934065934,5.838915148647698,had,grandmother,5.697093486505405
3,235,her,363.42391304347825,5.895569957439038,given,had,5.293304824724492
3,236,poor,440.2637362637363,6.08737394794292,her,given,5.698769932832657
3,237,little,341.9673913043478,5.834715385453475,poor,her,5.695414224985685
3,238,<UNK>,341.0879120879121,5.832140250766497,little,poor,5.698769932832657
3,239,she,354.1630434782609,5.869757381899105,<UNK>,little,5.303304908059076
3,240,looked,342.6923076923077,5.836832982443373,she,<UNK>,5.725217755376266
3,241,the,384.13978494623655,5.951006509644812,looked,she,5.698769932832657
3,242,<UNK>,388.35483870967744,5.96191945444988,the,looked,5.695414224985685
3,243,of,369.23655913978496,5.911437520315084,<UNK>,the,3.0826339954089095
3,244,<UNK>,341.10869565217394,5.832201182069974,of,<UNK>,2.923444506170187
3,245,on,406.9010989010989,6.0085701556702515,<UNK>,of,5.7698822763607245
3,246,her,386.8369565217391,5.958003303280172,on,<UNK>,5.334327804071069
3,247,long,360.2857142857143,5.886897367469552,her,on,5.700443573390687
3,248,<UNK>,333.5217391304348,5.809708048030147,long,her,5.695414224985685
3,249,hair,370.3736263736264,5.914512297142003,<UNK>,long,5.697093486505405
3,250,which,416.0444444444444,6.03079209216137,hair,<UNK>,5.697093486505405
3,251,<UNK>,406.42857142857144,6.007408197505118,which,hair,5.695414224985685
3,252,in,350.4269662921348,5.859152314697351,<UNK>,which,5.304961909266705
3,253,<UNK>,347.69565217391306,5.85132753440274,in,<UNK>,3.9889840465642745
3,254,on,354.9782608695652,5.872056550613214,<UNK>,in,5.738183901373533
3,255,her,328.4347826086956,5.794338287343252,on,<UNK>,5.334327804071069
3,256,<UNK>,333.1868131868132,5.808703333239458,her,on,5.700443573390687
3,257,the,388.68131868131866,5.9627597756826765,<UNK>,her,5.326256735237278
3,258,<UNK>,427.0769230769231,6.056964144725104,the,<UNK>,2.9055340056358423
3,259,<UNK>,372.46153846153845,5.920133780036467,<UNK>,the,2.6426827112295754
3,260,<UNK>,357.72527472527474,5.879765302771467,<UNK>,<UNK>,2.4908413853078146
3,261,but,342.8791208791209,5.837377967790345,<UNK>,<UNK>,5.823045895483019
3,262,she,336.54347826086956,5.818727348051371,but,<UNK>,5.730099782973574
3,263,did,329.6521739130435,5.798038080147131,she,but,5.698769932832657
3,264,not,321.4835164835165,5.772946271705487,did,she,5.294978465282522
3,265,notice,369.4,5.911880067765139,not,did,5.2999826458670976
3,266,them,318.4725274725275,5.763536215318732,notice,not,5.697093486505405
3,267,as,318.53846153846155,5.7637432260840304,them,notice,5.695414224985685
3,268,she,326.4945054945055,5.788413120074136,as,them,5.697093486505405
3,269,<UNK>,339.2857142857143,5.826842567413428,she,as,4.457664048879502
3,270,along,342.81111111111113,5.837179599007883,<UNK>,she,5.726847747587197
3,271,she,356.27472527472526,5.875702133454425,along,<UNK>,5.698769932832657
3,272,was,355.7692307692308,5.874282292484989,she,along,5.695414224985685
3,273,<UNK>,356.95604395604397,5.877612648025443,was,she,4.332376726030061
3,274,<UNK>,352.84615384615387,5.866032137135635,<UNK>,was,4.075995423553904
3,275,and,346.2,5.847016642742108,<UNK>,<UNK>,3.487670979665982
3,276,<UNK>,349.4725274725275,5.856424953355492,and,<UNK>,2.645901983305224
3,277,to,359.97802197802196,5.886042979525475,<UNK>,and,4.915591745409362
3,278,<UNK>,329.55056179775283,5.797729792239357,to,<UNK>,3.145934280925833
3,279,she,342.29545454545456,5.835674266293587,<UNK>,to,5.820082930352362
3,280,could,340.1,5.82923969201315,she,<UNK>,5.725217755376266
3,281,weather,346.43333333333334,5.847690399926266,could,she,5.703782474656201
3,282,this,371.59550561797755,5.91780591218941,weather,could,5.695414224985685
3,283,<UNK>,352.314606741573,5.864524545576473,this,weather,5.695414224985685
3,284,it,366.4269662921348,5.903799228050661,<UNK>,this,5.71042701737487
3,285,was,333.5888888888889,5.809909363241928,it,<UNK>,4.474084779091829
3,286,new,352.8777777777778,5.866121758389013,was,it,5.776103136235827
3,287,years,369.04395604395603,5.910915759016398,new,was,5.695414224985685
3,288,and,368.85714285714283,5.910409422351274,years,new,5.697093486505405
3,289,the,377.9340659340659,5.934719751659268,and,years,5.695414224985685
3,290,girl,336.2967032967033,5.817993815833779,the,and,5.736572297479192
3,291,asked,316.34065934065933,5.756819668811667,girl,the,5.720311776607412
3,292,herself,348.5888888888889,5.853893259052099,asked,girl,5.695414224985685
3,293,why,332.1208791208791,5.805498996388035,herself,asked,5.695414224985685
3,294,as,340.4,5.830121396699219,why,herself,5.695414224985685
3,295,<UNK>,363.3296703296703,5.895310604842802,as,why,5.695414224985685
3,296,<UNK>,359.68888888888887,5.8852394602853275,<UNK>,as,4.624972813284271
3,297,from,342.6263736263736,5.836640563739682,<UNK>,<UNK>,5.312220271717028
3,298,every,345.2197802197802,5.844181258320197,from,<UNK>,5.730099782973574
3,299,<UNK>,326.6043956043956,5.78874963912429,every,from,5.695414224985685
3,300,and,321.7032967032967,5.7736296819490684,<UNK>,every,5.700443573390687
3,301,the,344.8,5.842964538789538,and,<UNK>,3.958088372271393
3,302,<UNK>,342.4175824175824,5.836030993467834,the,and,4.031824205240767
3,303,<UNK>,340.010989010989,5.828977937708463,<UNK>,the,2.6426827112295754
3,304,of,325.56043956043953,5.785548126625147,<UNK>,<UNK>,3.9259259105971376
3,305,<UNK>,322.6373626373626,5.776528976211602,of,<UNK>,2.923444506170187
3,306,<UNK>,316.57142857142856,5.757548898811861,<UNK>,of,3.8239721273054115
3,307,<UNK>,338.5054945054945,5.824540324142291,<UNK>,<UNK>,2.4908413853078146
3,308,out,351.9230769230769,5.863412620248085,<UNK>,<UNK>,4.975748035095815
3,309,on,339.47777777777776,5.827408489120872,out,<UNK>,5.726847747587197
3,310,the,319.6222222222222,5.767139742833569,on,out,5.29162837839724
3,311,<UNK>,311.45054945054943,5.741240575867965,the,on,3.951243718581427
3,312,she,329.0,5.796057750765372,<UNK>,the,5.621607866467185
3,313,was,320.35164835164835,5.769419293542835,she,<UNK>,5.319752647268102
3,314,outside,319.73333333333335,5.767487315045194,was,she,5.718671087149952
3,315,all,324.0111111111111,5.780777808757131,outside,was,5.695414224985685
3,316,<UNK>,349.3736263736264,5.856141912234018,all,outside,5.695414224985685
3,317,<UNK>,342.93333333333334,5.837536064815246,<UNK>,all,5.700443573390687
3,318,she,400.2637362637363,5.992123670497768,<UNK>,<UNK>,5.1298987149230735
3,319,finally,340.14285714285717,5.82936569743155,she,<UNK>,5.725217755376266
3,320,sat,327.74444444444447,5.7922341719111134,finally,she,5.695414224985685
3,321,down,318.1758241758242,5.7626041361971385,sat,finally,5.695414224985685
3,322,in,318.24175824175825,5.762811339982803,down,sat,5.697093486505405
3,323,a,317.1666666666667,5.759427398068095,in,down,5.697093486505405
3,324,<UNK>,316.1758241758242,5.7562984644703965,a,in,4.79081953287472
3,325,behind,311.8791208791209,5.742615679658155,<UNK>,a,5.893024474294729
3,326,the,331.8901098901099,5.804803919818885,behind,<UNK>,5.296649309447339
3,327,little,313.1098901098901,5.7465542155367375,the,behind,5.697093486505405
3,328,<UNK>,315.9120879120879,5.7554639720714835,little,the,5.731721843345443
3,329,she,375.6931818181818,5.9287728044732235,<UNK>,little,5.303304908059076
3,330,put,356.53333333333336,5.876427737119624,she,<UNK>,5.725217755376266
3,331,a,308.5111111111111,5.731757859264483,put,she,5.695414224985685
3,332,<UNK>,327.43333333333334,5.791284472012714,a,put,5.695414224985685
3,333,she,347.3,5.850188959750028,<UNK>,a,5.893024474294729
3,334,had,372.6333333333333,5.92059491560817,she,<UNK>,4.808927023502111
3,335,found,327.4,5.791182664937034,had,she,5.718671087149952
3,336,over,344.9888888888889,5.843512210393569,found,had,5.695414224985685
3,337,her,327.3956043956044,5.791169239054618,over,found,5.695414224985685
3,338,<UNK>,337.54945054945057,5.8217120197260765,her,over,5.697093486505405
3,339,to,345.9120879120879,5.846184661594696,<UNK>,her,5.326256735237278
3,340,<UNK>,320.72527472527474,5.770584914710841,to,<UNK>,3.145934280925833
3,341,herself,358.6111111111111,5.8822385453845785,<UNK>,to,5.820082930352362
3,342,but,343.5934065934066,5.8394590007333385,herself,<UNK>,5.698769932832657
3,343,she,351.8791208791209,5.863287710027143,but,herself,5.695414224985685
3,344,could,315.02222222222224,5.752643183074542,she,but,5.698769932832657
3,345,not,314.967032967033,5.752467976101167,could,she,5.0106352940962555
3,346,keep,336.3222222222222,5.818069695130548,not,could,5.707110264748875
3,347,off,375.35869565217394,5.927882090534132,keep,not,5.695414224985685
3,348,the,324.13186813186815,5.781150433397131,off,keep,5.695414224985685
3,349,cold,339.4725274725275,5.827393023172305,the,off,5.697093486505405
3,350,the,394.5168539325843,5.97766186163593,cold,the,5.29162837839724
3,351,girl,357.40449438202245,5.878868177861768,the,cold,5.697093486505405
3,352,who,357.28409090909093,5.878531238174893,girl,the,5.314846668499247
3,353,the,331.42857142857144,5.803412315605042,who,girl,5.697093486505405
3,354,night,366.75824175824175,5.9047028891857005,the,who,5.702114417555504
3,355,air,375.2888888888889,5.927696099757837,night,the,5.695414224985685
3,356,had,331.0777777777778,5.802353325954612,air,night,5.695414224985685
3,357,<UNK>,345.6043956043956,5.845294755611737,had,air,5.695414224985685
3,358,<UNK>,394.42857142857144,5.977438062874842,<UNK>,had,4.817050545023591
3,359,<UNK>,423.9230769230769,6.049552016421699,<UNK>,<UNK>,2.4908413853078146
3,360,not,406.3626373626374,6.007245956414502,<UNK>,<UNK>,6.2285110035911835
3,361,go,351.38461538461536,5.8618813938743095,not,<UNK>,5.698769932832657
3,362,home,326.5054945054945,5.788446777075637,go,not,5.697093486505405
3,363,for,369.5274725274725,5.912225088172355,home,go,5.695414224985685
3,364,she,338.3222222222222,5.823998761546013,for,home,5.698769932832657
3,365,had,338.94505494505495,5.825838014436001,she,for,5.293304824724492
3,366,<UNK>,329.15384615384613,5.79652525895528,had,she,5.313205979041787
3,367,no,325.54945054945057,5.785514371920582,<UNK>,had,5.733341276897745
3,368,matches,407.7692307692308,6.010701403526269,no,<UNK>,5.700443573390687
3,369,her,423.35164835164835,6.048203153671467,matches,no,5.695414224985685
3,370,<UNK>,358.83516483516485,5.88286313216926,her,matches,5.695414224985685
3,371,had,331.9,5.804833718725929,<UNK>,her,5.731721843345443
3,372,been,325.1208791208791,5.784197048935331,had,<UNK>,5.71042701737487
3,373,<UNK>,333.35164835164835,5.809197933859548,been,had,4.462618642004185
3,374,and,345.9010989010989,5.846152892871002,<UNK>,been,5.7120812774708964
3,375,<UNK>,343.8791208791209,5.840290202827231,and,<UNK>,2.645901983305224
3,376,ever,362.0879120879121,5.891887033413803,<UNK>,and,5.831882477283517
3,377,since,325.1208791208791,5.784197048935331,ever,<UNK>,5.695414224985685
3,378,his,319.8791208791209,5.7679431771765595,since,ever,5.695414224985685
3,379,<UNK>,320.04395604395603,5.7684583489977515,his,since,5.695414224985685
3,380,had,338.9010989010989,5.825708321160416,<UNK>,his,5.728475087246572
3,381,gone,345.0,5.84354441703136,had,<UNK>,5.71042701737487
3,382,to,326.2637362637363,5.787706061240955,gone,had,5.697093486505405
3,383,<UNK>,329.5054945054945,5.79759302908576,to,gone,5.695414224985685
3,384,her,343.23333333333335,5.8384104879945955,<UNK>,to,4.721470641684252
3,385,<UNK>,413.97777777777776,6.025812295519389,her,<UNK>,4.482195123629283
3,386,he,533.945054945055,6.28029294030499,<UNK>,her,5.731721843345443
3,387,would,409.9888888888889,6.016130059060131,he,<UNK>,5.705447753975262
3,388,<UNK>,400.2197802197802,5.992013846764749,would,he,5.294978465282522
3,389,<UNK>,362.83516483516485,5.893948639770964,<UNK>,would,5.298317366548036
3,390,her,332.7362637362637,5.807350175390119,<UNK>,<UNK>,5.823045895483019
3,391,as,340.13483146067415,5.829342102119465,her,<UNK>,5.734958092124651
3,392,he,337.3777777777778,5.821203304806394,as,her,5.697093486505405
3,393,has,314.9888888888889,5.7525373648349065,he,as,5.702114417555504
3,394,<UNK>,328.19101123595505,5.793595790212542,has,he,5.695414224985685
3,395,several,367.4888888888889,5.906693083879877,<UNK>,has,5.698769932832657
3,396,times,347.4431818181818,5.8506011460771665,several,<UNK>,5.697093486505405
3,397,in,317.2808988764045,5.759787497837331,times,several,5.695414224985685
3,398,the,309.1111111111111,5.733700795147168,in,times,5.695414224985685
3,399,<UNK>,326.5824175824176,5.788682344373255,the,in,3.4431615807611875
3,400,<UNK>,367.5824175824176,5.906947559039525,<UNK>,the,2.6426827112295754
3,401,because,358.65555555555557,5.882362472639438,<UNK>,<UNK>,5.312220271717028
3,402,she,346.94444444444446,5.849164664663514,because,<UNK>,5.304961909266705
3,403,had,328.93333333333334,5.795855095987092,she,because,5.697093486505405
3,404,not,314.94505494505495,5.752398194865313,had,she,5.313205979041787
3,405,<UNK>,313.5888888888889,5.748082857009564,not,had,5.296649309447339
3,406,any,331.96666666666664,5.805034562269484,<UNK>,not,5.720311776607412
3,407,<UNK>,310.4175824175824,5.737918431091372,any,<UNK>,5.697093486505405
3,408,<UNK>,326.3076923076923,5.787840777663091,<UNK>,any,5.698769932832657
3,409,<UNK>,427.77777777777777,6.0586038499456105,<UNK>,<UNK>,2.4908413853078146
3,410,it,337.9340659340659,5.822850805253169,<UNK>,<UNK>,5.535363823031238
3,411,was,321.8876404494382,5.774202541946129,it,<UNK>,4.474084779091829
3,412,almost,300.0989010989011,5.704112090656548,was,it,5.776103136235827
3,413,as,295.95604395604397,5.690210943148322,almost,was,5.698769932832657
3,414,cold,297.54945054945057,5.695580431506903,as,almost,5.695414224985685
3,415,at,321.6373626373626,5.773424707911729,cold,as,5.697093486505405
3,416,home,331.967032967033,5.805035665694017,at,cold,5.695414224985685
3,417,as,319.8,5.767695800399854,home,at,5.698769932832657
3,418,outside,322.032967032967,5.7746539223936795,as,home,5.695414224985685
3,419,for,350.93333333333334,5.860596271902943,outside,as,5.695414224985685
3,420,they,316.75824175824175,5.758138838620409,for,outside,5.695414224985685
3,421,had,317.42857142857144,5.760252821144262,they,for,5.698769932832657
3,422,only,297.1098901098901,5.694102070739443,had,they,5.700443573390687
3,423,a,305.5824175824176,5.7222195215482685,only,had,5.293304824724492
3,424,<UNK>,311.5164835164835,5.741452253413296,a,only,5.293304824724492
3,425,<UNK>,333.3076923076923,5.8090660642783725,<UNK>,a,2.8249715391611123
3,426,to,326.8901098901099,5.789624059036063,<UNK>,<UNK>,4.213607983048918
3,427,<UNK>,334.15555555555557,5.811606619752,to,<UNK>,3.145934280925833
3,428,them,311.68888888888887,5.742005539326536,<UNK>,to,5.414617822244197
3,429,the,342.5054945054945,5.836287699925411,them,<UNK>,5.703782474656201
3,430,girls,332.6777777777778,5.807174387219183,the,them,5.695414224985685
3,431,little,335.0,5.814130531825066,girls,the,5.698769932832657
3,432,<UNK>,342.2857142857143,5.835645810180027,little,girls,5.695414224985685
3,433,were,322.9325842696629,5.777443584006758,<UNK>,little,5.70877001616724
3,434,almost,318.4175824175824,5.763363673606345,were,<UNK>,5.718671087149952
3,435,frozen,352.1123595505618,5.863950327932214,almost,were,5.695414224985685
3,436,<UNK>,327.34831460674155,5.791024786276753,frozen,almost,5.695414224985685
3,437,so,318.2584269662921,5.762863716164067,<UNK>,frozen,5.695414224985685
3,438,she,327.3956043956044,5.791169239054618,so,<UNK>,5.301645156640712
3,439,decided,329.03333333333336,5.7961590627557324,she,so,5.697093486505405
3,440,that,334.46153846153845,5.812521890779563,decided,she,5.695414224985685
3,441,a,308.2197802197802,5.730813100644165,that,decided,5.697093486505405
3,442,<UNK>,327.94444444444446,5.792844217344525,a,that,5.0072963928307415
3,443,match,354.05494505494505,5.869452113109254,<UNK>,a,5.893024474294729
3,444,might,385.989010989011,5.955808900119197,match,<UNK>,5.697093486505405
3,445,be,326.5777777777778,5.788668137124642,might,match,5.695414224985685
3,446,of,317.95604395604397,5.761913146672685,be,might,5.698769932832657
3,447,some,345.44444444444446,5.844831832722535,of,be,5.695414224985685
3,448,good,357.61538461538464,5.879458064229048,some,of,5.695414224985685
3,449,<UNK>,421.31111111111113,6.043371542031719,good,some,5.695414224985685
3,450,<UNK>,480.0111111111111,6.1738092517821705,<UNK>,good,5.2999826458670976
3,451,the,411.9550561797753,6.0209142564568205,<UNK>,<UNK>,3.455922281351402
3,452,match,369.0777777777778,5.911007401715144,the,<UNK>,5.901266279189834
3,453,as,336.6741573033708,5.819115570335634,match,the,5.700443573390687
3,454,she,345.032967032967,5.843639969083413,as,match,5.695414224985685
3,455,<UNK>,329.8,5.7984864101254985,she,as,4.457664048879502
3,456,it,327.3736263736264,5.791102106938589,<UNK>,she,5.726847747587197
3,457,out,313.8222222222222,5.748826654305972,it,<UNK>,5.726847747587197
3,458,how,367.1111111111111,5.905664557304649,out,it,5.695414224985685
3,459,it,346.2197802197802,5.847073776349064,how,out,5.695414224985685
3,460,<UNK>,371.2967032967033,5.917001482330537,it,how,5.695414224985685
3,461,as,345.2087912087912,5.844149425886128,<UNK>,it,5.306616169362732
3,462,it,326.8791208791209,5.789590441635693,as,<UNK>,5.339139361068292
3,463,<UNK>,340.4175824175824,5.830173047590854,it,as,5.29162837839724
3,464,it,348.1666666666667,5.852681292328511,<UNK>,it,5.7120812774708964
3,465,gave,369.75824175824175,5.912849391425631,it,<UNK>,5.726847747587197
3,466,a,323.7142857142857,5.7798612925326385,gave,it,5.695414224985685
3,467,warm,327.5274725274725,5.791571937137177,a,gave,5.695414224985685
3,468,<UNK>,381.3076923076923,5.943606640559037,warm,a,5.695414224985685
3,469,<UNK>,389.03333333333336,5.9636650297501985,<UNK>,warm,5.29162837839724
3,470,light,344.4065934065934,5.841822916988767,<UNK>,<UNK>,6.2285110035911835
3,471,that,344.81111111111113,5.842996763070537,light,<UNK>,5.697093486505405
3,472,the,317.989010989011,5.762016825544753,that,light,5.697093486505405
3,473,girl,328.5056179775281,5.794553939688712,the,that,5.746203190540153
3,474,<UNK>,292.4888888888889,5.678426679245745,girl,the,5.720311776607412
3,475,from,340.2111111111111,5.829566339954906,<UNK>,girl,5.695414224985685
3,476,the,309.03333333333336,5.733449145944827,from,<UNK>,3.858297606071983
3,477,world,309.23595505617976,5.734104594093087,the,from,5.723585101952381
3,478,as,327.22222222222223,5.790639518749468,world,the,5.702114417555504
3,479,she,344.0777777777778,5.840867730008269,as,world,5.695414224985685
3,480,held,330.53932584269666,5.800725641147149,she,as,5.71042701737487
3,481,her,305.1222222222222,5.720712424934601,held,she,5.695414224985685
3,482,hand,331.74444444444447,5.804364926860928,her,held,5.695414224985685
3,483,over,299.53333333333336,5.70222570796795,hand,her,5.695414224985685
3,484,it,321.5934065934066,5.773288035208472,over,hand,5.695414224985685
3,485,why,317.15555555555557,5.759392365049471,it,over,5.697093486505405
3,486,had,327.2967032967033,5.790867109035703,why,it,5.695414224985685
3,487,no,313.6,5.7481182884762525,had,why,5.695414224985685
3,488,one,314.35164835164835,5.750512258497995,no,had,5.702114417555504
3,489,wanted,340.24175824175825,5.829656418583561,one,no,5.703782474656201
3,490,to,339.15384615384613,5.826453827896401,wanted,one,5.695414224985685
3,491,buy,299.3956043956044,5.701765790500349,to,wanted,5.697093486505405
3,492,even,300.04395604395603,5.703928984069693,buy,to,5.698769932832657
3,493,one,309.5274725274725,5.735046852409807,even,buy,5.695414224985685
3,494,match,317.25274725274727,5.759698766140131,one,even,5.695414224985685
3,495,a,330.75280898876406,5.801371295744381,match,one,5.695414224985685
3,496,<UNK>,325.8241758241758,5.7863578979090216,a,match,5.695414224985685
3,497,light,337.9,5.822749993720244,<UNK>,a,5.893024474294729
3,498,it,352.94505494505495,5.866312393104586,light,<UNK>,5.697093486505405
3,499,was,343.34444444444443,5.8387341544914655,it,light,5.695414224985685
3,500,really,365.45652173913044,5.901147316543963,was,it,5.776103136235827
3,501,it,346.6263736263736,5.848247466788165,really,was,5.697093486505405
3,502,seemed,362.38461538461536,5.892706121238504,it,really,5.695414224985685
3,503,to,334.8777777777778,5.813765622799471,seemed,it,5.697093486505405
3,504,the,334.6666666666667,5.813135011583565,to,seemed,5.698769932832657
3,505,girl,348.2857142857143,5.853023160985903,the,to,5.749392985908253
3,506,that,340.8131868131868,5.831334487907244,girl,the,5.720311776607412
3,507,she,288.6847826086956,5.665335375230119,that,girl,5.695414224985685
3,508,was,319.4130434782609,5.7664850723868515,she,that,5.020585624949423
3,509,sitting,300.0326086956522,5.703891164401431,was,she,5.718671087149952
3,510,by,306.82608695652175,5.7262810950716805,sitting,was,5.697093486505405
3,511,a,309.1847826086956,5.733939100135707,by,sitting,5.695414224985685
3,512,large,317.29347826086956,5.759827144519957,a,by,5.695414224985685
3,513,<UNK>,311.64130434782606,5.741852860885249,large,a,5.0056227522727115
3,514,<UNK>,319.25,5.765974494912649,<UNK>,large,5.698769932832657
3,515,with,368.7608695652174,5.910148384006628,<UNK>,<UNK>,4.619073091157083
3,516,<UNK>,371.65934065934067,5.917977683801367,with,<UNK>,4.138361447638875
3,517,brass,350.85714285714283,5.86037914021172,<UNK>,with,5.720311776607412
3,518,feet,335.8369565217391,5.816625793744871,brass,<UNK>,5.695414224985685
3,519,and,363.85869565217394,5.896765593510333,feet,brass,5.695414224985685
3,520,a,333.4347826086956,5.80944729183571,and,feet,5.697093486505405
3,521,brass,318.60869565217394,5.763963690424816,a,and,5.70877001616724
3,522,<UNK>,390.39130434782606,5.967149580591659,brass,a,5.695414224985685
3,523,how,378.30337078651684,5.935696441952226,<UNK>,brass,5.695414224985685
3,524,the,340.8333333333333,5.831393599248847,how,<UNK>,5.700443573390687
3,525,fire,329.8241758241758,5.798559711939085,the,how,5.697093486505405
3,526,<UNK>,356.9340659340659,5.877551075462158,fire,the,5.697093486505405
3,527,the,370.2111111111111,5.914073413495343,<UNK>,fire,5.697093486505405
3,528,girl,367.1978021978022,5.90590067342832,the,<UNK>,4.514971918069943
3,529,was,317.2183908045977,5.759590466656916,girl,the,5.0271645960474665
3,530,pleased,344.1685393258427,5.8411314772927385,was,girl,5.698769932832657
3,531,and,327.3820224719101,5.791127753447478,pleased,was,5.697093486505405
3,532,the,323.4888888888889,5.779164766794341,and,pleased,5.695414224985685
3,533,fire,341.2134831460674,5.832508331677515,the,and,5.736572297479192
3,534,actually,307.0888888888889,5.727137246033165,fire,the,5.697093486505405
3,535,seemed,356.08988764044943,5.875183192352993,actually,fire,5.695414224985685
3,536,so,333.85555555555555,5.810708431038733,seemed,actually,5.695414224985685
3,537,warm,318.4269662921348,5.763393143512531,so,seemed,5.695414224985685
3,538,that,308.83516483516485,5.732807687428813,warm,so,5.695414224985685
3,539,the,323.4111111111111,5.778924303730027,that,warm,5.695414224985685
3,540,<UNK>,316.5164835164835,5.757375320848883,the,that,3.874401013638562
3,541,<UNK>,339.7111111111111,5.828095583230715,<UNK>,the,2.6426827112295754
3,542,out,349.31111111111113,5.8559629609579185,<UNK>,<UNK>,4.975748035095815
3,543,her,357.5,5.879135362134062,out,<UNK>,5.726847747587197
3,544,feet,327.7,5.792098555704769,her,out,5.695414224985685
3,545,as,344.9120879120879,5.843289566913705,feet,her,5.695414224985685
3,546,if,318.6263736263736,5.764019173793691,as,feet,5.695414224985685
3,547,to,342.85714285714283,5.837313867280724,if,as,5.697093486505405
3,548,warm,309.13186813186815,5.733767943570885,to,if,5.695414224985685
3,549,them,304.2967032967033,5.718003223116679,warm,to,5.697093486505405
3,550,when,342.65934065934067,5.836736777719647,them,warm,5.695414224985685
3,551,suddenly,343.27472527472526,5.838531074900818,when,them,5.695414224985685
3,552,the,330.8901098901099,5.80178632596506,suddenly,when,5.697093486505405
3,553,<UNK>,320.54945054945057,5.770036556344917,the,suddenly,5.695414224985685
3,554,of,314.53846153846155,5.751106362903106,<UNK>,the,3.0826339954089095
3,555,the,310.25274725274727,5.737387279010048,of,<UNK>,3.1937348359100985
3,556,match,319.7912087912088,5.767668310313464,the,of,5.8126368795682835
3,557,went,309.5444444444444,5.735101682604848,match,the,5.294978465282522
3,558,out,314.97802197802196,5.752502864893146,went,match,5.29162837839724
3,559,it,334.3296703296703,5.812127543091245,out,went,5.697093486505405
3,560,was,317.7912087912088,5.761394591011402,it,out,5.695414224985685
3,561,a,294.13186813186815,5.68402819783947,was,it,4.523340167740459
3,562,short,316.7032967032967,5.757965363036663,a,was,5.713732805509369
3,563,<UNK>,354.8131868131868,5.871591416636486,short,a,5.29162837839724
3,564,match,341.25274725274727,5.832623397024265,<UNK>,short,5.698769932832657
3,565,that,330.84615384615387,5.801653475322199,match,<UNK>,5.697093486505405
3,566,the,321.8888888888889,5.774206420433131,that,match,5.29162837839724
3,567,little,320.967032967033,5.771338416818623,the,that,5.340738082431989
3,568,girl,304.3666666666667,5.7182331149541845,little,the,4.478958874850075
3,569,next,301.989010989011,5.710390629259225,girl,little,5.705447753975262
3,570,<UNK>,338.4945054945055,5.824507860298893,next,girl,5.695414224985685
3,571,on,332.86813186813185,5.8077464111555805,<UNK>,next,5.698769932832657
3,572,the,340.5274725274725,5.830495805234943,on,<UNK>,3.948033442951179
3,573,wall,336.31868131868134,5.81805916676832,the,on,5.049856007249537
3,574,it,379.23333333333335,5.938151670877561,wall,the,5.702114417555504
3,575,burst,350.6703296703297,5.859846550402924,it,wall,5.695414224985685
3,576,into,329.8021978021978,5.7984930741487695,burst,it,5.695414224985685
3,577,a,339.45054945054943,5.827328279395777,into,burst,5.695414224985685
3,578,<UNK>,333.06666666666666,5.808342670143258,a,into,5.0089672369955585
3,579,and,350.4835164835165,5.859313676791068,<UNK>,a,4.388947077518456
3,580,<UNK>,321.7142857142857,5.773663840204268,and,<UNK>,2.645901983305224
3,581,and,367.02222222222224,5.905422397235661,<UNK>,and,5.426417369175352
3,582,<UNK>,327.1868131868132,5.7905313019201525,and,<UNK>,2.645901983305224
3,583,the,308.6373626373626,5.732167004011275,<UNK>,and,4.445588116163626
3,584,girl,306.77777777777777,5.726123634593935,the,<UNK>,4.514971918069943
3,585,was,306.45054945054943,5.725056402883468,girl,the,5.0271645960474665
3,586,<UNK>,327.9230769230769,5.792779059303673,was,girl,5.293304824724492
3,587,from,347.6923076923077,5.85131791536474,<UNK>,was,5.780743515792329
3,588,her,322.72527472527474,5.77680141865982,from,<UNK>,5.730099782973574
3,589,<UNK>,325.57142857142856,5.785581880190371,her,from,5.695414224985685
3,590,city,371.4725274725275,5.917474911147523,<UNK>,her,5.731721843345443
3,591,to,346.6923076923077,5.8484376652291115,city,<UNK>,5.697093486505405
3,592,a,306.7111111111111,5.725906298410227,to,city,5.697093486505405
3,593,beautiful,318.05494505494505,5.7622241510465315,a,to,5.703782474656201
3,594,<UNK>,308.95604395604397,5.733199014209452,beautiful,a,5.698769932832657
3,595,<UNK>,352.1978021978022,5.8641929558319665,<UNK>,beautiful,5.695414224985685
3,596,she,354.22222222222223,5.869924462573886,<UNK>,<UNK>,5.1298987149230735
3,597,heard,349.4835164835165,5.856456397424357,she,<UNK>,5.725217755376266
3,598,the,330.68131868131866,5.801155128163262,heard,she,5.0056227522727115
3,599,birds,320.0989010989011,5.768630013976801,the,heard,5.702114417555504
3,600,<UNK>,328.6263736263736,5.794921462961807,birds,the,5.025523906590006
3,601,and,303.5054945054945,5.715399714142912,<UNK>,birds,5.294978465282522
3,602,she,322.47777777777776,5.7760342277462735,and,<UNK>,4.987707789452551
3,603,was,294.47777777777776,5.685203542783728,she,and,5.298317366548036
3,604,surrounded,285.65934065934067,5.654799984300966,was,she,5.718671087149952
3,605,by,304.7142857142857,5.719374569416037,surrounded,was,5.695414224985685
3,606,<UNK>,331.0,5.802118375377063,by,surrounded,5.0056227522727115
3,607,and,335.8666666666667,5.8167142558103455,<UNK>,by,5.306616169362732
3,608,<UNK>,313.7362637362637,5.748552708567306,and,<UNK>,2.645901983305224
3,609,as,335.4945054945055,5.8156055792120736,<UNK>,and,5.1387352967235715
3,610,white,320.14606741573033,5.768777352321448,as,<UNK>,5.744604469176456
3,611,as,331.5274725274725,5.803710679578149,white,as,5.695414224985685
3,612,<UNK>,344.0659340659341,5.840833307803601,as,white,5.695414224985685
3,613,a,334.04395604395603,5.8112725892395565,<UNK>,as,5.723585101952381
3,614,little,318.94444444444446,5.765016932271472,a,<UNK>,5.339139361068292
3,615,squirrel,290.06666666666666,5.67011078161847,little,a,5.705447753975262
3,616,<UNK>,328.31868131868134,5.7939847260829,squirrel,little,5.695414224985685
3,617,some,304.9111111111111,5.720020295150856,<UNK>,squirrel,5.695414224985685
3,618,food,327.15555555555557,5.790435762848332,some,<UNK>,5.698769932832657
3,619,in,336.0674157303371,5.817311781891854,food,some,5.695414224985685
3,620,the,304.24175824175825,5.71782264273083,in,food,5.695414224985685
3,621,ground,323.5274725274725,5.779284033140388,the,in,5.389071729816501
3,622,and,312.2637362637363,5.7438481392750464,ground,the,5.293304824724492
3,623,<UNK>,335.5274725274725,5.815703838387103,and,ground,5.697093486505405
3,624,off,313.94505494505495,5.749217986345306,<UNK>,and,5.426417369175352
3,625,into,307.010989010989,5.726883541770646,off,<UNK>,5.700443573390687
3,626,the,294.9010989010989,5.686640042165929,into,off,5.695414224985685
3,627,<UNK>,317.7362637362637,5.761221679351538,the,into,5.017279836814924
3,628,the,350.4555555555556,5.859233895454597,<UNK>,the,4.3223248823369245
3,629,girl,325.0769230769231,5.7840618407144655,the,<UNK>,4.514971918069943
3,630,was,320.57142857142856,5.770105117587273,girl,the,5.0271645960474665
3,631,<UNK>,324.8888888888889,5.78348324353345,was,girl,5.293304824724492
3,632,so,316.05555555555554,5.755918006854483,<UNK>,was,5.780743515792329
3,633,she,319.83516483516485,5.767805753188986,so,<UNK>,5.301645156640712
3,634,<UNK>,316.95604395604397,5.7587631016635035,she,so,5.697093486505405
3,635,some,305.6043956043956,5.72229144071116,<UNK>,she,5.726847747587197
3,636,squirrel,321.9230769230769,5.774312625462039,some,<UNK>,5.698769932832657
3,637,food,335.7362637362637,5.816325922388502,squirrel,some,5.695414224985685
3,638,up,310.7362637362637,5.738944525829787,food,squirrel,5.695414224985685
3,639,to,289.02197802197804,5.666502733739845,up,food,5.695414224985685
3,640,see,306.45054945054943,5.725056402883468,to,up,5.702114417555504
3,641,what,287.989010989011,5.66292232311982,see,to,5.698769932832657
3,642,it,289.3296703296703,5.667566765761191,what,see,5.695414224985685
3,643,was,292.7362637362637,5.679272079895386,it,what,5.0089672369955585
3,644,but,308.77777777777777,5.732621852406284,was,it,5.776103136235827
3,645,then,310.4725274725275,5.7380954191097455,but,was,5.695414224985685
3,646,she,300.6,5.705780477318874,then,but,5.0072963928307415
3,647,<UNK>,310.13186813186815,5.736997588100856,she,then,5.0106352940962555
3,648,to,296.0,5.69035945432406,<UNK>,she,5.726847747587197
3,649,put,293.42857142857144,5.681634241433191,to,<UNK>,5.820082930352362
3,650,it,298.68131868131866,5.699377181188285,put,to,5.697093486505405
3,651,back,313.5,5.7477993600729755,it,put,5.695414224985685
3,652,the,324.38461538461536,5.781929896285023,back,it,5.695414224985685
3,653,squirrel,331.9555555555556,5.805001091146693,the,back,5.697093486505405
3,654,came,320.16483516483515,5.768835973060325,squirrel,the,5.695414224985685
3,655,back,322.3333333333333,5.775586206785184,came,squirrel,5.695414224985685
3,656,and,291.7692307692308,5.675963184227363,back,came,5.695414224985685
3,657,looked,303.8222222222222,5.716442735025107,and,back,5.697093486505405
3,658,in,303.45054945054943,5.715218662959248,looked,and,5.697093486505405
3,659,its,290.72222222222223,5.672368248476043,in,looked,5.695414224985685
3,660,<UNK>,297.75824175824175,5.696281887980757,its,in,5.697093486505405
3,661,place,306.6777777777778,5.725797612602675,<UNK>,its,5.703782474656201
3,662,but,322.8791208791209,5.777278014413523,place,<UNK>,5.698769932832657
3,663,the,293.1333333333333,5.6806275680786,but,place,5.695414224985685
3,664,food,276.2197802197802,5.621196853978552,the,but,5.70877001616724
3,665,was,299.4222222222222,5.7018546917502855,food,the,5.695414224985685
3,666,<UNK>,289.5,5.66815529701305,was,food,5.695414224985685
3,667,to,310.18888888888887,5.737181430916161,<UNK>,was,4.864452783918175
3,668,be,300.1758241758242,5.7043683835641295,to,<UNK>,4.721470641684252
3,669,found,289.43333333333334,5.6679249883984895,be,to,5.313205979041787
3,670,then,328.74725274725273,5.795289226794708,found,be,5.697093486505405
3,671,the,297.3333333333333,5.6948538439119,then,found,5.695414224985685
3,672,match,298.38461538461536,5.69838330997843,the,then,5.700443573390687
3,673,went,306.1758241758242,5.72415952574932,match,the,5.294978465282522
3,674,out,344.8241758241758,5.843034651830911,went,match,5.29162837839724
3,675,and,307.7692307692308,5.729350251395698,out,went,5.697093486505405
3,676,it,307.2197802197802,5.727563387936915,and,out,5.698769932832657
3,677,wasnt,301.032967032967,5.707219783777917,it,and,5.702114417555504
3,678,the,303.31111111111113,5.714759048085876,wasnt,it,5.293304824724492
3,679,<UNK>,305.6777777777778,5.722531533345725,the,wasnt,5.697093486505405
3,680,that,331.2967032967033,5.803014358446511,<UNK>,the,5.621607866467185
3,681,remained,336.95604395604397,5.819952488480336,that,<UNK>,5.777652323222656
3,682,before,330.1978021978022,5.799691875491139,remained,that,5.695414224985685
3,683,her,327.1098901098901,5.7902961698252176,before,remained,5.695414224985685
3,684,eyes,393.3,5.974572679437764,her,before,5.695414224985685
3,685,it,336.7692307692308,5.819397920621271,eyes,her,5.698769932832657
3,686,was,288.010989010989,5.6629986356961695,it,eyes,5.695414224985685
3,687,only,275.5164835164835,5.618647458078952,was,it,5.082955955675882
3,688,the,292.83516483516485,5.679609873356665,only,was,5.294978465282522
3,689,<UNK>,302.7802197802198,5.7130071950577666,the,only,5.697093486505405
3,690,<UNK>,297.5934065934066,5.695728147449414,<UNK>,the,2.6426827112295754
3,691,cold,305.3333333333333,5.721404076006021,<UNK>,<UNK>,6.2285110035911835
3,692,wall,311.2307692307692,5.740534660266154,cold,<UNK>,5.698769932832657
3,693,the,362.8888888888889,5.894096696194191,wall,cold,5.695414224985685
3,694,girl,348.7362637362637,5.85431594522372,the,wall,5.697093486505405
3,695,looked,329.1222222222222,5.796429177893952,girl,the,5.720311776607412
3,696,<UNK>,343.4945054945055,5.839171115885289,looked,girl,5.695414224985685
3,697,into,388.56043956043953,5.962448729291841,<UNK>,looked,5.698769932832657
3,698,the,324.8666666666667,5.783414841741296,into,<UNK>,4.469186810116282
3,699,sky,313.43956043956047,5.747606551820185,the,into,5.71042701737487
3,700,that,292.46666666666664,5.678350700064004,sky,the,5.700443573390687
3,701,was,299.3333333333333,5.70155777963409,that,sky,5.695414224985685
3,702,now,296.1777777777778,5.690959874636304,was,that,5.7120812774708964
3,703,<UNK>,341.7692307692308,5.834135745474372,now,was,5.698769932832657
3,704,<UNK>,329.85714285714283,5.798659660299182,<UNK>,now,5.700443573390687
3,705,and,340.53846153846155,5.830528075270604,<UNK>,<UNK>,3.487670979665982
3,706,suddenly,322.6703296703297,5.77663115082811,and,<UNK>,5.903998521326706
3,707,she,306.6777777777778,5.725797612602675,suddenly,and,5.695414224985685
3,708,saw,299.3076923076923,5.701472115523017,she,suddenly,5.695414224985685
3,709,a,307.0,5.726847747587197,saw,she,5.700443573390687
3,710,<UNK>,321.8021978021978,5.773937064249683,a,saw,5.695414224985685
3,711,fall,309.13186813186815,5.733767943570885,<UNK>,a,5.893024474294729
3,712,<UNK>,349.9222222222222,5.85771090756622,fall,<UNK>,5.695414224985685
3,713,behind,361.0444444444444,5.88900106555943,<UNK>,fall,5.695414224985685
3,714,it,318.5824175824176,5.763881209457253,behind,<UNK>,5.702114417555504
3,715,a,313.1758241758242,5.746764771405005,it,behind,5.695414224985685
3,716,<UNK>,311.6043956043956,5.741734420458058,a,it,5.29162837839724
3,717,<UNK>,298.68131868131866,5.699377181188285,<UNK>,a,2.8249715391611123
3,718,of,337.2,5.8206762261277,<UNK>,<UNK>,3.9259259105971376
3,719,fire,299.6666666666667,5.702670745803511,of,<UNK>,5.867883485336628
3,720,<UNK>,367.2247191011236,5.905973974294111,fire,of,5.695414224985685
3,721,is,406.15384615384613,6.00673201923877,<UNK>,fire,5.697093486505405
3,722,<UNK>,338.9010989010989,5.825708321160416,is,<UNK>,5.015622835607295
3,723,thought,379.13186813186815,5.937884081589776,<UNK>,is,5.71042701737487
3,724,the,361.0888888888889,5.889124157632456,thought,<UNK>,5.695414224985685
3,725,little,308.24444444444447,5.73089311899297,the,thought,5.695414224985685
3,726,girl,318.30337078651684,5.763004924199039,little,the,4.478958874850075
3,727,it,318.8314606741573,5.764662626721318,girl,little,5.705447753975262
3,728,was,296.4835164835165,5.691991623244897,it,girl,5.695414224985685
3,729,her,297.86813186813185,5.696650878059111,was,it,5.3706380281276624
3,730,old,317.8,5.761422254102616,her,was,5.697093486505405
3,731,grandmother,355.55172413793105,5.873670735531469,old,her,5.29162837839724
3,732,the,377.53333333333336,5.933658865011595,grandmother,old,5.697093486505405
3,733,one,356.9555555555556,5.8776112797874465,the,grandmother,5.695414224985685
3,734,who,323.15555555555557,5.778133803439682,one,the,5.293304824724492
3,735,had,306.6292134831461,5.725639243970244,who,one,5.697093486505405
3,736,<UNK>,291.1222222222222,5.673743186629477,had,who,5.018934096910951
3,737,her,305.8888888888889,5.723221927806388,<UNK>,had,5.327876168789581
3,738,the,308.7032967032967,5.732380610762061,her,<UNK>,5.041810911564705
3,739,most,319.0989010989011,5.765501089526783,the,her,5.698769932832657
3,740,and,303.2857142857143,5.714675312647943,most,the,5.70877001616724
3,741,the,304.45054945054943,5.7185086747846,and,most,5.695414224985685
3,742,one,313.5054945054945,5.747816886252707,the,and,5.736572297479192
3,743,who,281.86813186813185,5.641439344082065,one,the,5.293304824724492
3,744,the,285.010989010989,5.652527737458607,who,one,5.697093486505405
3,745,girl,317.010989010989,5.7589364389262485,the,who,5.702114417555504
3,746,used,317.94505494505495,5.76187858465979,girl,the,5.720311776607412
3,747,to,294.6923076923077,5.685931787239112,used,girl,5.695414224985685
3,748,<UNK>,299.3956043956044,5.701765790500349,to,used,5.0056227522727115
3,749,every,294.84615384615387,5.686453707919019,<UNK>,to,5.820082930352362
3,750,<UNK>,301.2307692307692,5.707876646188864,every,<UNK>,5.695414224985685
3,751,who,347.54945054945057,5.850906958620056,<UNK>,every,5.700443573390687
3,752,had,303.86813186813185,5.716593830548305,who,<UNK>,4.802380355275797
3,753,told,290.3296703296703,5.671017071559466,had,who,5.7120812774708964
3,754,her,295.8241758241758,5.689765277241814,told,had,5.695414224985685
3,755,that,290.95604395604397,5.673172204064593,her,told,5.697093486505405
3,756,when,288.06666666666666,5.663191934829723,that,her,5.695414224985685
3,757,a,301.8791208791209,5.710026675258992,when,that,5.695414224985685
3,758,<UNK>,309.1978021978022,5.7339812086601984,a,when,5.698769932832657
3,759,<UNK>,308.032967032967,5.730206813066971,<UNK>,a,2.8249715391611123
3,760,a,306.685393258427,5.725822444483718,<UNK>,<UNK>,4.975748035095815
3,761,<UNK>,326.43956043956047,5.788244818072628,a,<UNK>,3.4420193761824103
3,762,<UNK>,318.7802197802198,5.764501899132353,<UNK>,a,2.8249715391611123
3,763,this,322.6923076923077,5.77669926143977,<UNK>,<UNK>,5.823045895483019
3,764,earth,316.9010989010989,5.7585897343497425,this,<UNK>,5.700443573390687
3,765,it,357.3076923076923,5.878597293786402,earth,this,5.695414224985685
3,766,was,336.2857142857143,5.817961138764908,it,earth,5.695414224985685
3,767,her,294.2637362637363,5.684476427340475,was,it,5.3706380281276624
3,768,last,289.43956043956047,5.667946502987597,her,was,5.697093486505405
3,769,match,308.010989010989,5.730135460944215,last,her,5.695414224985685
3,770,that,310.34065934065933,5.737670595228255,match,last,5.695414224985685
3,771,the,336.1847826086956,5.817660957037257,that,match,5.29162837839724
3,772,little,321.57142857142856,5.773219691851419,the,that,5.340738082431989
3,773,girl,296.1304347826087,5.690800015312169,little,the,4.478958874850075
3,774,now,284.05494505494505,5.649167687951916,girl,little,5.705447753975262
3,775,<UNK>,301.4065934065934,5.708460161887405,now,girl,5.695414224985685
3,776,on,330.5869565217391,5.800869730651364,<UNK>,now,5.700443573390687
3,777,the,325.75824175824175,5.786155516554399,on,<UNK>,3.948033442951179
3,778,wall,324.6777777777778,5.782833237523667,the,on,5.049856007249537
3,779,and,292.3,5.6777806721172,wall,the,5.702114417555504
3,780,the,290.4347826086956,5.671379050601542,and,wall,5.695414224985685
3,781,light,310.29347826086956,5.737518553704844,the,and,5.736572297479192
3,782,again,308.9230769230769,5.733092303910028,light,the,5.700443573390687
3,783,<UNK>,317.97777777777776,5.761981499136415,again,light,5.695414224985685
3,784,round,318.85714285714283,5.764743174445888,<UNK>,again,5.695414224985685
3,785,her,320.3626373626374,5.769453595918278,round,<UNK>,5.697093486505405
3,786,her,333.8901098901099,5.810811926535217,her,round,5.695414224985685
3,787,old,332.010989010989,5.805168067799404,her,her,5.695414224985685
3,788,grandmother,373.5054945054945,5.9229327153227525,old,her,5.29162837839724
3,789,in,329.72222222222223,5.798250549147604,grandmother,old,5.697093486505405
3,790,the,317.45054945054943,5.760322056440444,in,grandmother,5.695414224985685
3,791,<UNK>,312.8666666666667,5.745777114692207,the,in,3.4431615807611875
3,792,stood,329.7912087912088,5.798459753588315,<UNK>,the,6.02707297457535
3,793,<UNK>,363.7865168539326,5.8965672034234125,stood,<UNK>,5.695414224985685
3,794,in,350.24175824175825,5.8586236538674745,<UNK>,stood,5.695414224985685
3,795,her,340.5777777777778,5.83064352176003,in,<UNK>,5.780743515792329
3,796,<UNK>,380.74725274725273,5.942135776377612,her,in,5.0106352940962555
3,797,the,390.4888888888889,5.967399515325351,<UNK>,her,5.326256735237278
3,798,girl,342.94505494505495,5.837570244669642,the,<UNK>,4.514971918069943
3,799,understood,329.3296703296703,5.797059286537145,girl,the,5.720311776607412
3,800,her,333.44565217391306,5.809479890078667,understood,girl,5.695414224985685
3,801,grandmother,330.02222222222224,5.799159992260625,her,understood,5.695414224985685
3,802,would,341.5274725274725,5.833428122414931,grandmother,her,5.702114417555504
3,803,soon,382.5111111111111,5.946757701501186,would,grandmother,5.695414224985685
3,804,disappear,346.75,5.848604059194941,soon,would,5.695414224985685
3,805,but,354.9555555555556,5.871992586019637,disappear,soon,5.695414224985685
3,806,she,330.82608695652175,5.801592820247373,but,disappear,5.697093486505405
3,807,tried,315.7391304347826,5.754916336045132,she,but,5.698769932832657
3,808,to,317.7888888888889,5.761387290901381,tried,she,5.0056227522727115
3,809,play,312.07608695652175,5.743247026528795,to,tried,5.707110264748875
3,810,for,321.02197802197804,5.77150958814442,play,to,5.698769932832657
3,811,time,359.81111111111113,5.885579202393452,for,play,5.695414224985685
3,812,grandmother,459.86813186813185,6.130939778533597,time,for,5.695414224985685
3,813,cried,444.81111111111113,6.097649722640364,grandmother,time,5.695414224985685
3,814,the,357.8901098901099,5.880225983665965,cried,grandmother,5.695414224985685
3,815,little,330.6263736263736,5.8009889572394675,the,cried,5.695414224985685
3,816,one,304.9010989010989,5.719987458123821,little,the,5.731721843345443
3,817,<UNK>,359.22222222222223,5.883941200389214,one,little,5.697093486505405
3,818,take,355.9230769230769,5.874714631445463,<UNK>,one,5.705447753975262
3,819,me,331.84444444444443,5.804666318286949,take,<UNK>,5.695414224985685
3,820,with,297.7362637362637,5.696208073623832,me,take,5.695414224985685
3,821,you,308.87640449438203,5.732941211427152,with,me,5.695414224985685
3,822,i,301.35555555555555,5.708290815317626,you,with,5.695414224985685
3,823,know,333.05494505494505,5.808307476534414,i,you,5.697093486505405
3,824,you,291.5274725274725,5.675134246726995,know,i,5.697093486505405
3,825,will,310.4222222222222,5.737933377957231,you,know,5.695414224985685
3,826,go,308.1777777777778,5.7306768170345945,will,you,5.700443573390687
3,827,away,318.46153846153845,5.763501709357823,go,will,5.695414224985685
3,828,when,328.0,5.793013608384144,away,go,5.695414224985685
3,829,the,311.18888888888887,5.740400087582283,when,away,5.29162837839724
3,830,match,298.85714285714283,5.699965676129501,the,when,5.707110264748875
3,831,<UNK>,306.0769230769231,5.723836452965392,match,the,5.700443573390687
3,832,out,334.14285714285717,5.811568617528866,<UNK>,match,5.695414224985685
3,833,the,329.85393258426967,5.798649927939085,out,<UNK>,4.810557015713042
3,834,girl,330.7362637362637,5.801321271478868,the,out,5.700443573390687
3,835,decided,305.43956043956047,5.7217519208707195,girl,the,5.720311776607412
3,836,to,324.010989010989,5.7807774319177545,decided,girl,5.695414224985685
3,837,light,311.0659340659341,5.740004896351876,to,decided,5.698769932832657
3,838,the,341.2087912087912,5.832494580844775,light,to,5.695414224985685
3,839,whole,343.94505494505495,5.840481920619229,the,light,5.695414224985685
3,840,<UNK>,341.8791208791209,5.8344572268633685,whole,the,5.293304824724492
3,841,of,346.13186813186815,5.846819824217676,<UNK>,whole,5.698769932832657
3,842,matches,346.5274725274725,5.847962101280577,of,<UNK>,5.867883485336628
3,843,in,335.9230769230769,5.816882196024024,matches,of,5.695414224985685
3,844,order,320.35164835164835,5.769419293542835,in,matches,5.695414224985685
3,845,to,309.4835164835165,5.734904832171685,order,in,5.0056227522727115
3,846,keep,306.8791208791209,5.72645392698529,to,order,5.293304824724492
3,847,her,301.94444444444446,5.710243041659145,keep,to,5.293304824724492
3,848,grandmother,321.8666666666667,5.774137381115212,her,keep,5.697093486505405
3,849,there,347.43333333333334,5.850572800077167,grandmother,her,5.702114417555504
3,850,the,332.8791208791209,5.807779423716863,there,grandmother,5.695414224985685
3,851,girl,335.44444444444446,5.815456352370619,the,there,5.697093486505405
3,852,saw,315.9222222222222,5.755496051083251,girl,the,5.720311776607412
3,853,the,300.5,5.705447753975262,saw,girl,5.695414224985685
3,854,matches,300.25274725274727,5.704624610802487,the,saw,5.698769932832657
3,855,<UNK>,327.8901098901099,5.792678521425944,matches,the,5.695414224985685
3,856,with,332.05555555555554,5.80530229092809,<UNK>,matches,5.695414224985685
3,857,a,329.2197802197802,5.796725552720138,with,<UNK>,4.6491870714048655
3,858,light,352.1868131868132,5.864161754097147,a,with,5.70877001616724
3,859,that,319.84444444444443,5.767834766492351,light,a,5.695414224985685
3,860,was,317.9010989010989,5.761740324661644,that,light,5.697093486505405
3,861,<UNK>,316.68131868131866,5.757895964376029,was,that,4.613468988802786
3,862,than,329.13186813186815,5.796458485450982,<UNK>,was,5.780743515792329
3,863,the,301.64444444444445,5.709248987493384,than,<UNK>,5.698769932832657
3,864,day,298.1868131868132,5.697720179980656,the,than,5.698769932832657
3,865,and,332.2111111111111,5.805770643673169,day,the,5.697093486505405
3,866,her,315.8241758241758,5.755185653116166,and,day,5.697093486505405
3,867,grandmother,317.3296703296703,5.759941202977863,her,and,5.697093486505405
3,868,had,322.8333333333333,5.777136194178941,grandmother,her,5.296649309447339
3,869,never,329.0444444444444,5.7961928311383994,had,grandmother,5.697093486505405
3,870,<UNK>,343.1978021978022,5.838306963740745,never,had,5.697093486505405
3,871,so,322.4175824175824,5.775847545180123,<UNK>,never,5.695414224985685
3,872,large,310.64835164835165,5.7386615703580155,so,<UNK>,5.707110264748875
3,873,or,318.6923076923077,5.764226084615865,large,so,5.697093486505405
3,874,so,331.38461538461536,5.803279680814742,or,large,5.695414224985685
3,875,beautiful,316.6333333333333,5.757744427228027,so,or,5.695414224985685
3,876,as,305.24719101123594,5.72112191069208,beautiful,so,5.695414224985685
3,877,she,302.010989010989,5.710463404166468,as,beautiful,5.695414224985685
3,878,did,309.8131868131868,5.735969492645592,she,as,5.71042701737487
3,879,in,297.4945054945055,5.6953957558891,did,she,5.700443573390687
3,880,the,301.5054945054945,5.708788239900008,in,did,5.695414224985685
3,881,light,290.7362637362637,5.6724165460394405,the,in,5.794536837924666
3,882,of,286.2197802197802,5.656759978010799,light,the,5.700443573390687
3,883,the,276.0879120879121,5.620719337057421,of,light,5.695414224985685
3,884,little,278.6292134831461,5.6298819140076475,the,of,5.407171771460119
3,885,matches,319.5164835164835,5.766808864087676,little,the,5.731721843345443
3,886,the,370.2022471910112,5.914049470328999,matches,little,5.695414224985685
3,887,grandmother,371.3626373626374,5.917179044403745,the,matches,5.695414224985685
3,888,then,323.7032967032967,5.77982734532055,grandmother,the,5.695414224985685
3,889,took,321.3296703296703,5.77246760648847,then,grandmother,5.695414224985685
3,890,the,314.7142857142857,5.7516651977470294,took,then,5.695414224985685
3,891,little,304.2307692307692,5.717786522740218,the,took,5.695414224985685
3,892,girl,287.27472527472526,5.660438988828647,little,the,4.478958874850075
3,893,in,303.5777777777778,5.715637847117168,girl,little,5.705447753975262
3,894,her,288.3076923076923,5.6640282858967765,in,girl,5.695414224985685
3,895,arms,286.65934065934067,5.658294544413378,her,in,5.703782474656201
3,896,and,293.8131868131868,5.682944146371702,arms,her,5.695414224985685
3,897,they,285.5934065934066,5.6545691440414,and,arms,5.697093486505405
3,898,both,287.5934065934066,5.661547699970072,they,and,5.695414224985685
3,899,flew,295.7362637362637,5.689468056255825,both,they,5.697093486505405
3,900,<UNK>,306.02197802197804,5.723656922974425,flew,both,5.695414224985685
3,901,in,312.1,5.743323649276734,<UNK>,flew,5.697093486505405
3,902,<UNK>,310.8901098901099,5.7394395053336,in,<UNK>,3.9889840465642745
3,903,and,306.3820224719101,5.724832762750536,<UNK>,in,5.332718793265369
3,904,<UNK>,326.6043956043956,5.78874963912429,and,<UNK>,2.645901983305224
3,905,<UNK>,304.4945054945055,5.718653042634131,<UNK>,and,3.7524409356036807
3,906,<UNK>,305.0989010989011,5.7206359899426245,<UNK>,<UNK>,2.4908413853078146
3,907,the,304.3068181818182,5.718036462770276,<UNK>,<UNK>,3.455922281351402
3,908,earth,314.5934065934066,5.751281032341638,the,<UNK>,5.901266279189834
3,909,where,314.3888888888889,5.7506307192463595,earth,the,5.703782474656201
3,910,there,313.9888888888889,5.749357599577989,where,earth,5.695414224985685
3,911,was,306.25555555555553,5.724419902283968,there,where,5.29162837839724
3,912,<UNK>,296.24175824175825,5.691175871781365,was,there,5.2999826458670976
3,913,cold,301.6373626373626,5.709225509884747,<UNK>,was,5.780743515792329
3,914,nor,297.1,5.694068782468562,cold,<UNK>,5.698769932832657
3,915,<UNK>,299.9887640449438,5.703745020771293,nor,cold,5.695414224985685
3,916,and,328.1666666666667,5.79352160941107,<UNK>,nor,5.695414224985685
3,917,the,293.3736263736264,5.681446972008122,and,<UNK>,3.958088372271393
3,918,little,289.14285714285717,5.666920881352043,the,and,5.331107189371028
3,919,girl,288.0,5.662960480135946,little,the,4.478958874850075
3,920,felt,293.35555555555555,5.68138537351044,girl,little,5.705447753975262
3,921,safe,303.9230769230769,5.716774632949854,felt,girl,5.695414224985685
3,922,and,298.5164835164835,5.698825152468773,safe,felt,5.695414224985685
3,923,<UNK>,314.97802197802196,5.752502864893146,and,safe,5.29162837839724
3,924,in,329.4,5.79727281774354,<UNK>,and,5.426417369175352
3,925,the,303.0879120879121,5.714022902331218,in,<UNK>,3.338396480423125
3,926,<UNK>,285.72527472527474,5.655030771285604,the,in,3.4431615807611875
3,927,of,286.967032967033,5.659367341451134,<UNK>,the,3.0826339954089095
3,928,the,287.27472527472526,5.660438988828647,of,<UNK>,3.1937348359100985
3,929,morning,273.4222222222222,5.6110172019751055,the,of,5.8126368795682835
3,930,there,289.3296703296703,5.667566765761191,morning,the,5.695414224985685
3,931,<UNK>,311.46153846153845,5.741275858570624,there,morning,5.695414224985685
3,932,the,317.94505494505495,5.76187858465979,<UNK>,there,5.695414224985685
3,933,poor,339.18888888888887,5.826557146567815,the,<UNK>,5.901266279189834
3,934,little,305.3370786516854,5.72141634225727,poor,the,5.695414224985685
3,935,one,323.8666666666667,5.780331908459908,little,poor,5.698769932832657
3,936,not,314.19101123595505,5.750001116997127,one,little,5.697093486505405
3,937,<UNK>,394.7802197802198,5.978329204430375,not,one,5.695414224985685
3,938,but,365.44565217391306,5.9011175736710975,<UNK>,not,5.0271645960474665
3,939,smiling,335.53846153846155,5.8157365893000375,but,<UNK>,5.730099782973574
3,940,and,323.2967032967033,5.778570487638579,smiling,but,5.695414224985685
3,941,with,305.15384615384613,5.720816063052793,and,smiling,5.695414224985685
3,942,a,303.6521739130435,5.7158828815902885,with,and,5.697093486505405
3,943,<UNK>,313.4945054945055,5.747781833586072,a,with,4.456007047671872
3,944,face,333.46666666666664,5.809542910335354,<UNK>,a,5.893024474294729
3,945,<UNK>,323.1333333333333,5.7780650347431655,face,<UNK>,5.695414224985685
3,946,against,338.04395604395603,5.8231759344949054,<UNK>,face,5.697093486505405
3,947,the,313.967032967033,5.749287989845509,against,<UNK>,5.695414224985685
3,948,wall,318.1222222222222,5.7624356555487,the,against,5.697093486505405
3,949,frozen,325.0659340659341,5.784028035802608,wall,the,5.702114417555504
3,950,and,325.5054945054945,5.785379341707367,frozen,wall,5.695414224985685
3,951,<UNK>,332.010989010989,5.805168067799404,and,frozen,5.695414224985685
3,952,<UNK>,436.34065934065933,6.078423267033597,<UNK>,and,3.7524409356036807
3,953,she,412.06666666666666,6.0211851485570635,<UNK>,<UNK>,5.1298987149230735
3,954,tried,384.72527472527474,5.952529507431861,she,<UNK>,5.319752647268102
3,955,to,356.65934065934067,5.876781098369433,tried,she,5.0056227522727115
3,956,warm,329.6703296703297,5.798093154127442,to,tried,5.707110264748875
3,957,herself,338.72527472527474,5.825189379789143,warm,to,5.697093486505405
3,958,said,363.1098901098901,5.8947055160275585,herself,warm,5.695414224985685
3,959,some,356.42857142857144,5.876133859130306,said,herself,5.695414224985685
3,960,<UNK>,441.9340659340659,6.091160698855561,some,said,5.695414224985685
3,961,who,430.0,6.063785208687608,<UNK>,some,5.702114417555504
3,962,saw,346.2967032967033,5.847295931573006,who,<UNK>,5.313205979041787
3,963,her,322.7802197802198,5.776971657505331,saw,who,5.29162837839724
3,964,were,344.4111111111111,5.841836034260545,her,saw,5.698769932832657
3,965,<UNK>,378.3956043956044,5.9359402208195675,were,her,5.695414224985685
3,966,their,356.5444444444444,5.8764589009322075,<UNK>,were,5.726847747587197
3,967,parents,323.0989010989011,5.777958471707062,their,<UNK>,5.705447753975262
3,968,why,324.0444444444444,5.780880680596056,parents,their,5.697093486505405
3,969,no,307.5111111111111,5.7285112202884365,why,parents,5.695414224985685
3,970,one,306.4835164835165,5.725163974104684,no,why,5.695414224985685
3,971,<UNK>,299.84444444444443,5.703263821660467,one,no,5.0106352940962555
3,972,the,334.6043956043956,5.812948925359429,<UNK>,one,5.705447753975262
3,973,girl,315.4945054945055,5.75414126659826,the,<UNK>,4.514971918069943
3,974,who,323.1222222222222,5.778030648621401,girl,the,5.314846668499247
3,975,they,312.16483516483515,5.74353136613476,who,girl,5.697093486505405
3,976,knew,333.3888888888889,5.809309643093348,they,who,5.695414224985685
3,977,looked,352.5164835164835,5.8650973829079165,knew,they,5.695414224985685
3,978,<UNK>,338.43333333333334,5.824327125639067,looked,knew,5.695414224985685
3,979,poor,368.2857142857143,5.908859034443819,<UNK>,looked,5.698769932832657
3,980,and,332.0769230769231,5.805366638093941,poor,<UNK>,5.695414224985685
3,981,<UNK>,317.85714285714283,5.761602045545027,and,poor,5.695414224985685
3,982,<UNK>,451.53333333333336,6.112649198112694,<UNK>,and,3.7524409356036807
3,983,who,404.14285714285717,6.001768422246254,<UNK>,<UNK>,5.823045895483019
3,984,saw,337.6923076923077,5.82213514860768,who,<UNK>,5.313205979041787
3,985,her,321.9222222222222,5.774309970473781,saw,who,5.29162837839724
3,986,sitting,331.47777777777776,5.803560772017794,her,saw,5.698769932832657
3,987,<UNK>,362.75824175824175,5.893736611721888,sitting,her,5.695414224985685
3,988,wished,364.3296703296703,5.898059145467961,<UNK>,sitting,5.697093486505405
3,989,they,345.0659340659341,5.843735512006144,wished,<UNK>,5.697093486505405
3,990,could,322.7802197802198,5.776971657505331,they,wished,5.695414224985685
3,991,have,317.77777777777777,5.761352326477679,could,they,5.29162837839724
3,992,<UNK>,311.1758241758242,5.740358103476204,have,could,5.698769932832657
3,993,the,305.16483516483515,5.720852073783995,<UNK>,have,5.303304908059076
3,994,girl,330.56043956043953,5.800789515675185,the,<UNK>,4.514971918069943
3,995,but,343.94505494505495,5.840481920619229,girl,the,5.720311776607412
3,996,their,300.6703296703297,5.7060144142593145,but,girl,5.695414224985685
3,997,good,307.5934065934066,5.728778802399827,their,but,5.695414224985685
3,998,<UNK>,320.8241758241758,5.770893234200788,good,their,5.695414224985685
3,999,were,321.72527472527474,5.773697997292721,<UNK>,good,5.705447753975262
3,1000,a,311.4065934065934,5.741099432607322,were,<UNK>,5.718671087149952
3,1001,day,300.3736263736264,5.7050271210078956,a,were,5.695414224985685
3,1002,late,303.15384615384613,5.714240419733467,day,a,5.697093486505405
3,1003,and,302.0989010989011,5.710754450845133,late,day,5.695414224985685
3,1004,a,301.1758241758242,5.707694227683826,and,late,5.695414224985685
3,1005,<UNK>,304.4945054945055,5.718653042634131,a,and,4.61015772749913
3,1006,short,315.0659340659341,5.75278193141744,<UNK>,a,5.893024474294729
3,1007,other,339.94505494505495,5.8287840014482395,short,<UNK>,5.695414224985685
3,1008,people,327.7142857142857,5.792142148634003,other,short,5.695414224985685
3,1009,<UNK>,330.72527472527474,5.801288045023962,people,other,5.695414224985685
3,1010,the,317.8777777777778,5.7616669622893255,<UNK>,people,5.700443573390687
3,1011,girl,302.95604395604397,5.713587725533778,the,<UNK>,4.514971918069943
3,1012,had,292.5444444444444,5.678616601947776,girl,the,5.720311776607412
3,1013,<UNK>,313.5274725274725,5.747886987900125,had,girl,5.695414224985685
3,1014,<UNK>,312.4888888888889,5.744568912988787,<UNK>,had,4.817050545023591
3,1015,and,308.4157303370786,5.731448646669457,<UNK>,<UNK>,3.487670979665982
3,1016,frozen,298.1847826086956,5.697713370205904,and,<UNK>,5.903998521326706
3,1017,but,330.0978260869565,5.799389053217821,frozen,and,5.695414224985685
3,1018,no,323.4891304347826,5.779165513483986,but,frozen,5.695414224985685
3,1019,one,312.8152173913044,5.745612656437017,no,but,5.695414224985685
3,1020,<UNK>,327.9347826086956,5.792814755104066,one,no,5.0106352940962555
3,1021,what,317.4130434782609,5.760203902012469,<UNK>,one,5.705447753975262
3,1022,beautiful,321.9891304347826,5.774517788560929,what,<UNK>,5.700443573390687
3,1023,things,331.6559139784946,5.804098027799595,beautiful,what,5.695414224985685
3,1024,she,337.3010752688172,5.820975929933312,things,beautiful,5.695414224985685
3,1025,had,327.23655913978496,5.790683331799191,she,things,5.695414224985685
3,1026,seen,302.7204301075269,5.712809706672252,had,she,5.718671087149952
3,1027,nor,321.83870967741933,5.774050518428361,seen,had,5.695414224985685
3,1028,into,319.18279569892474,5.7657639659367685,nor,seen,5.695414224985685
3,1029,what,318.4301075268817,5.763403008315408,into,nor,5.695414224985685
3,1030,<UNK>,335.60869565217394,5.815945885020704,what,into,5.695414224985685
3,1031,she,321.6989247311828,5.77361609178115,<UNK>,what,5.698769932832657
3,1032,had,316.36559139784947,5.756898479656901,she,<UNK>,4.808927023502111
3,1033,entered,306.20212765957444,5.724245431793741,had,she,5.718671087149952
3,1034,with,313.0425531914894,5.746339133987888,entered,had,5.695414224985685
3,1035,her,325.24468085106383,5.7845777632268,with,entered,5.695414224985685
3,1036,grandmother,329.6063829787234,5.797899163681307,her,with,5.698769932832657
3,1037,on,357.1170212765957,5.878063518758752,grandmother,her,5.702114417555504
3,1038,new,377.70212765957444,5.9341058629023715,on,grandmother,5.695414224985685
3,1039,years,378.17894736842106,5.935367489335008,new,on,5.695414224985685
3,1040,day,495.258064516129,6.205078969173753,years,new,5.697093486505405
4,2,upon,363.84615384615387,5.896731124024442,once,day,5.695414224985685
4,3,a,335.2608695652174,5.814908943903811,upon,once,5.695414224985685
4,4,time,336.7282608695652,5.8192762575112384,a,upon,5.695414224985685
4,5,the,339.29347826086956,5.826865450446804,time,a,5.697093486505405
4,6,birds,337.2857142857143,5.8209303880302,the,time,5.697093486505405
4,7,took,334.2,5.811739616161293,birds,the,5.718671087149952
4,8,it,340.97802197802196,5.831818023529063,took,birds,5.695414224985685
4,9,into,335.5054945054945,5.815638333343191,it,took,5.695414224985685
4,10,their,336.39325842696627,5.818280887550082,into,it,5.695414224985685
4,11,<UNK>,362.0,5.8916442118257715,their,into,5.695414224985685
4,12,that,349.8666666666667,5.857552129521715,<UNK>,their,5.70877001616724
4,13,they,334.84090909090907,5.813655520789093,that,<UNK>,5.777652323222656
4,14,would,334.8021978021978,5.813539903116467,they,that,5.698769932832657
4,15,like,333.05494505494505,5.808307476534414,would,they,5.695414224985685
4,16,a,322.46153846153845,5.775983868539341,like,would,5.697093486505405
4,17,<UNK>,329.6818181818182,5.798128002005097,a,like,4.785823685681349
4,18,and,378.989010989011,5.9375072099101205,<UNK>,a,4.388947077518456
4,19,that,336.2087912087912,5.817732369379791,and,<UNK>,5.903998521326706
4,20,one,331.23333333333335,5.8028230615692085,that,and,5.70877001616724
4,21,of,322.3,5.775482788821392,one,that,5.697093486505405
4,22,their,314.65555555555557,5.751478566119489,of,one,5.713732805509369
4,23,number,330.18888888888887,5.7996648812799165,their,of,5.698769932832657
4,24,must,389.3333333333333,5.9644358747200625,number,their,5.695414224985685
4,25,be,366.8863636363636,5.905052164239268,must,number,5.695414224985685
4,26,<UNK>,368.73333333333335,5.910073708892468,be,must,5.296649309447339
4,27,king,406.5632183908046,6.007739435692638,<UNK>,be,5.730099782973574
4,28,a,484.69662921348316,6.18352318845018,king,<UNK>,5.697093486505405
4,29,meeting,421.4943820224719,6.043806448818024,a,king,5.695414224985685
4,30,of,345.9550561797753,5.846308871186406,meeting,a,5.695414224985685
4,31,all,341.2134831460674,5.832508331677515,of,meeting,5.695414224985685
4,32,the,321.6931818181818,5.773598239796512,all,of,5.700443573390687
4,33,birds,317.02247191011236,5.758972660671101,the,all,5.018934096910951
4,34,was,344.52272727272725,5.842160060041757,birds,the,5.718671087149952
4,35,called,327.0112359550562,5.789994531025764,was,birds,5.697093486505405
4,36,and,325.1573033707865,5.78430907560615,called,was,5.697093486505405
4,37,though,338.4318181818182,5.824322648671944,and,called,5.695414224985685
4,38,they,366.1123595505618,5.902940279596109,though,and,5.698769932832657
4,39,understood,357.4942528735632,5.879119286126699,they,though,5.697093486505405
4,40,the,359.5113636363636,5.88474578622026,understood,they,5.695414224985685
4,41,birds,340.7586206896552,5.831174369419221,the,understood,5.695414224985685
4,42,who,373.89772727272725,5.9239823035284545,birds,the,5.718671087149952
4,43,were,354.4942528735632,5.87069213391852,who,birds,5.697093486505405
4,44,from,375.03409090909093,5.927016930929339,were,who,5.695414224985685
4,45,the,378.64772727272725,5.936606293357023,from,were,5.695414224985685
4,46,most,347.85227272727275,5.851777885990027,the,from,5.723585101952381
4,47,<UNK>,362.45454545454544,5.892899074582984,most,the,4.456007047671872
4,48,<UNK>,349.5681818181818,5.856698626533549,<UNK>,most,5.2999826458670976
4,49,would,357.8863636363636,5.880215516002148,<UNK>,<UNK>,6.2285110035911835
4,50,be,352.735632183908,5.865718859028581,would,<UNK>,5.0072963928307415
4,51,<UNK>,373.84090909090907,5.923830330153897,be,would,4.454347296253507
4,52,to,350.89772727272725,5.8604948057164625,<UNK>,be,5.730099782973574
4,53,come,395.22727272727275,5.979460973430068,to,<UNK>,5.414617822244197
4,54,many,455.40909090909093,6.121196115900947,come,to,5.700443573390687
4,55,birds,359.95454545454544,5.8859777608520965,many,come,5.695414224985685
4,56,came,338.5402298850575,5.824642932809157,birds,many,5.695414224985685
4,57,from,340.7471264367816,5.831140637486884,came,birds,5.697093486505405
4,58,<UNK>,352.09090909090907,5.863889406716382,from,came,5.697093486505405
4,59,<UNK>,390.47727272727275,5.967369767143706,<UNK>,from,5.301645156640712
4,60,and,378.7816091954023,5.936959809962793,<UNK>,<UNK>,3.487670979665982
4,61,<UNK>,384.15909090909093,5.9510567660319165,and,<UNK>,2.645901983305224
4,62,the,404.28735632183907,6.002125903147175,<UNK>,and,4.445588116163626
4,63,eagle,370.2613636363636,5.91420914446994,the,<UNK>,5.495801171081669
4,64,who,359.75,5.885409345767477,eagle,the,5.707110264748875
4,65,already,359.04545454545456,5.883448994806104,who,eagle,5.695414224985685
4,66,thought,337.9886363636364,5.823012274691918,already,who,5.695414224985685
4,67,himself,375.71590909090907,5.928833296881445,thought,already,5.695414224985685
4,68,the,366.0568181818182,5.902788562286669,himself,thought,5.695414224985685
4,69,de,374.54545454545456,5.925713169545202,the,himself,5.695414224985685
4,70,<UNK>,442.5232558139535,6.092493018578751,de,the,5.695414224985685
4,71,king,459.27272727272725,6.129644210672011,<UNK>,de,5.698769932832657
4,72,<UNK>,415.2134831460674,6.028792805182959,king,<UNK>,5.697093486505405
4,73,<UNK>,410.46590909090907,6.017292878162281,<UNK>,king,5.695414224985685
4,74,late,429.89772727272725,6.063547336846548,<UNK>,<UNK>,6.2285110035911835
4,75,it,404.0681818181818,6.001583630598311,late,<UNK>,5.695414224985685
4,76,was,343.98850574712645,5.840608243289359,it,late,5.695414224985685
4,77,a,357.02298850574715,5.877800173279983,was,it,4.523340167740459
4,78,<UNK>,379.1931818181818,5.938045789781932,a,was,4.209655408733095
4,79,who,356.25,5.8756327315828605,<UNK>,a,5.893024474294729
4,80,was,329.39772727272725,5.797265918122674,who,<UNK>,4.802380355275797
4,81,most,325.125,5.784209723768815,was,who,5.72194977861165
4,82,excited,384.77272727272725,5.95265284120892,most,was,5.695414224985685
4,83,about,347.21590909090907,5.849946802850809,excited,most,5.695414224985685
4,84,the,323.59090909090907,5.779480091745557,about,excited,5.697093486505405
4,85,meeting,342.89772727272725,5.837432231487526,the,about,5.700443573390687
4,86,because,418.52272727272725,6.036731194960905,meeting,the,5.698769932832657
4,87,he,337.8636363636364,5.822642371366977,because,meeting,5.695414224985685
4,88,was,319.35632183908046,5.7663074757693265,he,because,5.0072963928307415
4,89,the,313.21590909090907,5.746892758136026,was,he,5.71042701737487
4,90,dark,321.9310344827586,5.7743373439799175,the,was,5.723585101952381
4,91,<UNK>,345.04545454545456,5.843676160658452,dark,the,5.695414224985685
4,92,for,364.0681818181818,5.897341162783222,<UNK>,dark,5.697093486505405
4,93,king,422.40909090909093,6.045974254199024,for,<UNK>,5.7430031878094825
4,94,the,506.59090909090907,6.227703792461654,king,for,5.695414224985685
4,95,small,420.77272727272725,6.042092847708895,the,king,5.700443573390687
4,96,<UNK>,384.75,5.952593772718989,small,the,5.293304824724492
4,97,came,379.3863636363636,5.9385551149371265,<UNK>,small,5.698769932832657
4,98,too,371.59090909090907,5.917793542407138,came,<UNK>,5.698769932832657
4,99,and,401.4022988505747,5.994964163427489,too,came,5.697093486505405
4,100,the,355.15909090909093,5.87256583249504,and,too,5.695414224985685
4,101,<UNK>,379.65909090909093,5.939273720872595,the,and,4.031824205240767
4,102,the,372.15909090909093,5.919321426585191,<UNK>,the,4.3223248823369245
4,103,<UNK>,418.625,6.0369755311143685,the,<UNK>,2.9055340056358423
4,104,the,374.14942528735634,5.924655250476428,<UNK>,the,4.3223248823369245
4,105,owl,360.57954545454544,5.887712585517956,the,<UNK>,5.495801171081669
4,106,the,366.95454545454544,5.9052379860367,owl,the,5.705447753975262
4,107,<UNK>,358.39772727272725,5.881643339765734,the,owl,5.695414224985685
4,108,and,367.7613636363636,5.907434259442924,<UNK>,the,4.081162825520036
4,109,the,370.04545454545456,5.913625848215662,and,<UNK>,3.958088372271393
4,110,<UNK>,362.8068181818182,5.8938705112888075,the,and,4.031824205240767
4,111,who,362.82954545454544,5.8939331522309475,<UNK>,the,5.333925794015404
4,112,had,362.9080459770115,5.8941494853069765,who,<UNK>,4.802380355275797
4,113,only,340.7931034482759,5.83127555838971,had,who,5.7120812774708964
4,114,a,323.9655172413793,5.780637081861092,only,had,5.293304824724492
4,115,<UNK>,340.3636363636364,5.830014564799112,a,only,5.293304824724492
4,116,in,341.20454545454544,5.832482137494043,<UNK>,a,5.199877293734784
4,117,a,316.72727272727275,5.758041065174023,in,<UNK>,4.864452783918175
4,118,<UNK>,360.3181818181818,5.88698747947884,a,in,4.79081953287472
4,119,to,346.2386363636364,5.8471282377965945,<UNK>,a,5.487559366186565
4,120,be,347.32183908045977,5.850251840239061,to,<UNK>,4.721470641684252
4,121,king,370.9310344827586,5.916016154445531,be,to,5.718671087149952
4,122,were,386.5232558139535,5.957192036499215,king,be,5.700443573390687
4,123,all,367.40909090909093,5.906475916375529,were,king,5.695414224985685
4,124,<UNK>,347.735632183908,5.851442513440751,all,were,5.700443573390687
4,125,at,368.41379310344826,5.909206744243377,<UNK>,all,5.700443573390687
4,126,the,305.60227272727275,5.722284494199505,at,<UNK>,4.469186810116282
4,127,meeting,332.13483146067415,5.8055410053299985,the,at,5.318119993844216
4,128,the,358.5,5.881928660039675,meeting,the,5.698769932832657
4,129,<UNK>,441.96590909090907,6.091232750349524,the,meeting,5.695414224985685
4,130,who,409.14772727272725,6.014076282204761,<UNK>,the,5.333925794015404
4,131,was,365.67045454545456,5.901732530383335,who,<UNK>,4.802380355275797
4,132,almost,333.54545454545456,5.809779151556912,was,who,5.72194977861165
4,133,not,342.6818181818182,5.836802372853386,almost,was,5.698769932832657
4,134,<UNK>,349.5977011494253,5.856783068100222,not,almost,5.695414224985685
4,135,because,393.2386363636364,5.974416644797757,<UNK>,not,5.720311776607412
4,136,his,355.82954545454544,5.8744518112853985,because,<UNK>,5.71042701737487
4,137,call,336.82954545454544,5.81957700255433,his,because,5.695414224985685
4,138,so,365.0344827586207,5.899991822431459,call,his,5.695414224985685
4,139,<UNK>,439.9318181818182,6.086619756227284,so,call,5.695414224985685
4,140,the,377.0568181818182,5.932395887449803,<UNK>,so,5.01396308418893
4,141,other,371.64772727272725,5.917946435917107,the,<UNK>,5.495801171081669
4,142,birds,364.3068181818182,5.897996419682964,other,the,4.211304213723279
4,143,came,364.3068181818182,5.897996419682964,birds,other,5.707110264748875
4,144,too,353.2068965517241,5.86705399445006,came,birds,5.697093486505405
4,145,it,402.6931818181818,5.998174936544921,too,came,5.697093486505405
4,146,was,367.60227272727275,5.907001573071976,it,too,5.695414224985685
4,147,the,324.625,5.782670669982912,was,it,4.389808775115936
4,148,very,342.21590909090907,5.835441850999615,the,was,5.723585101952381
4,149,little,337.46590909090907,5.82146449510971,very,the,5.695414224985685
4,150,bird,322.20454545454544,5.775186578199371,little,very,5.695414224985685
4,151,who,330.96590909090907,5.802015376389795,bird,little,5.306616169362732
4,152,had,349.78409090909093,5.8573160810159,who,bird,5.697093486505405
4,153,no,321.25,5.77221963620943,had,who,5.7120812774708964
4,154,name,335.1136363636364,5.8144696873311155,no,had,5.702114417555504
4,155,at,358.4942528735632,5.8819126288750905,name,no,5.695414224985685
4,156,all,352.60227272727275,5.865340715567707,at,name,5.695414224985685
4,157,however,402.16279069767444,5.9968569586323595,all,at,5.700443573390687
4,158,that,383.5,5.949339620807311,however,all,5.695414224985685
4,159,would,345.78409090909093,5.845814565565899,that,however,5.697093486505405
4,160,end,346.03409090909093,5.846537298843088,would,that,5.695414224985685
4,161,up,345.3636363636364,5.844597880389255,end,would,5.695414224985685
4,162,<UNK>,388.82954545454544,5.96314106109452,up,end,5.695414224985685
4,163,the,376.8863636363636,5.9319437192958375,<UNK>,up,5.697093486505405
4,164,<UNK>,396.89772727272725,5.983678633576423,the,<UNK>,2.9055340056358423
4,165,of,348.4431818181818,5.85347518051898,<UNK>,the,3.0826339954089095
4,166,<UNK>,332.85057471264366,5.807693664686783,of,<UNK>,2.923444506170187
4,167,among,355.0568181818182,5.872277827884975,<UNK>,of,5.7698822763607245
4,168,the,339.0,5.82600010738045,among,<UNK>,5.0056227522727115
4,169,birds,353.81609195402297,5.868777263885316,the,among,5.294978465282522
4,170,that,373.86206896551727,5.9238869298338095,birds,the,5.718671087149952
4,171,there,392.8863636363636,5.973520419004526,that,birds,5.698769932832657
4,172,would,354.6136363636364,5.871028848522921,there,that,5.695414224985685
4,173,be,347.6931818181818,5.851320429440421,would,there,5.695414224985685
4,174,great,355.13793103448273,5.872506252139328,be,would,5.707110264748875
4,175,confusion,424.4022988505747,6.050681823432449,great,be,5.695414224985685
4,176,and,391.632183908046,5.970323092948465,confusion,great,5.695414224985685
4,177,<UNK>,352.6136363636364,5.865372942964219,and,confusion,5.695414224985685
4,178,among,364.5977011494253,5.898794557094201,<UNK>,and,5.831882477283517
4,179,the,362.77272727272725,5.893776542517693,among,<UNK>,5.0056227522727115
4,180,birds,343.02298850574715,5.837797466802718,the,among,5.294978465282522
4,181,at,336.97727272727275,5.820015488099765,birds,the,5.718671087149952
4,182,the,324.0568181818182,5.780918865176425,at,birds,5.695414224985685
4,183,meeting,348.4318181818182,5.853442567392193,the,at,5.318119993844216
4,184,was,348.13793103448273,5.852598754794521,meeting,the,5.698769932832657
4,185,to,344.81609195402297,5.843011208100807,was,meeting,5.695414224985685
4,186,be,326.4597701149425,5.788306725550375,to,was,5.700443573390687
4,187,expected,356.5402298850575,5.876447080290035,be,to,5.718671087149952
4,188,given,389.7386363636364,5.965476351293813,expected,be,5.695414224985685
4,189,the,366.1363636363636,5.9030058422527585,given,expected,5.695414224985685
4,190,<UNK>,343.39772727272725,5.838889330132584,the,given,5.697093486505405
4,191,<UNK>,344.17045454545456,5.841137042049723,<UNK>,the,2.6426827112295754
4,192,of,351.90909090909093,5.863372877779278,<UNK>,<UNK>,3.9259259105971376
4,193,birds,333.5,5.809642865355678,of,<UNK>,5.867883485336628
4,194,that,326.65909090909093,5.788917091632971,birds,of,5.695414224985685
4,195,have,375.4367816091954,5.928090099132127,that,birds,5.698769932832657
4,196,<UNK>,356.8045977011494,5.877188286556546,have,that,5.29162837839724
4,197,there,414.32183908045977,6.0266430608981665,<UNK>,have,5.70877001616724
4,198,was,377.25581395348837,5.932923508936728,there,<UNK>,5.294978465282522
4,199,<UNK>,402.08045977011494,5.996652217273824,was,there,5.2999826458670976
4,200,<UNK>,488.95454545454544,6.1922695310736895,<UNK>,was,4.075995423553904
4,201,and,412.42045454545456,6.022043349713636,<UNK>,<UNK>,3.487670979665982
4,202,<UNK>,398.01162790697674,5.986481220704339,and,<UNK>,2.645901983305224
4,203,but,433.95454545454544,6.0729397946397174,<UNK>,and,5.831882477283517
4,204,finally,383.9431818181818,5.950494577624821,but,<UNK>,5.730099782973574
4,205,it,346.0568181818182,5.846602975974334,finally,but,5.695414224985685
4,206,was,313.7386363636364,5.74856027102876,it,finally,5.695414224985685
4,207,decided,366.9431818181818,5.905207018134927,was,it,5.776103136235827
4,208,that,367.8863636363636,5.907774096015699,decided,was,5.695414224985685
4,209,the,318.91954022988506,5.764938845986087,that,decided,5.697093486505405
4,210,bird,338.15909090909093,5.823516467909436,the,that,5.746203190540153
4,211,that,368.2413793103448,5.908738645185071,bird,the,5.703782474656201
4,212,could,331.97701149425285,5.805065724031927,that,bird,5.697093486505405
4,213,<UNK>,370.9655172413793,5.916109112846714,could,that,5.695414224985685
4,214,the,360.81609195402297,5.8883683879533715,<UNK>,could,5.301645156640712
4,215,<UNK>,362.11494252873564,5.8919616822243235,the,<UNK>,2.9055340056358423
4,216,should,347.42045454545456,5.850535731018597,<UNK>,the,6.02707297457535
4,217,be,333.3181818181818,5.809097534735484,should,<UNK>,5.695414224985685
4,218,king,353.85227272727275,5.8688795173562545,be,should,5.293304824724492
4,219,the,385.2386363636364,5.953862976980336,king,be,5.700443573390687
4,220,little,371.1818181818182,5.916692018521205,the,king,5.700443573390687
4,221,bird,331.41379310344826,5.80336772483681,little,the,4.122283930911342
4,222,<UNK>,352.07954545454544,5.863857131473104,bird,little,5.018934096910951
4,223,<UNK>,358.15909090909093,5.880977275703811,<UNK>,bird,5.700443573390687
4,224,near,365.625,5.901608217986121,<UNK>,<UNK>,6.2285110035911835
4,225,the,353.0813953488372,5.866698612078168,near,<UNK>,5.293304824724492
4,226,eagle,382.94117647058823,5.947881391146399,the,near,5.698769932832657
4,227,at,407.9425287356322,6.01112630354025,eagle,the,5.707110264748875
4,228,first,382.97701149425285,5.947974965171024,at,eagle,5.695414224985685
4,229,but,395.2413793103448,5.979496665125208,first,at,5.293304824724492
4,230,the,358.17241379310343,5.881014473241337,but,first,5.293304824724492
4,231,eagle,352.6136363636364,5.865372942964219,the,but,5.303304908059076
4,232,did,367.72727272727275,5.907341556694222,eagle,the,5.707110264748875
4,233,not,340.8965517241379,5.83157906388043,did,eagle,5.695414224985685
4,234,notice,371.60919540229884,5.917842752064895,not,did,5.2999826458670976
4,235,the,357.3863636363636,5.8788174476503805,notice,not,5.697093486505405
4,236,bird,374.47727272727275,5.92553111413917,the,notice,5.695414224985685
4,237,<UNK>,390.5113636363636,5.967457069077499,bird,the,5.703782474656201
4,238,onto,386.625,5.957455231005234,<UNK>,bird,5.700443573390687
4,239,his,376.57954545454544,5.9311293010319845,onto,<UNK>,5.697093486505405
4,240,back,389.13793103448273,5.963933859265162,his,onto,5.695414224985685
4,241,right,408.64772727272725,6.012853482397003,back,his,5.695414224985685
4,242,as,383.32183908045977,5.94887494723213,right,back,5.695414224985685
4,243,the,363.6136363636364,5.896091865350451,as,right,5.695414224985685
4,244,<UNK>,394.8390804597701,5.978478290653677,the,as,4.327438444389479
4,245,was,377.17241379310343,5.932702413920244,<UNK>,the,4.522995577799075
4,246,about,356.875,5.877385580410275,was,<UNK>,5.728475087246572
4,247,to,366.13793103448273,5.903010123157142,about,was,5.695414224985685
4,248,<UNK>,449.95348837209303,6.109144218249312,to,about,5.695414224985685
4,249,into,387.8953488372093,5.960735583750701,<UNK>,to,5.820082930352362
4,250,the,371.28735632183907,5.916976308143875,into,<UNK>,4.469186810116282
4,251,air,322.13793103448273,5.774979811075579,the,into,5.304961909266705
4,252,in,338.82758620689657,5.825491382742119,air,the,5.703782474656201
4,253,a,356.8181818181818,5.877226357418138,in,air,5.695414224985685
4,254,great,349.54545454545456,5.856633609141374,a,in,5.707110264748875
4,255,<UNK>,348.79545454545456,5.854485660256834,great,a,5.695414224985685
4,256,all,336.09090909090907,5.817381686138261,<UNK>,great,5.698769932832657
4,257,the,326.1764705882353,5.787438555728252,all,<UNK>,5.298317366548036
4,258,birds,328.0919540229885,5.793293916725152,the,all,5.018934096910951
4,259,flew,336.3953488372093,5.818287101716673,birds,the,5.718671087149952
4,260,when,342.2413793103448,5.835516275568917,flew,birds,5.695414224985685
4,261,the,329.7931034482759,5.798465498591741,when,flew,5.695414224985685
4,262,<UNK>,346.2528735632184,5.847169356566659,the,when,5.01396308418893
4,263,was,336.8390804597701,5.8196053102559455,<UNK>,the,4.522995577799075
4,264,given,348.47727272727275,5.853573013518128,was,<UNK>,5.728475087246572
4,265,the,364.54545454545456,5.898651247502245,given,was,5.695414224985685
4,266,air,355.8636363636364,5.874547613549598,the,given,5.697093486505405
4,267,was,328.25,5.793775513182905,air,the,5.703782474656201
4,268,<UNK>,341.4318181818182,5.833148005144163,was,air,5.695414224985685
4,269,of,330.08045977011494,5.79933644222707,<UNK>,was,5.375278407684165
4,270,<UNK>,303.9431818181818,5.716840782024007,of,<UNK>,2.923444506170187
4,271,and,328.2325581395349,5.793722375867213,<UNK>,of,4.517119307865356
4,272,it,357.0574712643678,5.87789675275692,and,<UNK>,5.2108513407667605
4,273,seemed,316.93023255813955,5.758681663087295,it,and,5.702114417555504
4,274,as,324.64772727272725,5.7827406783839495,seemed,it,5.697093486505405
4,275,if,330.95454545454544,5.801981041036395,as,seemed,5.695414224985685
4,276,a,324.51724137931035,5.782338666872314,if,as,5.697093486505405
4,277,<UNK>,324.85227272727275,5.783370533538092,a,if,5.695414224985685
4,278,<UNK>,373.4651162790698,5.922824603367928,<UNK>,a,2.8249715391611123
4,279,were,350.95454545454544,5.8606567149505,<UNK>,<UNK>,6.2285110035911835
4,280,<UNK>,387.3863636363636,5.959422550653742,were,<UNK>,4.465908118654584
4,281,over,346.45454545454544,5.84775162807549,<UNK>,were,5.726847747587197
4,282,the,307.44827586206895,5.728306864519285,over,<UNK>,5.298317366548036
4,283,field,370.06976744186045,5.9136915485166215,the,over,5.702114417555504
4,284,you,379.8837209302326,5.939865208341608,field,the,5.695414224985685
4,285,could,331.5402298850575,5.8037491593820665,you,field,5.695414224985685
4,286,hear,348.72727272727275,5.854290163204959,could,you,5.697093486505405
4,287,the,322.8735632183908,5.777260801443705,hear,could,5.697093486505405
4,288,birds,303.8965517241379,5.716687353113186,the,hear,5.697093486505405
4,289,<UNK>,320.367816091954,5.769469760997645,birds,the,5.025523906590006
4,290,and,345.52272727272725,5.845058421862575,<UNK>,birds,5.294978465282522
4,291,<UNK>,316.1511627906977,5.756220462469384,and,<UNK>,2.645901983305224
4,292,from,335.11494252873564,5.814473585001672,<UNK>,and,5.426417369175352
4,293,<UNK>,316.3333333333333,5.756796509941818,from,<UNK>,5.0369526024136295
4,294,that,347.5,5.850764665004847,<UNK>,from,5.707110264748875
4,295,were,324.264367816092,5.7815591331357234,that,<UNK>,4.861361591348501
4,296,<UNK>,327.98850574712645,5.792978564316225,were,that,5.298317366548036
4,297,away,363.2988505747126,5.895225775376053,<UNK>,were,5.726847747587197
4,298,the,347.6896551724138,5.851310286406742,away,<UNK>,5.296649309447339
4,299,little,328.0919540229885,5.793293916725152,the,away,5.698769932832657
4,300,birds,361.72727272727275,5.890890537628558,little,the,5.731721843345443
4,301,that,327.58620689655174,5.791751247602158,birds,little,5.695414224985685
4,302,soon,333.7093023255814,5.810270261681591,that,birds,5.698769932832657
4,303,grew,348.8735632183908,5.8547095735202115,soon,that,5.695414224985685
4,304,tired,339.32183908045977,5.826949034824822,grew,soon,5.695414224985685
4,305,fell,351.6896551724138,5.8627491252640445,tired,grew,5.695414224985685
4,306,back,348.18390804597703,5.852730811579129,fell,tired,5.695414224985685
4,307,quickly,352.6860465116279,5.865578274541715,back,fell,5.695414224985685
4,308,to,326.0,5.786897381366708,quickly,back,5.695414224985685
4,309,earth,335.5882352941176,5.81588491823996,to,quickly,5.695414224985685
4,310,the,359.2413793103448,5.883994528318663,earth,to,5.698769932832657
4,311,fact,344.37931034482756,5.8417436962566605,the,earth,5.695414224985685
4,312,that,326.2068965517241,5.78753183205945,fact,the,5.0089672369955585
4,313,the,311.4431818181818,5.7412169197224685,that,fact,5.700443573390687
4,314,<UNK>,343.5,5.839187111662404,the,that,3.874401013638562
4,315,<UNK>,326.04651162790697,5.7870400448950186,<UNK>,the,2.6426827112295754
4,316,held,334.39080459770116,5.812310382619848,<UNK>,<UNK>,6.2285110035911835
4,317,out,337.6666666666667,5.822059215580574,held,<UNK>,5.695414224985685
4,318,longer,329.4712643678161,5.797489140330206,out,held,5.695414224985685
4,319,and,339.17045454545456,5.826502796779263,longer,out,5.695414224985685
4,320,flew,343.2386363636364,5.838425938094635,and,longer,5.695414224985685
4,321,higher,341.9186046511628,5.834572710640549,flew,and,5.697093486505405
4,322,and,338.8965517241379,5.825694903654596,higher,flew,5.695414224985685
4,323,higher,328.8965517241379,5.795743268871695,and,higher,4.603502128887395
4,324,but,353.48275862068965,5.867834710796927,higher,and,5.702114417555504
4,325,the,320.7613636363636,5.770697431196669,but,higher,5.695414224985685
4,326,eagle,354.0681818181818,5.8694894985941675,the,but,5.303304908059076
4,327,flew,352.2413793103448,5.864316677265248,eagle,the,5.707110264748875
4,328,<UNK>,349.86206896551727,5.857538988140162,flew,eagle,5.695414224985685
4,329,of,337.0113636363636,5.820116649773065,<UNK>,flew,5.697093486505405
4,330,any,384.34090909090907,5.9515299428314234,of,<UNK>,5.462418377228463
4,331,<UNK>,391.7613636363636,5.970652888183296,any,of,5.29162837839724
4,332,no,380.90909090909093,5.942560740117813,<UNK>,any,5.698769932832657
4,333,one,404.28409090909093,6.002117826154699,no,<UNK>,5.700443573390687
4,334,could,430.0581395348837,6.06392040776846,one,no,5.703782474656201
4,335,<UNK>,377.24418604651163,5.9328926861216775,could,one,5.695414224985685
4,336,<UNK>,401.2988505747126,5.994706413014377,<UNK>,could,5.707110264748875
4,337,the,340.4886363636364,5.830381751651273,<UNK>,<UNK>,3.455922281351402
4,338,eagle,313.0568181818182,5.746384701803425,the,<UNK>,5.495801171081669
4,339,that,345.7701149425287,5.845774146560575,eagle,the,5.707110264748875
4,340,seemed,323.5,5.7791991139409555,that,eagle,5.695414224985685
4,341,to,315.7386363636364,5.754914771235815,seemed,that,5.695414224985685
4,342,be,306.1264367816092,5.723998208708796,to,seemed,5.293304824724492
4,343,flying,314.9425287356322,5.752390173721578,be,to,5.718671087149952
4,344,straight,327.44827586206895,5.79133010630303,flying,be,5.695414224985685
4,345,into,336.7674418604651,5.81939260863504,straight,flying,5.695414224985685
4,346,the,319.5287356321839,5.766847209154143,into,straight,5.697093486505405
4,347,sun,360.17045454545456,5.88657740424006,the,into,5.71042701737487
4,348,the,367.85057471264366,5.907676808733023,sun,the,5.705447753975262
4,349,other,336.88505747126436,5.819741796419873,the,sun,5.695414224985685
4,350,birds,368.17045454545456,5.908546022628374,other,the,4.211304213723279
4,351,gave,313.1931818181818,5.746820194461369,birds,other,5.707110264748875
4,352,out,325.07954545454544,5.784069907626814,gave,birds,5.695414224985685
4,353,one,339.85227272727275,5.828511031212607,out,gave,5.695414224985685
4,354,by,332.8636363636364,5.807732905702754,one,out,5.695414224985685
4,355,one,329.625,5.797955644673451,by,one,5.695414224985685
4,356,and,320.29545454545456,5.76924386527325,one,by,5.695414224985685
4,357,when,316.40909090909093,5.757035967810351,and,one,5.695414224985685
4,358,the,317.6363636363636,5.760907217895631,when,and,5.698769932832657
4,359,eagle,321.42045454545456,5.77275009329905,the,when,5.707110264748875
4,360,saw,328.1136363636364,5.793360000711553,eagle,the,5.707110264748875
4,361,this,315.8636363636364,5.755310589956012,saw,eagle,5.695414224985685
4,362,he,328.54545454545456,5.794675198353803,this,saw,5.695414224985685
4,363,thought,354.01149425287355,5.869329382247533,he,this,5.695414224985685
4,364,what,350.35227272727275,5.858939141814976,thought,he,5.697093486505405
4,365,is,325.37931034482756,5.784991610541091,what,thought,5.695414224985685
4,366,the,313.47727272727275,5.747726862157259,is,what,5.697093486505405
4,367,use,304.95454545454544,5.720162734204572,the,is,5.697093486505405
4,368,of,315.5568181818182,5.754338755091437,use,the,5.695414224985685
4,369,flying,323.875,5.780357638882274,of,use,5.695414224985685
4,370,any,331.04545454545456,5.8022556908595995,flying,of,5.695414224985685
4,371,higher,345.8390804597701,5.845973581495588,any,flying,5.695414224985685
4,372,this,386.35227272727275,5.956749576922852,higher,any,5.695414224985685
4,373,<UNK>,358.4318181818182,5.881738455569296,this,higher,5.695414224985685
4,374,is,346.52272727272725,5.847948407453646,<UNK>,this,5.304961909266705
4,375,in,333.79545454545456,5.810528393835601,is,<UNK>,5.70877001616724
4,376,the,314.41379310344826,5.750709930786913,in,is,5.697093486505405
4,377,<UNK>,318.5681818181818,5.763836523744796,the,in,3.4431615807611875
4,378,and,328.10227272727275,5.793325366877758,<UNK>,the,4.081162825520036
4,379,i,312.29545454545456,5.7439497094135135,and,<UNK>,5.2108513407667605
4,380,am,326.60227272727275,5.788743139260691,i,and,5.698769932832657
4,381,king,335.71590909090907,5.816265293661142,am,i,4.204692619390966
4,382,then,373.10227272727275,5.921852571678065,king,am,5.707110264748875
4,383,the,350.0689655172414,5.85813017940775,then,king,5.29162837839724
4,384,birds,343.7386363636364,5.8398815905831185,the,then,5.294978465282522
4,385,below,344.8636363636364,5.843149081979759,birds,the,5.718671087149952
4,386,called,365.09090909090907,5.900146388573194,below,birds,5.695414224985685
4,387,with,353.8636363636364,5.868911630909783,called,below,5.695414224985685
4,388,one,323.17045454545456,5.778179907076759,with,called,5.695414224985685
4,389,<UNK>,358.7386363636364,5.8825940909307155,one,with,5.695414224985685
4,390,come,403.59090909090907,6.000401763674011,<UNK>,one,5.705447753975262
4,391,back,352.1818181818182,5.86414757116857,come,<UNK>,5.697093486505405
4,392,come,348.375,5.853279485802112,back,come,5.697093486505405
4,393,back,336.9318181818182,5.819880589947665,come,back,5.695414224985685
4,394,it,347.2613636363636,5.850077705753768,back,come,5.697093486505405
4,395,is,328.71590909090907,5.7951938795321185,it,back,5.695414224985685
4,396,you,308.0568181818182,5.730284240576518,is,it,5.70877001616724
4,397,who,311.6818181818182,5.741982853926048,you,is,5.695414224985685
4,398,must,305.95454545454544,5.7234365466523975,who,you,5.697093486505405
4,399,be,303.82954545454544,5.716466838410345,must,who,5.695414224985685
4,400,our,302.07954545454544,5.710690378237206,be,must,5.702114417555504
4,401,king,312.85227272727275,5.7457311070089165,our,be,5.695414224985685
4,402,because,340.92045454545456,5.831649178943876,king,our,5.698769932832657
4,403,no,307.04545454545456,5.7269957970359835,because,king,5.695414224985685
4,404,one,319.45454545454544,5.766614995948672,no,because,5.695414224985685
4,405,can,300.5402298850575,5.705581621503981,one,no,5.703782474656201
4,406,<UNK>,306.4651162790698,5.7251039357802025,can,one,5.695414224985685
4,407,as,289.2386363636364,5.667252078745909,<UNK>,can,5.700443573390687
4,408,high,309.6136363636364,5.7353251858478,as,<UNK>,5.339139361068292
4,409,as,299.8488372093023,5.703278471699053,high,as,5.29162837839724
4,410,you,324.01149425287355,5.780778991252184,as,high,5.697093486505405
4,411,<UNK>,377.9310344827586,5.934711730515533,you,as,5.695414224985685
4,412,me,429.15909090909093,6.061827691463317,<UNK>,you,5.703782474656201
4,413,cried,406.59090909090907,6.007807542584503,me,<UNK>,5.703782474656201
4,414,a,343.5113636363636,5.839220193026021,cried,me,5.695414224985685
4,415,<UNK>,337.7325581395349,5.822254334173125,a,cried,5.695414224985685
4,416,<UNK>,378.4942528735632,5.936200888808628,<UNK>,a,2.8249715391611123
4,417,voice,387.0348837209302,5.958514827781296,<UNK>,<UNK>,6.2285110035911835
4,418,and,361.1931818181818,5.889412944892302,voice,<UNK>,5.695414224985685
4,419,out,331.82954545454544,5.804621419767108,and,voice,5.697093486505405
4,420,of,312.0,5.7430031878094825,out,and,5.697093486505405
4,421,the,308.7241379310345,5.732448120647682,of,out,4.795790545596741
4,422,blue,303.82758620689657,5.716460389880256,the,of,5.8126368795682835
4,423,the,335.42045454545456,5.815384833055669,blue,the,5.695414224985685
4,424,little,356.8636363636364,5.87735373783994,the,blue,5.695414224985685
4,425,bird,326.3488372093023,5.787966862057573,little,the,4.122283930911342
4,426,without,350.5529411764706,5.85951173979456,bird,little,5.7120812774708964
4,427,a,357.8720930232558,5.880175640502315,without,bird,5.29162837839724
4,428,name,338.18390804597703,5.823589854155573,a,without,5.29162837839724
4,429,<UNK>,352.1034482758621,5.863925019569064,name,a,5.697093486505405
4,430,from,372.18390804597703,5.919388108577042,<UNK>,name,5.695414224985685
4,431,the,321.04597701149424,5.7715843434389,from,<UNK>,3.858297606071983
4,432,<UNK>,341.6551724137931,5.833801960622776,the,from,4.470822133457013
4,433,back,362.1136363636364,5.891958075172248,<UNK>,the,5.621607866467185
4,434,where,359.79545454545456,5.8855356881555165,back,<UNK>,5.705447753975262
4,435,he,374.5113636363636,5.925622145985208,where,back,5.695414224985685
4,436,had,322.7241379310345,5.776797896170782,he,where,5.698769932832657
4,437,<UNK>,341.35632183908046,5.832926863801423,had,he,5.2999826458670976
4,438,hidden,362.3333333333333,5.8925645984531,<UNK>,had,5.733341276897745
4,439,in,351.95348837209303,5.863499031560904,hidden,<UNK>,5.697093486505405
4,440,the,341.5402298850575,5.833465475542715,in,hidden,5.695414224985685
4,441,<UNK>,340.5977011494253,5.830702018791322,the,in,3.4431615807611875
4,442,his,365.28409090909093,5.900675382097581,<UNK>,the,6.02707297457535
4,443,<UNK>,366.75,5.904680417023091,his,<UNK>,4.467548808112044
4,444,was,392.80898876404495,5.973323460037332,<UNK>,his,5.3230099791384085
4,445,the,355.46067415730334,5.873414621907168,was,<UNK>,5.3230099791384085
4,446,<UNK>,326.39080459770116,5.788095450504692,the,was,4.33729074083249
4,447,up,372.1931818181818,5.9194130254433235,<UNK>,the,6.02707297457535
4,448,his,368.8181818181818,5.910303790408077,up,<UNK>,5.715381610499553
4,449,<UNK>,389.91954022988506,5.965940410736596,his,up,5.695414224985685
4,450,and,421.67816091954023,6.044242371219712,<UNK>,his,5.035327906686628
4,451,he,359.5057471264368,5.884730163476815,and,<UNK>,5.498533413218542
4,452,<UNK>,373.85057471264366,5.923856184726122,he,and,5.702114417555504
4,453,to,339.13793103448273,5.826406900836686,<UNK>,he,5.045036720813588
4,454,himself,351.2413793103448,5.861473677458076,to,<UNK>,5.820082930352362
4,455,at,361.21590909090907,5.889475865675058,himself,to,5.695414224985685
4,456,how,323.5113636363636,5.779234240484332,at,himself,5.695414224985685
4,457,<UNK>,326.5581395348837,5.788608001883632,how,at,5.695414224985685
4,458,it,313.4318181818182,5.7475818505560765,<UNK>,how,5.29162837839724
4,459,had,300.57954545454544,5.705712429276931,it,<UNK>,5.321382639479033
4,460,been,312.7816091954023,5.745505212810368,had,it,5.296649309447339
4,461,to,306.04597701149424,5.723735342337279,been,had,5.715381610499553
4,462,<UNK>,319.7586206896552,5.767566400813752,to,been,5.695414224985685
4,463,the,331.85057471264366,5.804684791435074,<UNK>,to,3.9482807534507702
4,464,other,328.04651162790697,5.793155402074562,the,<UNK>,5.495801171081669
4,465,birds,311.3636363636364,5.740961477897955,other,the,4.211304213723279
4,466,higher,358.89772727272725,5.883037465652952,birds,other,5.707110264748875
4,467,and,329.2386363636364,5.796782826325839,higher,birds,5.695414224985685
4,468,higher,317.78409090909093,5.761372192777482,and,higher,4.603502128887395
4,469,he,319.42045454545456,5.7665082742609455,higher,and,5.702114417555504
4,470,<UNK>,323.7701149425287,5.780033742180304,he,higher,5.695414224985685
4,471,until,384.2068965517241,5.951181200594287,<UNK>,he,5.738183901373533
4,472,he,345.4367816091954,5.8448096499363755,until,<UNK>,5.702114417555504
4,473,was,349.4712643678161,5.856421339031347,he,until,5.695414224985685
4,474,<UNK>,315.65909090909093,5.754662804997958,was,he,4.794136285500715
4,475,to,320.47727272727275,5.769811361918969,<UNK>,was,4.864452783918175
4,476,sight,323.2386363636364,5.778390862706542,to,<UNK>,5.820082930352362
4,477,and,344.7613636363636,5.842852478092073,sight,to,5.695414224985685
4,478,then,327.46590909090907,5.791383955278207,and,sight,5.695414224985685
4,479,<UNK>,352.32183908045977,5.864545073435711,then,and,5.298317366548036
4,480,his,359.0681818181818,5.883512291954588,<UNK>,then,5.703782474656201
4,481,wings,352.41379310344826,5.864806033771221,his,<UNK>,5.720311776607412
4,482,together,353.7471264367816,5.868582325777547,wings,his,5.695414224985685
4,483,he,367.51724137931035,5.906770232870254,together,wings,5.695414224985685
4,484,<UNK>,346.9655172413793,5.84922540106479,he,together,5.695414224985685
4,485,to,348.0689655172414,5.852400636913734,<UNK>,he,5.045036720813588
4,486,earth,345.01149425287355,5.843577733151368,to,<UNK>,5.414617822244197
4,487,<UNK>,360.6363636363636,5.88787014771596,earth,to,5.698769932832657
4,488,<UNK>,387.09090909090907,5.958659572655054,<UNK>,earth,5.697093486505405
4,489,i,356.78409090909093,5.877130811452494,<UNK>,<UNK>,5.312220271717028
4,490,am,324.53409090909093,5.782390587356708,i,<UNK>,5.0238805208462765
4,491,king,318.6136363636364,5.763979197450275,am,i,4.204692619390966
4,492,i,330.14942528735634,5.799545355876855,king,am,5.01396308418893
4,493,am,314.3181818181818,5.750405790740543,i,king,5.0056227522727115
4,494,king,311.8181818181818,5.742420267361615,am,i,4.204692619390966
4,495,the,342.67045454545456,5.836769211406881,king,am,5.707110264748875
4,496,eagle,335.1136363636364,5.8144696873311155,the,king,5.700443573390687
4,497,<UNK>,331.875,5.804758391996203,eagle,the,5.707110264748875
4,498,by,377.0113636363636,5.932275329265263,<UNK>,eagle,5.695414224985685
4,499,the,357.8181818181818,5.880024985373773,by,<UNK>,3.661957796547672
4,500,little,344.2068965517241,5.84124292004308,the,by,5.329492984016486
4,501,bird,300.86206896551727,5.706651917084154,little,the,4.122283930911342
4,502,had,316.10227272727275,5.756065809095354,bird,little,5.7120812774708964
4,503,not,306.5681818181818,5.725440183551418,had,bird,5.697093486505405
4,504,<UNK>,313.3636363636364,5.747364293718495,not,had,5.296649309447339
4,505,the,319.8735632183908,5.767925802772767,<UNK>,not,5.314846668499247
4,506,bird,343.7931034482759,5.84004003296941,the,<UNK>,5.901266279189834
4,507,in,325.9425287356322,5.78672107360342,bird,the,5.703782474656201
4,508,his,313.6931818181818,5.748415380239939,in,bird,5.697093486505405
4,509,<UNK>,311.82954545454544,5.742456709846268,his,in,5.0089672369955585
4,510,and,337.09090909090907,5.820352653887375,<UNK>,his,5.035327906686628
4,511,so,334.0568181818182,5.811311092825722,and,<UNK>,5.903998521326706
4,512,had,323.82954545454544,5.780217283080086,so,and,5.700443573390687
4,513,not,331.6931818181818,5.804210390475485,had,so,5.695414224985685
4,514,at,324.9655172413793,5.7837190759048935,not,had,5.702114417555504
4,515,all,317.9318181818182,5.76183695155817,at,not,5.695414224985685
4,516,expected,315.59302325581393,5.7544534824403435,all,at,5.700443573390687
4,517,the,319.2298850574713,5.765911486059884,expected,all,5.695414224985685
4,518,bird,343.60919540229884,5.839504951691176,the,expected,5.695414224985685
4,519,to,348.3103448275862,5.85309387784271,bird,the,5.703782474656201
4,520,come,304.0348837209302,5.717142443905057,to,bird,5.695414224985685
4,521,flying,357.9431818181818,5.880374263799856,come,to,5.700443573390687
4,522,out,321.7931034482759,5.773908803154846,flying,come,5.695414224985685
4,523,like,315.3863636363636,5.753798438452749,out,flying,5.695414224985685
4,524,that,330.5057471264368,5.800624048327954,like,out,5.695414224985685
4,525,the,393.64367816091954,5.975446129958575,that,like,5.697093486505405
4,526,birds,332.367816091954,5.806242235465604,the,that,5.746203190540153
4,527,back,324.01149425287355,5.780778991252184,birds,the,5.718671087149952
4,528,on,317.75581395348837,5.761283207159412,back,birds,5.695414224985685
4,529,earth,348.8965517241379,5.854775464865408,on,back,5.695414224985685
4,530,were,336.41379310344826,5.818341929349337,earth,on,5.695414224985685
4,531,all,307.5113636363636,5.72851204147876,were,earth,5.695414224985685
4,532,up,315.42045454545456,5.753906525138376,all,were,5.700443573390687
4,533,in,325.96629213483146,5.786793977661316,up,all,5.695414224985685
4,534,arms,351.5232558139535,5.862275870695004,in,up,5.695414224985685
4,535,you,359.0681818181818,5.883512291954588,arms,in,5.695414224985685
4,536,and,336.98850574712645,5.8200488221953925,you,arms,5.695414224985685
4,537,not,354.46590909090907,5.870612175172768,and,you,5.695414224985685
4,538,the,381.6666666666667,5.9445476273202305,not,and,5.695414224985685
4,539,eagle,390.9080459770115,5.968472355797647,the,not,5.697093486505405
4,540,our,431.735632183908,6.067813438381359,eagle,the,5.707110264748875
4,541,king,413.28409090909093,6.024135227936487,our,eagle,5.695414224985685
4,542,the,435.3333333333333,6.076112021168266,king,our,5.698769932832657
4,543,birds,384.0,5.950642552587727,the,king,5.700443573390687
4,544,cried,339.78409090909093,5.82831038915736,birds,the,5.718671087149952
4,545,<UNK>,370.67045454545456,5.915313405187653,cried,birds,5.695414224985685
4,546,with,365.04545454545456,5.900021878830146,<UNK>,cried,5.698769932832657
4,547,<UNK>,348.2093023255814,5.852803742444157,with,<UNK>,4.138361447638875
4,548,you,365.95402298850576,5.902507705260498,<UNK>,with,5.720311776607412
4,549,have,367.735632183908,5.907364289198009,you,<UNK>,5.71042701737487
4,550,<UNK>,360.17241379310343,5.8865828440041925,have,you,5.697093486505405
4,551,this,340.71264367816093,5.8310394348622765,<UNK>,have,5.70877001616724
4,552,by,321.2068965517241,5.772085453049215,this,<UNK>,5.700443573390687
4,553,breaking,341.54545454545456,5.833480772775598,by,this,5.695414224985685
4,554,every,352.8837209302326,5.866138600204458,breaking,by,5.695414224985685
4,555,<UNK>,338.3103448275862,5.823963654176917,every,breaking,5.695414224985685
4,556,in,316.4186046511628,5.7570660352114436,<UNK>,every,5.700443573390687
4,557,the,303.01149425287355,5.713770739617828,in,<UNK>,3.338396480423125
4,558,book,354.02298850574715,5.869361850307082,the,in,5.794536837924666
4,559,so,349.1818181818182,5.8555927555475344,book,the,5.698769932832657
4,560,we,313.2528735632184,5.747010767120274,so,book,5.695414224985685
4,561,will,326.95454545454544,5.78982115650904,we,so,5.695414224985685
4,562,not,315.35632183908046,5.753703179964628,will,we,5.695414224985685
4,563,have,299.4942528735632,5.702095228301486,not,will,5.695414224985685
4,564,you,303.0574712643678,5.713922461663332,have,not,5.698769932832657
4,565,who,336.2183908045977,5.817760921455209,you,have,5.695414224985685
4,566,are,348.59302325581393,5.853905119276392,who,you,5.697093486505405
4,567,<UNK>,350.3837209302326,5.859028899450564,are,who,5.29162837839724
4,568,<UNK>,384.40909090909093,5.951707326423906,<UNK>,are,5.012300573415317
4,569,and,364.7386363636364,5.89918103232851,<UNK>,<UNK>,3.487670979665982
4,570,cunning,360.35227272727275,5.887082088350069,and,<UNK>,5.498533413218542
4,571,to,355.34090909090907,5.87307763597368,cunning,and,5.697093486505405
4,572,<UNK>,331.82954545454544,5.804621419767108,to,cunning,5.695414224985685
4,573,over,344.08045977011494,5.8408755247048685,<UNK>,to,5.820082930352362
4,574,us,330.2413793103448,5.799823839535145,over,<UNK>,5.703782474656201
4,575,the,348.25882352941176,5.852945949106817,us,over,5.695414224985685
4,576,bird,342.4712643678161,5.836187754526495,the,us,5.695414224985685
4,577,without,336.4418604651163,5.818425356936028,bird,the,5.703782474656201
4,578,a,343.04545454545456,5.837862958926553,without,bird,5.29162837839724
4,579,name,325.875,5.786513872253666,a,without,5.29162837839724
4,580,then,331.34090909090907,5.803147782186561,name,a,5.697093486505405
4,581,decided,335.8720930232558,5.816730411961858,then,name,5.695414224985685
4,582,to,317.11494252873564,5.7592643028835715,decided,then,5.695414224985685
4,583,clear,339.3837209302326,5.82713138739003,to,decided,5.698769932832657
4,584,the,326.32183908045977,5.787884130812433,clear,to,5.695414224985685
4,585,air,315.85057471264366,5.755269236917674,the,clear,5.695414224985685
4,586,and,342.8965517241379,5.837428803204073,air,the,5.703782474656201
4,587,said,332.125,5.805511404079978,and,air,5.695414224985685
4,588,then,380.264367816092,5.940866715609234,said,and,5.705447753975262
4,589,let,360.7613636363636,5.888216697189365,then,said,5.695414224985685
4,590,<UNK>,355.3636363636364,5.8731415929945845,let,then,5.695414224985685
4,591,<UNK>,351.95402298850576,5.863500550557091,<UNK>,let,5.697093486505405
4,592,with,349.89772727272725,5.857640903990236,<UNK>,<UNK>,4.619073091157083
4,593,a,334.29545454545456,5.812025196401081,with,<UNK>,4.6491870714048655
4,594,<UNK>,356.79545454545456,5.877162661122056,a,with,4.456007047671872
4,595,<UNK>,350.0581395348837,5.85809925364504,<UNK>,a,2.8249715391611123
4,596,and,359.1363636363636,5.883702159364417,<UNK>,<UNK>,3.487670979665982
4,597,<UNK>,339.3636363636364,5.827072206116213,and,<UNK>,2.645901983305224
4,598,a,342.0344827586207,5.8349115587595195,<UNK>,and,5.1387352967235715
4,599,new,335.4318181818182,5.815418711263515,a,<UNK>,5.744604469176456
4,600,<UNK>,360.90697674418607,5.888620242978062,new,a,5.294978465282522
4,601,<UNK>,398.5,5.98770749823027,<UNK>,new,5.296649309447339
4,602,then,401.2906976744186,5.994686096526798,<UNK>,<UNK>,6.2285110035911835
4,603,we,378.60227272727275,5.9364862417346815,then,<UNK>,5.698769932832657
4,604,can,342.0568181818182,5.834976858298265,we,then,5.695414224985685
4,605,<UNK>,330.264367816092,5.799893448333726,can,we,5.695414224985685
4,606,who,320.04545454545456,5.768463031160818,<UNK>,can,5.700443573390687
4,607,should,305.65909090909093,5.722470398905288,who,<UNK>,5.718671087149952
4,608,be,315.60227272727275,5.754482790236262,should,who,5.695414224985685
4,609,the,308.4886363636364,5.731685007541037,be,should,5.698769932832657
4,610,real,326.28409090909093,5.78776844638581,the,be,5.697093486505405
4,611,king,314.5,5.750984076140496,real,the,5.695414224985685
4,612,then,346.86206896551727,5.848927205147865,king,real,5.695414224985685
4,613,the,320.22727272727275,5.769030970974465,then,king,5.29162837839724
4,614,birds,308.39772727272725,5.731390272248036,the,then,5.294978465282522
4,615,<UNK>,319.06976744186045,5.765409785586313,birds,the,5.025523906590006
4,616,together,314.2298850574713,5.750124836058014,<UNK>,birds,5.700443573390687
4,617,again,319.67816091954023,5.7673147425643245,together,<UNK>,5.697093486505405
4,618,and,317.95454545454544,5.761908433741266,again,together,5.695414224985685
4,619,decided,314.84090909090907,5.752067460739617,and,again,5.695414224985685
4,620,the,322.5681818181818,5.776314530380996,decided,and,5.29162837839724
4,621,case,308.32954545454544,5.731169163756569,the,decided,5.698769932832657
4,622,would,331.875,5.804758391996203,case,the,5.697093486505405
4,623,be,312.8390804597701,5.745688938398347,would,case,5.695414224985685
4,624,<UNK>,325.632183908046,5.785768474169979,be,would,4.454347296253507
4,625,by,355.5581395348837,5.873688778867051,<UNK>,be,5.730099782973574
4,626,making,320.632183908046,5.7702946216250455,by,<UNK>,5.741399338227508
4,627,a,304.8068181818182,5.719678192925222,making,by,5.695414224985685
4,628,new,308.4318181818182,5.731500808163109,a,making,5.695414224985685
4,629,condition,372.0574712643678,5.919048334986536,new,a,5.700443573390687
4,630,which,339.78409090909093,5.82831038915736,condition,new,5.695414224985685
4,631,was,360.75,5.88818519765398,which,condition,5.695414224985685
4,632,that,305.52272727272725,5.722024169535992,was,which,5.697093486505405
4,633,he,315.42045454545456,5.753906525138376,that,was,5.705447753975262
4,634,should,351.0344827586207,5.86088446011804,he,that,5.705447753975262
4,635,be,318.5977011494253,5.763929181974164,should,he,5.695414224985685
4,636,king,337.67816091954023,5.822093255236776,be,should,5.293304824724492
4,637,who,401.1954022988506,5.994448596148862,king,be,5.700443573390687
4,638,could,341.3333333333333,5.832859516931343,who,king,5.695414224985685
4,639,go,366.15909090909093,5.903067913572725,could,who,5.697093486505405
4,640,the,341.34090909090907,5.832881711287319,go,could,5.695414224985685
4,641,<UNK>,365.8636363636364,5.902260685735418,the,go,5.695414224985685
4,642,into,371.04545454545456,5.91632457409304,<UNK>,the,5.333925794015404
4,643,the,371.60227272727275,5.917824122979304,into,<UNK>,4.469186810116282
4,644,earth,414.9310344827586,6.028112324451689,the,into,5.71042701737487
4,645,so,434.9431818181818,6.075215406047678,earth,the,5.298317366548036
4,646,the,376.8068181818182,5.9317326375008586,so,earth,5.697093486505405
4,647,little,339.17045454545456,5.826502796779263,the,so,5.695414224985685
4,648,bird,333.125,5.808517794920109,little,the,4.122283930911342
4,649,who,366.9425287356322,5.905205238341316,bird,little,5.306616169362732
4,650,the,322.57471264367814,5.776334776517325,who,bird,5.697093486505405
4,651,other,355.1058823529412,5.87241600515383,the,who,5.702114417555504
4,652,birds,337.0813953488372,5.82032443041391,other,the,4.211304213723279
4,653,<UNK>,356.5813953488372,5.8765625317428265,birds,other,5.707110264748875
4,654,was,389.7586206896552,5.965527626204257,<UNK>,birds,5.700443573390687
4,655,now,371.57471264367814,5.917749954687901,was,<UNK>,5.728475087246572
4,656,back,358.5348837209302,5.882025959966777,now,was,5.698769932832657
4,657,to,334.13793103448273,5.811553874898338,back,now,5.695414224985685
4,658,<UNK>,343.08045977011494,5.83796499624641,to,back,5.698769932832657
4,659,one,383.53409090909093,5.94942851101315,<UNK>,to,5.820082930352362
4,660,<UNK>,418.2068965517241,6.035976277895679,one,<UNK>,5.2999826458670976
4,661,he,380.0,5.940171252720432,<UNK>,one,5.705447753975262
4,662,remained,369.40909090909093,5.911904677394889,he,<UNK>,5.705447753975262
4,663,however,444.8068181818182,6.097640071465064,remained,he,5.695414224985685
4,664,that,367.8488372093023,5.9076720853274765,however,remained,5.695414224985685
4,665,if,376.6931818181818,5.9314310147682825,that,however,5.697093486505405
4,666,he,328.06976744186045,5.79322629138094,if,that,5.695414224985685
4,667,<UNK>,370.44827586206895,5.9147138286800685,he,if,5.695414224985685
4,668,his,366.5287356321839,5.904076923797992,<UNK>,he,5.045036720813588
4,669,<UNK>,335.02298850574715,5.814199151875872,his,<UNK>,4.467548808112044
4,670,right,313.8068181818182,5.748777567857082,<UNK>,his,5.728475087246572
4,671,he,316.1931818181818,5.756353361665539,right,<UNK>,5.698769932832657
4,672,could,310.9655172413793,5.739682028994555,he,right,5.695414224985685
4,673,be,312.9318181818182,5.745985333526111,could,he,5.705447753975262
4,674,king,304.2386363636364,5.717812381502532,be,could,5.697093486505405
4,675,how,346.79545454545456,5.848735137973475,king,be,5.700443573390687
4,676,the,380.4431818181818,5.941336841100875,how,king,5.695414224985685
4,677,<UNK>,340.735632183908,5.831106904416666,the,how,5.697093486505405
4,678,<UNK>,444.7701149425287,6.097557553049976,<UNK>,the,2.6426827112295754
4,679,in,396.3720930232558,5.98235339892624,<UNK>,<UNK>,4.28260085453587
4,680,the,361.5402298850575,5.890373321396087,in,<UNK>,3.338396480423125
4,681,<UNK>,349.95454545454544,5.857803275919734,the,in,3.4431615807611875
4,682,and,351.84090909090907,5.863179110622204,<UNK>,the,4.081162825520036
4,683,the,360.8863636363636,5.888563126607836,and,<UNK>,3.958088372271393
4,684,<UNK>,323.70454545454544,5.779831203016325,the,and,4.031824205240767
4,685,<UNK>,380.96590909090907,5.9427098936716725,<UNK>,the,2.6426827112295754
4,686,to,347.03409090909093,5.849423019815951,<UNK>,<UNK>,4.213607983048918
4,687,<UNK>,332.95454545454544,5.808005980526952,to,<UNK>,3.145934280925833
4,688,a,320.60227272727275,5.770201329131214,<UNK>,to,5.126935749792416
4,689,hole,337.95454545454544,5.8229114055359394,a,<UNK>,5.744604469176456
4,690,for,323.5977011494253,5.779501081170924,hole,a,5.695414224985685
4,691,the,318.7586206896552,5.764434141407797,for,hole,5.695414224985685
4,692,new,325.66279069767444,5.785862461659041,the,for,5.717027701406222
4,693,<UNK>,370.264367816092,5.914217258110292,new,the,5.697093486505405
4,694,all,380.3863636363636,5.941187482595377,<UNK>,new,5.702114417555504
4,695,the,330.1136363636364,5.799436947801851,all,<UNK>,5.298317366548036
4,696,other,307.9080459770115,5.729801186375357,the,all,5.306616169362732
4,697,birds,315.0113636363636,5.7526087132110195,other,the,4.211304213723279
4,698,tried,319.7386363636364,5.767503900698841,birds,other,5.707110264748875
4,699,to,321.6292134831461,5.773399371124401,tried,birds,5.695414224985685
4,700,hide,310.28735632183907,5.737498823997804,to,tried,5.707110264748875
4,701,themselves,340.34090909090907,5.829947789065389,hide,to,5.697093486505405
4,702,in,343.04597701149424,5.837864481948166,themselves,hide,5.695414224985685
4,703,the,324.1363636363636,5.781164302669988,in,themselves,5.697093486505405
4,704,ground,317.77272727272725,5.761336433153669,the,in,5.389071729816501
4,705,too,326.75,5.789195352504331,ground,the,5.698769932832657
4,706,until,339.46590909090907,5.827373526907953,too,ground,5.695414224985685
4,707,they,341.32954545454544,5.832848419568632,until,too,5.695414224985685
4,708,were,313.1264367816092,5.746607060352703,they,until,5.697093486505405
4,709,<UNK>,361.8068181818182,5.891110417951726,were,they,5.304961909266705
4,710,blue,340.438202247191,5.83023361792037,<UNK>,were,5.726847747587197
4,711,in,333.3863636363636,5.809302068569502,blue,<UNK>,5.695414224985685
4,712,the,325.10227272727275,5.784139818141385,in,blue,5.695414224985685
4,713,face,338.7386363636364,5.825228825841235,the,in,5.10138965736472
4,714,the,353.3103448275862,5.867346834512674,face,the,5.698769932832657
4,715,<UNK>,331.1931818181818,5.802701836001444,the,face,5.695414224985685
4,716,little,354.9438202247191,5.871959524063991,<UNK>,the,5.621607866467185
4,717,bird,321.6363636363636,5.77342160192136,little,<UNK>,5.702114417555504
4,718,that,327.95454545454544,5.7928750178496555,bird,little,5.7120812774708964
4,719,was,335.02272727272725,5.814198372129017,that,bird,5.697093486505405
4,720,as,320.39772727272725,5.769563121763076,was,that,5.7120812774708964
4,721,<UNK>,327.01149425287355,5.7899953208998935,as,was,5.0056227522727115
4,722,as,333.13793103448273,5.808556611531036,<UNK>,as,4.807294370078226
4,723,brass,323.90697674418607,5.780456365754462,as,<UNK>,5.744604469176456
4,724,found,344.02298850574715,5.840708482192161,brass,as,5.695414224985685
4,725,a,329.4886363636364,5.7975418658323346,found,brass,5.695414224985685
4,726,<UNK>,320.4431818181818,5.769704980826335,a,found,5.695414224985685
4,727,dark,345.5113636363636,5.8450255330760035,<UNK>,a,5.487559366186565
4,728,mouses,390.53409090909093,5.967515266132745,dark,<UNK>,5.697093486505405
4,729,hole,448.29213483146066,6.105445106576216,mouses,dark,5.695414224985685
4,730,and,398.54545454545456,5.987821555829481,hole,mouses,5.698769932832657
4,731,<UNK>,428.07954545454544,6.059309032178867,and,hole,5.697093486505405
4,732,in,362.59090909090907,5.893275226552814,<UNK>,and,5.426417369175352
4,733,cried,371.34831460674155,5.917140475547693,in,<UNK>,5.780743515792329
4,734,i,401.5280898876405,5.995277493299815,cried,in,5.695414224985685
4,735,am,347.1011235955056,5.849616159957015,i,cried,5.697093486505405
4,736,king,335.90909090909093,5.816840560583931,am,i,4.204692619390966
4,737,i,341.9550561797753,5.83467931374792,king,am,5.01396308418893
4,738,am,319.47727272727275,5.7666861374135046,i,king,5.0056227522727115
4,739,king,321.03409090909093,5.771547319699967,am,i,4.204692619390966
4,740,but,326.0449438202247,5.787035236343491,king,am,5.707110264748875
4,741,it,320.2613636363636,5.769137423789355,but,king,5.695414224985685
4,742,was,329.4719101123595,5.797491100270208,it,but,4.606835465307152
4,743,of,294.64772727272725,5.685780497942542,was,it,5.776103136235827
4,744,no,305.1931818181818,5.720944959115483,of,was,5.695414224985685
4,745,<UNK>,352.22727272727275,5.8642766284056345,no,of,5.695414224985685
4,746,you,352.5681818181818,5.86524402714607,<UNK>,no,5.71042701737487
4,747,our,345.9325842696629,5.846243912922068,you,<UNK>,5.71042701737487
4,748,king,388.52272727272725,5.96235166815514,our,you,5.695414224985685
4,749,all,359.3863636363636,5.8843980316050555,king,our,5.698769932832657
4,750,the,345.0113636363636,5.84357735456533,all,king,5.695414224985685
4,751,<UNK>,312.90909090909093,5.745912703973114,the,all,5.018934096910951
4,752,birds,328.9318181818182,5.795850489719343,<UNK>,the,6.02707297457535
4,753,who,314.8181818181818,5.751995271604051,birds,<UNK>,5.695414224985685
4,754,the,301.82954545454544,5.709862439005807,who,birds,5.697093486505405
4,755,<UNK>,307.64772727272725,5.728955385779812,the,who,5.702114417555504
4,756,bird,312.46590909090907,5.7444953723165195,<UNK>,the,5.621607866467185
4,757,had,330.3258426966292,5.800079569410715,bird,<UNK>,5.697093486505405
4,758,<UNK>,332.11494252873564,5.805481121434743,had,bird,5.697093486505405
4,759,cried,382.5057471264368,5.9467436783208685,<UNK>,had,5.733341276897745
4,760,again,356.96590909090907,5.877640284477366,cried,<UNK>,5.697093486505405
4,761,even,352.02272727272725,5.863695739629498,again,cried,5.695414224985685
4,762,more,325.4318181818182,5.785152971755745,even,again,5.695414224985685
4,763,<UNK>,322.8068181818182,5.777054058173404,more,even,5.0056227522727115
4,764,than,324.65909090909093,5.782775680746612,<UNK>,more,5.705447753975262
4,765,before,333.3181818181818,5.809097534735484,than,<UNK>,5.698769932832657
4,766,do,344.7701149425287,5.842877861432609,before,than,5.695414224985685
4,767,you,326.5730337078652,5.788653610403311,do,before,5.695414224985685
4,768,think,305.03409090909093,5.720423543833652,you,do,5.700443573390687
4,769,we,298.92045454545456,5.700177499686701,think,you,5.697093486505405
4,770,would,304.41379310344826,5.718387937390153,we,think,5.695414224985685
4,771,reward,325.72727272727275,5.7860604445065835,would,we,5.695414224985685
4,772,your,305.75,5.722767774567282,reward,would,5.695414224985685
4,773,cunning,320.60227272727275,5.770201329131214,your,reward,5.695414224985685
4,774,in,323.3068181818182,5.778601773843431,cunning,your,5.695414224985685
4,775,this,311.2386363636364,5.740559937437359,in,cunning,5.695414224985685
4,776,way,318.35227272727275,5.763158545521178,this,in,5.698769932832657
4,777,no,332.4597701149425,5.806518860640258,way,this,5.695414224985685
4,778,no,334.57471264367814,5.812860210812393,no,way,5.695414224985685
4,779,you,351.375,5.861854029226696,no,no,5.695414224985685
4,780,<UNK>,326.82954545454544,5.789438767266899,you,no,5.695414224985685
4,781,<UNK>,304.3863636363636,5.718297827468861,<UNK>,you,5.703782474656201
4,782,in,312.20454545454544,5.743658567406944,<UNK>,<UNK>,4.28260085453587
4,783,the,293.81609195402297,5.682954034037076,in,<UNK>,3.338396480423125
4,784,earth,300.22727272727275,5.70453976359811,the,in,5.794536837924666
4,785,<UNK>,303.35227272727275,5.71489474645608,earth,the,5.703782474656201
4,786,you,308.01149425287355,5.730137101280074,<UNK>,earth,5.697093486505405
4,787,<UNK>,314.59090909090907,5.751273093483547,you,<UNK>,5.304961909266705
4,788,of,317.4712643678161,5.760387308308699,<UNK>,you,5.703782474656201
4,789,<UNK>,326.27272727272725,5.787733618349237,of,<UNK>,2.923444506170187
4,790,so,379.5681818181818,5.9390342429333565,<UNK>,of,5.7698822763607245
4,791,they,318.8863636363636,5.764834812475735,so,<UNK>,5.707110264748875
4,792,shut,301.632183908046,5.709208341011077,they,so,5.698769932832657
4,793,up,298.4022988505747,5.698442572222768,shut,they,5.695414224985685
4,794,the,334.70454545454544,5.813248188807901,up,shut,5.695414224985685
4,795,little,311.42528735632186,5.741159461486098,the,up,5.698769932832657
4,796,bird,301.625,5.709184523945196,little,the,4.122283930911342
4,797,in,320.48275862068965,5.769828479658449,bird,little,5.7120812774708964
4,798,the,307.0689655172414,5.727072365737288,in,bird,5.697093486505405
4,799,mouses,318.0344827586207,5.762159813249245,the,in,5.794536837924666
4,800,hole,336.20454545454544,5.817719740973975,mouses,the,5.29162837839724
4,801,that,328.9310344827586,5.795848107158734,hole,mouses,5.698769932832657
4,802,the,331.57954545454544,5.803867736963361,that,hole,5.695414224985685
4,803,mouse,354.48275862068965,5.870659709022682,the,that,5.746203190540153
4,804,gave,360.40909090909093,5.887239749914083,mouse,the,5.697093486505405
4,805,up,368.367816091954,5.909081939251016,gave,mouse,5.695414224985685
4,806,most,392.2068965517241,5.971789497880271,up,gave,5.697093486505405
4,807,<UNK>,431.72093023255815,6.067779384667504,most,up,5.695414224985685
4,808,and,455.37931034482756,6.1211307207680425,<UNK>,most,5.012300573415317
4,809,<UNK>,366.49411764705883,5.903982471121664,and,<UNK>,2.645901983305224
4,810,the,342.89772727272725,5.837432231487526,<UNK>,and,4.445588116163626
4,811,owl,346.367816091954,5.84750126270665,the,<UNK>,5.495801171081669
4,812,<UNK>,379.20454545454544,5.938075757267213,owl,the,4.789157022101107
4,813,him,384.8181818181818,5.952770967722553,<UNK>,owl,5.700443573390687
4,814,<UNK>,394.27272727272725,5.977042871036995,him,<UNK>,5.71042701737487
4,815,night,362.8181818181818,5.893901832250363,<UNK>,him,5.695414224985685
4,816,and,369.9080459770115,5.913254450364512,night,<UNK>,5.697093486505405
4,817,day,359.2183908045977,5.883930534462051,and,night,5.695414224985685
4,818,then,383.95402298850576,5.950522813618536,day,and,5.695414224985685
4,819,all,374.08045977011494,5.924470907351904,then,day,5.695414224985685
4,820,the,329.8390804597701,5.798604900557534,all,then,5.695414224985685
4,821,birds,315.3720930232558,5.7537531893943825,the,all,5.018934096910951
4,822,went,315.5348837209302,5.754269242338122,birds,the,5.718671087149952
4,823,home,304.84090909090907,5.719790030983829,went,birds,5.695414224985685
4,824,to,313.96590909090907,5.749284410239954,home,went,5.695414224985685
4,825,bed,313.8735632183908,5.7489902399073864,to,home,5.695414224985685
4,826,for,313.6860465116279,5.748392633849137,bed,to,5.698769932832657
4,827,they,293.1136363636364,5.68056037124613,for,bed,5.29162837839724
4,828,were,311.3448275862069,5.740901068321005,they,for,5.293304824724492
4,829,very,322.2906976744186,5.775453926085347,were,they,5.71042701737487
4,830,tired,329.11494252873564,5.796407059138352,very,were,5.697093486505405
4,831,but,317.3255813953488,5.7599283174488765,tired,very,5.695414224985685
4,832,the,328.6818181818182,5.795090164816636,but,tired,5.695414224985685
4,833,owl,317.40909090909093,5.76019144948772,the,but,5.70877001616724
4,834,<UNK>,344.08045977011494,5.8408755247048685,owl,the,4.789157022101107
4,835,by,324.64772727272725,5.7827406783839495,<UNK>,owl,5.294978465282522
4,836,the,334.875,5.8137573278647725,by,<UNK>,3.661957796547672
4,837,birds,322.14772727272725,5.775010220686965,the,by,5.734958092124651
4,838,to,304.04545454545456,5.7171772117600925,birds,the,5.718671087149952
4,839,<UNK>,312.42528735632186,5.744365360132397,to,birds,5.695414224985685
4,840,<UNK>,306.5,5.725217755376266,<UNK>,to,4.115334838113936
4,841,found,314.59302325581393,5.751279813823328,<UNK>,<UNK>,6.2285110035911835
4,842,his,316.29545454545456,5.756676759501592,found,<UNK>,5.695414224985685
4,843,<UNK>,300.97727272727275,5.707034756008703,his,found,5.695414224985685
4,844,was,311.7241379310345,5.742118623399748,<UNK>,his,5.3230099791384085
4,845,<UNK>,324.63953488372096,5.782715443362459,was,<UNK>,4.342180726126682
4,846,and,323.13953488372096,5.778084226483042,<UNK>,was,5.0875963352323845
4,847,<UNK>,340.6046511627907,5.830722423927453,and,<UNK>,2.645901983305224
4,848,because,366.0919540229885,5.902884542345726,<UNK>,and,5.831882477283517
4,849,he,327.6860465116279,5.7920559747299425,because,<UNK>,5.71042701737487
4,850,was,320.70454545454544,5.7705202801394995,he,because,5.0072963928307415
4,851,just,307.3953488372093,5.7281347003368355,was,he,5.71042701737487
4,852,sitting,296.2528735632184,5.691213392193752,just,was,5.700443573390687
4,853,<UNK>,307.2528735632184,5.7276711009271235,sitting,just,5.695414224985685
4,854,<UNK>,326.4712643678161,5.788341933718673,<UNK>,sitting,5.697093486505405
4,855,at,328.1931818181818,5.79360240396787,<UNK>,<UNK>,5.535363823031238
4,856,the,315.2674418604651,5.753421300389769,at,<UNK>,4.469186810116282
4,857,mouses,318.3103448275862,5.763026834003678,the,at,5.723585101952381
4,858,hole,330.6279069767442,5.800993594942136,mouses,the,5.29162837839724
4,859,i,336.55172413793105,5.818751849420664,hole,mouses,5.698769932832657
4,860,can,316.60919540229884,5.757668191252233,i,hole,5.695414224985685
4,861,<UNK>,322.14942528735634,5.775015491592237,can,i,5.697093486505405
4,862,one,325.6823529411765,5.785922528871329,<UNK>,can,5.700443573390687
4,863,eye,328.3720930232558,5.79414739535367,one,<UNK>,5.2999826458670976
4,864,and,334.4942528735632,5.812619698175731,eye,one,5.29162837839724
4,865,<UNK>,325.98850574712645,5.786862122300716,and,eye,5.29162837839724
4,866,with,319.2613636363636,5.766010089068092,<UNK>,and,5.831882477283517
4,867,the,319.6136363636364,5.767112879951987,with,<UNK>,4.243721963296701
4,868,other,322.97701149425285,5.777581148845402,the,with,5.308267697401205
4,869,he,343.54545454545456,5.839319430551119,other,the,5.715381610499553
4,870,thought,321.7701149425287,5.773837361826008,he,other,5.695414224985685
4,871,so,341.2674418604651,5.832666456872031,thought,he,5.697093486505405
4,872,he,311.125,5.740194760687756,so,thought,5.695414224985685
4,873,<UNK>,294.5057471264368,5.685298517761796,he,so,5.0072963928307415
4,874,one,311.6818181818182,5.741982853926048,<UNK>,he,5.738183901373533
4,875,eye,296.5057471264368,5.692066601475684,one,<UNK>,5.2999826458670976
4,876,and,309.10227272727275,5.73367220183596,eye,one,5.29162837839724
4,877,<UNK>,296.65909090909093,5.692583637470529,and,eye,5.29162837839724
4,878,<UNK>,332.89772727272725,5.8078353175006825,<UNK>,and,3.7524409356036807
4,879,with,336.90909090909093,5.819813134046934,<UNK>,<UNK>,4.619073091157083
4,880,the,332.42045454545456,5.806400597025022,with,<UNK>,4.243721963296701
4,881,other,295.2613636363636,5.687860942520948,the,with,5.308267697401205
4,882,but,324.20454545454544,5.781374629729339,other,the,5.715381610499553
4,883,before,311.18390804597703,5.740384081603434,but,other,5.695414224985685
4,884,he,332.2183908045977,5.80579255628682,before,but,5.697093486505405
4,885,knew,305.17241379310343,5.7208769080155015,he,before,5.695414224985685
4,886,it,310.625,5.738586396850893,knew,he,5.695414224985685
4,887,he,288.4318181818182,5.664458725891903,it,knew,5.695414224985685
4,888,<UNK>,328.1264367816092,5.793399012099301,he,it,5.695414224985685
4,889,to,305.0,5.720311776607412,<UNK>,he,5.045036720813588
4,890,keep,286.2298850574713,5.656795281857774,to,<UNK>,5.820082930352362
4,891,that,283.32183908045977,5.646583492042033,keep,to,5.698769932832657
4,892,one,294.15909090909093,5.684120746524177,that,keep,5.695414224985685
4,893,open,321.98850574712645,5.77451584846978,one,that,5.697093486505405
4,894,and,355.53409090909093,5.8736211403111165,open,one,5.695414224985685
4,895,both,321.92045454545456,5.774304479452972,and,open,5.695414224985685
4,896,eyes,283.7386363636364,5.648053519935998,both,and,5.695414224985685
4,897,were,288.95454545454544,5.666269393578093,eyes,both,5.695414224985685
4,898,fast,300.59090909090907,5.705750234316347,were,eyes,5.697093486505405
4,899,<UNK>,361.2183908045977,5.889482736095493,fast,were,5.695414224985685
4,900,then,334.9318181818182,5.813926983295001,<UNK>,fast,5.695414224985685
4,901,the,322.52272727272725,5.776173605916276,then,<UNK>,5.698769932832657
4,902,little,331.82758620689657,5.804615515369927,the,then,5.700443573390687
4,903,bird,306.42528735632186,5.724973964997277,little,the,4.122283930911342
4,904,<UNK>,314.0681818181818,5.7496101018852235,bird,little,5.018934096910951
4,905,by,326.08045977011494,5.787144160025131,<UNK>,bird,5.700443573390687
4,906,the,314.5568181818182,5.751164721768459,by,<UNK>,3.661957796547672
4,907,owl,304.42528735632186,5.7184256953240435,the,by,5.734958092124651
4,908,<UNK>,307.39772727272725,5.72814243768981,owl,the,4.789157022101107
4,909,out,359.20454545454544,5.883891990731457,<UNK>,owl,5.700443573390687
4,910,and,313.1954022988506,5.746827284247886,out,<UNK>,5.321382639479033
4,911,when,315.78409090909093,5.7550587234439305,and,out,5.698769932832657
4,912,he,310.4431818181818,5.738000895315523,when,and,5.293304824724492
4,913,saw,296.125,5.690781662478949,he,when,5.702114417555504
4,914,the,298.7011494252874,5.699443573307353,saw,he,5.695414224985685
4,915,<UNK>,286.95454545454544,5.659323825009309,the,saw,5.698769932832657
4,916,two,300.17045454545456,5.7043504951202095,<UNK>,the,6.02707297457535
4,917,eyes,306.264367816092,5.724448676076299,two,<UNK>,5.700443573390687
4,918,<UNK>,305.6136363636364,5.722321677905609,eyes,two,5.695414224985685
4,919,shut,347.5977011494253,5.851045779875194,<UNK>,eyes,5.695414224985685
4,920,he,312.45454545454544,5.744459004051463,shut,<UNK>,5.695414224985685
4,921,<UNK>,328.46590909090907,5.79443305503837,he,shut,5.695414224985685
4,922,from,349.5287356321839,5.856585777556376,<UNK>,he,5.738183901373533
4,923,the,283.3139534883721,5.646555659024099,from,<UNK>,3.858297606071983
4,924,hole,292.72093023255815,5.679219698597943,the,from,5.723585101952381
4,925,and,291.51162790697674,5.675079894898832,hole,the,5.697093486505405
4,926,flew,290.5632183908046,5.6718211718617875,and,hole,5.697093486505405
4,927,away,292.9080459770115,5.67985872350423,flew,and,5.697093486505405
4,928,he,328.1046511627907,5.793332615918971,away,flew,5.695414224985685
4,929,wanted,341.8837209302326,5.834470681970404,he,away,5.697093486505405
4,930,to,310.08045977011494,5.736831811448061,wanted,he,5.695414224985685
4,931,<UNK>,315.35227272727275,5.753690340083128,to,wanted,5.697093486505405
4,932,i,324.3636363636364,5.78186522090153,<UNK>,to,5.414617822244197
4,933,am,307.2613636363636,5.727698732746313,i,<UNK>,5.0238805208462765
4,934,king,328.60227272727275,5.794848121973871,am,i,4.204692619390966
4,935,so,438.4431818181818,6.08323022945599,king,am,5.707110264748875
4,936,that,404.875,6.003578377491493,so,king,5.695414224985685
4,937,the,325.8735632183908,5.786509463247831,that,so,5.294978465282522
4,938,owl,309.55172413793105,5.735125199770215,the,that,5.746203190540153
4,939,could,318.55172413793105,5.763784861004076,owl,the,5.705447753975262
4,940,hear,332.8965517241379,5.807831786233964,could,owl,5.695414224985685
4,941,him,311.64772727272725,5.741873470665224,hear,could,5.697093486505405
4,942,as,331.17045454545456,5.802633211241603,him,hear,5.695414224985685
4,943,he,334.85227272727275,5.813689457632631,as,him,5.695414224985685
4,944,flew,296.82954545454544,5.693158053018519,he,as,5.702114417555504
4,945,but,317.52272727272725,5.760549397732226,flew,he,5.695414224985685
4,946,thought,358.96590909090907,5.883227423229664,but,flew,5.695414224985685
4,947,better,311.3068181818182,5.740778979494309,thought,but,5.695414224985685
4,948,of,315.9318181818182,5.755526425058831,better,thought,5.695414224985685
4,949,it,325.55056179775283,5.785517785369457,of,better,5.695414224985685
4,950,from,343.60227272727275,5.839484804544782,it,of,5.695414224985685
4,951,this,310.125,5.736975442011965,from,it,5.695414224985685
4,952,time,300.09090909090907,5.704085459054823,this,from,5.695414224985685
4,953,on,294.17045454545456,5.684159376698211,time,this,5.695414224985685
4,954,the,305.79545454545456,5.722916429242745,on,time,5.695414224985685
4,955,owl,320.27272727272725,5.769172905542867,the,on,5.7430031878094825
4,956,<UNK>,334.96590909090907,5.814028762739034,owl,the,4.789157022101107
4,957,by,353.22727272727275,5.867111681850926,<UNK>,owl,5.294978465282522
4,958,the,314.21590909090907,5.750080358183568,by,<UNK>,3.661957796547672
4,959,little,310.6363636363636,5.738622979316921,the,by,5.329492984016486
4,960,bird,320.3181818181818,5.769314819968707,little,the,4.122283930911342
4,961,has,301.0,5.707110264748875,bird,little,5.7120812774708964
4,962,not,320.125,5.7687115445196895,has,bird,5.695414224985685
4,963,<UNK>,302.39080459770116,5.711720235766658,not,has,5.695414224985685
4,964,to,322.55172413793105,5.776263508299357,<UNK>,not,5.720311776607412
4,965,show,314.4712643678161,5.750892702706344,to,<UNK>,5.820082930352362
4,966,himself,338.97727272727275,5.825933063030588,show,to,5.697093486505405
4,967,by,318.625,5.764014862696279,himself,show,5.695414224985685
4,968,day,301.625,5.709184523945196,by,himself,5.695414224985685
4,969,for,328.79545454545456,5.795435838711329,day,by,5.695414224985685
4,970,<UNK>,340.5568181818182,5.830581978575788,for,day,5.695414224985685
4,971,the,313.8181818181818,5.748813779404948,<UNK>,for,5.70877001616724
4,972,birds,315.7613636363636,5.754986749930152,the,<UNK>,5.901266279189834
4,973,should,328.22727272727275,5.793706273092866,birds,the,5.718671087149952
4,974,<UNK>,300.4886363636364,5.705409937498619,should,birds,5.29162837839724
4,975,the,310.6136363636364,5.738549813046539,<UNK>,should,5.697093486505405
4,976,<UNK>,315.632183908046,5.754577560667379,the,<UNK>,2.9055340056358423
4,977,<UNK>,337.72727272727275,5.822238684353489,<UNK>,the,2.6426827112295754
4,978,out,331.4431818181818,5.803456397705513,<UNK>,<UNK>,4.975748035095815
4,979,of,295.4431818181818,5.688476540247287,out,<UNK>,4.628235458919088
4,980,him,300.78409090909093,5.706392701412008,of,out,5.7120812774708964
4,981,he,359.9425287356322,5.88594437630493,him,of,5.695414224985685
4,982,<UNK>,327.632183908046,5.791891588631088,he,him,5.697093486505405
4,983,about,318.4712643678161,5.763532249176891,<UNK>,he,5.738183901373533
4,984,only,312.77272727272725,5.745476815844164,about,<UNK>,5.71042701737487
4,985,at,326.37931034482756,5.7880602336569495,only,about,5.695414224985685
4,986,<UNK>,332.8636363636364,5.807732905702754,at,only,5.695414224985685
4,987,<UNK>,403.0113636363636,5.998964759157981,<UNK>,at,5.698769932832657
4,988,and,342.9651162790698,5.837628740183668,<UNK>,<UNK>,3.487670979665982
4,989,<UNK>,428.97701149425285,6.061403331231739,and,<UNK>,2.645901983305224
4,990,not,394.4431818181818,5.977475104103791,<UNK>,and,5.831882477283517
4,991,the,361.39772727272725,5.889979089463001,not,<UNK>,5.698769932832657
4,992,bird,362.5568181818182,5.893181201824241,the,not,5.697093486505405
4,993,but,339.8045977011494,5.828370739755916,bird,the,5.703782474656201
4,994,the,337.4886363636364,5.821531839712066,but,bird,5.695414224985685
4,995,mouse,354.44827586206895,5.870562428026448,the,but,5.70877001616724
4,996,for,354.4886363636364,5.8706762900666805,mouse,the,5.697093486505405
4,997,<UNK>,342.8735632183908,5.83736175885421,for,mouse,5.695414224985685
4,998,made,338.54545454545456,5.824658365598587,<UNK>,for,5.70877001616724
4,999,the,318.3068181818182,5.763015754673829,made,<UNK>,5.695414224985685
4,1000,hole,310.4886363636364,5.7381473028411305,the,made,5.697093486505405
4,1001,into,321.46590909090907,5.772891501013076,hole,the,5.697093486505405
4,1002,which,308.8068181818182,5.732715897511204,into,hole,5.695414224985685
4,1003,the,310.20454545454544,5.737231903937935,which,into,5.695414224985685
4,1004,little,312.03409090909093,5.743112447574682,the,which,5.697093486505405
4,1005,bird,297.34090909090907,5.694879322592615,little,the,4.122283930911342
4,1006,<UNK>,308.64772727272725,5.73220058536788,bird,little,5.018934096910951
4,1007,and,363.2386363636364,5.895060018722621,<UNK>,bird,5.700443573390687
4,1008,the,320.29545454545456,5.76924386527325,and,<UNK>,3.958088372271393
4,1009,little,304.8181818181818,5.719715473667858,the,and,5.331107189371028
4,1010,bird,308.125,5.730505544796954,little,the,4.122283930911342
4,1011,also,309.25,5.734150011272598,bird,little,5.7120812774708964
4,1012,<UNK>,306.07954545454544,5.7238450206364275,also,bird,5.695414224985685
4,1013,out,304.1931818181818,5.717662966090055,<UNK>,also,5.698769932832657
4,1014,of,317.22727272727275,5.759618465658836,out,<UNK>,4.628235458919088
4,1015,sight,305.29545454545456,5.721280011144752,of,out,5.306616169362732
4,1016,for,322.53409090909093,5.776208838894347,sight,of,5.697093486505405
4,1017,he,296.71590909090907,5.692775145983667,for,sight,5.695414224985685
4,1018,<UNK>,306.6818181818182,5.7258107872691095,he,for,5.695414224985685
4,1019,that,319.7613636363636,5.767574978956032,<UNK>,he,5.738183901373533
4,1020,the,283.375,5.646771108827693,that,<UNK>,4.391357962102766
4,1021,other,292.1136363636364,5.6771428921918705,the,that,5.746203190540153
4,1022,birds,299.4367816091954,5.701903315506071,other,the,4.211304213723279
4,1023,should,316.39772727272725,5.757000052785296,birds,other,5.707110264748875
4,1024,<UNK>,299.98850574712645,5.703744159745949,should,birds,5.29162837839724
4,1025,him,290.0919540229885,5.670197955558272,<UNK>,should,5.697093486505405
4,1026,for,305.60919540229884,5.722307146506889,him,<UNK>,5.71042701737487
4,1027,his,296.67045454545456,5.692621942107309,for,him,5.695414224985685
4,1028,cunning,305.21590909090907,5.72101942482406,his,for,5.697093486505405
4,1029,the,376.60227272727275,5.931189651062178,cunning,his,5.695414224985685
4,1030,<UNK>,363.5287356321839,5.895858346482322,the,cunning,5.695414224985685
4,1031,by,330.79545454545456,5.8015002222614624,<UNK>,the,6.02707297457535
4,1032,the,316.64367816091954,5.757777098010005,by,<UNK>,3.661957796547672
4,1033,other,320.6363636363636,5.770307657437681,the,by,5.734958092124651
4,1034,birds,304.5402298850575,5.718803196272279,other,the,4.211304213723279
4,1035,was,286.9431818181818,5.659284223401479,birds,other,5.707110264748875
4,1036,a,278.32183908045977,5.628778138613102,was,birds,5.697093486505405
4,1037,<UNK>,296.1511627906977,5.690870009072509,a,was,4.209655408733095
4,1038,<UNK>,307.95348837209303,5.729948759791229,<UNK>,a,2.8249715391611123
4,1039,to,308.3636363636364,5.731279724113423,<UNK>,<UNK>,4.213607983048918
4,1040,<UNK>,314.82954545454544,5.7520313668232435,to,<UNK>,3.145934280925833
4,1041,for,316.8720930232558,5.758498200412261,<UNK>,to,5.414617822244197
4,1042,the,316.5348837209302,5.757433452638511,for,<UNK>,4.490240219314114
4,1043,<UNK>,330.42045454545456,5.800365948161128,the,for,4.618415412738112
4,1044,bird,331.3255813953488,5.803101521523669,<UNK>,the,5.621607866467185
4,1045,the,306.48275862068965,5.725161501332992,bird,<UNK>,5.697093486505405
4,1046,owl,360.54651162790697,5.887620968174949,the,bird,5.695414224985685
4,1047,had,366.17045454545456,5.90309894778795,owl,the,5.705447753975262
4,1048,let,329.4597701149425,5.797454252755412,had,owl,5.695414224985685
4,1049,<UNK>,333.7011494252874,5.810245830238323,let,had,5.695414224985685
4,1050,away,349.0232558139535,5.855138555552443,<UNK>,let,5.697093486505405
4,1051,he,365.47727272727275,5.901204095935763,away,<UNK>,5.702114417555504
4,1052,<UNK>,342.5632183908046,5.8364562199128525,he,away,5.697093486505405
4,1053,in,317.53409090909093,5.7605851855107035,<UNK>,he,5.738183901373533
4,1054,the,306.42045454545456,5.724958193293121,in,<UNK>,3.338396480423125
4,1055,<UNK>,311.76404494382024,5.74224663549023,the,in,3.4431615807611875
4,1056,and,329.5287356321839,5.797663559949367,<UNK>,the,4.081162825520036
4,1057,when,319.7386363636364,5.767503900698841,and,<UNK>,5.903998521326706
4,1058,he,326.34090909090907,5.787942568376115,when,and,5.293304824724492
4,1059,<UNK>,331.6363636363636,5.804039078395851,he,when,5.0089672369955585
4,1060,himself,314.9425287356322,5.752390173721578,<UNK>,he,5.738183901373533
4,1061,quite,329.86516853932585,5.7986839907850385,himself,<UNK>,5.695414224985685
4,1062,safe,340.2613636363636,5.82971403887649,quite,himself,5.695414224985685
4,1063,he,330.367816091954,5.800206627979608,safe,quite,5.695414224985685
4,1064,<UNK>,334.2584269662921,5.811914427231313,he,safe,5.695414224985685
4,1065,out,327.4886363636364,5.791453356347011,<UNK>,he,5.045036720813588
4,1066,i,369.3258426966292,5.911679296926125,out,<UNK>,5.726847747587197
4,1067,am,321.78409090909093,5.773880795514848,i,out,5.695414224985685
4,1068,king,331.4719101123595,5.803543070326321,am,i,4.204692619390966
4,1069,i,317.97752808988764,5.761980713899189,king,am,5.01396308418893
4,1070,am,297.314606741573,5.694790860117609,i,king,5.0056227522727115
4,1071,king,309.3707865168539,5.734540513890749,am,i,4.204692619390966
4,1072,and,330.96666666666664,5.802017665371439,king,am,5.707110264748875
4,1073,the,295.9111111111111,5.690059108924595,and,king,5.695414224985685
4,1074,other,310.7191011235955,5.738889292216424,the,and,5.736572297479192
4,1075,birds,299.0449438202247,5.700593875874718,other,the,4.211304213723279
4,1076,in,290.8876404494382,5.672937077315762,birds,other,5.707110264748875
4,1077,<UNK>,315.55555555555554,5.754334753819032,in,birds,5.695414224985685
4,1078,call,347.46153846153845,5.850653978193067,<UNK>,in,5.738183901373533
4,1079,out,337.8131868131868,5.822493040950977,call,<UNK>,5.695414224985685
4,1080,yes,362.6222222222222,5.893361582218426,out,call,5.695414224985685
4,1081,yes,359.3777777777778,5.884374140990341,yes,out,5.695414224985685
4,1082,the,369.6703296703297,5.912611607570034,yes,yes,5.695414224985685
4,1083,<UNK>,584.4157303370787,6.370612596586632,the,yes,5.695414224985685
4,1084,the,525.3626373626373,6.264088761975639,<UNK>,the,4.3223248823369245
4,1085,<UNK>,678.6153846153846,6.520054523203348,the,<UNK>,2.9055340056358423
5,2,ten,391.4791666666667,5.969932299881262,at,<UNK>,5.72194977861165
5,3,years,442.17525773195877,6.091706314193891,ten,at,5.695414224985685
5,4,old,398.66315789473686,5.9881168445363535,years,ten,5.697093486505405
5,5,i,352.9484536082474,5.866322022498117,old,years,5.695414224985685
5,6,could,345.8041237113402,5.845872498312095,i,old,5.695414224985685
5,7,not,314.9157894736842,5.752305268081083,could,i,5.697093486505405
5,8,<UNK>,340.1578947368421,5.829409906096455,not,could,5.707110264748875
5,9,out,322.56382978723406,5.776301038472768,<UNK>,not,5.720311776607412
5,10,what,333.21875,5.808799181218453,out,<UNK>,5.726847747587197
5,11,it,340.36842105263156,5.830028622280152,what,out,5.695414224985685
5,12,was,325.41052631578947,5.7850875431117235,it,what,5.0089672369955585
5,13,that,349.3191489361702,5.855985971198153,was,it,5.082955955675882
5,14,this,367.1720430107527,5.905830520256242,that,was,5.705447753975262
5,15,elvis,373.3404255319149,5.922490672401077,this,that,5.697093486505405
5,16,presley,387.30526315789473,5.959213175785187,elvis,this,5.697093486505405
5,17,<UNK>,353.1979166666667,5.867028570260163,presley,elvis,5.698769932832657
5,18,had,358.0103092783505,5.880561782852979,<UNK>,presley,5.695414224985685
5,19,that,352.10309278350513,5.863924009943801,had,<UNK>,5.71042701737487
5,20,the,355.07216494845363,5.872321050361462,that,had,5.695414224985685
5,21,rest,338.4479166666667,5.824370215422794,the,that,5.746203190540153
5,22,of,320.85263157894735,5.770981926060808,rest,the,5.0056227522727115
5,23,us,300.7604166666667,5.706313989888128,of,rest,5.293304824724492
5,24,boys,322.62105263157895,5.776478422804157,us,of,5.697093486505405
5,25,did,332.6458333333333,5.80707836043181,boys,us,5.695414224985685
5,26,not,328.73118279569894,5.795240343209519,did,boys,5.695414224985685
5,27,have,372.07608695652175,5.919098368188109,not,did,5.705447753975262
5,28,he,374.63157894736844,5.925943086903698,have,not,5.698769932832657
5,29,seemed,358.9895833333333,5.883293372282726,he,have,5.695414224985685
5,30,to,316.11578947368423,5.756108568855701,seemed,he,5.697093486505405
5,31,be,343.78723404255317,5.840022960329596,to,seemed,5.293304824724492
5,32,no,316.0,5.755742213586912,be,to,5.718671087149952
5,33,<UNK>,336.8421052631579,5.819614290181323,no,be,5.695414224985685
5,34,from,322.9895833333333,5.77762007296062,<UNK>,no,5.71042701737487
5,35,the,353.63157894736844,5.8682556337537095,from,<UNK>,3.858297606071983
5,36,rest,296.7894736842105,5.693023044640742,the,from,5.723585101952381
5,37,of,296.6,5.692384429703832,rest,the,5.0056227522727115
5,38,us,342.968085106383,5.837637396499785,of,rest,5.293304824724492
5,39,he,331.7096774193548,5.804260120744044,us,of,5.697093486505405
5,40,was,344.5531914893617,5.842248480536001,he,us,5.695414224985685
5,41,<UNK>,309.8085106382979,5.735954399000846,was,he,4.794136285500715
5,42,a,313.9157894736842,5.749124763550312,<UNK>,was,5.780743515792329
5,43,man,309.35483870967744,5.734488963392338,a,<UNK>,5.744604469176456
5,44,who,306.0851063829787,5.723863188717243,man,a,5.695414224985685
5,45,had,305.24468085106383,5.721113687289647,who,man,5.703782474656201
5,46,a,301.27659574468083,5.7080287655376525,had,who,5.7120812774708964
5,47,head,326.7340425531915,5.789146514443193,a,had,5.700443573390687
5,48,two,374.0531914893617,5.924398010535354,head,a,5.697093486505405
5,49,arms,345.81720430107526,5.845910324183585,two,head,5.695414224985685
5,50,and,306.6063829787234,5.725564784807844,arms,two,5.695414224985685
5,51,two,323.11578947368423,5.7780107403262475,and,arms,5.697093486505405
5,52,<UNK>,325.0105263157895,5.783857570469204,two,and,5.695414224985685
5,53,it,336.06315789473683,5.817299112223884,<UNK>,two,5.702114417555504
5,54,must,333.47872340425533,5.809579065432216,it,<UNK>,5.726847747587197
5,55,have,309.741935483871,5.735739484605739,must,it,5.698769932832657
5,56,been,317.32978723404256,5.759941571378179,have,must,5.695414224985685
5,57,something,343.34736842105264,5.838742670616322,been,have,5.698769932832657
5,58,<UNK>,304.06315789473683,5.717235436060571,something,been,5.695414224985685
5,59,<UNK>,383.1684210526316,5.948474634174401,<UNK>,something,5.695414224985685
5,60,that,507.5157894736842,6.229527822695383,<UNK>,<UNK>,4.213607983048918
5,61,he,416.7684210526316,6.032530722340017,that,<UNK>,5.084505142662711
5,62,had,377.7157894736842,5.934142033117033,he,that,5.705447753975262
5,63,hidden,369.0842105263158,5.911024830812389,had,he,5.705447753975262
5,64,away,375.85263157894735,5.929197129272366,hidden,had,5.695414224985685
5,65,because,372.9894736842105,5.921550198559842,away,hidden,5.695414224985685
5,66,he,358.5052631578947,5.881943340986009,because,away,5.695414224985685
5,67,had,318.32978723404256,5.763087912171651,he,because,5.700443573390687
5,68,every,323.9148936170213,5.780480807265927,had,he,5.705447753975262
5,69,<UNK>,323.3510638297872,5.778738617912819,every,had,5.695414224985685
5,70,girl,336.13978494623655,5.817527100073826,<UNK>,every,5.700443573390687
5,71,at,343.13684210526316,5.838129324179037,girl,<UNK>,5.695414224985685
5,72,the,348.1914893617021,5.852752585225223,at,girl,5.695414224985685
5,73,orphanage,422.29473684210524,6.045703498784102,the,at,5.723585101952381
5,74,<UNK>,430.74468085106383,6.065515526756203,orphanage,the,5.702114417555504
5,75,around,380.48936170212767,5.941458218177978,<UNK>,orphanage,5.695414224985685
5,76,his,337.94736842105266,5.822890168627608,around,<UNK>,5.705447753975262
5,77,little,366.3510638297872,5.903592064463602,his,around,5.695414224985685
5,78,<UNK>,402.4255319148936,5.997510065865399,little,his,5.29162837839724
5,79,at,373.8804347826087,5.923936053207171,<UNK>,little,5.70877001616724
5,80,about,384.0736842105263,5.950834420144882,at,<UNK>,5.72194977861165
5,81,<UNK>,383.86170212765956,5.950282337008664,about,at,5.695414224985685
5,82,<UNK>,409.43617021276594,6.014781018647446,<UNK>,about,5.698769932832657
5,83,on,348.1170212765957,5.852538691285244,<UNK>,<UNK>,5.823045895483019
5,84,<UNK>,370.258064516129,5.914200234183162,on,<UNK>,5.0466457316192885
5,85,morning,402.8804347826087,5.99863983004178,<UNK>,on,5.700443573390687
5,86,i,375.3010752688172,5.92772857122831,morning,<UNK>,5.695414224985685
5,87,<UNK>,337.82978723404256,5.822542180575,i,morning,5.695414224985685
5,88,a,334.2,5.811739616161293,<UNK>,i,5.71042701737487
5,89,good,335.6,5.815919974593051,a,<UNK>,5.339139361068292
5,90,<UNK>,349.98936170212767,5.85790275888474,good,a,5.697093486505405
5,91,was,363.6736842105263,5.896256993616344,<UNK>,good,5.705447753975262
5,92,to,348.12631578947367,5.852565390321009,was,<UNK>,5.728475087246572
5,93,<UNK>,321.8510638297872,5.774088903852141,to,was,5.700443573390687
5,94,<UNK>,356.29347826086956,5.875754768377105,<UNK>,to,4.115334838113936
5,95,<UNK>,671.0,6.508769136971682,<UNK>,<UNK>,2.4908413853078146
5,96,who,542.6,6.296372400224832,<UNK>,<UNK>,5.823045895483019
5,97,was,420.6842105263158,6.041882458459579,who,<UNK>,4.802380355275797
5,98,one,384.34736842105264,5.951546748942126,was,who,5.72194977861165
5,99,of,366.2736842105263,5.903380825026891,one,was,5.293304824724492
5,100,the,333.2,5.808742910292688,of,one,4.104294893075269
5,101,older,362.96774193548384,5.894313965124601,the,of,5.8126368795682835
5,102,and,398.968085106383,5.988881426488669,older,the,5.695414224985685
5,103,<UNK>,369.85263157894735,5.913104633268661,and,older,5.695414224985685
5,104,boys,355.531914893617,5.873615019879381,<UNK>,and,5.831882477283517
5,105,what,396.2315789473684,5.981998835649969,boys,<UNK>,5.695414224985685
5,106,it,348.02127659574467,5.852263617548467,what,boys,5.695414224985685
5,107,was,317.3578947368421,5.760030142508883,it,what,5.0089672369955585
5,108,that,345.0,5.84354441703136,was,it,5.082955955675882
5,109,made,340.7578947368421,5.831172239015052,that,was,5.705447753975262
5,110,this,330.4148936170213,5.800349118164219,made,that,5.697093486505405
5,111,elvis,341.9578947368421,5.8346876146788,this,made,5.695414224985685
5,112,<UNK>,341.8,5.83422577068149,elvis,this,5.697093486505405
5,113,so,338.61052631578946,5.824850556976569,<UNK>,elvis,5.695414224985685
5,114,special,384.71276595744683,5.952496993396506,so,<UNK>,5.707110264748875
5,115,he,361.78723404255317,5.891056287768622,special,so,5.695414224985685
5,116,told,328.6989247311828,5.795142209387619,he,special,5.695414224985685
5,117,me,312.82105263157894,5.745631310215752,told,he,5.695414224985685
5,118,that,304.29473684210524,5.717996760802331,me,told,5.293304824724492
5,119,it,319.0851063829787,5.765457858371621,that,me,5.697093486505405
5,120,was,305.247311827957,5.721122306491617,it,that,5.293304824724492
5,121,not,315.02150537634407,5.752640907531285,was,it,5.082955955675882
5,122,<UNK>,329.8191489361702,5.798544470708507,not,was,4.79081953287472
5,123,about,329.7578947368421,5.798358732893368,<UNK>,not,5.720311776607412
5,124,elviss,375.2736842105263,5.9276555843393774,about,<UNK>,5.71042701737487
5,125,<UNK>,385.7578947368421,5.955209956975108,elviss,about,5.695414224985685
5,126,but,387.0842105263158,5.958642267617928,<UNK>,elviss,5.697093486505405
5,127,his,350.19354838709677,5.858485997029558,but,<UNK>,5.730099782973574
5,128,<UNK>,353.36170212765956,5.867492184255557,his,but,5.695414224985685
5,129,hair,403.5806451612903,6.000376331832253,<UNK>,his,5.728475087246572
5,130,and,371.98924731182797,5.918864948779656,hair,<UNK>,5.697093486505405
5,131,the,331.8723404255319,5.804750378180385,and,hair,5.697093486505405
5,132,way,330.29473684210524,5.79998539779236,the,and,5.331107189371028
5,133,he,318.51063829787233,5.763655875703615,way,the,5.700443573390687
5,134,<UNK>,345.9894736842105,5.846408351716935,he,way,5.695414224985685
5,135,his,342.4731182795699,5.836193167847053,<UNK>,he,5.045036720813588
5,136,<UNK>,371.0105263157895,5.916230435023774,his,<UNK>,4.467548808112044
5,137,about,386.38947368421054,5.956845859949204,<UNK>,his,5.728475087246572
5,138,a,356.6914893617021,5.87687123270735,about,<UNK>,5.71042701737487
5,139,<UNK>,331.17894736842106,5.802658855781909,a,about,5.29162837839724
5,140,an,330.4421052631579,5.800431470764549,<UNK>,a,5.893024474294729
5,141,<UNK>,349.48936170212767,5.856473122590079,an,<UNK>,4.787491742782046
5,142,later,343.5744680851064,5.839403880262773,<UNK>,an,5.720311776607412
5,143,the,352.0537634408602,5.86378390098288,later,<UNK>,5.29162837839724
5,144,boys,323.9789473684211,5.780678536423256,the,later,5.697093486505405
5,145,in,317.90526315789475,5.761753423796992,boys,the,5.695414224985685
5,146,the,321.6736842105263,5.773537628631434,in,boys,5.695414224985685
5,147,orphanage,360.6063829787234,5.887787011607352,the,in,5.794536837924666
5,148,called,365.1914893617021,5.9004218444013565,orphanage,the,5.702114417555504
5,149,down,334.0842105263158,5.811393088522247,called,orphanage,5.695414224985685
5,150,to,329.7684210526316,5.7983906537296965,down,called,5.695414224985685
5,151,the,317.3191489361702,5.759908046393681,to,down,5.293304824724492
5,152,<UNK>,345.93684210526317,5.846256221127744,the,to,3.6699514442284173
5,153,<UNK>,329.4842105263158,5.797528433299139,<UNK>,the,2.6426827112295754
5,154,<UNK>,360.37894736842105,5.8871561094009595,<UNK>,<UNK>,2.4908413853078146
5,155,by,336.3157894736842,5.81805056820514,<UNK>,<UNK>,4.975748035095815
5,156,the,336.9574468085106,5.819956651781667,by,<UNK>,3.661957796547672
5,157,matron,370.36559139784947,5.9144906026627995,the,by,5.041810911564705
5,158,were,391.02150537634407,5.968762559435385,matron,the,5.705447753975262
5,159,told,429.5376344086022,6.062709361354145,were,matron,5.695414224985685
5,160,that,357.0967741935484,5.878006821217537,told,were,5.695414224985685
5,161,they,337.9255319148936,5.82282555143063,that,told,5.695414224985685
5,162,were,309.4315789473684,5.734736998048221,they,that,5.698769932832657
5,163,all,330.4315789473684,5.800399615007414,were,they,5.71042701737487
5,164,going,339.90526315789475,5.828666941012593,all,were,5.700443573390687
5,165,to,317.13829787234044,5.75933794962947,going,all,5.695414224985685
5,166,<UNK>,358.9583333333333,5.883206318614084,to,going,5.703782474656201
5,167,<UNK>,482.505376344086,6.178992063399005,<UNK>,to,4.115334838113936
5,168,<UNK>,465.66315789473686,6.143462535617164,<UNK>,<UNK>,2.4908413853078146
5,169,to,447.9157894736842,6.104605244821613,<UNK>,<UNK>,4.213607983048918
5,170,get,359.25531914893617,5.88403333110961,to,<UNK>,5.414617822244197
5,171,a,327.97872340425533,5.7929487386101925,get,to,5.700443573390687
5,172,new,329.468085106383,5.797479490697245,a,get,5.695414224985685
5,173,pair,331.6842105263158,5.804183343150779,new,a,5.700443573390687
5,174,of,318.7263157894737,5.764332790306429,pair,new,5.695414224985685
5,175,buster,369.75531914893617,5.912841487285775,of,pair,5.697093486505405
5,176,brown,405.2736842105263,6.00456260236399,buster,of,5.695414224985685
5,177,shoes,404.79787234042556,6.003387861883419,brown,buster,4.784152841516532
5,178,and,374.0659340659341,5.9244320761704605,shoes,brown,5.700443573390687
5,179,a,334.4731182795699,5.812556512451249,and,shoes,5.695414224985685
5,180,haircut,369.1684210526316,5.911252965526927,a,and,5.70877001616724
5,181,that,398.0421052631579,5.986557791807334,haircut,a,5.695414224985685
5,182,is,352.9157894736842,5.866229471742341,that,haircut,5.695414224985685
5,183,when,343.81720430107526,5.840110133293788,is,that,5.697093486505405
5,184,i,345.6063829787234,5.8453005060264855,when,is,5.695414224985685
5,185,got,322.9578947368421,5.7775219578735815,i,when,5.29162837839724
5,186,this,348.22105263157897,5.852837486826248,got,i,5.698769932832657
5,187,big,336.21505376344084,5.817750996186965,this,got,5.695414224985685
5,188,idea,337.42105263157896,5.821331564820817,big,this,5.695414224985685
5,189,which,375.4255319148936,5.928060134399312,idea,big,5.695414224985685
5,190,<UNK>,340.505376344086,5.830430915021701,which,idea,5.695414224985685
5,191,me,319.1290322580645,5.765595510838076,<UNK>,which,5.71042701737487
5,192,like,329.58947368421053,5.797847860887621,me,<UNK>,5.703782474656201
5,193,a,317.24468085106383,5.759673340027033,like,me,5.695414224985685
5,194,<UNK>,307.2903225806452,5.7277929768756595,a,like,4.785823685681349
5,195,of,305.7659574468085,5.722819964364188,<UNK>,a,3.6417326756882344
5,196,<UNK>,323.9139784946237,5.780477982067986,of,<UNK>,2.923444506170187
5,197,if,356.5108695652174,5.876364729053554,<UNK>,of,5.7698822763607245
5,198,the,347.0752688172043,5.8495416694425115,if,<UNK>,5.698769932832657
5,199,elvis,323.70526315789476,5.779833420169478,the,if,5.695414224985685
5,200,haircut,349.2315789473684,5.855735252142929,elvis,the,5.695414224985685
5,201,was,409.65263157894736,6.015309560536304,haircut,elvis,5.700443573390687
5,202,the,353.3263157894737,5.867392037267583,was,haircut,5.697093486505405
5,203,big,311.55913978494624,5.741589175054696,the,was,5.723585101952381
5,204,secret,315.6276595744681,5.754563226368675,big,the,5.700443573390687
5,205,then,353.13829787234044,5.866859758883256,secret,big,5.695414224985685
5,206,elviss,342.0430107526882,5.834936491589934,then,secret,5.695414224985685
5,207,haircut,359.29347826086956,5.884139542718638,elviss,then,5.695414224985685
5,208,i,335.9230769230769,5.816882196024024,haircut,elviss,5.695414224985685
5,209,was,366.86170212765956,5.904984943595387,i,haircut,5.695414224985685
5,210,going,330.70652173913044,5.801231340806687,was,i,5.017279836814924
5,211,to,305.1808510638298,5.720904555187107,going,was,4.784152841516532
5,212,get,343.4673913043478,5.839092176455611,to,going,5.703782474656201
5,213,i,355.7578947368421,5.874250428534949,get,to,5.700443573390687
5,214,was,336.55913978494624,5.8187738833749885,i,get,5.695414224985685
5,215,going,317.17894736842106,5.7594661173450445,was,i,5.017279836814924
5,216,to,305.9139784946237,5.723303946401221,going,was,4.784152841516532
5,217,have,310.70526315789476,5.738844755933334,to,going,5.703782474656201
5,218,my,307.1170212765957,5.727228851754506,have,to,5.7120812774708964
5,219,day,326.0842105263158,5.787155662507163,my,have,5.695414224985685
5,220,in,341.0105263157895,5.831913345768339,day,my,5.695414224985685
5,221,the,305.4,5.721622392784532,in,day,5.698769932832657
5,222,sun,300.98936170212767,5.707074920941991,the,in,5.794536837924666
5,223,and,311.3085106382979,5.740784416098265,sun,the,5.705447753975262
5,224,all,311.97849462365593,5.742934257945592,and,sun,5.695414224985685
5,225,the,302.57894736842104,5.71234222645685,all,and,5.0056227522727115
5,226,way,301.7578947368421,5.709625022806367,the,all,5.7120812774708964
5,227,to,317.77894736842103,5.761356007000902,way,the,5.700443573390687
5,228,<UNK>,297.9263157894737,5.6968461934795736,to,way,5.697093486505405
5,229,that,312.57894736842104,5.74485706884942,<UNK>,to,5.414617822244197
5,230,was,340.8315789473684,5.8313884518929155,that,<UNK>,5.372187215114492
5,231,all,342.40425531914894,5.835992072108437,was,that,5.7120812774708964
5,232,i,305.75,5.722767774567282,all,was,5.697093486505405
5,233,<UNK>,316.44086021505376,5.757136368563904,i,all,5.695414224985685
5,234,about,301.02150537634407,5.707181708629737,<UNK>,i,5.71042701737487
5,235,the,324.0752688172043,5.78097579997648,about,<UNK>,5.017279836814924
5,236,fact,331.3404255319149,5.80314632278528,the,about,5.700443573390687
5,237,that,298.86170212765956,5.699980931698419,fact,the,5.0089672369955585
5,238,i,302.21505376344084,5.711138862507434,that,fact,5.700443573390687
5,239,was,305.3440860215054,5.7214392916135814,i,that,4.608497976080766
5,240,getting,299.1276595744681,5.700870437369849,was,i,5.71042701737487
5,241,an,296.10869565217394,5.6907266019582465,getting,was,5.697093486505405
5,242,elvis,305.78723404255317,5.7228895465233505,an,getting,5.695414224985685
5,243,haircut,319.48936170212767,5.766723976556286,elvis,an,5.0072963928307415
5,244,not,333.968085106383,5.811045434837463,haircut,elvis,5.700443573390687
5,245,just,309.258064516129,5.73417608859185,not,haircut,5.695414224985685
5,246,the,327.14130434782606,5.790392200946678,just,not,5.695414224985685
5,247,simple,300.4148936170213,5.705164497945326,the,just,5.695414224985685
5,248,fact,312.74468085106383,5.745387141531929,simple,the,5.695414224985685
5,249,that,329.35483870967744,5.797135706673565,fact,simple,5.695414224985685
5,250,we,317.6774193548387,5.761036463379143,that,fact,5.700443573390687
5,251,were,331.7659574468085,5.804429772874827,we,that,5.695414224985685
5,252,getting,297.96774193548384,5.696985232107464,were,we,5.698769932832657
5,253,out,332.01063829787233,5.805167011469001,getting,were,5.695414224985685
5,254,of,302.23655913978496,5.711210019158832,out,getting,5.695414224985685
5,255,the,293.27659574468083,5.6811161764977065,of,out,4.795790545596741
5,256,orphanage,321.76344086021504,5.77381661983904,the,of,5.8126368795682835
5,257,made,337.86021505376345,5.822632245011764,orphanage,the,5.702114417555504
5,258,me,317.494623655914,5.760460884822175,made,orphanage,5.695414224985685
5,259,<UNK>,333.20212765957444,5.808749295805237,me,made,5.29162837839724
5,260,<UNK>,430.23655913978496,6.064335194951815,<UNK>,me,5.702114417555504
5,261,i,574.8913043478261,6.354180987010985,<UNK>,<UNK>,5.312220271717028
5,262,told,458.9782608695652,6.129002846998988,i,<UNK>,5.717027701406222
5,263,<UNK>,418.7826086956522,6.037351951619453,told,i,5.695414224985685
5,264,including,390.78723404255317,5.968163253418476,<UNK>,told,5.695414224985685
5,265,the,352.67021276595744,5.865533378801541,including,<UNK>,5.698769932832657
5,266,orphanage,357.70212765957444,5.879700594414949,the,including,5.697093486505405
5,267,matron,384.83870967741933,5.9528243106068155,orphanage,the,5.702114417555504
5,268,i,380.63829787234044,5.941849574792706,matron,orphanage,5.695414224985685
5,269,<UNK>,397.16129032258067,5.984342471033569,i,matron,5.695414224985685
5,270,<UNK>,395.968085106383,5.9813336148409775,<UNK>,i,5.71042701737487
5,271,that,413.3191489361702,6.024220052252217,<UNK>,<UNK>,4.213607983048918
5,272,i,335.9148936170213,5.816857835072679,that,<UNK>,5.777652323222656
5,273,was,314.29787234042556,5.750341174262395,i,that,4.608497976080766
5,274,going,297.531914893617,5.695521496185258,was,i,5.017279836814924
5,275,to,295.97872340425533,5.690287571349512,going,was,4.784152841516532
5,276,look,304.40425531914894,5.718356605256275,to,going,5.703782474656201
5,277,just,291.8829787234043,5.676352964146854,look,to,5.695414224985685
5,278,like,296.7659574468085,5.692943806085483,just,look,5.695414224985685
5,279,elvis,304.8936170212766,5.719962919112159,like,just,5.698769932832657
5,280,presley,314.8510638297872,5.752099713775437,elvis,like,5.695414224985685
5,281,and,337.09574468085106,5.820366998846342,presley,elvis,5.698769932832657
5,282,that,323.3829787234043,5.778837313486402,and,presley,5.695414224985685
5,283,i,330.0744680851064,5.799318289866902,that,and,5.303304908059076
5,284,would,302.1808510638298,5.711025682721223,i,that,5.301645156640712
5,285,<UNK>,305.3010752688172,5.721298421741892,would,i,5.697093486505405
5,286,to,304.8936170212766,5.719962919112159,<UNK>,would,5.703782474656201
5,287,<UNK>,314.51063829787233,5.751017901634773,to,<UNK>,3.145934280925833
5,288,around,303.48936170212767,5.715346557832918,<UNK>,to,5.820082930352362
5,289,just,323.0531914893617,5.777816989198098,around,<UNK>,5.705447753975262
5,290,like,295.7659574468085,5.689568457267034,just,around,5.695414224985685
5,291,he,295.79787234042556,5.689676357351661,like,just,5.698769932832657
5,292,did,299.16129032258067,5.70098286046626,he,like,5.697093486505405
5,293,and,337.8829787234043,5.822699618741486,did,he,5.695414224985685
5,294,that,292.25531914893617,5.677627800867253,and,did,5.695414224985685
5,295,i,318.63440860215053,5.764044391023439,that,and,5.303304908059076
5,296,would,296.7204301075269,5.692790382720346,i,that,5.301645156640712
5,297,be,297.8279569892473,5.696515994249407,would,i,5.697093486505405
5,298,<UNK>,305.5824175824176,5.7222195215482685,be,would,4.454347296253507
5,299,and,287.6304347826087,5.661676443553316,<UNK>,be,5.0369526024136295
5,300,famous,295.8723404255319,5.689928078948904,and,<UNK>,5.903998521326706
5,301,one,314.1290322580645,5.7498038322575,famous,and,5.695414224985685
5,302,day,317.83870967741933,5.761544051837328,one,famous,5.695414224985685
5,303,just,312.22340425531917,5.743718970855535,day,one,5.695414224985685
5,304,like,297.79787234042556,5.696414975632128,just,day,5.695414224985685
5,305,him,286.4574468085106,5.657589997404474,like,just,5.698769932832657
5,306,the,321.1808510638298,5.772004363433153,him,like,5.695414224985685
5,307,matron,356.81720430107526,5.877223617875998,the,him,5.700443573390687
5,308,understood,360.89130434782606,5.888576817004981,matron,the,5.705447753975262
5,309,my,339.7204301075269,5.8281230149757866,understood,matron,5.695414224985685
5,310,idea,320.6666666666667,5.7704021619975965,my,understood,5.695414224985685
5,311,was,352.1505376344086,5.864058747910142,idea,my,5.695414224985685
5,312,something,342.78494623655916,5.837103271630314,was,idea,5.695414224985685
5,313,that,326.6989247311828,5.789039027298219,something,was,5.29162837839724
5,314,i,312.29787234042556,5.74395745139495,that,something,5.697093486505405
5,315,was,300.6276595744681,5.70587248763825,i,that,4.608497976080766
5,316,really,307.1489361702128,5.727332764052621,was,i,5.71042701737487
5,317,excited,325.98936170212767,5.7868647480186866,really,was,5.697093486505405
5,318,about,340.9347826086956,5.831691205645329,excited,really,5.695414224985685
5,319,and,316.4255319148936,5.757087927691221,about,excited,5.697093486505405
5,320,said,314.48936170212767,5.750950249502014,and,about,5.695414224985685
5,321,nothing,330.21505376344084,5.799744120281612,said,and,5.705447753975262
5,322,when,393.79787234042556,5.9758377632966395,nothing,said,5.695414224985685
5,323,i,343.3829787234043,5.838846380325764,when,nothing,5.695414224985685
5,324,got,307.8936170212766,5.729754324027934,i,when,5.29162837839724
5,325,my,319.70212765957444,5.767389711219047,got,i,5.698769932832657
5,326,new,292.51063829787233,5.678501036259666,my,got,5.695414224985685
5,327,buster,306.4574468085106,5.725078909876372,new,my,5.294978465282522
5,328,brown,317.78723404255317,5.7613820835115,buster,new,5.0056227522727115
5,329,shoes,333.74468085106383,5.810376272062554,brown,buster,4.784152841516532
5,330,i,337.3829787234043,5.821218720479509,shoes,brown,5.700443573390687
5,331,was,324.8085106382979,5.783235810648357,i,shoes,5.695414224985685
5,332,smiling,352.8191489361702,5.865955599689652,was,i,5.71042701737487
5,333,from,298.968085106383,5.700336828919059,smiling,was,5.697093486505405
5,334,ear,315.531914893617,5.754259833421919,from,smiling,5.695414224985685
5,335,to,310.2903225806452,5.737508383667469,ear,from,5.695414224985685
5,336,ear,288.5483870967742,5.664862791457673,to,ear,5.695414224985685
5,337,those,322.3333333333333,5.775586206785184,ear,to,5.695414224985685
5,338,shoes,363.02150537634407,5.894462075971029,those,ear,5.695414224985685
5,339,they,361.9139784946237,5.8914065551197625,shoes,those,5.695414224985685
5,340,<UNK>,341.5217391304348,5.833411334760572,they,shoes,5.695414224985685
5,341,really,362.9673913043478,5.894312999112295,<UNK>,they,5.707110264748875
5,342,<UNK>,335.494623655914,5.815605931412738,really,<UNK>,5.695414224985685
5,343,and,324.0869565217391,5.781011864110054,<UNK>,really,5.695414224985685
5,344,i,340.7826086956522,5.831244762830427,and,<UNK>,5.2108513407667605
5,345,liked,315.0869565217391,5.7528486531801315,i,and,5.698769932832657
5,346,looking,300.02127659574467,5.703853394127171,liked,i,5.695414224985685
5,347,at,334.1290322580645,5.81152724249869,looking,liked,5.695414224985685
5,348,the,319.90425531914894,5.768021748896226,at,looking,5.695414224985685
5,349,bones,319.0108695652174,5.765225176076498,the,at,5.723585101952381
5,350,in,377.59574468085106,5.9338241648245065,bones,the,5.29162837839724
5,351,my,336.21505376344084,5.817750996186965,in,bones,5.697093486505405
5,352,feet,374.61290322580646,5.925893234760611,my,in,5.695414224985685
5,353,which,418.5806451612903,6.036869571870048,feet,my,5.695414224985685
5,354,i,351.39784946236557,5.8619190558206835,which,feet,5.697093486505405
5,355,had,364.76344086021504,5.899249036237923,i,which,5.695414224985685
5,356,never,332.13978494623655,5.805555919299131,had,i,5.698769932832657
5,357,seen,340.02150537634407,5.829008866716834,never,had,5.697093486505405
5,358,before,346.25,5.847161057501548,seen,never,5.695414224985685
5,359,through,413.52127659574467,6.024708968026917,before,seen,5.695414224985685
5,360,a,391.3440860215054,5.969587188399102,through,before,5.695414224985685
5,361,special,373.67021276595744,5.923373624366043,a,through,5.695414224985685
5,362,<UNK>,384.3936170212766,5.951667071914767,special,a,5.29162837839724
5,363,<UNK>,444.02127659574467,6.095872481544772,<UNK>,special,5.697093486505405
5,364,they,400.4148936170213,5.992501243594988,<UNK>,<UNK>,5.312220271717028
5,365,had,358.1276595744681,5.880889513827378,they,<UNK>,5.303304908059076
5,366,in,321.86170212765956,5.774121956786418,had,they,5.700443573390687
5,367,the,329.5531914893617,5.7977377718377,in,had,5.695414224985685
5,368,<UNK>,309.1489361702128,5.73382315485427,the,in,3.4431615807611875
5,369,<UNK>,350.74468085106383,5.860058553795773,<UNK>,the,2.6426827112295754
5,370,that,374.6276595744681,5.925932624909507,<UNK>,<UNK>,4.213607983048918
5,371,made,350.97849462365593,5.860724952710378,that,<UNK>,5.777652323222656
5,372,the,327.9468085106383,5.792851426058418,made,that,5.697093486505405
5,373,bones,323.968085106383,5.780645008182537,the,made,5.697093486505405
5,374,in,354.1276595744681,5.869657468392774,bones,the,5.29162837839724
5,375,your,327.51063829787233,5.791520537900016,in,bones,5.697093486505405
5,376,feet,302.0860215053763,5.710711816237599,your,in,5.695414224985685
5,377,look,317.39130434782606,5.760135411207333,feet,your,5.695414224985685
5,378,<UNK>,318.7142857142857,5.764295045377219,look,feet,5.695414224985685
5,379,i,444.6236559139785,6.097228207298581,<UNK>,look,5.695414224985685
5,380,was,380.7340425531915,5.94210108033414,i,<UNK>,5.311562593298057
5,381,now,328.9468085106383,5.795896061434899,was,i,5.71042701737487
5,382,almost,326.3191489361702,5.787875886940721,now,was,5.698769932832657
5,383,ready,335.9148936170213,5.816857835072679,almost,now,5.695414224985685
5,384,to,322.48387096774195,5.776053122482034,ready,almost,5.695414224985685
5,385,go,304.97849462365593,5.720241264690869,to,ready,5.698769932832657
5,386,back,317.8829787234043,5.761683323618877,go,to,5.702114417555504
5,387,to,319.40860215053766,5.766471167636586,back,go,5.695414224985685
5,388,the,310.3191489361702,5.737601280591763,to,back,5.293304824724492
5,389,orphanage,299.48936170212767,5.702078896731417,the,to,5.749392985908253
5,390,and,308.4468085106383,5.731549408740839,orphanage,the,5.702114417555504
5,391,<UNK>,304.5531914893617,5.718845756588484,and,orphanage,5.695414224985685
5,392,being,315.8936170212766,5.755405501909937,<UNK>,and,5.831882477283517
5,393,like,308.44086021505376,5.731530123882716,being,<UNK>,5.695414224985685
5,394,the,305.8085106382979,5.722959123841173,like,being,5.695414224985685
5,395,man,306.21276595744683,5.72428017392031,the,like,5.698769932832657
5,396,who,306.2795698924731,5.724498311948759,man,the,4.79081953287472
5,397,all,330.3085106382979,5.80002709845383,who,man,5.703782474656201
5,398,the,302.2258064516129,5.711174441466042,all,who,5.695414224985685
5,399,girls,302.9032258064516,5.713413367717163,the,all,5.7120812774708964
5,400,<UNK>,276.7741935483871,5.623201987996862,girls,the,5.698769932832657
5,401,since,302.6195652173913,5.712476456294454,<UNK>,girls,5.695414224985685
5,402,i,300.85869565217394,5.706640704862334,since,<UNK>,5.695414224985685
5,403,had,287.9569892473118,5.662811126091907,i,since,5.695414224985685
5,404,my,289.9130434782609,5.669581027941535,had,i,5.698769932832657
5,405,new,283.3804347826087,5.646790287409054,my,had,5.695414224985685
5,406,buster,302.2795698924731,5.711352317273622,new,my,5.294978465282522
5,407,brown,290.13978494623655,5.670362823903604,buster,new,5.0056227522727115
5,408,shoes,316.031914893617,5.755843204985897,brown,buster,4.784152841516532
5,409,it,325.98924731182797,5.786864397116684,shoes,brown,5.700443573390687
5,410,was,300.1914893617021,5.704420568903099,it,shoes,5.695414224985685
5,411,the,298.9255319148936,5.700194485229982,was,it,4.389808775115936
5,412,new,283.4516129032258,5.647041431010697,the,was,5.723585101952381
5,413,haircut,281.01063829787233,5.638392527328413,new,the,5.697093486505405
5,414,though,339.74468085106383,5.8281943968411865,haircut,new,5.695414224985685
5,415,that,346.1595744680851,5.846899866623307,though,haircut,5.695414224985685
5,416,i,301.7096774193548,5.709465221949404,that,though,5.695414224985685
5,417,needed,310.3010752688172,5.737543036703945,i,that,5.707110264748875
5,418,to,304.1170212765957,5.717412565746294,needed,i,5.695414224985685
5,419,<UNK>,303.09574468085106,5.714048744641058,to,needed,5.695414224985685
5,420,my,305.8085106382979,5.722959123841173,<UNK>,to,5.820082930352362
5,421,new,298.06451612903226,5.697309960150584,my,<UNK>,5.698769932832657
5,422,look,312.1170212765957,5.743378185683207,new,my,5.700443573390687
5,423,we,318.9782608695652,5.765122952718372,look,new,5.695414224985685
5,424,finally,304.2340425531915,5.717797282022788,we,look,5.695414224985685
5,425,<UNK>,310.1182795698925,5.736953771708298,finally,we,5.695414224985685
5,426,at,297.9255319148936,5.696843562373929,<UNK>,finally,5.695414224985685
5,427,the,281.5744680851064,5.640396952861947,at,<UNK>,4.469186810116282
5,428,<UNK>,340.02150537634407,5.829008866716834,the,at,4.470822133457013
5,429,<UNK>,529.1075268817204,6.271191675629577,<UNK>,the,2.6426827112295754
5,430,<UNK>,544.8510638297872,6.30051247993964,<UNK>,<UNK>,2.4908413853078146
5,431,where,410.48936170212767,6.017350013092914,<UNK>,<UNK>,6.2285110035911835
5,432,they,352.51063829787233,5.8650808013653615,where,<UNK>,5.700443573390687
5,433,cut,334.0744680851064,5.811363926463826,they,where,5.698769932832657
5,434,our,327.8829787234043,5.792656772541063,cut,they,5.695414224985685
5,435,hair,332.82978723404256,5.807631209851712,our,cut,5.695414224985685
5,436,for,304.24468085106383,5.717832248891684,hair,our,5.695414224985685
5,437,<UNK>,306.27659574468083,5.724488601336217,for,hair,5.695414224985685
5,438,because,331.01063829787233,5.802150514733315,<UNK>,for,5.70877001616724
5,439,we,319.9148936170213,5.76805500297401,because,<UNK>,5.71042701737487
5,440,were,312.69473684210527,5.745227432988937,we,because,5.695414224985685
5,441,<UNK>,323.03225806451616,5.777752188404744,were,we,5.293304824724492
5,442,even,370.5806451612903,5.915071086802859,<UNK>,were,5.726847747587197
5,443,though,339.0,5.82600010738045,even,<UNK>,5.697093486505405
5,444,we,311.40425531914894,5.741091924429039,though,even,5.695414224985685
5,445,were,314.8723404255319,5.75216728819179,we,though,5.695414224985685
5,446,<UNK>,324.97849462365593,5.78375900975163,were,we,5.293304824724492
5,447,to,326.0531914893617,5.787060532134694,<UNK>,were,5.321382639479033
5,448,slowly,324.1914893617021,5.781334357759296,to,<UNK>,5.820082930352362
5,449,<UNK>,346.4623655913978,5.847774199719299,slowly,to,5.695414224985685
5,450,to,327.4301075268817,5.791274620168038,<UNK>,slowly,5.695414224985685
5,451,be,335.0425531914894,5.814257548210351,to,<UNK>,4.721470641684252
5,452,called,332.51063829787233,5.806671854464903,be,to,5.718671087149952
5,453,i,308.1489361702128,5.730583225090798,called,be,5.695414224985685
5,454,<UNK>,298.4516129032258,5.698607818866184,i,called,5.695414224985685
5,455,straight,301.3510638297872,5.708275910136153,<UNK>,i,5.71042701737487
5,456,up,316.8829787234043,5.7585325534317,straight,<UNK>,5.695414224985685
5,457,to,288.43617021276594,5.664473814373273,up,straight,5.695414224985685
5,458,one,309.17021276595744,5.7338919756106375,to,up,5.702114417555504
5,459,of,298.56382978723406,5.698983745106296,one,to,5.695414224985685
5,460,the,291.3723404255319,5.674601969645561,of,one,4.104294893075269
5,461,barber,301.22340425531917,5.707852196277901,the,of,5.407171771460119
5,462,<UNK>,322.59574468085106,5.776399974906191,barber,the,4.792479284293085
5,463,and,324.73118279569894,5.782997710209705,<UNK>,barber,5.703782474656201
5,464,climbed,302.3829787234043,5.7116943554308595,and,<UNK>,5.498533413218542
5,465,up,319.8510638297872,5.767855461917776,climbed,and,5.697093486505405
5,466,onto,304.3404255319149,5.718146895703237,up,climbed,5.695414224985685
5,467,the,291.4468085106383,5.674857514047792,onto,up,5.695414224985685
5,468,<UNK>,301.4468085106383,5.708593577752611,the,onto,5.29162837839724
5,469,the,324.1914893617021,5.781334357759296,<UNK>,the,4.3223248823369245
5,470,barber,387.25531914893617,5.959084214900349,the,<UNK>,5.208119098629888
5,471,<UNK>,353.1276595744681,5.86682963341066,barber,the,4.792479284293085
5,472,across,348.22340425531917,5.852844240053204,<UNK>,barber,5.703782474656201
5,473,the,326.5531914893617,5.7885928496567844,across,<UNK>,5.29162837839724
5,474,arms,322.2340425531915,5.775278121751279,the,across,5.698769932832657
5,475,to,350.2340425531915,5.858601624017027,arms,the,5.695414224985685
5,476,make,331.1914893617021,5.802696725809275,to,arms,5.695414224985685
5,477,me,308.3936170212766,5.7313769443974145,make,to,5.703782474656201
5,478,<UNK>,322.6808510638298,5.776663757550822,me,make,5.695414224985685
5,479,up,330.17021276595744,5.799608317743836,<UNK>,me,5.702114417555504
5,480,higher,343.96774193548384,5.840547879533033,up,<UNK>,5.715381610499553
5,481,i,397.20212765957444,5.984445288802125,higher,up,5.695414224985685
5,482,looked,358.63829787234044,5.882314353773967,i,higher,5.695414224985685
5,483,at,334.47872340425533,5.812573270383095,looked,i,5.695414224985685
5,484,the,327.4731182795699,5.791405970117329,at,looked,5.29162837839724
5,485,man,351.4574468085106,5.862088642210952,the,at,5.723585101952381
5,486,and,314.06382978723406,5.749596244826939,man,the,5.707110264748875
5,487,said,304.21276595744683,5.717727344616739,and,man,5.695414224985685
5,488,with,323.29787234042556,5.778574103640835,said,and,5.705447753975262
5,489,a,319.67021276595744,5.767289879269413,with,said,5.695414224985685
5,490,<UNK>,324.21276595744683,5.781399985322897,a,with,4.456007047671872
5,491,<UNK>,360.98936170212767,5.8888484889294865,<UNK>,a,2.8249715391611123
5,492,on,319.2659574468085,5.766024477835161,<UNK>,<UNK>,5.823045895483019
5,493,my,314.531914893617,5.751085549191031,on,<UNK>,5.0466457316192885
5,494,face,293.79347826086956,5.682877065606639,my,on,5.698769932832657
5,495,i,307.2795698924731,5.727757984311576,face,my,5.695414224985685
5,496,want,326.2258064516129,5.787589799417025,i,face,5.695414224985685
5,497,an,295.0967741935484,5.687303350657525,want,i,5.695414224985685
5,498,elvis,315.3936170212766,5.753821436598333,an,want,5.695414224985685
5,499,haircut,320.4574468085106,5.769749496277542,elvis,an,5.0072963928307415
5,500,can,373.6595744680851,5.9233451542098825,haircut,elvis,5.700443573390687
5,501,you,316.1170212765957,5.756112465530757,can,haircut,5.695414224985685
5,502,make,296.61290322580646,5.692427932553275,you,can,5.695414224985685
5,503,my,300.28723404255317,5.704739463404871,make,you,5.695414224985685
5,504,hair,298.09574468085106,5.697414725777883,my,make,5.695414224985685
5,505,like,304.531914893617,5.718775892474158,hair,my,5.702114417555504
5,506,elviss,351.8817204301075,5.863295097624845,like,hair,5.695414224985685
5,507,i,360.29347826086956,5.886918916732244,elviss,like,5.697093486505405
5,508,asked,351.02150537634407,5.860847490467478,i,elviss,5.695414224985685
5,509,the,349.6666666666667,5.856980319728187,asked,i,5.695414224985685
5,510,barber,328.7741935483871,5.7953711733267985,the,asked,5.695414224985685
5,511,who,302.78723404255317,5.713030360973601,barber,the,5.70877001616724
5,512,was,320.71276595744683,5.770545912447065,who,barber,5.695414224985685
5,513,a,305.75531914893617,5.722785171468894,was,who,5.72194977861165
5,514,<UNK>,320.6914893617021,5.770479568653502,a,was,4.209655408733095
5,515,<UNK>,357.93617021276594,5.880354675009102,<UNK>,a,2.8249715391611123
5,516,man,337.71276595744683,5.822195729334546,<UNK>,<UNK>,6.2285110035911835
5,517,<UNK>,353.4148936170213,5.867642702792199,man,<UNK>,5.697093486505405
5,518,back,350.63829787234044,5.859755201753404,<UNK>,man,5.698769932832657
5,519,at,316.02127659574467,5.755809542319474,back,<UNK>,5.012300573415317
5,520,me,321.63829787234044,5.773427615638649,at,back,5.698769932832657
5,521,and,306.67021276595744,5.725772944675374,me,at,5.698769932832657
5,522,said,293.9247311827957,5.683323718175844,and,me,5.697093486505405
5,523,that,301.1720430107527,5.707681672928417,said,and,5.2999826458670976
5,524,he,315.3225806451613,5.753596180368421,that,said,5.2999826458670976
5,525,would,309.59139784946234,5.735253356605611,he,that,5.2999826458670976
5,526,<UNK>,302.59139784946234,5.712383373486415,would,he,5.294978465282522
5,527,his,308.1505376344086,5.730588422123292,<UNK>,would,5.703782474656201
5,528,<UNK>,308.48387096774195,5.731669559864397,his,<UNK>,4.467548808112044
5,529,i,342.0,5.834810737062605,<UNK>,his,5.3230099791384085
5,530,was,294.0752688172043,5.683835750957128,i,<UNK>,5.311562593298057
5,531,so,309.79787234042556,5.735920060110332,was,i,5.71042701737487
5,532,<UNK>,292.0967741935484,5.677085165832367,so,was,5.697093486505405
5,533,when,294.5268817204301,5.68537027811247,<UNK>,so,5.707110264748875
5,534,he,280.4148936170213,5.63627026935977,when,<UNK>,5.705447753975262
5,535,started,279.5851063829787,5.633306741354974,he,when,5.702114417555504
5,536,to,295.3936170212766,5.6883087619466846,started,he,5.29162837839724
5,537,cut,319.1182795698925,5.7655618164128155,to,started,5.29162837839724
5,538,my,293.82978723404256,5.683000644693279,cut,to,5.697093486505405
5,539,hair,318.56382978723406,5.763822862428559,my,cut,5.695414224985685
5,540,but,291.93548387096774,5.676532832208825,hair,my,5.702114417555504
5,541,just,297.5483870967742,5.695576857463749,but,hair,5.695414224985685
5,542,as,313.7717391304348,5.748665776110817,just,but,5.695414224985685
5,543,he,304.1170212765957,5.717412565746294,as,just,5.698769932832657
5,544,started,307.40425531914894,5.728163673946708,he,as,5.702114417555504
5,545,to,317.77659574468083,5.76134860678619,started,he,5.29162837839724
5,546,cut,304.02127659574467,5.717097687758911,to,started,5.29162837839724
5,547,the,305.3723404255319,5.721531820331733,cut,to,5.697093486505405
5,548,matron,342.28723404255317,5.835650250194323,the,cut,5.695414224985685
5,549,who,337.71276595744683,5.822195729334546,matron,the,5.705447753975262
5,550,had,357.5744680851064,5.879343642778105,who,matron,5.695414224985685
5,551,been,321.6063829787234,5.773328384678508,had,who,5.7120812774708964
5,552,<UNK>,321.752688172043,5.773783201288399,been,had,4.462618642004185
5,553,me,304.4731182795699,5.7185828017408245,<UNK>,been,5.7120812774708964
5,554,and,301.06666666666666,5.707331724167343,me,<UNK>,5.703782474656201
5,555,had,308.7204301075269,5.73243611042458,and,me,5.697093486505405
5,556,a,314.25531914893617,5.750205773815367,had,and,5.695414224985685
5,557,look,308.51063829787233,5.731756326698608,a,had,5.700443573390687
5,558,as,319.52127659574467,5.766823865014258,look,a,5.695414224985685
5,559,cold,311.6559139784946,5.741899739421657,as,look,5.695414224985685
5,560,as,311.8478260869565,5.74251533192637,cold,as,5.697093486505405
5,561,<UNK>,327.1595744680851,5.790448047181507,as,cold,5.695414224985685
5,562,<UNK>,353.90425531914894,5.869026411351322,<UNK>,as,4.624972813284271
5,563,for,333.8723404255319,5.810758705619384,<UNK>,<UNK>,4.975748035095815
5,564,him,329.0744680851064,5.796284071916049,for,<UNK>,5.049856007249537
5,565,to,316.3085106382979,5.7567180368048145,him,for,5.294978465282522
5,566,come,296.21276595744683,5.691078000018553,to,him,5.698769932832657
5,567,over,299.1808510638298,5.701048243597091,come,to,5.700443573390687
5,568,to,315.86021505376345,5.755299758293204,over,come,5.695414224985685
5,569,where,299.06451612903226,5.700659323121836,to,over,5.698769932832657
5,570,she,310.0,5.736572297479192,where,to,5.695414224985685
5,571,was,296.63829787234044,5.692513544336285,she,where,5.695414224985685
5,572,<UNK>,308.4574468085106,5.731583898040537,was,she,4.332376726030061
5,573,she,340.5744680851064,5.830633803836639,<UNK>,was,5.780743515792329
5,574,<UNK>,331.8936170212766,5.8048144869088105,she,<UNK>,5.032070574816321
5,575,something,343.3510638297872,5.83875343344484,<UNK>,she,5.726847747587197
5,576,into,302.97849462365593,5.713661828151117,something,<UNK>,5.697093486505405
5,577,his,304.4516129032258,5.718512167801187,into,something,5.695414224985685
5,578,ear,291.968085106383,5.676644498713986,his,into,5.697093486505405
5,579,that,300.3936170212766,5.705093671399507,ear,his,5.695414224985685
5,580,<UNK>,295.77659574468083,5.689604425255528,that,ear,5.695414224985685
5,581,the,311.1808510638298,5.740374257839789,<UNK>,that,4.812184355372417
5,582,barber,306.52127659574467,5.725287170897604,the,<UNK>,5.208119098629888
5,583,to,308.5851063829787,5.731997676881654,barber,the,5.70877001616724
5,584,<UNK>,316.82978723404256,5.758364680880146,to,barber,5.695414224985685
5,585,his,334.55913978494624,5.81281366449381,<UNK>,to,5.414617822244197
5,586,head,324.1063829787234,5.7810718044266425,his,<UNK>,5.720311776607412
5,587,like,333.9032258064516,5.810851207898604,head,his,5.695414224985685
5,588,he,331.5108695652174,5.803660598123715,like,head,5.695414224985685
5,589,was,318.4731182795699,5.763538070444193,he,like,5.697093486505405
5,590,telling,296.9148936170213,5.6934455442603635,was,he,5.71042701737487
5,591,her,306.8085106382979,5.726223809128881,telling,was,5.697093486505405
5,592,no,382.72340425531917,5.947312546180539,her,telling,5.695414224985685
5,593,in,405.21276595744683,6.004412277202646,no,her,5.695414224985685
5,594,<UNK>,356.06382978723406,5.8751100119353685,in,no,5.695414224985685
5,595,the,334.3510638297872,5.8121915302798435,<UNK>,in,5.332718793265369
5,596,matron,316.98924731182797,5.758867853150017,the,<UNK>,5.901266279189834
5,597,walked,330.72340425531917,5.801282389347217,matron,the,5.705447753975262
5,598,over,366.26881720430106,5.903367537043692,walked,matron,5.695414224985685
5,599,to,320.8152173913044,5.77086531062575,over,walked,5.293304824724492
5,600,a,310.70652173913044,5.738848806649031,to,over,5.698769932832657
5,601,little,324.98936170212767,5.783792448569772,a,to,5.703782474656201
5,602,man,310.01075268817203,5.736606982968521,little,a,5.705447753975262
5,603,sitting,337.17021276595744,5.82058788523275,man,little,5.697093486505405
5,604,in,309.83870967741933,5.73605187071751,sitting,man,5.695414224985685
5,605,an,299.4623655913978,5.701988752202174,in,sitting,5.697093486505405
5,606,office,326.27659574468083,5.787745474838293,an,in,5.702114417555504
5,607,<UNK>,322.5744680851064,5.776334018371523,office,an,5.695414224985685
5,608,that,314.32978723404256,5.750442712567808,<UNK>,office,5.697093486505405
5,609,<UNK>,333.6170212765957,5.8099936921943405,that,<UNK>,3.905850146321065
5,610,as,337.6808510638298,5.8221012217975,<UNK>,that,5.728475087246572
5,611,it,339.0537634408602,5.826158689026543,as,<UNK>,5.339139361068292
5,612,<UNK>,308.89247311827955,5.732993232901471,it,as,5.29162837839724
5,613,around,322.9255319148936,5.7774217452945305,<UNK>,it,5.7120812774708964
5,614,the,315.28723404255317,5.75348407744258,around,<UNK>,5.2999826458670976
5,615,floor,301.3369565217391,5.70822909550711,the,around,5.700443573390687
5,616,and,319.97849462365593,5.768253789234387,floor,the,5.294978465282522
5,617,<UNK>,309.7826086956522,5.735870789207701,and,floor,5.29162837839724
5,618,to,298.1630434782609,5.697640462652649,<UNK>,and,4.915591745409362
5,619,him,287.78494623655916,5.662213486749452,to,<UNK>,5.414617822244197
5,620,it,331.9462365591398,5.804973017728223,him,to,5.697093486505405
5,621,was,318.7659574468085,5.76445715779777,it,him,5.697093486505405
5,622,the,281.7340425531915,5.640963514415127,was,it,4.389808775115936
5,623,little,318.71276595744683,5.7642902769669835,the,was,5.723585101952381
5,624,man,307.39784946236557,5.728142835186613,little,the,5.731721843345443
5,625,who,294.6195652173913,5.685684914645399,man,little,5.697093486505405
5,626,then,317.23655913978496,5.759647738919332,who,man,5.703782474656201
5,627,walked,304.10869565217394,5.717385188987335,then,who,5.695414224985685
5,628,over,293.6595744680851,5.6824211864704885,walked,then,5.697093486505405
5,629,and,284.6666666666667,5.65131890512046,over,walked,5.698769932832657
5,630,said,290.98924731182797,5.6732863156703335,and,over,5.698769932832657
5,631,something,307.61290322580646,5.728842184819984,said,and,5.705447753975262
5,632,to,319.9574468085106,5.768188008227914,something,said,5.695414224985685
5,633,the,293.5531914893617,5.682058854497975,to,something,5.695414224985685
5,634,man,298.5,5.698769932832657,the,to,5.343927877800089
5,635,who,312.968085106383,5.746101220825071,man,the,4.79081953287472
5,636,was,301.0537634408602,5.707288864881515,who,man,5.298317366548036
5,637,<UNK>,279.98936170212767,5.634751608526489,was,who,4.335655417491759
5,638,my,280.63829787234044,5.637066644001302,<UNK>,was,5.375278407684165
5,639,hair,297.35483870967744,5.694926168795307,my,<UNK>,5.293304824724492
5,640,the,310.1758241758242,5.737139311457102,hair,my,5.702114417555504
5,641,next,319.3510638297872,5.766291011236705,the,hair,5.695414224985685
5,642,thing,290.18279569892474,5.670511054402301,next,the,5.705447753975262
5,643,i,277.6847826086956,5.626486594859169,thing,next,5.695414224985685
5,644,knew,287.0,5.659482215759621,i,thing,5.695414224985685
5,645,the,303.8085106382979,5.716397603720237,knew,i,5.695414224985685
5,646,man,321.9148936170213,5.774287205072343,the,knew,5.695414224985685
5,647,who,288.52127659574467,5.664768832260872,man,the,4.79081953287472
5,648,was,290.0425531914894,5.6700276473590385,who,man,5.298317366548036
5,649,<UNK>,292.03225806451616,5.676864268990294,was,who,4.335655417491759
5,650,my,282.5483870967742,5.643849817677943,<UNK>,was,5.375278407684165
5,651,hair,273.9255319148936,5.612856288116325,my,<UNK>,5.293304824724492
5,652,told,296.5531914893617,5.692226600288405,hair,my,5.702114417555504
5,653,me,297.63440860215053,5.69586591657835,told,hair,5.695414224985685
5,654,that,285.19354838709677,5.653168066920658,me,told,5.293304824724492
5,655,he,313.06451612903226,5.746409291117964,that,me,5.697093486505405
5,656,was,308.1505376344086,5.730588422123292,he,that,5.705447753975262
5,657,no,302.18279569892474,5.711032118035807,was,he,5.71042701737487
5,658,longer,328.505376344086,5.794553204134988,no,was,5.0072963928307415
5,659,<UNK>,325.86170212765956,5.786473064754874,longer,no,5.700443573390687
5,660,to,313.48387096774195,5.747747910480702,<UNK>,longer,5.695414224985685
5,661,<UNK>,303.6304347826087,5.715811286816677,to,<UNK>,3.145934280925833
5,662,me,292.0537634408602,5.676937906692831,<UNK>,to,5.820082930352362
5,663,an,304.22340425531917,5.717762313931169,me,<UNK>,5.703782474656201
5,664,elvis,310.0851063829787,5.736846796520169,an,me,5.695414224985685
5,665,cut,298.97849462365593,5.700371646468408,elvis,an,5.700443573390687
5,666,why,338.0869565217391,5.8233031302111256,cut,elvis,5.695414224985685
5,667,not,352.63829787234044,5.8654428796989295,why,cut,5.695414224985685
5,668,i,326.36170212765956,5.78800628203805,not,why,5.695414224985685
5,669,cried,308.4255319148936,5.731480426572702,i,not,5.695414224985685
5,670,<UNK>,350.86170212765956,5.860392134790815,cried,i,5.695414224985685
5,671,the,342.28723404255317,5.835650250194323,<UNK>,cried,5.698769932832657
5,672,<UNK>,330.18279569892474,5.7996464274603285,the,<UNK>,2.9055340056358423
5,673,barber,347.8191489361702,5.851682657725372,<UNK>,the,6.02707297457535
5,674,<UNK>,333.2795698924731,5.808981686982764,barber,<UNK>,5.695414224985685
5,675,by,333.51612903225805,5.809691227101546,<UNK>,barber,5.298317366548036
5,676,the,333.0744680851064,5.808366092862658,by,<UNK>,3.661957796547672
5,677,matron,344.06382978723406,5.840827191867885,the,by,5.041810911564705
5,678,did,350.1914893617021,5.858480117334009,matron,the,5.705447753975262
5,679,not,441.72340425531917,6.09068390396649,did,matron,5.695414224985685
5,680,<UNK>,410.25531914893617,6.016779695514267,not,did,5.705447753975262
5,681,but,411.10752688172045,6.0188548028622755,<UNK>,not,5.0271645960474665
5,682,from,370.6559139784946,5.915274176670823,but,<UNK>,5.730099782973574
5,683,his,318.81720430107526,5.764617911272616,from,but,5.695414224985685
5,684,<UNK>,326.0967741935484,5.787194190668911,his,from,5.293304824724492
5,685,i,350.1290322580645,5.858301750138204,<UNK>,his,5.3230099791384085
5,686,could,307.77659574468083,5.729374181297041,i,<UNK>,5.717027701406222
5,687,<UNK>,298.1276595744681,5.697521782607319,could,i,5.697093486505405
5,688,that,299.1290322580645,5.70087502631508,<UNK>,could,5.707110264748875
5,689,he,292.9139784946237,5.679878977155901,that,<UNK>,5.084505142662711
5,690,wished,302.8279569892473,5.713164845535278,he,that,5.705447753975262
5,691,he,329.0752688172043,5.796286505198487,wished,he,5.695414224985685
5,692,could,320.81720430107526,5.770871503921798,he,wished,5.29162837839724
5,693,cut,304.1720430107527,5.717593472284114,could,he,5.705447753975262
5,694,it,302.1276595744681,5.710849641879293,cut,could,5.695414224985685
5,695,as,298.2903225806452,5.698067249092492,it,cut,5.695414224985685
5,696,i,303.968085106383,5.716922712692412,as,it,5.697093486505405
5,697,had,313.63829787234044,5.74824040433722,i,as,5.700443573390687
5,698,asked,306.3440860215054,5.7247089343386985,had,i,5.698769932832657
5,699,<UNK>,347.98936170212767,5.852171909485736,asked,had,5.697093486505405
5,700,a,321.56382978723406,5.773196061412577,<UNK>,asked,5.697093486505405
5,701,few,306.505376344086,5.725235296312427,a,<UNK>,5.051457288616511
5,702,minutes,293.4468085106383,5.681696391193416,few,a,5.012300573415317
5,703,it,319.3510638297872,5.766291011236705,minutes,few,5.698769932832657
5,704,wasnt,314.752688172043,5.751787213545787,it,minutes,5.695414224985685
5,705,an,310.4731182795699,5.738097322036504,wasnt,it,5.698769932832657
5,706,elvis,306.90425531914894,5.726535827020439,an,wasnt,5.695414224985685
5,707,haircut,337.79787234042556,5.822447705776082,elvis,an,5.0072963928307415
5,708,but,302.3085106382979,5.71144805434413,haircut,elvis,5.700443573390687
5,709,a,295.43617021276594,5.688452807465317,but,haircut,5.695414224985685
5,710,short,294.5376344086022,5.685406785788213,a,but,5.700443573390687
5,711,<UNK>,312.6595744680851,5.7451149771429595,short,a,5.29162837839724
5,712,cut,335.0851063829787,5.814384548464522,<UNK>,short,5.698769932832657
5,713,that,328.5,5.794536837924666,cut,<UNK>,5.695414224985685
5,714,the,310.48387096774195,5.7381319546708385,that,cut,5.695414224985685
5,715,barber,308.7340425531915,5.732480202568275,the,that,5.746203190540153
5,716,had,321.90425531914894,5.774254157599645,barber,the,5.70877001616724
5,717,given,318.86021505376345,5.764752809424715,had,barber,5.695414224985685
5,718,me,319.36170212765956,5.766324322917449,given,had,5.698769932832657
5,719,when,353.4347826086956,5.8676989778174224,me,given,5.695414224985685
5,720,he,331.4193548387097,5.803384506542067,when,me,5.695414224985685
5,721,<UNK>,323.75531914893617,5.779988042682444,he,when,5.0089672369955585
5,722,<UNK>,306.2043010752688,5.724252529745665,<UNK>,he,5.738183901373533
5,723,off,321.1808510638298,5.772004363433153,<UNK>,<UNK>,6.2285110035911835
5,724,all,324.98936170212767,5.783792448569772,off,<UNK>,5.700443573390687
5,725,my,325.5851063829787,5.785623891015167,all,off,5.695414224985685
5,726,hair,312.2340425531915,5.7437530429862385,my,all,5.695414224985685
5,727,and,317.3191489361702,5.759908046393681,hair,my,5.702114417555504
5,728,made,327.2258064516129,5.790650472191861,and,hair,5.697093486505405
5,729,me,294.63440860215053,5.685735294907295,made,and,5.695414224985685
5,730,<UNK>,294.4468085106383,5.685098370515871,me,made,5.29162837839724
5,731,real,313.28723404255317,5.747120450375831,<UNK>,me,5.702114417555504
5,732,good,320.80645161290323,5.770837986802927,real,<UNK>,5.695414224985685
5,733,with,326.03225806451616,5.786996327589517,good,real,5.695414224985685
5,734,his,307.13829787234044,5.727298127819654,with,good,5.695414224985685
5,735,<UNK>,303.77659574468083,5.716292548828959,his,with,5.700443573390687
5,736,the,339.13978494623655,5.8264123673637735,<UNK>,his,5.3230099791384085
5,737,barber,328.6595744680851,5.795022487004193,the,<UNK>,5.208119098629888
5,738,<UNK>,328.4623655913978,5.794422266951914,barber,the,4.792479284293085
5,739,me,312.09574468085106,5.743310014710381,<UNK>,barber,5.703782474656201
5,740,a,310.19354838709677,5.737196452289843,me,<UNK>,5.703782474656201
5,741,<UNK>,308.98936170212767,5.733306848156629,a,me,5.695414224985685
5,742,and,339.0425531914894,5.826125625141378,<UNK>,a,4.388947077518456
5,743,told,319.0,5.765191102784844,and,<UNK>,5.498533413218542
5,744,me,302.9032258064516,5.713413367717163,told,and,5.698769932832657
5,745,to,289.3225806451613,5.667542261632857,me,told,5.698769932832657
5,746,go,298.6559139784946,5.699292121354575,to,me,5.695414224985685
5,747,outside,296.494623655914,5.692029085578318,go,to,5.702114417555504
5,748,to,306.02127659574467,5.72365463089383,outside,go,5.695414224985685
5,749,the,309.40860215053766,5.7346627404368276,to,outside,5.697093486505405
5,750,<UNK>,300.3404255319149,5.704916583085102,the,to,3.6699514442284173
5,751,<UNK>,312.741935483871,5.745378363191606,<UNK>,the,2.6426827112295754
5,752,and,313.9569892473118,5.749255999606669,<UNK>,<UNK>,3.487670979665982
5,753,buy,303.8279569892473,5.71646161025043,and,<UNK>,5.498533413218542
5,754,<UNK>,307.3085106382979,5.7278521636383894,buy,and,5.697093486505405
5,755,a,303.247311827957,5.71454868324392,<UNK>,buy,5.695414224985685
5,756,<UNK>,318.18279569892474,5.762626046871036,a,<UNK>,3.4420193761824103
5,757,<UNK>,317.1720430107527,5.759444349088122,<UNK>,a,2.8249715391611123
5,758,i,360.60215053763443,5.887775274527458,<UNK>,<UNK>,5.312220271717028
5,759,<UNK>,319.8279569892473,5.7677832168079695,i,<UNK>,5.0238805208462765
5,760,him,309.9574468085106,5.736435019697385,<UNK>,i,5.71042701737487
5,761,the,300.0425531914894,5.7039243085689275,him,<UNK>,5.304961909266705
5,762,<UNK>,295.1182795698925,5.687376223676322,the,him,5.294978465282522
5,763,back,301.07608695652175,5.7073630133916975,<UNK>,the,5.621607866467185
5,764,and,318.7659574468085,5.76445715779777,back,<UNK>,5.705447753975262
5,765,told,322.2340425531915,5.775278121751279,and,back,5.697093486505405
5,766,him,300.9247311827957,5.706860170962403,told,and,5.698769932832657
5,767,that,285.8279569892473,5.655390080828022,him,told,5.695414224985685
5,768,i,304.0537634408602,5.717204539193381,that,him,5.695414224985685
5,769,was,297.68817204301075,5.696046536103812,i,that,4.608497976080766
5,770,not,283.31182795698925,5.646548156607327,was,i,5.304961909266705
5,771,<UNK>,292.83870967741933,5.679621978531265,not,was,4.79081953287472
5,772,im,355.7659574468085,5.8742730917526105,<UNK>,not,5.720311776607412
5,773,so,322.531914893617,5.776202092249959,im,<UNK>,5.697093486505405
5,774,sorry,318.7204301075269,5.76431432387928,so,im,5.695414224985685
5,775,<UNK>,332.51063829787233,5.806671854464903,sorry,so,5.695414224985685
5,776,he,397.09574468085106,5.9841774220909985,<UNK>,sorry,5.695414224985685
5,777,said,381.59139784946234,5.944350396996837,he,<UNK>,5.705447753975262
5,778,as,388.9130434782609,5.96335578001367,said,he,5.697093486505405
5,779,i,370.6276595744681,5.915197945643864,as,said,5.293304824724492
5,780,climbed,331.3085106382979,5.803049997591351,i,as,5.700443573390687
5,781,out,314.78494623655916,5.751889695312662,climbed,i,5.695414224985685
5,782,of,305.1195652173913,5.720703716894982,out,climbed,5.695414224985685
5,783,his,293.25531914893617,5.681043625984381,of,out,5.7120812774708964
5,784,barber,318.17021276595744,5.762586499849802,his,of,5.702114417555504
5,785,<UNK>,326.06451612903226,5.7870952640229385,barber,his,5.695414224985685
5,786,i,326.26881720430106,5.7877216342281965,<UNK>,barber,5.703782474656201
5,787,am,318.61290322580646,5.763976896422981,i,<UNK>,5.0238805208462765
5,788,not,307.3440860215054,5.727967921331241,am,i,5.70877001616724
5,789,a,300.3478260869565,5.7049412233374195,not,am,5.695414224985685
5,790,<UNK>,326.0326086956522,5.7869974030381535,a,not,5.29162837839724
5,791,i,380.60215053763443,5.941754605233985,<UNK>,a,5.487559366186565
5,792,said,342.39130434782606,5.835954247764684,i,<UNK>,5.717027701406222
5,793,as,343.6923076923077,5.8397468027275545,said,i,5.695414224985685
5,794,i,319.98924731182797,5.76828739307867,as,said,5.293304824724492
5,795,<UNK>,302.64835164835165,5.712571575927199,i,as,5.294978465282522
5,796,the,307.5978260869565,5.728793170268922,<UNK>,i,5.304961909266705
5,797,<UNK>,338.64130434782606,5.824941447929282,the,<UNK>,2.9055340056358423
5,798,from,313.2043010752688,5.7468556967020135,<UNK>,the,6.02707297457535
5,799,my,291.9139784946237,5.676459164670393,from,<UNK>,5.730099782973574
5,800,eyes,324.8494623655914,5.783361882301595,my,from,5.695414224985685
5,801,i,303.57608695652175,5.7156322774540085,eyes,my,5.695414224985685
5,802,then,308.28723404255317,5.731031926453059,i,eyes,5.695414224985685
5,803,sat,305.5425531914894,5.722089059227495,then,i,5.697093486505405
5,804,down,299.6373626373626,5.70257295227003,sat,then,5.695414224985685
5,805,on,313.5698924731183,5.748022277722975,down,sat,5.697093486505405
5,806,the,331.0,5.802118375377063,on,down,5.29162837839724
5,807,floor,297.8279569892473,5.696515994249407,the,on,5.337538079701318
5,808,and,290.13829787234044,5.670357698519964,floor,the,5.294978465282522
5,809,<UNK>,290.2043010752688,5.670585161412857,and,floor,5.29162837839724
5,810,away,297.7741935483871,5.696335459505005,<UNK>,and,5.831882477283517
5,811,the,291.0537634408602,5.67350800419886,away,<UNK>,5.296649309447339
5,812,hair,291.25531914893617,5.674200267885453,the,away,5.698769932832657
5,813,that,309.61290322580646,5.735322817933045,hair,the,5.695414224985685
5,814,had,298.8131868131868,5.699818584859102,that,hair,5.697093486505405
5,815,<UNK>,342.7032967032967,5.83686504862798,had,that,5.294978465282522
5,816,on,335.7741935483871,5.816438891030322,<UNK>,had,5.733341276897745
5,817,my,290.2391304347826,5.670705170901,on,<UNK>,5.0466457316192885
5,818,<UNK>,306.54347826086956,5.725359599348135,my,on,5.698769932832657
5,819,new,307.6914893617021,5.729097623062486,<UNK>,my,5.698769932832657
5,820,buster,308.5806451612903,5.7319832197550955,new,<UNK>,5.695414224985685
5,821,brown,321.17391304347825,5.771982761599588,buster,new,5.0056227522727115
5,822,shoes,323.8085106382979,5.7801523245247415,brown,buster,4.784152841516532
5,823,my,353.71276595744683,5.868485188173759,shoes,brown,5.700443573390687
5,824,head,333.0860215053763,5.808400779459812,my,shoes,5.695414224985685
5,825,was,313.81720430107526,5.748810664484635,head,my,5.695414224985685
5,826,no,299.17021276595744,5.701012684880757,was,head,5.697093486505405
5,827,longer,299.55913978494624,5.702311859781858,no,was,5.0072963928307415
5,828,in,286.67391304347825,5.658345378318604,longer,no,5.700443573390687
5,829,the,293.18279569892474,5.680796290592819,in,longer,5.695414224985685
5,830,<UNK>,285.5978260869565,5.654584618696111,the,in,3.4431615807611875
5,831,and,305.5376344086022,5.722072960577966,<UNK>,the,4.081162825520036
5,832,i,297.26881720430106,5.694636837871046,and,<UNK>,5.2108513407667605
5,833,got,291.4516129032258,5.674873998541183,i,and,5.698769932832657
5,834,up,286.03225806451616,5.6561045948948605,got,i,5.698769932832657
5,835,off,293.1505376344086,5.680686257399361,up,got,5.697093486505405
5,836,the,284.5263157894737,5.650825747669953,off,up,5.695414224985685
5,837,floor,298.79787234042556,5.699767332552003,the,off,5.697093486505405
5,838,<UNK>,298.80645161290323,5.699796044768881,floor,the,5.294978465282522
5,839,off,305.1182795698925,5.720699503300202,<UNK>,floor,5.697093486505405
5,840,my,292.82978723404256,5.679591509269474,off,<UNK>,5.700443573390687
5,841,short,285.02150537634407,5.652564634882736,my,off,5.695414224985685
5,842,<UNK>,314.79347826086956,5.751916799241193,short,my,5.695414224985685
5,843,and,318.0978260869565,5.762358964676281,<UNK>,short,5.698769932832657
5,844,walked,336.258064516129,5.817878914319535,and,<UNK>,5.903998521326706
5,845,<UNK>,300.3369565217391,5.704905032757823,walked,and,5.29162837839724
5,846,towards,343.9894736842105,5.8406110571500145,<UNK>,walked,5.697093486505405
5,847,the,336.3763440860215,5.818230604835509,towards,<UNK>,5.695414224985685
5,848,door,294.7608695652174,5.686164415973214,the,towards,5.698769932832657
5,849,the,331.59574468085106,5.8039165904913785,door,the,5.700443573390687
5,850,matron,311.8829787234043,5.742628049259597,the,door,5.695414224985685
5,851,was,310.04347826086956,5.736712540099154,matron,the,5.705447753975262
5,852,smiling,307.9462365591398,5.729925211110624,was,matron,5.695414224985685
5,853,at,299.01075268817203,5.700479534911863,smiling,was,5.697093486505405
5,854,me,294.86813186813185,5.686528245784288,at,smiling,5.695414224985685
5,855,<UNK>,300.4193548387097,5.705179348036512,me,at,5.698769932832657
5,856,of,299.46315789473687,5.701991397951296,<UNK>,me,5.702114417555504
5,857,<UNK>,295.3723404255319,5.688236731405704,of,<UNK>,2.923444506170187
5,858,like,320.5108695652174,5.769916190185699,<UNK>,of,5.7698822763607245
5,859,the,360.4574468085106,5.8873739103916805,like,<UNK>,5.296649309447339
5,860,barber,338.13829787234044,5.823454977100505,the,like,5.698769932832657
5,861,<UNK>,314.02150537634407,5.749461472022721,barber,the,4.792479284293085
5,862,by,319.4526315789474,5.766609004857425,<UNK>,barber,5.298317366548036
5,863,the,329.6421052631579,5.798007536427264,by,<UNK>,3.661957796547672
5,864,matron,302.09473684210525,5.710740666334558,the,by,5.041810911564705
5,865,said,325.031914893617,5.783923377181133,matron,the,5.705447753975262
5,866,to,317.86021505376345,5.761611710836001,said,matron,5.695414224985685
5,867,her,329.2340425531915,5.796768873399341,to,said,5.294978465282522
5,868,you,339.8494623655914,5.828502761815793,her,to,5.707110264748875
5,869,are,328.72340425531917,5.795216680615833,you,her,5.695414224985685
5,870,just,304.1276595744681,5.717447546069866,are,you,5.695414224985685
5,871,a,310.9574468085106,5.7396560758352875,just,are,5.695414224985685
5,872,<UNK>,330.2842105263158,5.799953527821837,a,just,5.29162837839724
5,873,<UNK>,369.0860215053763,5.911029737482916,<UNK>,a,2.8249715391611123
5,874,<UNK>,405.8279569892473,6.005929318535785,<UNK>,<UNK>,2.4908413853078146
5,875,she,428.2795698924731,6.059776183022434,<UNK>,<UNK>,5.1298987149230735
5,876,<UNK>,384.71276595744683,5.952496993396506,she,<UNK>,5.032070574816321
5,877,back,347.90425531914894,5.851927313526464,<UNK>,she,5.726847747587197
5,878,at,308.77659574468083,5.732618024296088,back,<UNK>,5.012300573415317
5,879,him,308.79787234042556,5.732686928037589,at,back,5.698769932832657
5,880,at,357.3085106382979,5.878599584052428,him,at,5.695414224985685
5,881,the,344.1182795698925,5.8409854342343515,at,him,5.695414224985685
5,882,top,314.468085106383,5.750882592792134,the,at,5.723585101952381
5,883,of,292.5531914893617,5.678646501384659,top,the,5.293304824724492
5,884,her,291.1505376344086,5.673840444870497,of,top,5.698769932832657
5,885,<UNK>,317.7659574468085,5.761315128940152,her,of,5.697093486505405
5,886,before,335.1914893617021,5.814701978553211,<UNK>,her,5.731721843345443
5,887,<UNK>,311.1489361702128,5.740271691983873,before,<UNK>,5.695414224985685
5,888,<UNK>,316.01075268817203,5.755776240502206,<UNK>,before,5.695414224985685
5,889,the,305.5,5.72194977861165,<UNK>,<UNK>,3.455922281351402
5,890,office,311.29347826086956,5.74073612721484,the,<UNK>,5.495801171081669
5,891,as,328.97872340425533,5.795993078170362,office,the,5.697093486505405
5,892,fast,309.69473684210527,5.735587092459889,as,office,5.695414224985685
5,893,as,297.21276595744683,5.694448266017492,fast,as,5.695414224985685
5,894,she,304.0425531914894,5.717167669213855,as,fast,5.695414224985685
5,895,could,326.5806451612903,5.788676917179869,she,as,5.71042701737487
5,896,to,334.93548387096774,5.813937927818308,could,she,5.703782474656201
5,897,show,319.40425531914894,5.766457558544853,to,could,5.695414224985685
5,898,his,305.5744680851064,5.722193506960204,show,to,5.697093486505405
5,899,<UNK>,333.25531914893617,5.808908920368603,his,show,5.695414224985685
5,900,the,328.2736842105263,5.79384766354429,<UNK>,his,5.3230099791384085
5,901,man,320.40425531914894,5.769583496376761,the,<UNK>,5.495801171081669
5,902,<UNK>,317.56382978723406,5.7606788368271244,man,the,5.301645156640712
5,903,the,304.1808510638298,5.717622429335732,<UNK>,man,5.698769932832657
5,904,wall,324.2258064516129,5.781440206539593,the,<UNK>,5.901266279189834
5,905,with,328.7340425531915,5.795249042551727,wall,the,5.702114417555504
5,906,his,304.8709677419355,5.71988863050991,with,wall,5.695414224985685
5,907,hand,317.1182795698925,5.759274825956285,his,with,5.700443573390687
5,908,and,306.1595744680851,5.724106451216054,hand,his,5.695414224985685
5,909,then,330.6847826086956,5.801165603231065,and,hand,5.695414224985685
5,910,walked,311.2258064516129,5.74051871448182,then,and,5.703782474656201
5,911,outside,309.4468085106383,5.734786214707201,walked,then,5.697093486505405
5,912,where,329.1847826086956,5.796619242366007,outside,walked,5.697093486505405
5,913,he,292.468085106383,5.678355549971492,where,outside,5.695414224985685
5,914,stood,299.4574468085106,5.701972326688155,he,where,5.698769932832657
5,915,against,331.8085106382979,5.804558027331845,stood,he,5.695414224985685
5,916,the,303.1720430107527,5.714300443088026,against,stood,5.695414224985685
5,917,<UNK>,322.8829787234043,5.777289962603996,the,against,5.697093486505405
5,918,wall,344.8279569892473,5.843045617257948,<UNK>,the,6.02707297457535
5,919,<UNK>,329.31111111111113,5.7970029304198585,wall,<UNK>,5.695414224985685
5,920,a,329.4255319148936,5.797350325106779,<UNK>,wall,5.695414224985685
5,921,<UNK>,333.51612903225805,5.809691227101546,a,<UNK>,3.4420193761824103
5,922,i,347.7741935483871,5.851553400053971,<UNK>,a,5.487559366186565
5,923,understood,339.7741935483871,5.828281260351396,i,<UNK>,5.717027701406222
5,924,right,325.1595744680851,5.784316060192822,understood,i,5.695414224985685
5,925,there,317.1505376344086,5.75937654328392,right,understood,5.695414224985685
5,926,my,317.9782608695652,5.761983018397993,there,right,5.695414224985685
5,927,haircut,336.32978723404256,5.8180921882227095,my,there,5.695414224985685
5,928,was,336.5851063829787,5.818851033549541,haircut,my,5.695414224985685
5,929,something,330.5268817204301,5.80068799250583,was,haircut,5.697093486505405
5,930,that,340.0,5.8289456176102075,something,was,5.29162837839724
5,931,had,316.51612903225805,5.757374200893234,that,something,5.697093486505405
5,932,been,319.06382978723406,5.765391176145744,had,that,5.294978465282522
5,933,out,320.0425531914894,5.76845396567629,been,had,5.715381610499553
5,934,of,315.83870967741933,5.755231670868925,out,been,5.695414224985685
5,935,the,294.9462365591398,5.686793090778393,of,out,4.795790545596741
5,936,<UNK>,322.22340425531917,5.7752451070101944,the,of,3.2476875221067463
5,937,of,351.1182795698925,5.861123145532853,<UNK>,the,3.0826339954089095
5,938,the,328.2391304347826,5.7937423989553745,of,<UNK>,3.1937348359100985
5,939,barber,312.1808510638298,5.743582670722431,the,of,5.407171771460119
5,940,and,312.468085106383,5.7445023363014975,barber,the,5.70877001616724
5,941,then,306.52127659574467,5.725287170897604,and,barber,5.695414224985685
5,942,i,298.5483870967742,5.698932020522451,then,and,5.703782474656201
5,943,slowly,311.4301075268817,5.741174939141424,i,then,5.695414224985685
5,944,walked,310.4255319148936,5.737944039806773,slowly,i,5.695414224985685
5,945,outside,311.36170212765956,5.740955265733916,walked,slowly,5.695414224985685
5,946,to,299.494623655914,5.702096466328986,outside,walked,5.697093486505405
5,947,<UNK>,299.60215053763443,5.70245542964679,to,outside,5.697093486505405
5,948,the,308.8829787234043,5.732962495536146,<UNK>,to,3.9482807534507702
5,949,man,306.8085106382979,5.726223809128881,the,<UNK>,5.495801171081669
5,950,he,343.19354838709677,5.83829456903122,man,the,5.707110264748875
5,951,looked,336.01075268817203,5.81714316149928,he,man,5.695414224985685
5,952,down,310.76344086021504,5.739031982424754,looked,he,5.697093486505405
5,953,smiled,312.2659574468085,5.743855252413444,down,looked,5.695414224985685
5,954,at,302.70212765957444,5.712749244941108,smiled,down,5.695414224985685
5,955,me,302.4193548387097,5.711814646353465,at,smiled,5.697093486505405
5,956,then,299.3936170212766,5.7017591525240565,me,at,5.698769932832657
5,957,he,304.8829787234043,5.719928026668114,then,me,5.695414224985685
5,958,<UNK>,308.67021276595744,5.732273434354704,he,then,5.695414224985685
5,959,me,312.3191489361702,5.744025578247174,<UNK>,he,5.738183901373533
5,960,on,288.76344086021504,5.665607809186303,me,<UNK>,5.703782474656201
5,961,the,288.59139784946234,5.665011839414129,on,me,5.695414224985685
5,962,top,299.47872340425533,5.702043374645557,the,on,5.7430031878094825
5,963,of,280.74468085106383,5.6374456472273655,top,the,5.293304824724492
5,964,my,294.8279569892473,5.6863919895678885,of,top,5.698769932832657
5,965,<UNK>,292.6304347826087,5.678910498154998,my,of,5.697093486505405
5,966,as,340.0851063829787,5.829195899178276,<UNK>,my,5.698769932832657
5,967,a,442.752688172043,6.093011348179335,as,<UNK>,5.051457288616511
5,968,<UNK>,404.9569892473118,6.003780862077631,a,as,4.792479284293085
5,969,head,476.19565217391306,6.165828803758904,<UNK>,a,5.487559366186565
5,970,it,450.8279569892473,6.111085796634094,head,<UNK>,5.698769932832657
5,971,was,357.0531914893617,5.877884766449392,it,head,5.695414224985685
5,972,a,334.0752688172043,5.811366323328042,was,it,4.523340167740459
5,973,fact,305.494623655914,5.721932179949148,a,was,5.713732805509369
5,974,of,313.5698924731183,5.748022277722975,fact,a,5.695414224985685
5,975,my,315.18279569892474,5.753152774320601,of,fact,5.695414224985685
5,976,life,314.96774193548384,5.752470227027704,my,of,5.697093486505405
5,977,that,320.73118279569894,5.77060333551043,life,my,5.695414224985685
5,978,i,294.16129032258067,5.6841282234485195,that,life,5.695414224985685
5,979,was,302.06382978723406,5.7106383519535155,i,that,4.608497976080766
5,980,not,309.7659574468085,5.735817036363267,was,i,5.304961909266705
5,981,<UNK>,287.93548387096774,5.662736440704069,not,was,4.79081953287472
5,982,have,285.1595744680851,5.653048933991634,<UNK>,not,5.720311776607412
5,983,hair,291.3829787234043,5.67463847998712,have,<UNK>,5.700443573390687
5,984,that,295.3763440860215,5.688250285936063,hair,have,5.695414224985685
5,985,was,314.90425531914894,5.752268641255273,that,hair,5.697093486505405
5,986,<UNK>,321.52127659574467,5.773063720634882,was,that,4.613468988802786
5,987,like,325.21505376344084,5.784486667387759,<UNK>,was,5.780743515792329
5,988,elviss,302.73118279569894,5.712845226234655,like,<UNK>,5.702114417555504
5,989,<UNK>,315.90425531914894,5.755439178179957,elviss,like,5.697093486505405
5,990,soon,326.97872340425533,5.789895102738334,<UNK>,elviss,5.697093486505405
5,991,i,340.5578947368421,5.8305851397320625,soon,<UNK>,5.697093486505405
5,992,then,310.12631578947367,5.736979684774343,i,soon,5.695414224985685
5,993,looked,310.22105263157897,5.737285116368525,then,i,5.697093486505405
5,994,up,309.7578947368421,5.735791007631884,looked,then,5.695414224985685
5,995,at,292.71875,5.679212250409404,up,looked,5.29162837839724
5,996,the,288.4736842105263,5.664603865879676,at,up,5.0072963928307415
5,997,barber,304.0208333333333,5.717096229759854,the,at,5.723585101952381
5,998,with,314.8541666666667,5.75210956866223,barber,the,5.70877001616724
5,999,my,297.0927835051546,5.694044492389496,with,barber,5.695414224985685
5,1000,<UNK>,288.0927835051546,5.663282593200416,my,with,5.697093486505405
5,1001,red,303.7368421052632,5.716161675544526,<UNK>,my,5.698769932832657
5,1002,eyes,333.7604166666667,5.810423420213674,red,<UNK>,5.698769932832657
5,1003,and,328.2061855670103,5.793642025422357,eyes,red,5.695414224985685
5,1004,asked,318.35051546391753,5.763153025635329,and,eyes,5.697093486505405
5,1005,do,351.6145833333333,5.862535642008135,asked,and,5.697093486505405
5,1006,you,313.6701030927835,5.748341806519691,do,asked,5.695414224985685
5,1007,know,305.8659793814433,5.723147030135296,you,do,5.294978465282522
5,1008,if,302.5157894736842,5.712133472715921,know,you,5.698769932832657
5,1009,elvis,320.7368421052632,5.770620980379214,if,know,5.695414224985685
5,1010,presley,376.5625,5.931084036119074,elvis,if,5.695414224985685
5,1011,has,346.5578947368421,5.848049889050529,presley,elvis,5.698769932832657
5,1012,<UNK>,377.1354166666667,5.932604318355085,has,presley,5.695414224985685
5,1013,bones,800.3510638297872,6.685050461197529,<UNK>,has,5.698769932832657
6,2,is,379.4146341463415,5.93862962857133,this,bones,5.695414224985685
6,3,a,323.9024390243902,5.780442356326117,is,this,5.697093486505405
6,4,story,371.7590361445783,5.918245892091466,a,is,5.702114417555504
6,5,of,354.88235294117646,5.871786334384546,story,a,5.695414224985685
6,6,how,332.05882352941177,5.805312132527546,of,story,5.695414224985685
6,7,mr,339.8941176470588,5.828634150424217,how,of,5.695414224985685
6,8,sticky,348.975,5.8550002863988215,mr,how,5.695414224985685
6,9,got,381.48809523809524,5.944079645095013,sticky,mr,5.70877001616724
6,10,in,356.0705882352941,5.875128992756655,got,sticky,5.695414224985685
6,11,abbys,397.05882352941177,5.98408443981036,in,got,5.695414224985685
6,12,fish,462.27710843373495,6.136164513077154,abbys,in,5.695414224985685
6,13,tank,550.7848101265823,6.3113441886357755,fish,abbys,5.695414224985685
6,14,<UNK>,555.6666666666666,6.320168594082684,tank,fish,5.697093486505405
6,15,very,384.8333333333333,5.95281034012644,<UNK>,tank,5.695414224985685
6,16,small,350.31325301204816,5.858827762807928,very,<UNK>,5.698769932832657
6,17,abbys,392.10843373493975,5.97153841820989,small,very,5.697093486505405
6,18,mom,444.25925925925924,6.096408309269465,abbys,small,5.695414224985685
6,19,said,380.6875,5.941978828596703,mom,abbys,5.698769932832657
6,20,as,384.5952380952381,5.95219145163039,said,mom,5.700443573390687
6,21,she,393.5421686746988,5.975188225202814,as,said,5.698769932832657
6,22,<UNK>,363.1807228915663,5.894900569579492,she,as,4.457664048879502
6,23,at,349.1341463414634,5.85545622182111,<UNK>,she,5.726847747587197
6,24,the,342.48192771084337,5.8362188905023595,at,<UNK>,4.469186810116282
6,25,<UNK>,356.3414634146341,5.875889438040438,the,at,4.470822133457013
6,26,water,403.2073170731707,5.999450864095398,<UNK>,the,5.621607866467185
6,27,snail,480.4268292682927,6.174674936415536,water,<UNK>,5.700443573390687
6,28,abby,600.0506329113924,6.397014039841318,snail,water,5.702114417555504
6,29,said,447.0,6.102558594613569,abby,snail,5.695414224985685
6,30,that,394.0357142857143,5.976441550585102,said,abby,5.698769932832657
6,31,he,366.6666666666667,5.9044531701183525,that,said,5.2999826458670976
6,32,would,361.5952380952381,5.890525459446901,he,that,5.2999826458670976
6,33,grow,356.25,5.8756327315828605,would,he,5.700443573390687
6,34,and,356.07142857142856,5.87513135278068,grow,would,5.697093486505405
6,35,then,347.8780487804878,5.851851983819114,and,grow,5.695414224985685
6,36,<UNK>,380.34939759036143,5.941090297612324,then,and,5.298317366548036
6,37,her,405.7439024390244,6.00572217840507,<UNK>,then,5.298317366548036
6,38,<UNK>,425.8658536585366,6.054124399163564,her,<UNK>,4.482195123629283
6,39,<UNK>,403.5,6.000176487710004,<UNK>,her,4.8154311114712876
6,40,up,371.9759036144578,5.918829076945189,<UNK>,<UNK>,5.312220271717028
6,41,again,382.06024096385545,5.945578295031678,up,<UNK>,5.715381610499553
6,42,before,377.90361445783134,5.9346391748977725,again,up,5.695414224985685
6,43,she,367.42857142857144,5.906528936302196,before,again,5.695414224985685
6,44,got,360.0,5.886104031450156,she,before,5.695414224985685
6,45,into,354.04819277108436,5.869433041639294,got,she,5.695414224985685
6,46,bed,425.7710843373494,6.053901841128914,into,got,5.695414224985685
6,47,for,447.72289156626505,6.1041744954257116,bed,into,5.695414224985685
6,48,they,398.7710843373494,5.98838752878229,for,bed,5.29162837839724
6,49,were,353.7469879518072,5.868581934297331,they,for,5.293304824724492
6,50,always,370.3734939759036,5.91451193967123,were,they,5.71042701737487
6,51,<UNK>,363.9404761904762,5.89699032731551,always,were,5.695414224985685
6,52,down,379.219512195122,5.938115225267806,<UNK>,always,5.698769932832657
6,53,<UNK>,441.6463414634146,6.090509429365174,down,<UNK>,5.705447753975262
6,54,abbys,439.3734939759036,6.085349834908196,<UNK>,down,5.695414224985685
6,55,mom,388.5061728395062,5.962309058586253,abbys,<UNK>,5.293304824724492
6,56,got,392.8780487804878,5.973499255267037,mom,abbys,5.698769932832657
6,57,up,327.7469879518072,5.792241932523189,got,mom,5.695414224985685
6,58,at,341.22222222222223,5.832533943104603,up,got,5.697093486505405
6,59,the,360.1566265060241,5.886539010460912,at,up,5.0072963928307415
6,60,<UNK>,369.421686746988,5.911938774073802,the,at,4.470822133457013
6,61,of,321.0120481927711,5.771478655736472,<UNK>,the,3.0826339954089095
6,62,<UNK>,314.3170731707317,5.750402263584084,of,<UNK>,2.923444506170187
6,63,but,350.65060240963857,5.859790292961305,<UNK>,of,5.7698822763607245
6,64,it,321.0843373493976,5.771703821797392,but,<UNK>,5.0369526024136295
6,65,was,294.28915662650604,5.684562809934436,it,but,4.606835465307152
6,66,abby,354.93975903614455,5.871948082220023,was,it,5.776103136235827
6,67,who,366.0,5.902633333401366,abby,was,5.695414224985685
6,68,<UNK>,343.76190476190476,5.839949280415738,who,abby,5.697093486505405
6,69,out,317.87951807228916,5.761672437002782,<UNK>,who,5.700443573390687
6,70,of,343.9879518072289,5.840606632943855,out,<UNK>,4.628235458919088
6,71,bed,362.3734939759036,5.892675431250854,of,out,5.7120812774708964
6,72,first,366.7926829268293,5.904796791783199,bed,of,5.695414224985685
6,73,the,354.5903614457831,5.870963211786711,first,bed,5.695414224985685
6,74,next,366.69135802469134,5.904520507918452,the,first,5.695414224985685
6,75,morning,368.90361445783134,5.910535402488573,next,the,5.705447753975262
6,76,and,342.9012345679012,5.837442459835392,morning,next,5.695414224985685
6,77,<UNK>,334.3536585365854,5.812199290676058,and,morning,5.695414224985685
6,78,on,336.6219512195122,5.818960494186218,<UNK>,and,5.426417369175352
6,79,the,326.13253012048193,5.787303832866012,on,<UNK>,3.948033442951179
6,80,light,349.28915662650604,5.855900108177505,the,on,5.337538079701318
6,81,in,333.3975903614458,5.809335742820407,light,the,5.700443573390687
6,82,her,328.109756097561,5.7933481746592665,in,light,5.695414224985685
6,83,fish,331.7142857142857,5.804274013202524,her,in,5.703782474656201
6,84,tank,385.3048780487805,5.954034911943302,fish,her,5.695414224985685
6,85,which,374.7951807228916,5.926379692018236,tank,fish,5.697093486505405
6,86,<UNK>,383.8536585365854,5.950261382390621,which,tank,5.695414224985685
6,87,<UNK>,338.30120481927713,5.823936637173396,<UNK>,which,4.794136285500715
6,88,fish,381.0853658536585,5.943023407388283,<UNK>,<UNK>,6.2285110035911835
6,89,at,442.91358024691357,6.093374672565455,fish,<UNK>,5.695414224985685
6,90,first,357.3048780487805,5.8785894174656415,at,fish,5.695414224985685
6,91,she,341.41975308641975,5.83311266775634,first,at,5.698769932832657
6,92,could,344.96385542168673,5.843439644649264,she,first,5.695414224985685
6,93,see,321.1219512195122,5.771820961323514,could,she,5.703782474656201
6,94,<UNK>,353.7710843373494,5.8686500495483624,see,could,5.695414224985685
6,95,hide,426.9642857142857,6.0567003697172215,<UNK>,see,5.697093486505405
6,96,nor,428.7317073170732,6.060831332420283,hide,<UNK>,5.695414224985685
6,97,hair,395.32142857142856,5.97969917721042,nor,hide,5.695414224985685
6,98,of,379.1807228915663,5.938012932832242,hair,nor,5.695414224985685
6,99,the,346.3095238095238,5.8473329526459334,of,hair,5.695414224985685
6,100,snail,339.9879518072289,5.828910181121251,the,of,5.8126368795682835
6,101,but,414.780487804878,6.02774943524143,snail,the,5.695414224985685
6,102,then,395.96385542168673,5.981322932901079,but,snail,5.695414224985685
6,103,she,339.67469879518075,5.827988391365844,then,but,5.0072963928307415
6,104,<UNK>,347.6190476190476,5.851107189413059,she,then,5.0106352940962555
6,105,him,370.06024096385545,5.91366580580143,<UNK>,she,5.726847747587197
6,106,it,338.51190476190476,5.824559260897586,him,<UNK>,5.71042701737487
6,107,had,334.35714285714283,5.812209711684812,it,him,5.697093486505405
6,108,taken,337.2289156626506,5.820761974712902,had,it,5.296649309447339
6,109,abby,355.4047619047619,5.873257314349871,taken,had,5.698769932832657
6,110,a,356.89156626506025,5.87743199969032,abby,taken,5.695414224985685
6,111,while,332.22352941176473,5.805808023725014,a,abby,5.697093486505405
6,112,to,328.98809523809524,5.7960215654240494,while,a,5.697093486505405
6,113,find,312.6024096385542,5.744932126334359,to,while,5.695414224985685
6,114,sticky,343.8809523809524,5.840295528817799,find,to,5.702114417555504
6,115,because,385.9759036144578,5.9557749416469745,sticky,find,5.695414224985685
6,116,he,370.9156626506024,5.915974712373422,because,sticky,5.695414224985685
6,117,was,333.6024096385542,5.8099498935956575,he,because,5.0072963928307415
6,118,<UNK>,348.3690476190476,5.853262399524955,was,he,4.794136285500715
6,119,to,339.35714285714283,5.827053071571663,<UNK>,was,4.864452783918175
6,120,the,338.9764705882353,5.825930696677292,to,<UNK>,3.8741727812970486
6,121,<UNK>,331.76190476190476,5.804417557306696,the,to,3.6699514442284173
6,122,near,365.3975903614458,5.900986049399573,<UNK>,the,6.02707297457535
6,123,the,336.22352941176473,5.817776204878246,near,<UNK>,5.293304824724492
6,124,<UNK>,348.2073170731707,5.852798041108619,the,near,5.698769932832657
6,125,right,401.6707317073171,5.995632677638589,<UNK>,the,6.02707297457535
6,126,next,365.26190476190476,5.900614643561405,right,<UNK>,5.698769932832657
6,127,to,328.6463414634146,5.794982222633063,next,right,5.29162837839724
6,128,the,337.95238095238096,5.82290500080156,to,next,5.698769932832657
6,129,<UNK>,353.27710843373495,5.867252758701612,the,to,3.6699514442284173
6,130,at,401.2409638554217,5.994562154204159,<UNK>,the,6.02707297457535
6,131,school,367.9047619047619,5.907824105502804,at,<UNK>,5.72194977861165
6,132,that,371.68674698795184,5.918051421536936,school,at,5.695414224985685
6,133,day,341.8414634146341,5.834347072319568,that,school,5.695414224985685
6,134,abby,364.28915662650604,5.897947938615469,day,that,5.695414224985685
6,135,<UNK>,357.3614457831325,5.878747722768645,abby,day,5.695414224985685
6,136,by,382.8809523809524,5.947724111570657,<UNK>,abby,5.707110264748875
6,137,her,347.9759036144578,5.852133234889912,by,<UNK>,5.335934230119343
6,138,teacher,380.7142857142857,5.942049187544631,her,by,5.698769932832657
6,139,<UNK>,360.95180722891564,5.888744451440389,teacher,her,5.695414224985685
6,140,<UNK>,363.89156626506025,5.89685592838104,<UNK>,teacher,5.695414224985685
6,141,about,366.68674698795184,5.904507933131427,<UNK>,<UNK>,6.2285110035911835
6,142,the,336.49411764705883,5.818580667942564,about,<UNK>,5.017279836814924
6,143,small,317.90588235294115,5.7617553715295875,the,about,5.700443573390687
6,144,and,372.8452380952381,5.921163422271497,small,the,5.698769932832657
6,145,<UNK>,416.67857142857144,6.032315112648653,and,small,5.695414224985685
6,146,mr,372.8072289156627,5.92106147349163,<UNK>,and,5.831882477283517
6,147,sticky,389.5975609756098,5.96511431141924,mr,<UNK>,5.0056227522727115
6,148,who,380.1547619047619,5.940578437979687,sticky,mr,5.70877001616724
6,149,you,342.2738095238095,5.835611029385977,who,sticky,5.695414224985685
6,150,could,361.8292682926829,5.891172466020614,you,who,5.695414224985685
6,151,<UNK>,341.2560975609756,5.832633214650085,could,you,5.697093486505405
6,152,for,348.48809523809524,5.853604069611647,<UNK>,could,5.707110264748875
6,153,a,321.04819277108436,5.771591245104402,for,<UNK>,4.490240219314114
6,154,<UNK>,335.65060240963857,5.816070745138516,a,for,4.789157022101107
6,155,of,326.4457831325301,5.788263880203616,<UNK>,a,3.6417326756882344
6,156,<UNK>,353.74074074074076,5.868564274030408,of,<UNK>,2.923444506170187
6,157,he,386.50602409638554,5.957147454183853,<UNK>,of,5.7698822763607245
6,158,seemed,400.4047619047619,5.992475940239382,he,<UNK>,5.705447753975262
6,159,an,351.69879518072287,5.8627751137724,seemed,he,5.697093486505405
6,160,<UNK>,368.3333333333333,5.908988325283744,an,seemed,5.695414224985685
6,161,<UNK>,342.8690476190476,5.837348588900143,<UNK>,an,4.467548808112044
6,162,for,360.0952380952381,5.886368546727455,<UNK>,<UNK>,4.975748035095815
6,163,her,312.12048192771084,5.743389273293603,for,<UNK>,5.7430031878094825
6,164,some,327.73809523809524,5.7922147992933395,her,for,5.697093486505405
6,165,of,338.96385542168673,5.825893480521043,some,her,5.695414224985685
6,166,the,323.855421686747,5.780297186840488,of,some,5.0056227522727115
6,167,girls,327.45238095238096,5.7913426428313395,the,of,5.8126368795682835
6,168,in,303.95180722891564,5.716869159986944,girls,the,5.698769932832657
6,169,her,295.75,5.689514502858496,in,girls,5.695414224985685
6,170,<UNK>,314.68674698795184,5.751577690021683,her,in,5.0106352940962555
6,171,<UNK>,334.4642857142857,5.812530104702985,<UNK>,her,4.8154311114712876
6,172,because,390.578313253012,5.967628495275523,<UNK>,<UNK>,5.312220271717028
6,173,abby,354.96385542168673,5.872015968578285,because,<UNK>,5.71042701737487
6,174,was,365.0843373493976,5.900128388123183,abby,because,5.695414224985685
6,175,also,319.4698795180723,5.766662995564684,was,abby,5.697093486505405
6,176,very,315.35714285714283,5.753705783422801,also,was,5.695414224985685
6,177,small,337.5301204819277,5.821654752202787,very,also,5.695414224985685
6,178,that,396.22222222222223,5.981975221086866,small,very,5.697093486505405
6,179,evening,368.1829268292683,5.908579898438903,that,small,5.695414224985685
6,180,abby,391.35714285714283,5.969620551923157,evening,that,5.29162837839724
6,181,turned,349.01190476190476,5.855106032686288,abby,evening,5.697093486505405
6,182,on,369.27710843373495,5.91154733356776,turned,abby,5.695414224985685
6,183,the,337.5542168674699,5.82172613998123,on,turned,5.695414224985685
6,184,light,324.9390243902439,5.78363754746663,the,on,5.337538079701318
6,185,and,327.68674698795184,5.792058112372306,light,the,5.700443573390687
6,186,found,312.4096385542169,5.744315270736112,and,light,5.695414224985685
6,187,mr,332.64285714285717,5.807069413367119,found,and,5.697093486505405
6,188,sticky,354.4047619047619,5.870439655166509,mr,found,5.695414224985685
6,189,<UNK>,344.7261904761905,5.8427504511301835,sticky,mr,5.70877001616724
6,190,to,346.48192771084337,5.847830660591089,<UNK>,sticky,5.695414224985685
6,191,the,314.5357142857143,5.751097628630256,to,<UNK>,3.8741727812970486
6,192,pond,351.0238095238095,5.860854054566452,the,to,5.749392985908253
6,193,weed,391.8658536585366,5.970919571168486,pond,the,5.0056227522727115
6,194,and,400.1829268292683,5.99192175964357,weed,pond,5.698769932832657
6,195,<UNK>,389.57142857142856,5.965047233790275,and,weed,5.695414224985685
6,196,about,358.03614457831327,5.880633943813584,<UNK>,and,5.426417369175352
6,197,in,361.5,5.890262041598819,about,<UNK>,5.71042701737487
6,198,the,315.26190476190476,5.753403737056389,in,about,5.695414224985685
6,199,air,318.0238095238095,5.762126252693737,the,in,5.794536837924666
6,200,<UNK>,353.075,5.8666804989551276,air,the,5.298317366548036
6,201,that,436.1686746987952,6.0780290371099,<UNK>,air,5.700443573390687
6,202,<UNK>,371.0,5.916202062607435,that,<UNK>,3.905850146321065
6,203,<UNK>,350.6666666666667,5.8598361046295455,<UNK>,that,5.035327906686628
6,204,abby,359.2409638554217,5.883993371839518,<UNK>,<UNK>,5.312220271717028
6,205,<UNK>,355.60714285714283,5.873826590212881,abby,<UNK>,5.015622835607295
6,206,she,391.73493975903614,5.970585436997571,<UNK>,abby,5.707110264748875
6,207,tried,327.855421686747,5.7925727236683535,she,<UNK>,5.319752647268102
6,208,to,343.04761904761904,5.837869268572423,tried,she,5.0056227522727115
6,209,<UNK>,323.3975903614458,5.778882496161153,to,tried,4.608497976080766
6,210,what,346.92857142857144,5.849118912730487,<UNK>,to,5.820082930352362
6,211,it,318.2857142857143,5.762949451991862,what,<UNK>,5.700443573390687
6,212,must,312.56626506024094,5.744816494890187,it,what,5.702114417555504
6,213,be,314.73809523809524,5.751740849296032,must,it,5.293304824724492
6,214,like,306.45882352941175,5.725083402238439,be,must,5.702114417555504
6,215,to,348.2705882352941,5.852979730037485,like,be,5.695414224985685
6,216,have,328.5,5.794536837924666,to,like,5.29162837839724
6,217,to,335.32142857142856,5.815089560083344,have,to,5.7120812774708964
6,218,<UNK>,317.2261904761905,5.7596150540576865,to,have,5.695414224985685
6,219,on,331.2530120481928,5.802882470234767,<UNK>,to,5.820082930352362
6,220,to,330.85714285714283,5.801686689637572,on,<UNK>,5.739792912179234
6,221,things,335.9404761904762,5.816933990074535,to,on,5.695414224985685
6,222,all,333.9047619047619,5.810855808317702,things,to,5.695414224985685
6,223,day,329.0722891566265,5.7962774505099395,all,things,5.695414224985685
6,224,and,307.8433734939759,5.7295911260125925,day,all,5.697093486505405
6,225,decided,339.48192771084337,5.827420713507775,and,day,5.697093486505405
6,226,the,328.26506024096386,5.793821392529408,decided,and,5.29162837839724
6,227,<UNK>,321.68674698795184,5.773578236591743,the,decided,5.698769932832657
6,228,was,323.20238095238096,5.778278693427915,<UNK>,the,4.522995577799075
6,229,that,311.25,5.740596447778917,was,<UNK>,5.728475087246572
6,230,it,303.2289156626506,5.714488017501461,that,was,5.705447753975262
6,231,was,294.51190476190476,5.685319425914373,it,that,5.293304824724492
6,232,<UNK>,319.0833333333333,5.765452301689294,was,it,4.523340167740459
6,233,very,325.9277108433735,5.786675610898233,<UNK>,was,5.780743515792329
6,234,<UNK>,344.0357142857143,5.8407454725824195,very,<UNK>,5.293304824724492
6,235,abby,437.890243902439,6.081968294277227,<UNK>,very,5.707110264748875
6,236,told,376.82142857142856,5.931771410966888,abby,<UNK>,5.70877001616724
6,237,her,321.54761904761904,5.773145647943347,told,abby,5.695414224985685
6,238,mom,347.1666666666667,5.849804972032917,her,told,5.697093486505405
6,239,that,323.9146341463415,5.7804800062197605,mom,her,5.707110264748875
6,240,she,303.9761904761905,5.716949377536983,that,mom,5.695414224985685
6,241,thought,323.2261904761905,5.778352358252994,she,that,5.713732805509369
6,242,sticky,325.2738095238095,5.784667318476023,thought,she,5.697093486505405
6,243,had,327.23809523809524,5.790688025940669,sticky,thought,5.695414224985685
6,244,grown,327.6144578313253,5.791837483579354,had,sticky,5.695414224985685
6,245,a,313.8333333333333,5.748862059429097,grown,had,5.695414224985685
6,246,<UNK>,332.4404761904762,5.806460825094088,a,grown,5.695414224985685
6,247,the,342.8095238095238,5.83717496874588,<UNK>,a,5.199877293734784
6,248,next,354.6309523809524,5.8710776779890725,the,<UNK>,5.901266279189834
6,249,day,330.43373493975906,5.800406139763202,next,the,5.2999826458670976
6,250,at,346.0843373493976,5.846682494920358,day,next,5.697093486505405
6,251,<UNK>,364.4166666666667,5.89829790162492,at,day,5.695414224985685
6,252,just,366.85714285714283,5.9049725157545385,<UNK>,at,5.698769932832657
6,253,as,347.8192771084337,5.851683026227913,just,<UNK>,5.293304824724492
6,254,well,315.03614457831327,5.752687376936023,as,just,5.698769932832657
6,255,if,317.27710843373495,5.7597755511196915,well,as,5.700443573390687
6,256,<UNK>,325.4761904761905,5.785289311434627,if,well,5.695414224985685
6,257,going,328.1309523809524,5.793412773770919,<UNK>,if,5.695414224985685
6,258,to,319.0,5.765191102784844,going,<UNK>,5.695414224985685
6,259,be,325.0722891566265,5.784047585770494,to,going,5.298317366548036
6,260,<UNK>,337.0731707317073,5.820300030617353,be,to,4.620058798481842
6,261,up,349.855421686747,5.857519988247035,<UNK>,be,5.730099782973574
6,262,like,352.90361445783134,5.8661949727875475,up,<UNK>,5.715381610499553
6,263,that,337.48192771084337,5.821511961355438,like,up,5.695414224985685
6,264,her,369.7682926829268,5.912876573478519,that,like,5.697093486505405
6,265,mom,383.7831325301205,5.950077634015129,her,that,5.29162837839724
6,266,<UNK>,407.89156626506025,6.0110013701231475,mom,her,5.707110264748875
6,267,who,352.73493975903614,5.865716896012973,<UNK>,mom,5.698769932832657
6,268,was,340.4698795180723,5.8303266621116565,who,<UNK>,4.802380355275797
6,269,busy,353.0487804878049,5.866606235736889,was,who,5.72194977861165
6,270,<UNK>,337.5903614457831,5.8218332120944,busy,was,5.695414224985685
6,271,<UNK>,364.96385542168673,5.899798322437116,<UNK>,busy,5.697093486505405
6,272,abby,374.0240963855422,5.924320224177432,<UNK>,<UNK>,5.312220271717028
6,273,<UNK>,354.3855421686747,5.870385422663661,abby,<UNK>,5.015622835607295
6,274,that,363.93975903614455,5.896988356787126,<UNK>,abby,5.707110264748875
6,275,she,364.0952380952381,5.897415476532935,that,<UNK>,5.084505142662711
6,276,didnt,322.7469879518072,5.7768686972333425,she,that,5.713732805509369
6,277,want,310.3614457831325,5.737737572421692,didnt,she,5.695414224985685
6,278,him,306.2048192771084,5.724254222084405,want,didnt,5.695414224985685
6,279,to,307.1927710843373,5.7274754693701375,him,want,5.695414224985685
6,280,get,315.72289156626505,5.754864903439668,to,him,5.698769932832657
6,281,too,334.31325301204816,5.812078436708594,get,to,5.700443573390687
6,282,big,335.8192771084337,5.816573149512824,too,get,5.695414224985685
6,283,or,339.9879518072289,5.828910181121251,big,too,5.695414224985685
6,284,he,335.8313253012048,5.816609025882857,or,big,5.695414224985685
6,285,<UNK>,329.43373493975906,5.797375225795828,he,or,5.695414224985685
6,286,be,325.03614457831327,5.783936390233027,<UNK>,he,5.738183901373533
6,287,<UNK>,336.96385542168673,5.819975670658664,be,<UNK>,5.697093486505405
6,288,<UNK>,372.28395061728395,5.9196568712126485,<UNK>,be,5.0369526024136295
6,289,small,384.77777777777777,5.952665967066203,<UNK>,<UNK>,6.2285110035911835
6,290,things,357.48192771084337,5.879084808998494,small,<UNK>,5.695414224985685
6,291,not,360.56626506024094,5.887675754147344,things,small,5.695414224985685
6,292,big,342.4457831325301,5.83611334774865,not,things,5.695414224985685
6,293,things,350.3855421686747,5.859034097276833,big,not,5.695414224985685
6,294,are,338.67469879518075,5.82504005610398,things,big,5.695414224985685
6,295,<UNK>,325.09638554216866,5.784121709260262,are,things,5.695414224985685
6,296,right,383.30120481927713,5.948821115661708,<UNK>,are,5.705447753975262
6,297,she,381.0240963855422,5.942862618233224,right,<UNK>,5.698769932832657
6,298,asked,343.89156626506025,5.840326393337159,she,right,5.695414224985685
6,299,<UNK>,353.28915662650604,5.86728686220575,asked,she,5.695414224985685
6,300,to,333.95180722891564,5.81099669283215,<UNK>,asked,5.697093486505405
6,301,herself,372.12048192771084,5.919217677986349,to,<UNK>,5.820082930352362
6,302,the,403.2289156626506,5.9995044296188915,herself,to,5.697093486505405
6,303,next,366.9277108433735,5.905164855473987,the,herself,5.695414224985685
6,304,day,352.890243902439,5.866157084797349,next,the,5.2999826458670976
6,305,in,322.0975609756098,5.774854484050209,day,next,5.697093486505405
6,306,<UNK>,336.6829268292683,5.819141617513586,in,day,5.698769932832657
6,307,<UNK>,342.28915662650604,5.835655867051636,<UNK>,in,4.485420932878165
6,308,abby,331.3614457831325,5.803209760817175,<UNK>,<UNK>,5.312220271717028
6,309,needed,320.7951807228916,5.770802853195264,abby,<UNK>,5.70877001616724
6,310,two,313.1686746987952,5.746741942188681,needed,abby,5.695414224985685
6,311,<UNK>,336.4698795180723,5.818508633988001,two,needed,5.695414224985685
6,312,of,319.1566265060241,5.765681974469517,<UNK>,two,5.702114417555504
6,313,<UNK>,308.5853658536585,5.731998517721231,of,<UNK>,2.923444506170187
6,314,that,324.8888888888889,5.78348324353345,<UNK>,of,4.853591544486569
6,315,were,319.5121951219512,5.766795442484935,that,<UNK>,4.861361591348501
6,316,very,367.4166666666667,5.9064965355699375,were,that,5.703782474656201
6,317,<UNK>,357.0975609756098,5.878009024489175,very,were,5.697093486505405
6,318,to,406.1829268292683,6.006803616823422,<UNK>,very,5.707110264748875
6,319,<UNK>,340.12048192771084,5.829299913450937,to,<UNK>,3.145934280925833
6,320,an,335.2168674698795,5.814777687956087,<UNK>,to,5.414617822244197
6,321,<UNK>,397.7831325301205,5.98590696363582,an,<UNK>,4.787491742782046
6,322,but,435.4691358024691,6.076423923063473,<UNK>,an,5.720311776607412
6,323,the,368.578313253012,5.90965320805453,but,<UNK>,5.32463467486541
6,324,teacher,336.2048192771084,5.817720555425936,the,but,5.70877001616724
6,325,didnt,315.31325301204816,5.753566598690323,teacher,the,5.697093486505405
6,326,<UNK>,310.73493975903614,5.738940265045956,didnt,teacher,5.695414224985685
6,327,abby,344.28915662650604,5.841481875879627,<UNK>,didnt,5.697093486505405
6,328,<UNK>,349.6219512195122,5.856852431339697,abby,<UNK>,5.015622835607295
6,329,the,341.7710843373494,5.834141168909033,<UNK>,abby,5.707110264748875
6,330,<UNK>,350.4578313253012,5.8592403891806075,the,<UNK>,2.9055340056358423
6,331,<UNK>,377.3975903614458,5.93329924807423,<UNK>,the,2.6426827112295754
6,332,because,358.48192771084337,5.881878247920591,<UNK>,<UNK>,5.312220271717028
6,333,she,328.421686746988,5.794298412995293,because,<UNK>,5.304961909266705
6,334,was,313.0853658536585,5.746475887711636,she,because,5.697093486505405
6,335,pleased,303.8313253012048,5.716472696436574,was,she,5.718671087149952
6,336,with,335.31325301204816,5.815065178524783,pleased,was,5.697093486505405
6,337,the,319.66265060240966,5.767266222848849,with,pleased,5.697093486505405
6,338,<UNK>,320.43373493975906,5.769675499725747,the,with,5.308267697401205
6,339,and,357.3292682926829,5.878657676851334,<UNK>,the,4.081162825520036
6,340,wanted,336.6585365853659,5.819069172119271,and,<UNK>,5.903998521326706
6,341,it,316.26506024096386,5.756580660223172,wanted,and,5.695414224985685
6,342,on,321.43373493975906,5.772791410271152,it,wanted,5.695414224985685
6,343,the,337.89285714285717,5.822728854529241,on,it,5.29162837839724
6,344,wall,341.5357142857143,5.833452254174339,the,on,5.049856007249537
6,345,the,380.6463414634146,5.941870706418537,wall,the,5.702114417555504
6,346,teacher,333.0120481927711,5.808178670085009,the,wall,5.697093486505405
6,347,who,325.31325301204816,5.784788573541051,teacher,the,5.697093486505405
6,348,was,330.2409638554217,5.7998225815002336,who,teacher,5.695414224985685
6,349,always,323.95180722891564,5.780594761608343,was,who,5.72194977861165
6,350,very,331.719512195122,5.8042897690499125,always,was,5.695414224985685
6,351,<UNK>,364.9012345679012,5.899626726741423,very,always,5.695414224985685
6,352,<UNK>,393.8658536585366,5.9760103783759835,<UNK>,very,5.707110264748875
6,353,that,358.1666666666667,5.880998427414456,<UNK>,<UNK>,4.213607983048918
6,354,the,318.5357142857143,5.763734601491003,that,<UNK>,4.391357962102766
6,355,<UNK>,320.04819277108436,5.768471586864006,the,that,3.874401013638562
6,356,abby,324.2857142857143,5.781624961420135,<UNK>,the,6.02707297457535
6,357,had,342.144578313253,5.835233391337705,abby,<UNK>,5.70877001616724
6,358,made,337.7469879518072,5.822297058819217,had,abby,5.697093486505405
6,359,was,323.72289156626505,5.779887876894123,made,had,5.695414224985685
6,360,very,339.6829268292683,5.8280126143487845,was,made,5.695414224985685
6,361,<UNK>,388.13253012048193,5.961346853776145,very,was,5.29162837839724
6,362,and,316.2530120481928,5.756542564259434,<UNK>,very,5.707110264748875
6,363,<UNK>,315.32530120481925,5.753604808193032,and,<UNK>,2.645901983305224
6,364,at,379.34939759036143,5.938457673777976,<UNK>,and,5.831882477283517
6,365,abby,366.14814814814815,5.903038027862576,at,<UNK>,5.72194977861165
6,366,<UNK>,402.0240963855422,5.996512028080184,abby,at,5.29162837839724
6,367,her,325.95180722891564,5.786749539852541,<UNK>,abby,5.707110264748875
6,368,the,316.4390243902439,5.7571305670686925,her,<UNK>,5.041810911564705
6,369,<UNK>,327.6265060240964,5.791874258425364,the,her,5.698769932832657
6,370,of,336.93975903614455,5.819904157804198,<UNK>,the,3.0826339954089095
6,371,<UNK>,373.0243902439024,5.921643806899863,of,<UNK>,2.923444506170187
6,372,back,393.9012345679012,5.976100204188504,<UNK>,of,5.7698822763607245
6,373,at,337.0722891566265,5.820297415232,back,<UNK>,5.012300573415317
6,374,home,315.3734939759036,5.753757631605875,at,back,5.698769932832657
6,375,mom,359.4166666666667,5.884482346859843,home,at,5.698769932832657
6,376,<UNK>,337.30120481927713,5.8209763140128326,mom,home,5.695414224985685
6,377,by,352.9759036144578,5.866399792887943,<UNK>,mom,5.698769932832657
6,378,abby,340.87951807228916,5.831529095415396,by,<UNK>,5.741399338227508
6,379,to,350.93975903614455,5.8606145820586715,abby,by,5.695414224985685
6,380,<UNK>,335.5421686746988,5.815747637558832,to,abby,5.695414224985685
6,381,out,306.2530120481928,5.724411597069976,<UNK>,to,5.414617822244197
6,382,the,322.89156626506025,5.77731655870235,out,<UNK>,4.810557015713042
6,383,tank,311.5542168674699,5.741573374021309,the,out,5.700443573390687
6,384,was,342.4878048780488,5.836236050872887,tank,the,5.702114417555504
6,385,<UNK>,388.0853658536585,5.961225330510253,was,tank,5.695414224985685
6,386,with,332.86746987951807,5.807744422412266,<UNK>,was,5.780743515792329
6,387,a,313.9879518072289,5.749354615131432,with,<UNK>,4.6491870714048655
6,388,special,319.6144578313253,5.767115450138424,a,with,5.70877001616724
6,389,<UNK>,339.7710843373494,5.828272109493788,special,a,5.29162837839724
6,390,or,342.95,5.83758466394533,<UNK>,special,5.697093486505405
6,391,<UNK>,388.3536585365854,5.961916415541213,or,<UNK>,3.532875205637355
6,392,<UNK>,464.1951219512195,6.140304985278486,<UNK>,or,4.035044819940809
6,393,mr,420.0853658536585,6.040457942657039,<UNK>,<UNK>,6.2285110035911835
6,394,sticky,398.1975308641975,5.986948190868022,mr,<UNK>,5.0056227522727115
6,395,abby,399.8433734939759,5.991072904160833,sticky,mr,5.303304908059076
6,396,asked,361.2289156626506,5.889511872775662,abby,sticky,5.698769932832657
6,397,first,355.48192771084337,5.873474411694671,asked,abby,5.695414224985685
6,398,thing,335.32530120481925,5.81510110903518,first,asked,5.695414224985685
6,399,when,345.3614457831325,5.8445915375458855,thing,first,5.695414224985685
6,400,she,334.06024096385545,5.811321338880632,when,thing,5.695414224985685
6,401,came,306.5421686746988,5.725355327233212,she,when,5.700443573390687
6,402,home,316.65060240963857,5.757798965406986,came,she,5.695414224985685
6,403,from,315.4096385542169,5.753872233840744,home,came,5.695414224985685
6,404,school,323.33734939759034,5.778696203569471,from,home,5.695414224985685
6,405,on,366.6024096385542,5.904277908320593,school,from,5.695414224985685
6,406,the,332.4698795180723,5.806549268077004,on,school,5.695414224985685
6,407,<UNK>,327.1686746987952,5.790475862672348,the,on,3.951243718581427
6,408,mom,363.7439024390244,5.896450055290972,<UNK>,the,6.02707297457535
6,409,replied,358.2048192771084,5.88110494368772,mom,<UNK>,5.695414224985685
6,410,and,343.49397590361446,5.8391695741101195,replied,mom,5.695414224985685
6,411,then,346.2530120481928,5.847169756519864,and,replied,5.697093486505405
6,412,she,313.30379746835445,5.7471733187539975,then,and,5.703782474656201
6,413,<UNK>,308.8888888888889,5.732981629348464,she,then,5.0106352940962555
6,414,<UNK>,343.8536585365854,5.840216155629514,<UNK>,she,5.321382639479033
6,415,<UNK>,328.86746987951807,5.795654842494808,<UNK>,<UNK>,2.4908413853078146
6,416,i,339.3614457831325,5.82706575113006,<UNK>,<UNK>,5.312220271717028
6,417,went,331.3734939759036,5.803246119826032,i,<UNK>,5.717027701406222
6,418,<UNK>,305.68674698795184,5.72256087495719,went,i,5.695414224985685
6,419,slowly,318.6951219512195,5.764234915222748,<UNK>,went,5.697093486505405
6,420,since,328.2926829268293,5.793905536494411,slowly,<UNK>,5.695414224985685
6,421,its,329.8658536585366,5.79868606775031,since,slowly,5.695414224985685
6,422,better,350.578313253012,5.859584114478736,its,since,5.695414224985685
6,423,to,327.12048192771084,5.79032854929971,better,its,5.695414224985685
6,424,be,314.04819277108436,5.749546454294067,to,better,5.695414224985685
6,425,safe,319.1807228915663,5.765757471808272,be,to,5.718671087149952
6,426,than,312.5421686746988,5.744739399831942,safe,be,5.695414224985685
6,427,sorry,323.7590361445783,5.779999523495531,than,safe,5.695414224985685
6,428,abby,377.6219512195122,5.933893566107908,sorry,than,5.695414224985685
6,429,looked,324.6144578313253,5.782638194542462,abby,sorry,5.695414224985685
6,430,on,312.27710843373495,5.743890961678463,looked,abby,5.695414224985685
6,431,all,294.13253012048193,5.684030448489401,on,looked,5.695414224985685
6,432,<UNK>,324.4268292682927,5.782060023101018,all,on,5.695414224985685
6,433,of,311.13253012048193,5.740218963273078,<UNK>,all,5.700443573390687
6,434,the,294.27710843373495,5.684521869114386,of,<UNK>,3.1937348359100985
6,435,tank,308.65060240963857,5.7322099005944835,the,of,5.8126368795682835
6,436,but,314.4457831325301,5.750811670603935,tank,the,5.702114417555504
6,437,there,307.96385542168673,5.729982423560236,but,tank,5.695414224985685
6,438,was,298.96385542168673,5.700322681206218,there,but,5.698769932832657
6,439,no,304.3855421686747,5.718295128698825,was,there,5.705447753975262
6,440,<UNK>,306.6265060240964,5.725630414182071,no,was,5.700443573390687
6,441,of,312.5542168674699,5.74477794810402,<UNK>,no,5.71042701737487
6,442,the,300.06024096385545,5.703983257710786,of,<UNK>,3.1937348359100985
6,443,water,301.13253012048193,5.707550467249131,the,of,5.8126368795682835
6,444,snail,333.7037037037037,5.8102534845980545,water,the,5.303304908059076
6,445,that,335.4146341463415,5.815367480358377,snail,water,5.702114417555504
6,446,she,318.890243902439,5.764846980579831,that,snail,5.695414224985685
6,447,had,317.6219512195122,5.7608618429150384,she,that,5.020585624949423
6,448,discovered,322.1463414634146,5.775005918895656,had,she,5.718671087149952
6,449,a,321.4390243902439,5.772807865939582,discovered,had,5.695414224985685
6,450,<UNK>,326.5,5.788429948716486,a,discovered,5.695414224985685
6,451,of,306.51807228915663,5.725276717061015,<UNK>,a,3.6417326756882344
6,452,<UNK>,301.9879518072289,5.710387121901006,of,<UNK>,2.923444506170187
6,453,ago,322.1566265060241,5.775037845002229,<UNK>,of,5.7698822763607245
6,454,she,338.09638554216866,5.823331019157343,ago,<UNK>,5.697093486505405
6,455,was,293.26506024096386,5.681076842535316,she,ago,5.697093486505405
6,456,very,295.03614457831327,5.687097872828651,was,she,5.718671087149952
6,457,<UNK>,303.12048192771084,5.714130356599919,very,was,5.29162837839724
6,458,her,323.0120481927711,5.777689623433407,<UNK>,very,5.707110264748875
6,459,mom,312.6024096385542,5.744932126334359,her,<UNK>,5.329492984016486
6,460,said,295.09638554216866,5.687302033626404,mom,her,5.707110264748875
6,461,to,288.6024096385542,5.665049995710854,said,mom,5.700443573390687
6,462,<UNK>,302.31325301204816,5.711463741420036,to,said,5.700443573390687
6,463,a,307.96385542168673,5.729982423560236,<UNK>,to,5.126935749792416
6,464,few,310.0,5.736572297479192,a,<UNK>,5.051457288616511
6,465,<UNK>,309.7469879518072,5.735755796335442,few,a,5.2999826458670976
6,466,until,309.3855421686747,5.734588208439118,<UNK>,few,5.697093486505405
6,467,the,295.2289156626506,5.687751040716013,until,<UNK>,5.702114417555504
6,468,water,292.96385542168673,5.680049241072015,the,until,5.697093486505405
6,469,<UNK>,330.27710843373495,5.7999320246172825,water,the,5.70877001616724
6,470,to,321.1566265060241,5.771928937169972,<UNK>,water,5.698769932832657
6,471,take,318.65060240963857,5.764095212264207,to,<UNK>,5.414617822244197
6,472,another,308.2048192771084,5.7307645596135615,take,to,5.698769932832657
6,473,<UNK>,336.87951807228916,5.819725353290695,another,take,5.695414224985685
6,474,look,310.6707317073171,5.738733610826673,<UNK>,another,5.697093486505405
6,475,that,343.28915662650604,5.838573114256989,look,<UNK>,5.697093486505405
6,476,evening,330.3614457831325,5.800187345319707,that,look,5.695414224985685
6,477,abby,324.13253012048193,5.781152475738544,evening,that,5.29162837839724
6,478,went,307.9512195121951,5.729941392223263,abby,evening,5.697093486505405
6,479,up,301.5421686746988,5.708909869321657,went,abby,5.695414224985685
6,480,to,282.73493975903614,5.644509850125997,up,went,5.695414224985685
6,481,her,295.1566265060241,5.687506152751033,to,up,5.702114417555504
6,482,<UNK>,289.6341463414634,5.668618562198534,her,to,5.707110264748875
6,483,to,296.30120481927713,5.691376520785485,<UNK>,her,5.326256735237278
6,484,<UNK>,322.0722891566265,5.774776020834363,to,<UNK>,3.145934280925833
6,485,the,295.41975308641975,5.688397236806877,<UNK>,to,3.9482807534507702
6,486,tank,310.95061728395063,5.739634112702939,the,<UNK>,5.901266279189834
6,487,again,335.5731707317073,5.8158400272129205,tank,the,5.702114417555504
6,488,the,321.7951807228916,5.773915258445183,again,tank,5.695414224985685
6,489,water,299.0853658536585,5.70072903716931,the,again,5.695414224985685
6,490,had,300.5243902439024,5.705528916218631,water,the,5.70877001616724
6,491,<UNK>,304.5432098765432,5.718812981438945,had,water,5.695414224985685
6,492,and,295.2962962962963,5.687979246498166,<UNK>,had,5.327876168789581
6,493,looked,299.3536585365854,5.701625678898767,and,<UNK>,5.903998521326706
6,494,clear,304.9512195121951,5.7201518277906915,looked,and,5.697093486505405
6,495,but,311.0617283950617,5.739991376069381,clear,looked,5.695414224985685
6,496,abby,309.1829268292683,5.733933097948339,but,clear,5.695414224985685
6,497,could,300.4878048780488,5.705407170383203,abby,but,5.697093486505405
6,498,not,293.34939759036143,5.681364381817217,could,abby,5.695414224985685
6,499,see,290.34939759036143,5.671085017045324,not,could,5.301645156640712
6,500,mr,286.6951219512195,5.658419358273769,see,not,5.697093486505405
6,501,sticky,289.0,5.666426688112432,mr,see,5.695414224985685
6,502,abby,315.1219512195122,5.752959710632285,sticky,mr,5.303304908059076
6,503,<UNK>,341.8780487804878,5.83445409095875,abby,sticky,5.698769932832657
6,504,down,316.6707317073171,5.757862532814559,<UNK>,abby,5.707110264748875
6,505,to,321.7682926829268,5.773831698575515,down,<UNK>,5.705447753975262
6,506,have,312.5975609756098,5.744916615575651,to,down,5.698769932832657
6,507,another,306.9512195121951,5.726688840865108,have,to,5.7120812774708964
6,508,look,292.4390243902439,5.678256181317252,another,have,5.695414224985685
6,509,in,290.962962962963,5.673195984029973,look,another,5.695414224985685
6,510,the,281.82716049382714,5.6412939769841595,in,look,5.695414224985685
6,511,tank,277.425,5.6255506263866275,the,in,5.794536837924666
6,512,that,280.8024691358025,5.637651465331666,tank,the,5.702114417555504
6,513,her,285.1975308641975,5.653182030943749,that,tank,5.695414224985685
6,514,mom,303.8395061728395,5.7164996217757915,her,that,5.29162837839724
6,515,had,293.4,5.681536865708881,mom,her,5.707110264748875
6,516,<UNK>,326.5365853658537,5.788541995626909,had,mom,5.695414224985685
6,517,so,326.9024390243902,5.7896617747741885,<UNK>,had,5.733341276897745
6,518,<UNK>,358.219512195122,5.881145961049555,so,<UNK>,5.707110264748875
6,519,but,325.7682926829268,5.786186370016705,<UNK>,so,5.707110264748875
6,520,mr,330.6219512195122,5.800975581305813,but,<UNK>,5.730099782973574
6,521,sticky,300.3780487804878,5.705041843919356,mr,but,5.695414224985685
6,522,was,294.2439024390244,5.68440902354343,sticky,mr,5.303304908059076
6,523,still,289.890243902439,5.669502382041004,was,sticky,5.697093486505405
6,524,<UNK>,308.2073170731707,5.73077266391883,still,was,5.0056227522727115
6,525,to,334.219512195122,5.811797999241893,<UNK>,still,5.296649309447339
6,526,be,286.8048780487805,5.658802117119108,to,<UNK>,4.721470641684252
6,527,found,289.6463414634146,5.66866066657529,be,to,5.313205979041787
6,528,abby,332.1585365853659,5.805612374775614,found,be,5.697093486505405
6,529,was,298.7926829268293,5.699749964762132,abby,found,5.695414224985685
6,530,a,296.7926829268293,5.693033857777839,was,abby,5.697093486505405
6,531,<UNK>,304.6463414634146,5.719151567639676,a,was,4.209655408733095
6,532,of,319.1566265060241,5.765681974469517,<UNK>,a,3.6417326756882344
6,533,nerves,297.51807228915663,5.695474970331091,of,<UNK>,5.867883485336628
6,534,as,310.890243902439,5.73943993639363,nerves,of,5.695414224985685
6,535,she,291.0609756097561,5.673532783399291,as,nerves,5.29162837839724
6,536,<UNK>,301.3048780487805,5.708122636011108,she,as,4.457664048879502
6,537,the,356.0246913580247,5.875000086194153,<UNK>,she,5.726847747587197
6,538,<UNK>,308.4756097560976,5.731642779461783,the,<UNK>,2.9055340056358423
6,539,in,327.8658536585366,5.792604541979525,<UNK>,the,5.333925794015404
6,540,the,323.81481481481484,5.780171793176562,in,<UNK>,3.338396480423125
6,541,<UNK>,293.3658536585366,5.681420477404112,the,in,3.4431615807611875
6,542,surrounded,333.8536585365854,5.810702748867722,<UNK>,the,6.02707297457535
6,543,by,385.890243902439,5.955552986810256,surrounded,<UNK>,5.695414224985685
6,544,<UNK>,323.4074074074074,5.778912851665505,by,surrounded,5.0056227522727115
6,545,and,315.0,5.752572638825633,<UNK>,by,5.306616169362732
6,546,<UNK>,305.280487804878,5.721230986151983,and,<UNK>,2.645901983305224
6,547,her,332.9512195121951,5.80799599129867,<UNK>,and,5.831882477283517
6,548,mom,324.4756097560976,5.782210370780309,her,<UNK>,5.329492984016486
6,549,was,323.0487804878049,5.777803335001862,mom,her,5.707110264748875
6,550,<UNK>,296.890243902439,5.693362521352548,was,mom,5.695414224985685
6,551,and,295.5975609756098,5.6889989379426105,<UNK>,was,5.0875963352323845
6,552,she,300.609756097561,5.705812932206583,and,<UNK>,4.987707789452551
6,553,looked,308.7037037037037,5.7323819291805655,she,and,5.703782474656201
6,554,<UNK>,306.8170731707317,5.726251717132264,looked,she,5.698769932832657
6,555,when,312.1341463414634,5.743433051627431,<UNK>,looked,5.698769932832657
6,556,she,362.8536585365854,5.893999608452936,when,<UNK>,5.2999826458670976
6,557,saw,311.5301204819277,5.741496028518911,she,when,5.700443573390687
6,558,abby,296.0609756097561,5.690565431790854,saw,she,5.700443573390687
6,559,in,311.5609756097561,5.741595067417227,abby,saw,5.695414224985685
6,560,the,303.109756097561,5.71409497126452,in,abby,5.695414224985685
6,561,<UNK>,317.2560975609756,5.75970932646015,the,in,3.4431615807611875
6,562,and,329.2926829268293,5.7969469690529385,<UNK>,the,4.081162825520036
6,563,even,315.4390243902439,5.753965396710936,and,<UNK>,4.987707789452551
6,564,more,301.6296296296296,5.709199872785975,even,and,5.700443573390687
6,565,<UNK>,306.0975609756098,5.723903877855622,more,even,5.0056227522727115
6,566,when,303.5487804878049,5.715542324068142,<UNK>,more,5.705447753975262
6,567,she,295.3703703703704,5.688230061648716,when,<UNK>,5.2999826458670976
6,568,heard,283.0609756097561,5.645662335953311,she,when,5.700443573390687
6,569,the,300.4024390243902,5.705123039112645,heard,she,5.0056227522727115
6,570,<UNK>,296.8170731707317,5.693116033798922,the,heard,5.296649309447339
6,571,<UNK>,316.2317073170732,5.756475195893132,<UNK>,the,2.6426827112295754
6,572,<UNK>,388.5625,5.962454032029556,<UNK>,<UNK>,2.4908413853078146
6,573,<UNK>,331.390243902439,5.8032966655200156,<UNK>,<UNK>,2.4908413853078146
6,574,up,313.7560975609756,5.74861592471444,<UNK>,<UNK>,5.312220271717028
6,575,mom,328.17283950617286,5.793540419308839,up,<UNK>,5.309916502391388
6,576,said,313.91358024691357,5.749117725884101,mom,up,5.29162837839724
6,577,and,316.2098765432099,5.756406159402081,said,mom,5.700443573390687
6,578,that,311.6829268292683,5.741986410904396,and,said,5.695414224985685
6,579,was,303.4878048780488,5.715341428071324,that,and,5.70877001616724
6,580,that,304.9634146341463,5.720191817393401,was,that,5.7120812774708964
6,581,then,319.1951219512195,5.765802583351173,that,was,5.705447753975262
6,582,to,329.51851851851853,5.7976325542404386,then,that,5.695414224985685
6,583,<UNK>,316.4878048780488,5.757284709650887,to,then,5.695414224985685
6,584,<UNK>,324.8780487804878,5.783449877390073,<UNK>,to,4.115334838113936
6,585,to,296.8658536585366,5.693280365585167,<UNK>,<UNK>,4.213607983048918
6,586,the,289.9390243902439,5.669670640149338,to,<UNK>,3.8741727812970486
6,587,<UNK>,290.109756097561,5.670259320681013,the,to,3.6699514442284173
6,588,she,329.8414634146341,5.7986121251297496,<UNK>,the,5.621607866467185
6,589,<UNK>,311.7560975609756,5.742221143505919,she,<UNK>,5.032070574816321
6,590,her,308.55555555555554,5.73190190997058,<UNK>,she,5.033700567027251
6,591,<UNK>,309.4268292682927,5.734721648239565,her,<UNK>,4.482195123629283
6,592,of,296.3536585365854,5.69155353348103,<UNK>,her,5.731721843345443
6,593,voice,296.8414634146341,5.693198203067661,of,<UNK>,5.867883485336628
6,594,and,296.9146341463415,5.693444670370914,voice,of,5.695414224985685
6,595,said,307.280487804878,5.7277609715294835,and,voice,5.697093486505405
6,596,<UNK>,327.61728395061726,5.791846109899209,said,and,5.705447753975262
6,597,for,379.3780487804878,5.938533198105657,<UNK>,said,5.700443573390687
6,598,the,328.28395061728395,5.793878936980813,for,<UNK>,4.490240219314114
6,599,time,334.1463414634146,5.811579045111908,the,for,5.717027701406222
6,600,being,356.0243902439024,5.87499924042627,time,the,5.697093486505405
6,601,go,346.0987654320988,5.846724183550564,being,time,5.695414224985685
6,602,to,311.8780487804878,5.74261224210686,go,being,5.695414224985685
6,603,bed,317.0365853658537,5.759017178466665,to,go,5.293304824724492
6,604,abby,334.0,5.811140992976701,bed,to,5.698769932832657
6,605,<UNK>,344.5365853658537,5.842200283264559,abby,bed,5.695414224985685
6,606,got,311.5121951219512,5.741438487130365,<UNK>,abby,5.707110264748875
6,607,<UNK>,318.0843373493976,5.762316559408305,got,<UNK>,5.697093486505405
6,608,of,313.1927710843373,5.746818883021218,<UNK>,got,5.695414224985685
6,609,<UNK>,320.30120481927713,5.769261818141841,of,<UNK>,2.923444506170187
6,610,to,293.10843373493975,5.680542621560603,<UNK>,of,5.7698822763607245
6,611,<UNK>,309.93975903614455,5.736377952905652,to,<UNK>,3.145934280925833
6,612,up,316.2168674698795,5.756428267659634,<UNK>,to,5.414617822244197
6,613,on,301.9390243902439,5.71022509099654,up,<UNK>,5.715381610499553
6,614,abby,338.0121951219512,5.823081975074602,on,up,5.697093486505405
6,615,had,326.7857142857143,5.789304648094363,abby,on,5.697093486505405
6,616,a,314.6385542168675,5.751424533073801,had,abby,5.697093486505405
6,617,<UNK>,301.4457831325301,5.7085901762243045,a,had,5.294978465282522
6,618,<UNK>,292.8192771084337,5.6795556170389565,<UNK>,a,2.8249715391611123
6,619,and,295.5609756097561,5.688875162800627,<UNK>,<UNK>,3.487670979665982
6,620,she,315.8072289156627,5.75513199236279,and,<UNK>,4.987707789452551
6,621,was,307.49397590361446,5.7284554964973236,she,and,5.298317366548036
6,622,<UNK>,293.10843373493975,5.680542621560603,was,she,4.332376726030061
6,623,as,308.5903614457831,5.732014706277922,<UNK>,was,5.375278407684165
6,624,<UNK>,336.10843373493975,5.817433827349709,as,<UNK>,5.339139361068292
6,625,<UNK>,409.8395061728395,6.015765634703516,<UNK>,as,4.624972813284271
6,626,<UNK>,435.0843373493976,6.075539891260719,<UNK>,<UNK>,2.4908413853078146
6,627,him,421.9759036144578,6.044948211966046,<UNK>,<UNK>,6.2285110035911835
6,628,up,407.09638554216866,6.009049976919208,him,<UNK>,5.304961909266705
6,629,<UNK>,375.9879518072289,5.929557099810624,up,him,5.697093486505405
6,630,you,365.0487804878049,5.900030989824839,<UNK>,up,5.697093486505405
6,631,she,355.04819277108436,5.872253534546381,you,<UNK>,5.71042701737487
6,632,said,321.28915662650604,5.772341517113187,she,you,5.695414224985685
6,633,<UNK>,344.0,5.840641657373398,said,she,5.697093486505405
6,634,abbys,391.7710843373494,5.970677700687261,<UNK>,said,5.700443573390687
6,635,mom,374.1341463414634,5.924614413161606,abbys,<UNK>,5.293304824724492
6,636,<UNK>,326.2409638554217,5.787636261258458,mom,abbys,5.698769932832657
6,637,abbys,338.4698795180723,5.8244351061718245,<UNK>,mom,5.698769932832657
6,638,<UNK>,366.77777777777777,5.904756154516973,abbys,<UNK>,5.698769932832657
6,639,of,328.8536585365854,5.795612844929767,<UNK>,abbys,5.695414224985685
6,640,the,293.0975609756098,5.680505526206992,of,<UNK>,3.1937348359100985
6,641,story,287.6707317073171,5.661816533395372,the,of,5.8126368795682835
6,642,was,316.3975903614458,5.756999620066287,story,the,5.695414224985685
6,643,true,319.3855421686747,5.766398969160511,was,story,5.695414224985685
6,644,and,349.4166666666667,5.856265097382763,true,was,5.695414224985685
6,645,said,305.09638554216866,5.720627744855232,and,true,5.695414224985685
6,646,that,306.49397590361446,5.7251981007087736,said,and,5.2999826458670976
6,647,she,301.56626506024094,5.708989776629222,that,said,5.705447753975262
6,648,was,295.5903614457831,5.688974581796099,she,that,5.020585624949423
6,649,<UNK>,332.68674698795184,5.807201347508891,was,she,4.332376726030061
6,650,but,317.66265060240966,5.760989972521317,<UNK>,was,5.780743515792329
6,651,because,317.8333333333333,5.761527136372364,but,<UNK>,5.730099782973574
6,652,mr,313.6547619047619,5.7482928966521545,because,but,5.695414224985685
6,653,sticky,320.7469879518072,5.770652612810366,mr,because,5.695414224985685
6,654,was,299.2168674698795,5.701168619744853,sticky,mr,5.303304908059076
6,655,so,301.04819277108436,5.707270360806852,was,sticky,5.697093486505405
6,656,small,304.9879518072289,5.720272273555795,so,was,5.697093486505405
6,657,he,306.4096385542169,5.724922894794041,small,so,5.695414224985685
6,658,was,298.32530120481925,5.698184505908505,he,small,5.695414224985685
6,659,hard,311.66265060240966,5.741921354769886,was,he,5.71042701737487
6,660,to,292.1951219512195,5.677421804965133,hard,was,5.697093486505405
6,661,see,295.3658536585366,5.68821476984283,to,hard,5.697093486505405
6,662,<UNK>,342.31325301204816,5.835726262321103,see,to,5.698769932832657
6,663,<UNK>,339.8536585365854,5.828515108885757,<UNK>,see,5.697093486505405
6,664,with,318.6385542168675,5.764057401507043,<UNK>,<UNK>,4.619073091157083
6,665,being,310.4578313253012,5.738048083214437,with,<UNK>,5.7477993600729755
6,666,small,329.9759036144578,5.799019632444356,being,with,5.695414224985685
6,667,nothing,374.4024390243902,5.92533125907044,small,being,5.695414224985685
6,668,at,330.4268292682927,5.800385240735961,nothing,small,5.695414224985685
6,669,all,301.03614457831327,5.707230339195177,at,nothing,5.695414224985685
6,670,but,303.6265060240964,5.7157983474552685,all,at,5.700443573390687
6,671,it,301.65060240963857,5.709269401933139,but,all,5.697093486505405
6,672,<UNK>,302.3095238095238,5.711451405786423,it,but,5.705447753975262
6,673,things,316.2261904761905,5.75645775017571,<UNK>,it,5.7120812774708964
6,674,hard,298.23809523809524,5.6978921448019895,things,<UNK>,5.695414224985685
6,675,to,292.92857142857144,5.6799287957768,hard,things,5.695414224985685
6,676,find,339.3690476190476,5.827088151290327,to,hard,5.697093486505405
6,677,or,345.0121951219512,5.843579764586196,find,to,5.702114417555504
6,678,notice,348.43373493975906,5.853448068476103,or,find,5.695414224985685
6,679,abby,356.3734939759036,5.875979321270638,notice,or,5.695414224985685
6,680,said,386.9879518072289,5.9583935602641,abby,notice,5.695414224985685
6,681,suddenly,383.2409638554217,5.94866393979731,said,abby,5.698769932832657
6,682,<UNK>,337.8313253012048,5.8225467333519285,suddenly,said,5.695414224985685
6,683,like,324.9878048780488,5.783787658173558,<UNK>,suddenly,5.700443573390687
6,684,the,323.0722891566265,5.777876103620428,like,<UNK>,5.296649309447339
6,685,small,314.3614457831325,5.750543425119389,the,like,5.698769932832657
6,686,<UNK>,340.8536585365854,5.831453231318992,small,the,5.293304824724492
6,687,mr,339.68674698795184,5.828023860534273,<UNK>,small,5.698769932832657
6,688,sticky,327.4457831325301,5.791322493683845,mr,<UNK>,5.0056227522727115
6,689,herself,322.28915662650604,5.775449144527554,sticky,mr,5.70877001616724
6,690,and,319.2098765432099,5.765848806648383,herself,sticky,5.695414224985685
6,691,<UNK>,331.6190476190476,5.803986863164656,and,herself,5.695414224985685
6,692,from,327.67469879518075,5.792021344287,<UNK>,and,5.426417369175352
6,693,the,336.4698795180723,5.818508633988001,from,<UNK>,3.858297606071983
6,694,<UNK>,296.9879518072289,5.693691571674238,the,from,4.470822133457013
6,695,the,337.51807228915663,5.821619056402394,<UNK>,the,4.3223248823369245
6,696,door,355.31325301204816,5.8729998032377315,the,<UNK>,5.901266279189834
6,697,to,341.28915662650604,5.832730084609559,door,the,5.700443573390687
6,698,the,312.3658536585366,5.744175108721764,to,door,5.695414224985685
6,699,<UNK>,305.9024390243902,5.7232662243986585,the,to,3.6699514442284173
6,700,opened,328.7073170731707,5.795167741064851,<UNK>,the,6.02707297457535
6,701,a,323.6385542168675,5.779627319672422,opened,<UNK>,5.695414224985685
6,702,few,314.2289156626506,5.750121751067178,a,opened,5.695414224985685
6,703,minutes,300.3780487804878,5.705041843919356,few,a,5.012300573415317
6,704,later,293.13253012048193,5.680624827980971,minutes,few,5.698769932832657
6,705,and,304.2168674698795,5.717740826906908,later,minutes,5.695414224985685
6,706,moms,329.5903614457831,5.797850554421388,and,later,5.695414224985685
6,707,face,346.51807228915663,5.847934973948508,moms,and,5.695414224985685
6,708,<UNK>,327.7317073170732,5.792195308171102,face,moms,5.695414224985685
6,709,she,356.2926829268293,5.875752536130442,<UNK>,face,5.697093486505405
6,710,was,338.280487804878,5.823875396928111,she,<UNK>,5.319752647268102
6,711,there,305.6585365853659,5.722468585367775,was,she,5.718671087149952
6,712,to,306.28915662650604,5.724529612058016,there,was,5.695414224985685
6,713,<UNK>,305.9879518072289,5.723545727998246,to,there,5.695414224985685
6,714,to,281.3048780487805,5.6394390564360375,<UNK>,to,5.126935749792416
6,715,make,289.56626506024094,5.668384165674647,to,<UNK>,5.414617822244197
6,716,up,281.27710843373495,5.639340334416011,make,to,5.703782474656201
6,717,for,296.578313253012,5.69231130920528,up,make,5.695414224985685
6,718,<UNK>,288.4390243902439,5.6644837096764675,for,up,5.695414224985685
6,719,been,283.73493975903614,5.648040491647966,<UNK>,for,5.70877001616724
6,720,<UNK>,340.13253012048193,5.829335336132083,been,<UNK>,5.695414224985685
6,721,<UNK>,404.0240963855422,6.001474520701155,<UNK>,been,5.306616169362732
6,722,she,383.51807228915663,5.949386744310167,<UNK>,<UNK>,5.1298987149230735
6,723,had,302.855421686747,5.713255535484798,she,<UNK>,4.808927023502111
6,724,put,297.7469879518072,5.696244092153368,had,she,5.718671087149952
6,725,her,296.9879518072289,5.693691571674238,put,had,5.697093486505405
6,726,<UNK>,287.65060240963857,5.661746557552333,her,put,5.697093486505405
6,727,on,295.51807228915663,5.688729993314998,<UNK>,her,5.731721843345443
6,728,the,305.10843373493975,5.720667233867419,on,<UNK>,3.948033442951179
6,729,back,290.421686746988,5.671333959043125,the,on,5.7430031878094825
6,730,<UNK>,293.1807228915663,5.680789220550796,back,the,5.695414224985685
6,731,and,324.8780487804878,5.783449877390073,<UNK>,back,5.695414224985685
6,732,<UNK>,311.71084337349396,5.74207597402029,and,<UNK>,2.645901983305224
6,733,herself,301.65060240963857,5.709269401933139,<UNK>,and,5.831882477283517
6,734,with,299.7590361445783,5.702978939056518,herself,<UNK>,5.698769932832657
6,735,sticky,308.30120481927713,5.731077242828929,with,herself,5.695414224985685
6,736,abby,464.0120481927711,6.139910517821843,sticky,with,5.695414224985685
6,737,who,439.4024390243902,6.0854157107416365,abby,sticky,5.698769932832657
6,738,was,369.27710843373495,5.91154733356776,who,abby,5.697093486505405
6,739,<UNK>,313.73493975903614,5.748548488525907,was,who,4.335655417491759
6,740,fire,313.65060240963857,5.748279635183786,<UNK>,was,5.780743515792329
6,741,all,334.7951807228916,5.813518944016174,fire,<UNK>,5.695414224985685
6,742,on,343.578313253012,5.839415071858034,all,fire,5.695414224985685
6,743,account,344.0843373493976,5.840886794038316,on,all,5.695414224985685
6,744,of,325.6265060240964,5.785751037522952,account,on,5.695414224985685
6,745,the,299.9879518072289,5.7037423132071705,of,account,5.695414224985685
6,746,little,297.7831325301205,5.696365478384272,the,of,5.407171771460119
6,747,snail,325.68674698795184,5.785936020597528,little,the,5.731721843345443
6,748,tried,325.0843373493976,5.784084648202165,snail,little,5.695414224985685
6,749,to,330.13253012048193,5.799494180263953,tried,snail,5.695414224985685
6,750,<UNK>,338.95180722891564,5.8258579357079165,to,tried,4.608497976080766
6,751,her,301.89156626506025,5.71006790079778,<UNK>,to,4.721470641684252
6,752,but,318.855421686747,5.76473777649549,her,<UNK>,5.734958092124651
6,753,it,313.0,5.746203190540153,but,her,5.695414224985685
6,754,was,299.96385542168673,5.703661985469959,it,but,4.606835465307152
6,755,hard,293.73493975903614,5.682677795238664,was,it,5.776103136235827
6,756,when,305.0843373493976,5.720588254283601,hard,was,5.697093486505405
6,757,mom,300.86746987951807,5.7066698683850365,when,hard,5.695414224985685
6,758,walked,312.34939759036143,5.74412242530113,mom,when,5.695414224985685
6,759,over,310.1807228915663,5.7371551046836435,walked,mom,5.695414224985685
6,760,to,286.95180722891564,5.659314282596625,over,walked,5.293304824724492
6,761,the,283.1807228915663,5.64608529061706,to,over,5.698769932832657
6,762,bed,297.2168674698795,5.694462065842407,the,to,5.749392985908253
6,763,and,287.5609756097561,5.661434926827109,bed,the,5.695414224985685
6,764,sat,280.5238095238095,5.6366586037982644,and,bed,5.695414224985685
6,765,next,288.86746987951807,5.665968001199901,sat,and,5.695414224985685
6,766,to,310.6219512195122,5.73857658181524,next,sat,5.695414224985685
6,767,her,294.43373493975906,5.68505396907987,to,next,5.698769932832657
6,768,mom,305.9625,5.723462545423028,her,to,5.301645156640712
6,769,who,323.0987654320988,5.777958051814482,mom,her,5.707110264748875
6,770,abby,346.2560975609756,5.847178667630895,who,mom,5.695414224985685
6,771,still,326.609756097561,5.788766051791258,abby,who,5.695414224985685
6,772,<UNK>,319.4878048780488,5.766719103693341,still,abby,5.695414224985685
6,773,to,374.5679012345679,5.925773098230085,<UNK>,still,5.296649309447339
6,774,<UNK>,332.4756097560976,5.806566503288364,to,<UNK>,3.145934280925833
6,775,<UNK>,315.1707317073171,5.753114497413803,<UNK>,to,4.115334838113936
6,776,with,341.9390243902439,5.834632429910233,<UNK>,<UNK>,4.619073091157083
6,777,had,335.3780487804878,5.815258399365632,with,<UNK>,5.7477993600729755
6,778,gone,325.4512195121951,5.78521258716822,had,with,5.695414224985685
6,779,out,311.74074074074076,5.742171883207247,gone,had,5.697093486505405
6,780,to,290.2317073170732,5.6706795947058595,out,gone,5.695414224985685
6,781,find,300.719512195122,5.706177977131443,to,out,5.697093486505405
6,782,her,298.4024390243902,5.698443041970432,find,to,5.702114417555504
6,783,<UNK>,308.1341463414634,5.730535228223216,her,find,5.695414224985685
6,784,in,325.6666666666667,5.785874363374673,<UNK>,her,5.731721843345443
6,785,order,304.2073170731707,5.717709433030884,in,<UNK>,5.780743515792329
6,786,to,295.8658536585366,5.6899061544996785,order,in,5.0056227522727115
6,787,<UNK>,278.7654320987654,5.630370683031214,to,order,5.698769932832657
6,788,for,293.1125,5.680556494368025,<UNK>,to,5.414617822244197
6,789,sticky,287.719512195122,5.66198608958246,for,<UNK>,5.7430031878094825
6,790,more,310.9753086419753,5.7397135155932455,sticky,for,5.695414224985685
6,791,<UNK>,335.82716049382714,5.81659662432026,more,sticky,5.695414224985685
6,792,this,367.780487804878,5.907486259661487,<UNK>,more,5.705447753975262
6,793,is,314.1341463414634,5.749820112324749,this,<UNK>,5.700443573390687
6,794,my,276.4024390243902,5.621857916110696,is,this,5.697093486505405
6,795,new,286.1707317073171,5.656588596719316,my,is,5.695414224985685
6,796,and,296.6707317073171,5.692622876348414,new,my,5.700443573390687
6,797,<UNK>,303.780487804878,5.7163053609919725,and,new,5.695414224985685
6,798,<UNK>,305.890243902439,5.723226357553915,<UNK>,and,3.7524409356036807
6,799,pair,323.0365853658537,5.777765584194935,<UNK>,<UNK>,6.2285110035911835
6,800,i,297.6707317073171,5.695987948466711,pair,<UNK>,5.695414224985685
6,801,have,316.8536585365854,5.758440022291425,i,pair,5.695414224985685
6,802,for,308.51851851851853,5.731781869156559,have,i,5.698769932832657
6,803,important,316.1358024691358,5.756171875917995,for,have,5.695414224985685
6,804,<UNK>,302.4268292682927,5.7118393614951986,important,for,5.695414224985685
6,805,like,318.44444444444446,5.763448031051897,<UNK>,important,5.695414224985685
6,806,snail,317.14814814814815,5.759369009021863,like,<UNK>,5.702114417555504
6,807,<UNK>,335.8536585365854,5.816675525018392,snail,like,5.695414224985685
6,808,she,370.74074074074076,5.915503006304937,<UNK>,snail,5.695414224985685
6,809,said,316.9875,5.758862340923156,she,<UNK>,5.725217755376266
6,810,she,316.4390243902439,5.7571305670686925,said,she,5.697093486505405
6,811,smiled,311.4878048780488,5.741360187791955,she,said,5.697093486505405
6,812,at,305.8414634146341,5.723066874279385,smiled,she,5.695414224985685
6,813,abby,296.8658536585366,5.693280365585167,at,smiled,5.697093486505405
6,814,<UNK>,310.7283950617284,5.738919202830564,abby,at,5.29162837839724
6,815,to,298.9390243902439,5.700239620788564,<UNK>,abby,5.707110264748875
6,816,<UNK>,297.5308641975309,5.6955179648063075,to,<UNK>,3.145934280925833
6,817,her,300.8536585365854,5.706623962259149,<UNK>,to,4.721470641684252
6,818,up,312.719512195122,5.745306661606027,her,<UNK>,5.734958092124651
6,819,but,298.3375,5.698225395989662,up,her,5.695414224985685
6,820,abby,313.9878048780488,5.749354147186042,but,up,5.695414224985685
6,821,didnt,297.8048780487805,5.6964385004004425,abby,but,5.697093486505405
6,822,<UNK>,301.1585365853659,5.707636825710472,didnt,abby,5.695414224985685
6,823,back,307.12345679012344,5.7272498061323365,<UNK>,didnt,5.697093486505405
6,824,abby,321.5121951219512,5.773035474908357,back,<UNK>,5.705447753975262
6,825,believed,358.7831325301205,5.882718118293982,abby,back,5.695414224985685
6,826,her,294.4512195121951,5.685113351043389,believed,abby,5.695414224985685
6,827,moms,319.1829268292683,5.765764376768174,her,believed,5.695414224985685
6,828,idea,306.0987654320988,5.7239078127256535,moms,her,5.697093486505405
6,829,would,293.55,5.682047982510195,idea,moms,5.695414224985685
6,830,not,306.44444444444446,5.725036481017028,would,idea,5.695414224985685
6,831,<UNK>,330.109756097561,5.799425193398357,not,would,5.695414224985685
6,832,but,335.3414634146341,5.815149306472926,<UNK>,not,5.0271645960474665
6,833,then,320.58024691358025,5.770132625406373,but,<UNK>,5.730099782973574
6,834,she,340.12345679012344,5.829308659908622,then,but,5.0072963928307415
6,835,had,293.6463414634146,5.68237612305698,she,then,5.703782474656201
6,836,an,303.4691358024691,5.7152799111025425,had,she,5.718671087149952
6,837,idea,287.6341463414634,5.661689347385662,an,had,5.695414224985685
6,838,of,283.65432098765433,5.647756317175512,idea,an,5.695414224985685
6,839,her,290.2125,5.670613413264687,of,idea,5.695414224985685
6,840,own,323.6875,5.7797785441841105,her,of,5.697093486505405
6,841,<UNK>,333.54430379746833,5.8097757015024865,own,her,5.29162837839724
6,842,got,322.8125,5.7770716593139575,<UNK>,own,5.698769932832657
6,843,a,297.85,5.696590004074697,got,<UNK>,5.697093486505405
6,844,<UNK>,312.9259259259259,5.745966504148516,a,got,5.695414224985685
6,845,<UNK>,330.08641975308643,5.799354498216113,<UNK>,a,2.8249715391611123
6,846,abby,327.34567901234567,5.7910167348987915,<UNK>,<UNK>,5.312220271717028
6,847,suddenly,333.98765432098764,5.811104029182732,abby,<UNK>,5.70877001616724
6,848,<UNK>,317.890243902439,5.761706178243062,suddenly,abby,5.695414224985685
6,849,and,336.2875,5.81796644886126,<UNK>,suddenly,5.700443573390687
6,850,<UNK>,325.74074074074076,5.786101791167329,and,<UNK>,2.645901983305224
6,851,off,322.12345679012344,5.774934878243548,<UNK>,and,5.426417369175352
6,852,to,293.61728395061726,5.682277164049259,off,<UNK>,5.700443573390687
6,853,find,296.5061728395062,5.692068037241325,to,off,5.695414224985685
6,854,it,295.9382716049383,5.690150890700972,find,to,5.702114417555504
6,855,on,295.8780487804878,5.689947372066611,it,find,5.695414224985685
6,856,the,287.6219512195122,5.661646948454109,on,it,5.29162837839724
6,857,floor,293.18518518518516,5.680804440718127,the,on,5.337538079701318
6,858,<UNK>,289.4691358024691,5.6680486792482965,floor,the,5.294978465282522
6,859,each,321.0246913580247,5.771518040290272,<UNK>,floor,5.697093486505405
6,860,other,317.9375,5.7618548225829835,each,<UNK>,5.697093486505405
6,861,they,310.69135802469134,5.738800001479475,other,each,5.698769932832657
6,862,sat,295.1111111111111,5.687351933260105,they,other,5.695414224985685
6,863,<UNK>,298.5609756097561,5.698974185371204,sat,they,5.695414224985685
6,864,around,319.4074074074074,5.766467427144449,<UNK>,sat,5.695414224985685
6,865,the,303.9259259259259,5.716784006997802,around,<UNK>,5.2999826458670976
6,866,tank,299.6666666666667,5.702670745803511,the,around,5.700443573390687
6,867,looking,317.1975308641975,5.759524705569606,tank,the,5.702114417555504
6,868,all,313.39506172839504,5.747464572709056,looking,tank,5.695414224985685
6,869,over,304.98765432098764,5.720271298152064,all,looking,5.695414224985685
6,870,the,287.6625,5.661787917953524,over,all,5.695414224985685
6,871,place,285.25,5.653365988742185,the,over,5.702114417555504
6,872,and,279.6,5.633360010359655,place,the,5.695414224985685
6,873,<UNK>,274.675,5.6155885805869445,and,place,5.697093486505405
6,874,into,293.875,5.683154506860234,<UNK>,and,5.1387352967235715
6,875,the,321.9382716049383,5.774359824076768,into,<UNK>,4.469186810116282
6,876,<UNK>,292.4375,5.678250968626435,the,into,5.017279836814924
6,877,among,295.9753086419753,5.690276034094606,<UNK>,the,6.02707297457535
6,878,the,291.625,5.675468730341594,among,<UNK>,5.0056227522727115
6,879,big,294.7875,5.686254757787984,the,among,5.700443573390687
6,880,<UNK>,314.2375,5.7501490694318065,big,the,5.0072963928307415
6,881,and,290.1975308641975,5.67056183202036,<UNK>,big,5.700443573390687
6,882,the,295.34567901234567,5.688146463588143,and,<UNK>,3.958088372271393
6,883,pond,294.3048780487805,5.68461623019136,the,and,5.736572297479192
6,884,weed,288.890243902439,5.666046837093874,pond,the,5.0056227522727115
6,885,abby,324.9390243902439,5.78363754746663,weed,pond,5.698769932832657
6,886,tried,342.0487804878049,5.834953359896763,abby,weed,5.695414224985685
6,887,to,321.6707317073171,5.773528450023099,tried,abby,5.695414224985685
6,888,<UNK>,289.7926829268293,5.669165780868136,to,tried,4.608497976080766
6,889,if,289.1358024691358,5.666896482479269,<UNK>,to,5.820082930352362
6,890,she,279.5061728395062,5.633024377644681,if,<UNK>,5.698769932832657
6,891,were,290.5679012345679,5.67183728816878,she,if,5.695414224985685
6,892,sticky,282.98765432098764,5.645403272384206,were,she,5.695414224985685
6,893,a,292.9878048780488,5.68013098657424,sticky,were,5.695414224985685
6,894,little,289.975,5.66979471236794,a,sticky,5.695414224985685
6,895,water,302.5487804878049,5.712242522281178,little,a,5.705447753975262
6,896,snail,306.9512195121951,5.726688840865108,water,little,5.698769932832657
6,897,where,298.2073170731707,5.697788939498314,snail,water,5.702114417555504
6,898,would,297.719512195122,5.696151809021746,where,snail,5.695414224985685
6,899,she,278.0121951219512,5.627664980073641,would,where,5.695414224985685
6,900,hide,300.6951219512195,5.706096867552357,she,would,5.695414224985685
6,901,out,275.8536585365854,5.619870502405859,hide,she,5.695414224985685
6,902,at,310.1219512195122,5.736965611151912,out,hide,5.695414224985685
6,903,one,329.5421686746988,5.797704323522539,at,out,5.695414224985685
6,904,point,292.0240963855422,5.676836320731835,one,at,5.29162837839724
6,905,she,294.5853658536585,5.685568828163539,point,one,5.697093486505405
6,906,thought,282.3170731707317,5.643030812250127,she,point,5.695414224985685
6,907,she,281.2317073170732,5.639178910752989,thought,she,5.697093486505405
6,908,saw,276.8780487804878,5.623577152135571,she,thought,5.695414224985685
6,909,him,291.8780487804878,5.676336073869209,saw,she,5.700443573390687
6,910,but,311.6219512195122,5.741790758304527,him,saw,5.695414224985685
6,911,it,292.69135802469134,5.67911866823529,but,him,5.695414224985685
6,912,wasnt,276.87654320987656,5.62357171445385,it,but,5.705447753975262
6,913,the,290.358024691358,5.671114729429449,wasnt,it,5.293304824724492
6,914,water,312.1111111111111,5.743359249768024,the,wasnt,5.697093486505405
6,915,snail,340.125,5.82931319710341,water,the,5.303304908059076
6,916,it,350.1518987341772,5.858367056717632,snail,water,5.702114417555504
6,917,was,295.35,5.688161093753244,it,snail,5.695414224985685
6,918,a,268.77777777777777,5.593884933273808,was,it,4.523340167740459
6,919,large,270.17283950617286,5.599061900511278,a,was,5.713732805509369
6,920,<UNK>,278.25925925925924,5.628553266364832,large,a,5.0056227522727115
6,921,of,299.2048192771084,5.70112835318019,<UNK>,large,5.698769932832657
6,922,<UNK>,286.4390243902439,5.657525684149989,of,<UNK>,2.923444506170187
6,923,that,324.30864197530866,5.78169566104736,<UNK>,of,4.853591544486569
6,924,was,294.109756097561,5.683953017731818,that,<UNK>,5.372187215114492
6,925,<UNK>,309.6951219512195,5.735588335971093,was,that,4.613468988802786
6,926,<UNK>,369.6219512195122,5.9124807298315885,<UNK>,was,4.075995423553904
6,927,around,336.2926829268293,5.8179818609324485,<UNK>,<UNK>,6.2285110035911835
6,928,in,310.3292682926829,5.737633889573701,around,<UNK>,5.705447753975262
6,929,the,298.6707317073171,5.699341734841375,in,around,5.695414224985685
6,930,water,279.1604938271605,5.631786863122743,the,in,5.794536837924666
6,931,like,268.2926829268293,5.5920784850761995,water,the,5.70877001616724
6,932,a,290.0617283950617,5.670093756864477,like,water,5.695414224985685
6,933,<UNK>,277.2926829268293,5.625073565424799,a,like,4.785823685681349
6,934,<UNK>,291.6341463414634,5.675500093215272,<UNK>,a,2.8249715391611123
6,935,they,363.9390243902439,5.896986338193049,<UNK>,<UNK>,5.312220271717028
6,936,were,317.41975308641975,5.760225040202542,they,<UNK>,4.792479284293085
6,937,ready,277.9024390243902,5.627270113336033,were,they,5.71042701737487
6,938,to,270.8414634146341,5.601533643846955,ready,were,5.695414224985685
6,939,call,289.6951219512195,5.668829066356769,to,ready,5.698769932832657
6,940,it,276.4146341463415,5.621902036028641,call,to,5.695414224985685
6,941,<UNK>,262.2682926829268,5.569367997686219,it,call,5.29162837839724
6,942,when,278.2682926829268,5.628585729892062,<UNK>,it,5.7120812774708964
6,943,suddenly,278.3658536585366,5.6289362688492925,when,<UNK>,5.705447753975262
6,944,mom,302.5853658536585,5.7123634388287545,suddenly,when,5.697093486505405
6,945,cried,314.4634146341463,5.750867740706529,mom,suddenly,5.695414224985685
6,946,<UNK>,297.0243902439024,5.693814257464211,cried,mom,5.695414224985685
6,947,<UNK>,323.9634146341463,5.78063059162079,<UNK>,cried,5.698769932832657
6,948,<UNK>,330.890243902439,5.801786730970522,<UNK>,<UNK>,2.4908413853078146
6,949,in,319.4024390243902,5.76645187202098,<UNK>,<UNK>,4.28260085453587
6,950,a,306.9878048780488,5.726808023273926,in,<UNK>,4.864452783918175
6,951,<UNK>,297.7073170731707,5.696110846400132,a,in,4.79081953287472
6,952,of,323.0243902439024,5.777727831962829,<UNK>,a,3.6417326756882344
6,953,the,299.1585365853659,5.700973655565834,of,<UNK>,3.1937348359100985
6,954,<UNK>,365.9512195121951,5.9025000444974705,the,of,3.2476875221067463
6,955,<UNK>,399.2926829268293,5.989694689150034,<UNK>,the,2.6426827112295754
6,956,hidden,366.0740740740741,5.902835701104172,<UNK>,<UNK>,6.2285110035911835
6,957,against,333.1341463414634,5.8085452507277004,hidden,<UNK>,5.697093486505405
6,958,a,321.280487804878,5.772314535379133,against,hidden,5.695414224985685
6,959,<UNK>,309.3780487804878,5.734563987918399,a,against,5.695414224985685
6,960,dark,314.0731707317073,5.749625986569476,<UNK>,a,5.487559366186565
6,961,<UNK>,325.0853658536585,5.784087812004648,dark,<UNK>,5.697093486505405
6,962,sat,347.75308641975306,5.85149270616245,<UNK>,dark,5.697093486505405
6,963,mr,332.34939759036143,5.806186817909933,sat,<UNK>,5.695414224985685
6,964,sticky,316.0240963855422,5.755818465064322,mr,sat,5.695414224985685
6,965,safe,329.0,5.796057750765372,sticky,mr,5.70877001616724
6,966,and,299.0121951219512,5.7004843589199865,safe,sticky,5.695414224985685
6,967,<UNK>,294.2560975609756,5.684450468307926,and,safe,5.29162837839724
6,968,you,308.1219512195122,5.73049565012573,<UNK>,and,5.831882477283517
6,969,i,292.0731707317073,5.677004355574808,you,<UNK>,5.71042701737487
6,970,can,346.39506172839504,5.847579920606279,i,you,5.697093486505405
6,971,always,394.1707317073171,5.976784144644336,can,i,5.697093486505405
6,972,<UNK>,339.5731707317073,5.827689448759516,always,can,5.695414224985685
6,973,on,354.719512195122,5.871327370684156,<UNK>,always,5.698769932832657
6,974,abby,407.01234567901236,6.0088435183462146,on,<UNK>,5.739792912179234
6,975,said,378.175,5.935357051448263,abby,on,5.697093486505405
6,976,to,318.75,5.7644070964726355,said,abby,5.698769932832657
6,977,her,337.71604938271605,5.8222054518254875,to,said,5.294978465282522
6,978,mom,306.6875,5.725829313850122,her,to,5.301645156640712
6,979,with,337.4875,5.82152847258966,mom,her,5.707110264748875
6,980,<UNK>,301.7625,5.709640284140361,with,mom,5.695414224985685
6,981,then,329.98765432098764,5.799055242612189,<UNK>,with,5.720311776607412
6,982,she,335.85,5.816664631712873,then,<UNK>,5.698769932832657
6,983,noticed,300.8,5.706445592075685,she,then,5.703782474656201
6,984,another,301.8,5.709764546333749,noticed,she,5.695414224985685
6,985,water,309.825,5.736007621950938,another,noticed,5.695414224985685
6,986,snail,296.8,5.693058511293225,water,another,5.695414224985685
6,987,was,308.7625,5.7325723729526175,snail,water,5.702114417555504
6,988,right,303.7625,5.716246146071401,was,snail,5.695414224985685
6,989,next,308.85,5.732855722141908,right,was,5.695414224985685
6,990,to,311.17721518987344,5.740362573652972,next,right,5.29162837839724
6,991,sticky,321.9,5.774240938304763,to,next,5.698769932832657
6,992,and,350.73417721518985,5.860028606675474,sticky,to,5.695414224985685
6,993,asked,327.55,5.791640715177885,and,sticky,5.695414224985685
6,994,where,310.2125,5.737257546513403,asked,and,5.697093486505405
6,995,this,303.9375,5.716822088164005,where,asked,5.695414224985685
6,996,new,294.3544303797468,5.684784586761532,this,where,5.695414224985685
6,997,<UNK>,299.9240506329114,5.703529278047683,new,this,5.695414224985685
6,998,to,326.6125,5.78877445292093,<UNK>,new,5.702114417555504
6,999,the,316.675,5.757876011369696,to,<UNK>,3.8741727812970486
6,1000,family,293.9873417721519,5.683536711215018,the,to,5.749392985908253
6,1001,could,279.05128205128204,5.631395571566415,family,the,5.695414224985685
6,1002,have,286.1666666666667,5.65657439166942,could,family,5.695414224985685
6,1003,come,298.1518987341772,5.697603083934473,have,could,5.698769932832657
6,1004,from,290.8205128205128,5.672706282444327,come,have,5.695414224985685
6,1005,im,322.4102564102564,5.77582482281336,from,come,5.695414224985685
6,1006,<UNK>,318.253164556962,5.762847181007755,im,from,5.695414224985685
6,1007,to,319.7721518987342,5.767608716866899,<UNK>,im,5.695414224985685
6,1008,<UNK>,317.4177215189873,5.760218639926838,to,<UNK>,3.145934280925833
6,1009,the,297.0,5.6937321388027,<UNK>,to,3.9482807534507702
6,1010,pond,290.0,5.66988092298052,the,<UNK>,5.901266279189834
6,1011,weed,309.9,5.736249664793703,pond,the,5.0056227522727115
6,1012,is,328.3125,5.79396589871418,weed,pond,5.698769932832657
6,1013,<UNK>,333.475,5.809567900027107,is,weed,5.695414224985685
6,1014,<UNK>,400.81481481481484,5.993499512198351,<UNK>,is,5.017279836814924
6,1015,you,368.55555555555554,5.909591461610833,<UNK>,<UNK>,5.823045895483019
6,1016,think,347.1012658227848,5.849616569714404,you,<UNK>,5.71042701737487
6,1017,replied,372.475,5.920169921473403,think,you,5.697093486505405
6,1018,mom,363.82278481012656,5.89666689416717,replied,think,5.695414224985685
6,1019,they,358.2375,5.881196174264237,mom,replied,5.695414224985685
6,1020,both,338.6625,5.825004036245027,they,mom,5.695414224985685
6,1021,<UNK>,299.9,5.703449085754963,both,they,5.697093486505405
6,1022,and,307.72151898734177,5.7291952148431475,<UNK>,both,5.695414224985685
6,1023,climbed,306.975,5.7267663110465765,and,<UNK>,5.498533413218542
6,1024,into,322.38461538461536,5.775745290463535,climbed,and,5.697093486505405
6,1025,abbys,312.2875,5.7439242378715925,into,climbed,5.695414224985685
6,1026,bed,301.35,5.708272379929054,abbys,into,5.695414224985685
6,1027,together,310.1,5.736894826106403,bed,abbys,5.695414224985685
6,1028,and,329.873417721519,5.798708998211815,together,bed,5.695414224985685
6,1029,though,321.1,5.771752601095469,and,together,5.695414224985685
6,1030,it,315.35,5.753683133109661,though,and,5.293304824724492
6,1031,was,289.5875,5.668457496596587,it,though,5.29162837839724
6,1032,<UNK>,339.3875,5.8271425224224265,was,it,4.523340167740459
6,1033,it,312.3375,5.744084333929568,<UNK>,was,5.780743515792329
6,1034,was,294.8875,5.68659392767295,it,<UNK>,4.474084779091829
6,1035,a,280.4625,5.636440026185896,was,it,4.523340167740459
6,1036,<UNK>,283.65,5.647741083772576,a,was,4.209655408733095
6,1037,of,273.3625,5.610798753214442,<UNK>,a,3.6417326756882344
6,1038,a,264.73417721518985,5.5787262176915124,of,<UNK>,4.61512051684126
6,1039,<UNK>,281.525,5.640221253583089,a,of,4.608497976080766
6,1040,<UNK>,359.59493670886076,5.884978222155902,<UNK>,a,2.8249715391611123
6,1041,up,349.49367088607596,5.8564854524571786,<UNK>,<UNK>,5.312220271717028
6,1042,mom,393.7974683544304,5.975836737424661,up,<UNK>,5.309916502391388
6,1043,said,357.7721518987342,5.87989633657196,mom,up,5.29162837839724
6,1044,<UNK>,333.34177215189874,5.809168306449267,said,mom,5.700443573390687
6,1045,abby,315.2692307692308,5.753426974631549,<UNK>,said,5.700443573390687
6,1046,a,292.87179487179486,5.679734953095162,abby,<UNK>,5.70877001616724
6,1047,<UNK>,280.4871794871795,5.636528017990145,a,abby,5.697093486505405
6,1048,with,287.825,5.662352656559728,<UNK>,a,5.487559366186565
6,1049,her,285.48148148148147,5.654177163529928,with,<UNK>,5.7477993600729755
6,1050,<UNK>,284.05,5.649150279003136,her,with,5.293304824724492
6,1051,i,333.85,5.810691790303878,<UNK>,her,5.731721843345443
6,1052,<UNK>,356.4125,5.876088767933353,i,<UNK>,5.0238805208462765
6,1053,because,347.8875,5.851879151647499,<UNK>,i,5.71042701737487
6,1054,im,331.6296296296296,5.8040187727965815,because,<UNK>,5.71042701737487
6,1055,already,344.7037037037037,5.842685218181382,im,because,5.695414224985685
6,1056,on,296.61728395061726,5.692442701608882,already,im,5.695414224985685
6,1057,the,292.425,5.678208223536771,on,already,5.695414224985685
6,1058,<UNK>,278.4177215189873,5.629122581315799,the,on,3.951243718581427
6,1059,good,329.5875,5.797841872558873,<UNK>,the,6.02707297457535
6,1060,<UNK>,358.9259259259259,5.8831160327302205,good,<UNK>,5.695414224985685
6,1061,<UNK>,321.9,5.774240938304763,<UNK>,good,5.2999826458670976
6,1062,grown,319.55,5.766913756096291,<UNK>,<UNK>,6.2285110035911835
6,1063,then,323.2875,5.778542020204153,grown,<UNK>,5.695414224985685
6,1064,when,335.2875,5.814988372729546,then,grown,5.695414224985685
6,1065,did,390.45,5.967299920108684,when,then,5.695414224985685
6,1066,that,329.6296296296296,5.797969689715902,did,when,5.695414224985685
6,1067,<UNK>,310.08641975308643,5.736851032026162,that,did,5.695414224985685
6,1068,you,315.641975308642,5.754608581739456,<UNK>,that,5.728475087246572
6,1069,<UNK>,310.320987654321,5.737607205822964,you,<UNK>,5.304961909266705
6,1070,put,339.8,5.828357209237832,<UNK>,you,5.703782474656201
6,1071,an,300.30864197530866,5.704810752381767,put,<UNK>,5.695414224985685
6,1072,<UNK>,344.60493827160496,5.842398654436898,an,put,5.697093486505405
6,1073,in,317.85185185185185,5.761585399547141,<UNK>,an,5.720311776607412
6,1074,<UNK>,308.58024691358025,5.731981929175232,in,<UNK>,3.9889840465642745
6,1075,last,303.25925925925924,5.714588080776851,<UNK>,in,5.738183901373533
6,1076,time,308.5432098765432,5.731861897966974,last,<UNK>,5.695414224985685
6,1077,we,306.2345679012346,5.724351370062711,time,last,5.695414224985685
6,1078,did,297.4567901234568,5.695268971154359,we,time,5.695414224985685
6,1079,this,290.6296296296296,5.672049706123144,did,we,5.695414224985685
6,1080,before,336.12345679012344,5.81747852339998,this,did,5.695414224985685
6,1081,i,313.91358024691357,5.749117725884101,before,this,5.695414224985685
6,1082,know,310.5679012345679,5.738402560990955,i,before,5.695414224985685
6,1083,it,326.2716049382716,5.787730178477338,know,i,5.697093486505405
6,1084,<UNK>,296.9,5.693395381769714,it,know,5.695414224985685
6,1085,be,302.2962962962963,5.711407649961422,<UNK>,it,5.7120812774708964
6,1086,all,284.7875,5.651743288125169,be,<UNK>,5.697093486505405
6,1087,grown,283.45,5.6470357407703125,all,be,5.695414224985685
6,1088,up,301.0365853658537,5.70723180342871,grown,all,5.695414224985685
6,1089,on,297.1951219512195,5.6943888993549985,up,grown,5.695414224985685
6,1090,her,318.0853658536585,5.762319792835662,on,up,5.697093486505405
6,1091,moms,316.4512195121951,5.757169104941792,her,on,5.700443573390687
6,1092,<UNK>,305.8395061728395,5.723060474728338,moms,her,5.697093486505405
6,1093,abby,305.0365853658537,5.720431721432936,<UNK>,moms,5.697093486505405
6,1094,then,314.7710843373494,5.751845658249911,abby,<UNK>,5.70877001616724
6,1095,put,328.28915662650604,5.793894795105872,then,abby,5.695414224985685
6,1096,her,311.30120481927713,5.740760947723649,put,then,5.695414224985685
6,1097,head,324.2261904761905,5.781441390974461,her,put,5.697093486505405
6,1098,and,333.4117647058824,5.809378256754355,head,her,5.695414224985685
6,1099,smiled,445.7294117647059,6.099712067823964,and,head,5.700443573390687
7,2,text,402.4375,5.997539805298402,the,smiled,5.695414224985685
7,3,message,380.67088607594934,5.94193518574898,text,the,5.697093486505405
7,4,said,403.87179487179486,6.001097488172089,message,text,5.697093486505405
7,5,that,371.126582278481,5.916543196539924,said,message,5.695414224985685
7,6,lucy,360.53846153846155,5.887598640461169,that,said,5.2999826458670976
7,7,<UNK>,400.76623376623377,5.993378299131434,lucy,that,5.698769932832657
7,8,was,501.17721518987344,6.216959761473536,<UNK>,lucy,5.707110264748875
7,9,a,387.79487179487177,5.960476518881177,was,<UNK>,5.728475087246572
7,10,<UNK>,419.96153846153845,6.040163131992585,a,was,4.209655408733095
7,11,it,460.52,6.132356285805463,<UNK>,a,5.487559366186565
7,12,said,374.5394736842105,5.925697201098851,it,<UNK>,5.726847747587197
7,13,she,373.97402597402595,5.924186345735509,said,it,5.700443573390687
7,14,was,328.6233766233766,5.794912343131801,she,said,5.697093486505405
7,15,<UNK>,367.46753246753246,5.90663496772294,was,she,4.332376726030061
7,16,had,376.42105263157896,5.93070833768691,<UNK>,was,5.780743515792329
7,17,no,385.0133333333333,5.953277965722741,had,<UNK>,5.71042701737487
7,18,<UNK>,340.18918918918916,5.829501901647281,no,had,5.0089672369955585
7,19,and,350.6666666666667,5.8598361046295455,<UNK>,no,5.71042701737487
7,20,the,364.9342105263158,5.899717092203004,and,<UNK>,3.958088372271393
7,21,world,366.85526315789474,5.904967391950627,the,and,5.736572297479192
7,22,<UNK>,355.7894736842105,5.874339189870569,world,the,5.296649309447339
7,23,her,360.18918918918916,5.886629418935502,<UNK>,world,5.697093486505405
7,24,at,370.80263157894734,5.915669930697119,her,<UNK>,5.734958092124651
7,25,least,358.3333333333333,5.881463651893654,at,her,5.695414224985685
7,26,that,339.64473684210526,5.827900179689501,least,at,5.698769932832657
7,27,was,350.86842105263156,5.860411284389072,that,least,5.695414224985685
7,28,what,310.4736842105263,5.738099144836635,was,that,5.7120812774708964
7,29,it,330.2631578947368,5.799889784833544,what,was,5.695414224985685
7,30,said,337.86842105263156,5.8226565328646975,it,what,5.702114417555504
7,31,to,307.7368421052632,5.72924500900923,said,it,5.700443573390687
7,32,lucy,362.4266666666667,5.892822154978982,to,said,5.700443573390687
7,33,it,399.07894736842104,5.9891592603962955,lucy,to,5.695414224985685
7,34,said,346.7894736842105,5.84871789174738,it,lucy,5.695414224985685
7,35,that,361.6842105263158,5.890771484497651,said,it,5.700443573390687
7,36,and,349.3421052631579,5.856051686383754,that,said,5.705447753975262
7,37,a,387.11842105263156,5.958730643774099,and,that,5.695414224985685
7,38,whole,376.88157894736844,5.931931023905851,a,and,5.70877001616724
7,39,<UNK>,322.8933333333333,5.777322031324191,whole,a,5.695414224985685
7,40,more,323.7105263157895,5.7798496791424,<UNK>,whole,5.698769932832657
7,41,that,339.55263157894734,5.82762896172546,more,<UNK>,5.697093486505405
7,42,she,338.4605263157895,5.824407472009723,that,more,5.695414224985685
7,43,was,315.44736842105266,5.753991848480714,she,that,5.020585624949423
7,44,<UNK>,365.38157894736844,5.900942229283312,was,she,4.332376726030061
7,45,to,352.17105263157896,5.864117002541151,<UNK>,was,4.864452783918175
7,46,<UNK>,380.38157894736844,5.94117490401858,to,<UNK>,3.145934280925833
7,47,the,400.1842105263158,5.991924967414073,<UNK>,to,3.9482807534507702
7,48,<UNK>,374.93333333333334,5.926748232388291,the,<UNK>,2.9055340056358423
7,49,text,367.32894736842104,5.906257760960095,<UNK>,the,6.02707297457535
7,50,of,334.4078947368421,5.812361489594672,text,<UNK>,5.695414224985685
7,51,the,339.9605263157895,5.828829511798981,of,text,5.695414224985685
7,52,<UNK>,356.9868421052632,5.877698924252407,the,of,3.2476875221067463
7,53,said,364.5584415584416,5.898686872090339,<UNK>,the,6.02707297457535
7,54,that,342.7763157894737,5.837078093874323,said,<UNK>,5.697093486505405
7,55,lucy,384.67105263157896,5.95238856032344,that,said,5.2999826458670976
7,56,better,357.2236842105263,5.878362151984898,lucy,that,5.698769932832657
7,57,not,349.72,5.85713283431269,better,lucy,5.695414224985685
7,58,show,353.0263157894737,5.866542603133339,not,better,5.695414224985685
7,59,up,341.4868421052632,5.833309148562153,show,not,5.695414224985685
7,60,at,344.7567567567568,5.842839115485724,up,show,5.695414224985685
7,61,the,337.67105263157896,5.82207220453347,at,up,5.0072963928307415
7,62,<UNK>,339.2763157894737,5.8268148661987285,the,at,4.470822133457013
7,63,<UNK>,361.36486486486484,5.8898881539103245,<UNK>,the,2.6426827112295754
7,64,because,404.73333333333335,6.003228414028224,<UNK>,<UNK>,5.312220271717028
7,65,it,361.9078947368421,5.891389745023227,because,<UNK>,5.71042701737487
7,66,was,338.2236842105263,5.823707464203274,it,because,5.695414224985685
7,67,going,321.2763157894737,5.77230154970882,was,it,5.776103136235827
7,68,to,321.89473684210526,5.774224587882513,going,was,4.784152841516532
7,69,be,300.4342105263158,5.70522879664917,to,going,5.298317366548036
7,70,<UNK>,331.8933333333333,5.804813632152798,be,to,4.620058798481842
7,71,enough,398.64473684210526,5.988070636408335,<UNK>,be,5.730099782973574
7,72,already,446.3333333333333,6.101066057023063,enough,<UNK>,5.697093486505405
7,73,lucy,463.29333333333335,6.138360402794646,already,enough,5.695414224985685
7,74,who,376.7236842105263,5.931511985592634,lucy,already,5.695414224985685
7,75,had,372.60526315789474,5.920519583558585,who,lucy,5.695414224985685
7,76,started,354.6533333333333,5.871140786541846,had,who,5.7120812774708964
7,77,<UNK>,387.0,5.958424693029782,started,had,5.695414224985685
7,78,these,380.61842105263156,5.941797353723993,<UNK>,started,5.695414224985685
7,79,messages,359.68,5.885214747265271,these,<UNK>,5.698769932832657
7,80,a,362.2894736842105,5.892443543336557,messages,these,5.695414224985685
7,81,few,345.2368421052632,5.844230680354644,a,messages,5.695414224985685
7,82,<UNK>,341.3421052631579,5.832885215614287,few,a,5.2999826458670976
7,83,ago,347.73333333333335,5.851435902504279,<UNK>,few,5.697093486505405
7,84,<UNK>,370.5394736842105,5.914959980718771,ago,<UNK>,5.697093486505405
7,85,the,359.55263157894734,5.884860568612102,<UNK>,ago,5.695414224985685
7,86,<UNK>,419.69736842105266,6.039533900177054,the,<UNK>,2.9055340056358423
7,87,<UNK>,379.9078947368421,5.939928841069633,<UNK>,the,2.6426827112295754
7,88,to,367.9736842105263,5.908011425314465,<UNK>,<UNK>,4.213607983048918
7,89,make,385.2236842105263,5.953824163523239,to,<UNK>,5.414617822244197
7,90,the,335.7236842105263,5.81628845321174,make,to,5.703782474656201
7,91,message,346.44,5.847709643462844,the,make,5.695414224985685
7,92,disappear,379.2162162162162,5.938106533749772,message,the,5.698769932832657
7,93,from,392.8421052631579,5.973407763360739,disappear,message,5.695414224985685
7,94,<UNK>,389.1066666666667,5.963853513399799,from,disappear,5.695414224985685
7,95,she,402.76,5.9983408510474145,<UNK>,from,5.707110264748875
7,96,only,374.67105263157896,5.926048448029052,she,<UNK>,5.725217755376266
7,97,wished,374.4736842105263,5.9255215313575125,only,she,5.695414224985685
7,98,it,353.88,5.868957872615185,wished,only,5.695414224985685
7,99,was,321.4868421052632,5.772956616262439,it,wished,5.695414224985685
7,100,as,309.5,5.734958092124651,was,it,5.776103136235827
7,101,<UNK>,351.05263157894734,5.860936159743229,as,was,5.0056227522727115
7,102,to,320.15584415584414,5.76880789022845,<UNK>,as,5.723585101952381
7,103,<UNK>,319.4025974025974,5.766452367878709,to,<UNK>,3.145934280925833
7,104,her,314.6363636363636,5.751417570836973,<UNK>,to,4.721470641684252
7,105,heart,327.1842105263158,5.790523347226552,her,<UNK>,5.734958092124651
7,106,and,345.52,5.845050528652446,heart,her,5.695414224985685
7,107,<UNK>,346.9736842105263,5.849248939061002,and,heart,5.695414224985685
7,108,the,328.0933333333333,5.79329812075219,<UNK>,and,4.445588116163626
7,109,<UNK>,343.32,5.838662956850019,the,<UNK>,2.9055340056358423
7,110,the,371.28,5.91695649493292,<UNK>,the,4.3223248823369245
7,111,message,440.61333333333334,6.088167695674626,the,<UNK>,5.495801171081669
7,112,had,360.26666666666665,5.886844497977879,message,the,5.698769932832657
7,113,left,364.0933333333333,5.897410245025659,had,message,5.697093486505405
7,114,there,349.0,5.855071922202427,left,had,5.695414224985685
7,115,was,405.3066666666667,6.004643982220096,there,left,5.695414224985685
7,116,that,385.94666666666666,5.95569919066124,was,there,5.705447753975262
7,117,another,358.97333333333336,5.883248105320811,that,was,5.705447753975262
7,118,one,354.9594594594595,5.872003584248499,another,that,5.695414224985685
7,119,of,330.92,5.801876654321982,one,another,5.695414224985685
7,120,those,330.14666666666665,5.799537000168792,of,one,5.713732805509369
7,121,messages,375.93333333333334,5.929411822704972,those,of,5.697093486505405
7,122,her,369.3333333333333,5.911699578639119,messages,those,5.695414224985685
7,123,mom,348.38666666666666,5.853312974058501,her,messages,5.695414224985685
7,124,asked,358.68,5.882430626083847,mom,her,5.707110264748875
7,125,who,387.4736842105263,5.9596479347725255,asked,mom,5.695414224985685
7,126,was,334.61842105263156,5.812990840990184,who,asked,5.695414224985685
7,127,<UNK>,367.80263157894734,5.907546467062915,was,who,4.335655417491759
7,128,the,335.2236842105263,5.814798023064487,<UNK>,was,5.375278407684165
7,129,car,365.11842105263156,5.9002217422029,the,<UNK>,5.901266279189834
7,130,lucy,451.69736842105266,6.113012416699493,car,the,5.698769932832657
7,131,<UNK>,371.83116883116884,5.9184399040252815,lucy,car,5.695414224985685
7,132,her,358.7236842105263,5.882552410266286,<UNK>,lucy,5.707110264748875
7,133,<UNK>,359.70666666666665,5.885288884493314,her,<UNK>,4.482195123629283
7,134,<UNK>,380.2133333333333,5.940732498701209,<UNK>,her,4.8154311114712876
7,135,was,359.26666666666665,5.884064916831287,<UNK>,<UNK>,4.975748035095815
7,136,<UNK>,368.32894736842104,5.908976417615801,was,<UNK>,4.342180726126682
7,137,as,369.85333333333335,5.913106530656054,<UNK>,was,5.375278407684165
7,138,she,382.6933333333333,5.947233972194566,as,<UNK>,5.339139361068292
7,139,<UNK>,380.4605263157895,5.941382430305987,she,as,4.457664048879502
7,140,<UNK>,445.12,6.098343908735078,<UNK>,she,5.321382639479033
7,141,im,440.5263157894737,6.08797018431708,<UNK>,<UNK>,6.2285110035911835
7,142,sorry,385.5394736842105,5.954643583829256,im,<UNK>,5.697093486505405
7,143,to,349.49333333333334,5.856484486623077,sorry,im,5.695414224985685
7,144,say,335.75,5.816366835403347,to,sorry,5.695414224985685
7,145,it,359.48,5.884658542790173,say,to,5.695414224985685
7,146,was,365.86842105263156,5.902273763443158,it,say,5.695414224985685
7,147,<UNK>,396.96,5.983835519943491,was,it,4.523340167740459
7,148,you,381.961038961039,5.945318611156423,<UNK>,was,5.780743515792329
7,149,reported,347.94666666666666,5.852049211324485,you,<UNK>,5.71042701737487
7,150,it,372.64473684210526,5.920625517632379,reported,you,5.695414224985685
7,151,<UNK>,333.4594594594595,5.809521297125359,it,reported,5.695414224985685
7,152,asked,363.5394736842105,5.895887884431829,<UNK>,it,5.7120812774708964
7,153,jill,363.5733333333333,5.895981018946365,asked,<UNK>,5.695414224985685
7,154,lucys,407.39473684210526,6.009782584814079,jill,asked,5.695414224985685
7,155,older,444.53333333333336,6.0970250427684745,lucys,jill,5.695414224985685
7,156,sister,387.17333333333335,5.9588724825073225,older,lucys,5.695414224985685
7,157,who,417.82666666666665,6.035066673477861,sister,older,5.697093486505405
7,158,was,374.0,5.924255797414532,who,sister,5.695414224985685
7,159,sitting,336.36486486486484,5.818196478128225,was,who,5.72194977861165
7,160,in,320.4,5.769570215194204,sitting,was,5.697093486505405
7,161,the,305.28,5.721229388259921,in,sitting,5.697093486505405
7,162,<UNK>,354.0394736842105,5.869408414499782,the,in,3.4431615807611875
7,163,<UNK>,380.60526315789474,5.941762783347346,<UNK>,the,2.6426827112295754
7,164,yes,397.4,5.984943330117717,<UNK>,<UNK>,6.2285110035911835
7,165,lucy,386.72,5.957700916955173,yes,<UNK>,5.695414224985685
7,166,replied,358.5263157894737,5.882002062616139,lucy,yes,5.695414224985685
7,167,<UNK>,357.0921052631579,5.877993746439912,replied,lucy,5.695414224985685
7,168,through,403.8666666666667,6.001084790484972,<UNK>,replied,5.695414224985685
7,169,her,357.14666666666665,5.878146528410757,through,<UNK>,5.700443573390687
7,170,<UNK>,342.82666666666665,5.837224974440983,her,through,5.695414224985685
7,171,that,398.76,5.988359732154503,<UNK>,her,5.731721843345443
7,172,lucy,346.67105263157896,5.848376355209138,that,<UNK>,5.777652323222656
7,173,should,373.89473684210526,5.923974305505565,lucy,that,5.698769932832657
7,174,not,360.50666666666666,5.88751044938804,should,lucy,5.695414224985685
7,175,let,336.6233766233766,5.818964728612527,not,should,5.695414224985685
7,176,the,334.89473684210526,5.813816264066352,let,not,5.695414224985685
7,177,messages,333.4266666666667,5.809422951121343,the,let,5.695414224985685
7,178,get,322.44736842105266,5.775939924223061,messages,the,5.700443573390687
7,179,to,309.28,5.734247015460021,get,messages,5.695414224985685
7,180,her,332.80263157894734,5.807549616304454,to,get,5.695414224985685
7,181,and,348.96,5.854957302453319,her,to,5.707110264748875
7,182,that,335.0263157894737,5.8142090833352595,and,her,5.698769932832657
7,183,the,348.26666666666665,5.852968469854057,that,and,5.303304908059076
7,184,<UNK>,347.02666666666664,5.849401626177589,the,that,3.874401013638562
7,185,was,353.8666666666667,5.868920194349888,<UNK>,the,4.522995577799075
7,186,only,321.05333333333334,5.7716072567849235,was,<UNK>,5.728475087246572
7,187,<UNK>,335.96,5.816992105257427,only,was,5.700443573390687
7,188,were,366.1333333333333,5.902997565785651,<UNK>,only,5.695414224985685
7,189,lucys,382.0933333333333,5.945664906861057,were,<UNK>,5.718671087149952
7,190,moms,383.4533333333333,5.949217927179561,lucys,were,5.695414224985685
7,191,<UNK>,420.13698630136986,6.040580815959906,moms,lucys,5.695414224985685
7,192,in,423.2567567567568,6.0479789848710706,<UNK>,moms,5.697093486505405
7,193,an,364.17105263157896,5.897623682068685,in,<UNK>,5.375278407684165
7,194,<UNK>,371.1095890410959,5.916497407239848,an,in,4.785823685681349
7,195,to,329.69736842105266,5.798175168308047,<UNK>,an,5.314846668499247
7,196,<UNK>,331.8933333333333,5.804813632152798,to,<UNK>,3.145934280925833
7,197,her,369.1066666666667,5.911085671825335,<UNK>,to,4.721470641684252
7,198,<UNK>,355.2,5.872681011118015,her,<UNK>,4.482195123629283
7,199,lucys,408.82666666666665,6.013291268334089,<UNK>,her,5.731721843345443
7,200,mom,349.85526315789474,5.8575195351201765,lucys,<UNK>,5.695414224985685
7,201,suddenly,382.32,5.946257954269902,mom,lucys,5.695414224985685
7,202,felt,331.0921052631579,5.802396600303837,suddenly,mom,5.695414224985685
7,203,<UNK>,369.17105263157896,5.911260093898202,felt,suddenly,5.695414224985685
7,204,for,385.89473684210526,5.955564629793155,<UNK>,felt,5.697093486505405
7,205,she,324.92,5.783578998182753,for,<UNK>,5.7430031878094825
7,206,had,324.3466666666667,5.781812902642072,she,for,5.293304824724492
7,207,been,347.50666666666666,5.8507838494731015,had,she,5.718671087149952
7,208,the,325.63157894736844,5.7857666163645485,been,had,5.715381610499553
7,209,one,314.4266666666667,5.750750874600309,the,been,5.697093486505405
7,210,to,305.7894736842105,5.7228968706795165,one,the,5.698769932832657
7,211,buy,322.26666666666665,5.775379360161218,to,one,5.695414224985685
7,212,the,339.25,5.826737298714979,buy,to,5.698769932832657
7,213,phone,333.26666666666665,5.80894297031136,the,buy,5.695414224985685
7,214,for,325.82894736842104,5.786372542338935,phone,the,5.698769932832657
7,215,lucy,320.6933333333333,5.770485318623149,for,phone,5.695414224985685
7,216,just,334.38157894736844,5.812282792813329,lucy,for,5.695414224985685
7,217,a,331.70666666666665,5.8042510442336,just,lucy,5.695414224985685
7,218,<UNK>,318.0657894736842,5.76225824651977,a,just,5.29162837839724
7,219,of,315.50666666666666,5.754179812238741,<UNK>,a,3.6417326756882344
7,220,months,313.4342105263158,5.747589483269888,of,<UNK>,5.867883485336628
7,221,ago,324.3157894736842,5.781717699990173,months,of,5.695414224985685
7,222,she,330.64473684210526,5.801044496383536,ago,months,5.695414224985685
7,223,then,319.16,5.76569254444008,she,ago,5.697093486505405
7,224,<UNK>,321.2631578947368,5.772260593797853,then,she,5.695414224985685
7,225,her,318.42105263157896,5.763374571858447,<UNK>,then,5.298317366548036
7,226,<UNK>,341.7894736842105,5.834194973496351,her,<UNK>,4.482195123629283
7,227,about,357.6,5.8794150432993595,<UNK>,her,5.731721843345443
7,228,the,317.4605263157895,5.760353484039116,about,<UNK>,5.017279836814924
7,229,phone,314.4605263157895,5.7508585557537275,the,about,5.700443573390687
7,230,was,323.2266666666667,5.778353831494147,phone,the,5.698769932832657
7,231,still,352.61842105263156,5.865386512083617,was,phone,5.695414224985685
7,232,<UNK>,343.05333333333334,5.837885925846239,still,was,5.0056227522727115
7,233,her,352.2105263157895,5.864229082940274,<UNK>,still,5.702114417555504
7,234,out,353.49333333333334,5.867864626130034,her,<UNK>,5.734958092124651
7,235,<UNK>,358.3333333333333,5.881463651893654,out,her,5.695414224985685
7,236,as,358.67105263157896,5.88240568050556,<UNK>,out,5.695414224985685
7,237,she,359.2763157894737,5.8840917742999235,as,<UNK>,5.339139361068292
7,238,<UNK>,338.9078947368421,5.825728373522681,she,as,4.457664048879502
7,239,i,384.94594594594594,5.953102924290362,<UNK>,she,5.726847747587197
7,240,never,364.1578947368421,5.8975875503323705,i,<UNK>,5.717027701406222
7,241,should,336.0135135135135,5.817151377944669,never,i,5.695414224985685
7,242,have,323.68,5.779755373419436,should,never,5.695414224985685
7,243,given,310.7972972972973,5.739140922501041,have,should,5.695414224985685
7,244,you,311.8378378378378,5.7424833021726105,given,have,5.695414224985685
7,245,that,302.6216216216216,5.712483251615972,you,given,5.695414224985685
7,246,phone,311.7162162162162,5.742093210496121,that,you,5.695414224985685
7,247,lucy,357.5131578947368,5.879172166756727,phone,that,5.695414224985685
7,248,no,365.3157894736842,5.900762156173143,lucy,phone,5.695414224985685
7,249,its,338.63157894736844,5.8249127286325315,no,lucy,5.695414224985685
7,250,fine,330.8,5.801513963149536,its,no,5.695414224985685
7,251,i,322.8157894736842,5.7770818493063665,fine,its,5.695414224985685
7,252,love,321.32,5.772437511305612,i,fine,5.695414224985685
7,253,it,310.38157894736844,5.737802440373295,love,i,5.695414224985685
7,254,said,324.36,5.781854010076357,it,love,5.695414224985685
7,255,lucy,346.9868421052632,5.84928686022291,said,it,5.700443573390687
7,256,<UNK>,333.61333333333334,5.809982637711471,lucy,said,5.695414224985685
7,257,that,320.4342105263158,5.769676983920924,<UNK>,lucy,5.301645156640712
7,258,<UNK>,324.48,5.782223900962764,that,<UNK>,3.905850146321065
7,259,the,383.61842105263156,5.949648363369925,<UNK>,that,4.812184355372417
7,260,phone,339.53333333333336,5.827572125782394,the,<UNK>,5.901266279189834
7,261,had,319.39473684210526,5.766427757379976,phone,the,5.698769932832657
7,262,been,321.0133333333333,5.771482659131351,had,phone,5.695414224985685
7,263,no,322.19736842105266,5.775164303177094,been,had,5.715381610499553
7,264,small,322.49333333333334,5.776082464187536,no,been,5.695414224985685
7,265,thing,313.2133333333333,5.746884534517455,small,no,5.695414224985685
7,266,for,324.47297297297297,5.782202244456607,thing,small,5.695414224985685
7,267,her,301.3333333333333,5.708217071724067,for,thing,5.695414224985685
7,268,mother,315.4594594594595,5.7540301775583975,her,for,5.697093486505405
7,269,it,400.36842105263156,5.992385175830861,mother,her,5.703782474656201
7,270,had,308.84,5.732823343440615,it,mother,5.695414224985685
7,271,been,297.2236842105263,5.694485000820944,had,it,5.296649309447339
7,272,nothing,313.8666666666667,5.748968267277958,been,had,5.715381610499553
7,273,but,318.62666666666667,5.764020093492067,nothing,been,5.695414224985685
7,274,<UNK>,319.3333333333333,5.766235489302751,but,nothing,5.697093486505405
7,275,though,324.30263157894734,5.781677127924035,<UNK>,but,5.700443573390687
7,276,lucy,379.6933333333333,5.93936390936261,though,<UNK>,5.698769932832657
7,277,did,344.7763157894737,5.8428958467245895,lucy,though,5.695414224985685
7,278,not,320.1842105263158,5.768896488061063,did,lucy,5.695414224985685
7,279,know,307.0657894736842,5.7270620225885525,not,did,5.2999826458670976
7,280,who,306.9736842105263,5.726762024729145,know,not,5.697093486505405
7,281,it,311.70666666666665,5.742062574631405,who,know,5.695414224985685
7,282,was,308.55263157894734,5.7318924335880945,it,who,5.695414224985685
7,283,that,294.8666666666667,5.686523276766117,was,it,5.082955955675882
7,284,was,354.4078947368421,5.870448494828303,that,was,5.705447753975262
7,285,<UNK>,309.88,5.7361851257637015,was,that,4.613468988802786
7,286,her,300.6842105263158,5.706060579558022,<UNK>,was,5.375278407684165
7,287,the,306.7866666666667,5.726152609183222,her,<UNK>,5.041810911564705
7,288,messages,312.4868421052632,5.744562363026847,the,her,5.698769932832657
7,289,and,349.55263157894734,5.856654141406118,messages,the,5.700443573390687
7,290,she,303.50666666666666,5.715403576211078,and,messages,5.697093486505405
7,291,did,299.02666666666664,5.700532755589978,she,and,5.703782474656201
7,292,not,300.05263157894734,5.703957897865141,did,she,5.294978465282522
7,293,know,296.49333333333334,5.692024733643121,not,did,5.2999826458670976
7,294,how,311.5131578947368,5.741441577767948,know,not,5.697093486505405
7,295,they,305.72,5.722669650374684,how,know,5.695414224985685
7,296,had,309.67105263157896,5.735510613548912,they,how,5.695414224985685
7,297,got,312.9605263157895,5.746077068580051,had,they,5.700443573390687
7,298,her,305.5733333333333,5.722189793450083,got,had,5.695414224985685
7,299,number,324.24,5.7814839823200534,her,got,5.695414224985685
7,300,but,352.0133333333333,5.863669053668593,number,her,5.695414224985685
7,301,<UNK>,337.1842105263158,5.820629399783191,but,number,5.695414224985685
7,302,it,310.11842105263156,5.736954227930057,<UNK>,but,5.700443573390687
7,303,was,309.4,5.734634938138965,it,<UNK>,4.474084779091829
7,304,he,304.3466666666667,5.718167402577235,was,it,5.776103136235827
7,305,or,360.50666666666666,5.88751044938804,he,was,5.695414224985685
7,306,she,316.14473684210526,5.756200136705461,or,he,5.695414224985685
7,307,had,296.42105263157896,5.691780918671438,she,or,5.695414224985685
7,308,slowly,301.9736842105263,5.71033987520236,had,she,5.718671087149952
7,309,taken,338.72,5.825173807386555,slowly,had,5.695414224985685
7,310,over,315.0,5.752572638825633,taken,slowly,5.695414224985685
7,311,lucys,304.9866666666667,5.720268059804852,over,taken,5.695414224985685
7,312,life,311.5,5.741399338227508,lucys,over,5.695414224985685
7,313,she,335.8666666666667,5.8167142558103455,life,lucys,5.695414224985685
7,314,was,299.5,5.702114417555504,she,life,5.697093486505405
7,315,getting,322.5394736842105,5.776225527766486,was,she,5.718671087149952
7,316,several,314.38157894736844,5.750607467704199,getting,was,5.697093486505405
7,317,<UNK>,303.5131578947368,5.71542496341396,several,getting,5.695414224985685
7,318,a,323.67105263157896,5.779727730401369,<UNK>,several,5.697093486505405
7,319,day,301.8421052631579,5.70990405039703,a,<UNK>,5.744604469176456
7,320,now,316.6,5.757639147446912,day,a,5.697093486505405
7,321,all,335.8493150684931,5.816662592313722,now,day,5.695414224985685
7,322,of,316.72972972972974,5.758048822614378,all,now,5.695414224985685
7,323,which,309.7027027027027,5.7356128137822235,of,all,5.698769932832657
7,324,were,300.74666666666667,5.706268271390762,which,of,5.695414224985685
7,325,<UNK>,331.74666666666667,5.804371625435136,were,which,5.698769932832657
7,326,and,360.46666666666664,5.887399488279795,<UNK>,were,5.321382639479033
7,327,<UNK>,301.2133333333333,5.707818762320912,and,<UNK>,2.645901983305224
7,328,lucy,343.48,5.839128885804284,<UNK>,and,5.831882477283517
7,329,<UNK>,370.35616438356163,5.914465149071853,lucy,<UNK>,5.0072963928307415
7,330,what,343.3421052631579,5.838727341539363,<UNK>,lucy,5.707110264748875
7,331,the,345.64,5.845397770973198,what,<UNK>,5.700443573390687
7,332,person,311.4533333333333,5.741249514270377,the,what,5.697093486505405
7,333,who,308.82894736842104,5.732787555235211,person,the,5.697093486505405
7,334,was,325.08,5.784071305885004,who,person,5.695414224985685
7,335,<UNK>,343.0263157894737,5.837807166641216,was,who,4.335655417491759
7,336,her,335.4736842105263,5.815543515810841,<UNK>,was,5.375278407684165
7,337,might,327.29333333333335,5.79085681262671,her,<UNK>,5.734958092124651
7,338,be,317.86842105263156,5.761637526878893,might,her,5.695414224985685
7,339,<UNK>,310.96,5.7396642865439675,be,might,5.293304824724492
7,340,or,334.2368421052632,5.811849849777934,<UNK>,be,5.32463467486541
7,341,<UNK>,344.53333333333336,5.8421908443602275,or,<UNK>,3.532875205637355
7,342,to,297.67105263157896,5.695989026584425,<UNK>,or,5.739792912179234
7,343,<UNK>,310.24,5.737346191494342,to,<UNK>,3.145934280925833
7,344,with,309.05333333333334,5.733513861788366,<UNK>,to,5.820082930352362
7,345,all,351.61842105263156,5.862546556510936,with,<UNK>,5.7477993600729755
7,346,of,306.49333333333334,5.725196004188106,all,with,5.293304824724492
7,347,their,337.2631578947368,5.820863509581755,of,all,5.698769932832657
7,348,<UNK>,314.04,5.749520366330055,their,of,5.698769932832657
7,349,messages,330.94736842105266,5.8019593549426025,<UNK>,their,5.70877001616724
7,350,as,362.70666666666665,5.893594426783476,messages,<UNK>,5.695414224985685
7,351,the,317.44,5.7602888240965076,as,messages,5.695414224985685
7,352,car,306.0921052631579,5.723886054253713,the,as,5.713732805509369
7,353,<UNK>,302.50666666666666,5.712103315795543,car,the,5.698769932832657
7,354,up,355.18666666666667,5.872643472875926,<UNK>,car,5.695414224985685
7,355,outside,303.3157894736842,5.714774472270226,up,<UNK>,5.715381610499553
7,356,the,328.35526315789474,5.794096141617379,outside,up,5.695414224985685
7,357,school,313.38666666666666,5.747437784877348,the,outside,5.698769932832657
7,358,which,379.5394736842105,5.9389586064046584,school,the,5.697093486505405
7,359,looked,349.85333333333335,5.857514019039423,which,school,5.695414224985685
7,360,like,306.82666666666665,5.726282984446874,looked,which,5.695414224985685
7,361,a,307.5135135135135,5.728519032666368,like,looked,5.695414224985685
7,362,large,298.8918918918919,5.700081942431136,a,like,5.702114417555504
7,363,<UNK>,313.85333333333335,5.748925785492017,large,a,5.0056227522727115
7,364,in,332.9864864864865,5.808101908035345,<UNK>,large,5.698769932832657
7,365,the,305.16,5.720836229222028,in,<UNK>,3.338396480423125
7,366,<UNK>,328.6756756756757,5.795071476336775,the,in,3.4431615807611875
7,367,of,335.1333333333333,5.814528462590365,<UNK>,the,3.0826339954089095
7,368,a,299.2432432432432,5.701256765213226,of,<UNK>,4.61512051684126
7,369,<UNK>,315.73333333333335,5.754897975461631,a,of,4.608497976080766
7,370,evening,335.9189189189189,5.816869818101287,<UNK>,a,5.893024474294729
7,371,lucy,393.8933333333333,5.976080145064235,evening,<UNK>,5.695414224985685
7,372,felt,363.14666666666665,5.894806793066547,lucy,evening,5.695414224985685
7,373,a,306.3466666666667,5.72471735831164,felt,lucy,5.695414224985685
7,374,<UNK>,326.9866666666667,5.789919395346268,a,felt,5.695414224985685
7,375,<UNK>,322.0,5.7745515455444085,<UNK>,a,2.8249715391611123
7,376,down,308.08,5.730359489506653,<UNK>,<UNK>,5.823045895483019
7,377,her,306.2162162162162,5.724291441377828,down,<UNK>,5.705447753975262
7,378,<UNK>,313.35135135135135,5.747325089255454,her,down,5.695414224985685
7,379,<UNK>,364.2567567567568,5.8978589946816,<UNK>,her,4.8154311114712876
7,380,by,344.04,5.840757929683279,<UNK>,<UNK>,4.975748035095815
7,381,jill,316.94520547945206,5.758728905559291,by,<UNK>,5.741399338227508
7,382,who,370.05333333333334,5.913647139394645,jill,by,5.695414224985685
7,383,did,342.35135135135135,5.835837552839408,who,jill,5.698769932832657
7,384,not,302.68918918918916,5.712706500785297,did,who,5.695414224985685
7,385,want,309.3918918918919,5.734608731887026,not,did,5.705447753975262
7,386,to,299.16,5.700978547323467,want,not,5.695414224985685
7,387,be,290.25333333333333,5.670754104864626,to,want,5.695414224985685
7,388,late,299.36986301369865,5.701679808982299,be,to,5.718671087149952
7,389,to,312.96,5.746075386846452,late,be,5.695414224985685
7,390,her,317.4109589041096,5.760197334604357,to,late,5.695414224985685
7,391,own,312.2133333333333,5.743686714835412,her,to,5.707110264748875
7,392,<UNK>,352.7837837837838,5.865855358744565,own,her,5.29162837839724
7,393,lucy,382.64,5.947094599372042,<UNK>,own,5.698769932832657
7,394,<UNK>,469.9054054054054,6.152531409352685,lucy,<UNK>,5.0072963928307415
7,395,<UNK>,382.7866666666667,5.94747782790287,<UNK>,lucy,5.707110264748875
7,396,out,378.8933333333333,5.937254723077824,<UNK>,<UNK>,4.975748035095815
7,397,of,310.4594594594595,5.73805332750118,out,<UNK>,4.628235458919088
7,398,the,285.16,5.653050426249428,of,out,4.795790545596741
7,399,car,300.0933333333333,5.704093537382286,the,of,5.8126368795682835
7,400,and,304.82666666666665,5.719743309049413,car,the,5.698769932832657
7,401,walked,320.8783783783784,5.771062167779053,and,car,5.695414224985685
7,402,<UNK>,307.5733333333333,5.728713541198993,walked,and,5.29162837839724
7,403,the,290.0810810810811,5.6701604738373,<UNK>,walked,5.697093486505405
7,404,school,314.70666666666665,5.751640988042569,the,<UNK>,5.901266279189834
7,405,it,373.31081081081084,5.922411345615885,school,the,5.697093486505405
7,406,was,306.8,5.726196069493101,it,school,5.695414224985685
7,407,jill,305.1756756756757,5.720887596613134,was,it,5.776103136235827
7,408,who,293.41333333333336,5.681582308893548,jill,was,5.695414224985685
7,409,in,305.5945945945946,5.722259369291021,who,jill,5.698769932832657
7,410,her,300.9864864864865,5.7070653683473145,in,who,5.695414224985685
7,411,<UNK>,320.1621621621622,5.768827624192686,her,in,5.0106352940962555
7,412,year,316.7027027027027,5.7579634874605095,<UNK>,her,5.731721843345443
7,413,of,308.61333333333334,5.732089144871713,year,<UNK>,5.695414224985685
7,414,high,333.8243243243243,5.810614879526414,of,year,5.695414224985685
7,415,school,330.37333333333333,5.800223328139373,high,of,5.695414224985685
7,416,had,346.3918918918919,5.847570769635734,school,high,5.695414224985685
7,417,<UNK>,330.93243243243245,5.801914222915296,had,school,5.695414224985685
7,418,<UNK>,326.68918918918916,5.789009227117325,<UNK>,had,4.817050545023591
7,419,in,318.05405405405406,5.762221349637049,<UNK>,<UNK>,4.28260085453587
7,420,<UNK>,364.4054054054054,5.89826699898985,in,<UNK>,3.9889840465642745
7,421,<UNK>,339.7162162162162,5.828110610901518,<UNK>,in,4.485420932878165
7,422,this,323.6575342465753,5.779685963715084,<UNK>,<UNK>,5.823045895483019
7,423,years,338.81333333333333,5.825449316588337,this,<UNK>,5.700443573390687
7,424,school,330.9864864864865,5.802077548218832,years,this,5.695414224985685
7,425,<UNK>,336.3918918918919,5.818276825227738,school,years,5.695414224985685
7,426,show,333.64864864864865,5.8100884891350555,<UNK>,school,5.695414224985685
7,427,and,325.3783783783784,5.784988746290802,show,<UNK>,5.695414224985685
7,428,she,319.5405405405405,5.766884153218889,and,show,5.695414224985685
7,429,took,307.7733333333333,5.7293635813076875,she,and,5.703782474656201
7,430,her,316.85135135135135,5.758432740716566,took,she,5.695414224985685
7,431,<UNK>,333.64864864864865,5.8100884891350555,her,took,5.695414224985685
7,432,very,323.52702702702703,5.779282656129809,<UNK>,her,5.731721843345443
7,433,<UNK>,335.97297297297297,5.817030719147491,very,<UNK>,5.293304824724492
7,434,lucy,373.40277777777777,5.922657670227723,<UNK>,very,5.707110264748875
7,435,<UNK>,341.2837837837838,5.832714341697983,lucy,<UNK>,5.0072963928307415
7,436,behind,368.7567567567568,5.910137230894312,<UNK>,lucy,5.707110264748875
7,437,jill,342.8,5.837147186723625,behind,<UNK>,5.702114417555504
7,438,<UNK>,390.8493150684931,5.968322102249537,jill,behind,5.695414224985685
7,439,on,360.18666666666667,5.886622415584399,<UNK>,jill,5.697093486505405
7,440,the,327.02666666666664,5.7900417170116265,on,<UNK>,3.948033442951179
7,441,<UNK>,331.29333333333335,5.803004186354618,the,on,3.951243718581427
7,442,<UNK>,382.7567567567568,5.947399687567495,<UNK>,the,2.6426827112295754
7,443,<UNK>,381.0933333333333,5.943044314505429,<UNK>,<UNK>,2.4908413853078146
7,444,that,342.7567567567568,5.837021031615753,<UNK>,<UNK>,4.213607983048918
7,445,had,325.4864864864865,5.785320944616256,that,<UNK>,5.777652323222656
7,446,<UNK>,305.3333333333333,5.721404076006021,had,that,5.294978465282522
7,447,belonged,326.7162162162162,5.789091953788451,<UNK>,had,5.733341276897745
7,448,to,322.8767123287671,5.7772705547817855,belonged,<UNK>,5.695414224985685
7,449,jill,309.85333333333335,5.736099067243855,to,belonged,5.697093486505405
7,450,in,370.56756756756755,5.915035796712431,jill,to,5.695414224985685
7,451,order,360.44,5.887325507366836,in,jill,5.697093486505405
7,452,to,306.32876712328766,5.724658927558922,order,in,5.0056227522727115
7,453,keep,328.7808219178082,5.7953913339803265,to,order,5.293304824724492
7,454,her,336.9189189189189,5.819842304724571,keep,to,5.293304824724492
7,455,<UNK>,321.5733333333333,5.773225615127227,her,keep,5.697093486505405
7,456,as,333.9054054054054,5.810857735514007,<UNK>,her,5.731721843345443
7,457,the,322.4189189189189,5.775851690421075,as,<UNK>,4.8283137373023015
7,458,<UNK>,327.4,5.791182664937034,the,as,4.327438444389479
7,459,fell,323.2027027027027,5.7782796889346955,<UNK>,the,5.621607866467185
7,460,all,304.81333333333333,5.719699567387661,fell,<UNK>,5.697093486505405
7,461,around,314.0810810810811,5.749651172578649,all,fell,5.695414224985685
7,462,them,320.0405405405405,5.768447676958564,around,all,5.697093486505405
7,463,as,338.5810810810811,5.824763594189656,them,around,5.695414224985685
7,464,the,331.1066666666667,5.802440579254352,as,them,5.697093486505405
7,465,<UNK>,318.2432432432432,5.762816006240394,the,as,4.327438444389479
7,466,entered,321.2,5.7720639820726065,<UNK>,the,6.02707297457535
7,467,the,332.1506849315069,5.805588736224153,entered,<UNK>,5.695414224985685
7,468,hall,313.46666666666664,5.747693027997805,the,entered,5.697093486505405
7,469,where,334.2837837837838,5.811990284273984,hall,the,5.697093486505405
7,470,the,330.18666666666667,5.799658151102812,where,hall,5.695414224985685
7,471,show,301.77027027027026,5.709666033430717,the,where,5.695414224985685
7,472,was,306.3466666666667,5.72471735831164,show,the,5.698769932832657
7,473,to,303.2837837837838,5.714668947336345,was,show,5.695414224985685
7,474,take,312.8933333333333,5.745862344386285,to,was,5.700443573390687
7,475,place,315.05405405405406,5.752744224275608,take,to,5.698769932832657
7,476,jill,320.0810810810811,5.768574342077271,place,take,5.695414224985685
7,477,<UNK>,307.0405405405405,5.7269797927468336,jill,place,5.695414224985685
7,478,with,313.1216216216216,5.746591682548579,<UNK>,jill,5.697093486505405
7,479,<UNK>,365.3972602739726,5.900985146033949,with,<UNK>,4.138361447638875
7,480,while,344.3243243243243,5.84158401648193,<UNK>,with,5.720311776607412
7,481,lucy,342.58666666666664,5.836524667055245,while,<UNK>,5.697093486505405
7,482,<UNK>,345.0405405405405,5.843661918940901,lucy,while,5.695414224985685
7,483,that,329.9189189189189,5.798846924025575,<UNK>,lucy,5.301645156640712
7,484,she,306.2432432432432,5.7243796987363424,that,<UNK>,5.084505142662711
7,485,had,306.77027027027026,5.726099162158461,she,that,5.020585624949423
7,486,<UNK>,307.9866666666667,5.730056491993244,had,she,5.313205979041787
7,487,her,323.9864864864865,5.780701806547469,<UNK>,had,5.327876168789581
7,488,mother,297.37333333333333,5.694988364011647,her,<UNK>,5.734958092124651
7,489,she,315.0933333333333,5.752868891234851,mother,her,5.703782474656201
7,490,would,302.9054054054054,5.7134205633853705,she,mother,5.695414224985685
7,491,<UNK>,308.53333333333336,5.731829887211357,would,she,5.293304824724492
7,492,in,323.52054794520546,5.779262629528761,<UNK>,would,5.703782474656201
7,493,the,298.36,5.698300811086963,in,<UNK>,3.338396480423125
7,494,show,302.7260273972603,5.712828196464914,the,in,5.389071729816501
7,495,to,344.96,5.843428468280577,show,the,5.698769932832657
7,496,<UNK>,334.67123287671234,5.813148655544407,to,show,5.695414224985685
7,497,your,319.8,5.767695800399854,<UNK>,to,5.820082930352362
7,498,<UNK>,308.55405405405406,5.7318970437313315,your,<UNK>,5.695414224985685
7,499,would,310.7972972972973,5.739140922501041,<UNK>,your,5.697093486505405
7,500,be,305.4594594594595,5.721817067545564,would,<UNK>,5.0072963928307415
7,501,a,299.85333333333335,5.703293466222175,be,would,5.707110264748875
7,502,real,314.9054054054054,5.752272293426168,a,be,5.697093486505405
7,503,<UNK>,293.35135135135135,5.6813710419791255,real,a,5.695414224985685
7,504,for,312.2739726027397,5.743880919806499,<UNK>,real,5.695414224985685
7,505,you,293.9066666666667,5.6832622566200275,for,<UNK>,5.7430031878094825
7,506,have,291.18918918918916,5.6739731905962545,you,for,5.695414224985685
7,507,such,299.3333333333333,5.70155777963409,have,you,5.697093486505405
7,508,a,300.5810810810811,5.70571753814956,such,have,5.695414224985685
7,509,beautiful,314.88,5.752191613863888,a,such,5.697093486505405
7,510,voice,331.6081081081081,5.803953874434186,beautiful,a,5.698769932832657
7,511,her,319.5,5.766757273817589,voice,beautiful,5.695414224985685
7,512,mother,306.88,5.726456791695074,her,voice,5.695414224985685
7,513,had,311.8918918918919,5.742656627417866,mother,her,5.298317366548036
7,514,<UNK>,305.9866666666667,5.723541528018301,had,mother,5.697093486505405
7,515,two,303.32,5.714788353832735,<UNK>,had,5.733341276897745
7,516,months,312.68918918918916,5.745209691397939,two,<UNK>,5.700443573390687
7,517,back,329.7027027027027,5.798191347504513,months,two,5.695414224985685
7,518,when,301.027397260274,5.707201281404987,back,months,5.695414224985685
7,519,the,299.5405405405405,5.702249769131429,when,back,5.695414224985685
7,520,<UNK>,304.4931506849315,5.71864859325142,the,when,5.01396308418893
7,521,was,320.67123287671234,5.77041640163648,<UNK>,the,4.522995577799075
7,522,first,301.69444444444446,5.709414731823926,was,<UNK>,5.728475087246572
7,523,announced,313.5890410958904,5.7480833423806015,first,was,5.695414224985685
7,524,lucy,320.52777777777777,5.769968942738558,announced,first,5.695414224985685
7,525,had,315.18918918918916,5.753173059137877,lucy,announced,5.695414224985685
7,526,been,289.83561643835617,5.669313922398329,had,lucy,5.702114417555504
7,527,<UNK>,299.55405405405406,5.702294882252588,been,had,4.462618642004185
7,528,it,319.24657534246575,5.76596376765845,<UNK>,been,5.7120812774708964
7,529,for,314.1756756756757,5.749952306133656,it,<UNK>,5.726847747587197
7,530,she,289.4864864864865,5.668108617120406,for,it,5.695414224985685
7,531,did,301.5342465753425,5.708883597031258,she,for,5.698769932832657
7,532,love,312.88,5.745819730447258,did,she,5.700443573390687
7,533,to,290.52054794520546,5.671674306820471,love,did,5.695414224985685
7,534,<UNK>,293.0133333333333,5.6802181142388,to,love,5.695414224985685
7,535,that,300.55405405405406,5.705627618178275,<UNK>,to,5.414617822244197
7,536,very,305.72,5.722669650374684,that,<UNK>,5.777652323222656
7,537,night,297.7567567567568,5.696276900695841,very,that,5.695414224985685
7,538,the,314.14666666666665,5.749859968150188,night,very,5.695414224985685
7,539,first,297.2432432432432,5.694550804423535,the,night,5.695414224985685
7,540,text,322.4054054054054,5.775809776637721,first,the,5.717027701406222
7,541,message,355.18918918918916,5.872650574813589,text,first,5.695414224985685
7,542,had,316.6081081081081,5.757664757062471,message,text,5.697093486505405
7,543,come,310.68,5.738763443551447,had,message,5.697093486505405
7,544,through,321.05479452054794,5.771611808003484,come,had,5.697093486505405
7,545,how,334.4,5.812337881210547,through,come,5.695414224985685
7,546,<UNK>,317.36486486486484,5.760052105256926,how,through,5.695414224985685
7,547,it,306.1066666666667,5.723933625089131,<UNK>,how,5.29162837839724
7,548,feel,293.5733333333333,5.682127466094038,it,<UNK>,5.726847747587197
7,549,to,293.32,5.681264163225599,feel,it,5.695414224985685
7,550,be,285.5810810810811,5.654525985557982,to,feel,5.695414224985685
7,551,<UNK>,279.02666666666664,5.631307356704359,be,to,4.620058798481842
7,552,and,307.35135135135135,5.727991560126666,<UNK>,be,5.0369526024136295
7,553,<UNK>,318.1066666666667,5.762386756305581,and,<UNK>,2.645901983305224
7,554,like,328.4054054054054,5.794248837264387,<UNK>,and,5.831882477283517
7,555,a,314.50666666666666,5.751005273584084,like,<UNK>,5.702114417555504
7,556,<UNK>,350.88,5.860444284669578,a,like,4.785823685681349
7,557,it,351.64,5.862607924982978,<UNK>,a,5.487559366186565
7,558,had,313.02666666666664,5.746288383929198,it,<UNK>,5.321382639479033
7,559,asked,315.46666666666664,5.754053023996067,had,it,5.702114417555504
7,560,taking,342.972602739726,5.837650568581346,asked,had,5.697093486505405
7,561,lucy,393.2162162162162,5.974359629071164,taking,asked,5.695414224985685
7,562,by,313.1506849315069,5.746684496200411,lucy,taking,5.695414224985685
7,563,<UNK>,318.1756756756757,5.762603669473485,by,lucy,5.695414224985685
7,564,one,331.75342465753425,5.80439199616592,<UNK>,by,5.7120812774708964
7,565,of,306.94520547945206,5.726669247876785,one,<UNK>,5.012300573415317
7,566,the,302.041095890411,5.710563087224269,of,one,4.104294893075269
7,567,popular,326.22972972972974,5.787601825610073,the,of,5.8126368795682835
7,568,girls,320.81944444444446,5.7708784865134986,popular,the,5.695414224985685
7,569,lucy,315.75342465753425,5.754961607276403,girls,popular,5.695414224985685
7,570,had,311.5810810810811,5.741659596752443,lucy,girls,5.695414224985685
7,571,always,307.7945205479452,5.729432419257839,had,lucy,5.296649309447339
7,572,known,298.86301369863014,5.699985320243633,always,had,5.700443573390687
7,573,she,302.6621621621622,5.712617207098301,known,always,5.695414224985685
7,574,wasnt,367.4246575342466,5.906518284122495,she,known,5.695414224985685
7,575,but,370.7432432432432,5.915509756288906,wasnt,she,5.695414224985685
7,576,before,422.1917808219178,6.045459667725716,but,wasnt,5.695414224985685
7,577,the,398.5,5.98770749823027,before,but,5.697093486505405
7,578,messages,365.041095890411,5.900009938725124,the,before,5.697093486505405
7,579,began,344.7808219178082,5.842908916354612,messages,the,5.700443573390687
7,580,lucy,343.94520547945206,5.840482358289031,began,messages,5.695414224985685
7,581,had,324.3783783783784,5.781910668905233,lucy,began,5.695414224985685
7,582,always,302.7916666666667,5.71304500026869,had,lucy,5.296649309447339
7,583,been,290.4864864864865,5.6715570570911575,always,had,5.0072963928307415
7,584,quite,291.9178082191781,5.676472283944272,been,always,5.698769932832657
7,585,<UNK>,311.5135135135135,5.741442719352387,quite,been,5.695414224985685
7,586,of,293.46666666666664,5.681764060984197,<UNK>,quite,5.697093486505405
7,587,being,304.7808219178082,5.7195929016157665,of,<UNK>,5.867883485336628
7,588,a,296.2837837837838,5.691317724036214,being,of,5.697093486505405
7,589,little,308.8918918918919,5.732991351253373,a,being,5.697093486505405
7,590,<UNK>,361.1066666666667,5.889173390219516,little,a,5.2999826458670976
7,591,but,344.6986301369863,5.842670499441776,<UNK>,little,5.70877001616724
7,592,text,334.56164383561645,5.812821149093696,but,<UNK>,5.730099782973574
7,593,by,325.6756756756757,5.785902026274576,text,but,5.695414224985685
7,594,text,313.7671232876712,5.748651065172451,by,text,5.695414224985685
7,595,lucys,339.44594594594594,5.827314717668372,text,by,5.695414224985685
7,596,<UNK>,357.29333333333335,5.878557106398348,lucys,text,5.695414224985685
7,597,had,332.3333333333333,5.806138481293728,<UNK>,lucys,5.695414224985685
7,598,<UNK>,324.64864864864865,5.782743516458996,had,<UNK>,5.71042701737487
7,599,and,346.4266666666667,5.847671156019368,<UNK>,had,5.327876168789581
7,600,in,328.13513513513516,5.793425520899751,and,<UNK>,5.903998521326706
7,601,the,295.2763157894737,5.687911581637246,in,and,5.697093486505405
7,602,end,288.9594594594595,5.6662863995854655,the,in,5.794536837924666
7,603,it,331.97333333333336,5.805054644405421,end,the,5.698769932832657
7,604,had,300.7808219178082,5.706381833120946,it,end,5.695414224985685
7,605,taken,284.96,5.652348819541351,had,it,5.296649309447339
7,606,some,299.14864864864865,5.700940602522307,taken,had,5.698769932832657
7,607,<UNK>,298.14666666666665,5.697585535451835,some,taken,5.695414224985685
7,608,to,317.86486486486484,5.761626339206812,<UNK>,some,5.702114417555504
7,609,get,303.88,5.716632886635021,to,<UNK>,5.414617822244197
7,610,her,311.9864864864865,5.742959874328155,get,to,5.700443573390687
7,611,to,295.8933333333333,5.689999029018303,her,get,5.695414224985685
7,612,<UNK>,310.97297297297297,5.7397060047790145,to,her,5.695414224985685
7,613,to,294.53333333333336,5.685392182877853,<UNK>,to,5.126935749792416
7,614,<UNK>,291.4189189189189,5.6747618158777735,to,<UNK>,3.145934280925833
7,615,in,284.7733333333333,5.65169354219518,<UNK>,to,5.414617822244197
7,616,the,280.8783783783784,5.637921758482568,in,<UNK>,3.338396480423125
7,617,show,291.3333333333333,5.674468086987425,the,in,5.389071729816501
7,618,now,319.1081081081081,5.765529942262885,show,the,5.698769932832657
7,619,however,330.62666666666667,5.80098984355764,now,show,5.695414224985685
7,620,lucy,294.1081081081081,5.683947414401646,however,now,5.695414224985685
7,621,had,290.3466666666667,5.6710756113549365,lucy,however,5.695414224985685
7,622,no,287.1081081081081,5.659858828135789,had,lucy,5.702114417555504
7,623,<UNK>,286.85333333333335,5.65897105145564,no,had,5.0089672369955585
7,624,but,271.9866666666667,5.6057530454866535,<UNK>,no,5.71042701737487
7,625,to,269.4864864864865,5.596518246184568,but,<UNK>,5.730099782973574
7,626,make,266.58666666666664,5.585699393990815,to,but,5.695414224985685
7,627,her,291.7567567567568,5.675920430304683,make,to,5.703782474656201
7,628,way,286.4657534246575,5.657618994715612,her,make,5.695414224985685
7,629,towards,279.06666666666666,5.631450701903735,way,her,5.695414224985685
7,630,the,291.8,5.676068636088686,towards,way,5.695414224985685
7,631,<UNK>,285.7837837837838,5.655235524151172,the,towards,5.698769932832657
7,632,where,282.94594594594594,5.64525587567513,<UNK>,the,5.621607866467185
7,633,jill,303.77027027027026,5.716271725828251,where,<UNK>,5.700443573390687
7,634,was,288.25333333333333,5.663839723118154,jill,where,5.695414224985685
7,635,<UNK>,296.63513513513516,5.69250288234797,was,jill,5.695414224985685
7,636,<UNK>,361.52,5.890317365103024,<UNK>,was,4.075995423553904
7,637,to,334.46666666666664,5.8125372233820425,<UNK>,<UNK>,4.213607983048918
7,638,her,319.31081081081084,5.766164956995398,to,<UNK>,5.820082930352362
7,639,she,349.88,5.857590238551654,her,to,5.707110264748875
7,640,was,312.77027027027026,5.745468960261201,she,her,5.698769932832657
7,641,the,289.97333333333336,5.669788964729501,was,she,5.718671087149952
7,642,first,298.36,5.698300811086963,the,was,5.318119993844216
7,643,<UNK>,300.16438356164383,5.704330269794523,first,the,4.618415412738112
7,644,lucy,357.36986301369865,5.878771276320764,<UNK>,first,5.703782474656201
7,645,announced,350.05333333333334,5.858085523827042,lucy,<UNK>,5.700443573390687
7,646,by,339.72972972972974,5.8281503889400685,announced,lucy,5.695414224985685
7,647,her,318.25333333333333,5.762847711328724,by,announced,5.695414224985685
7,648,sister,327.3918918918919,5.791157899486488,her,by,5.698769932832657
7,649,to,324.0,5.780743515792329,sister,her,5.695414224985685
7,650,the,310.4054054054054,5.737879202478974,to,sister,5.695414224985685
7,651,audience,312.0133333333333,5.7430459219391015,the,to,5.749392985908253
7,652,was,327.2027027027027,5.790579864788312,audience,the,5.698769932832657
7,653,all,304.3066666666667,5.718035964867567,was,audience,5.695414224985685
7,654,nerves,295.7432432432432,5.6894916564208255,all,was,5.697093486505405
7,655,as,310.46666666666664,5.738076541880167,nerves,all,5.695414224985685
7,656,she,322.52702702702703,5.776186937459374,as,nerves,5.29162837839724
7,657,walked,298.73333333333335,5.699551313683933,she,as,5.71042701737487
7,658,out,286.45205479452056,5.6575711741384085,walked,she,5.695414224985685
7,659,onto,287.88,5.662543726639604,out,walked,5.695414224985685
7,660,the,284.31081081081084,5.65006804400085,onto,out,5.695414224985685
7,661,<UNK>,294.9866666666667,5.686930157578258,the,onto,5.29162837839724
7,662,of,295.56,5.688871861920447,<UNK>,the,3.0826339954089095
7,663,the,288.3918918918919,5.664320290909801,of,<UNK>,3.1937348359100985
7,664,<UNK>,297.16,5.694270714283606,the,of,3.2476875221067463
7,665,where,307.3333333333333,5.727932934888484,<UNK>,the,5.621607866467185
7,666,there,284.8783783783784,5.6520623466561375,where,<UNK>,5.700443573390687
7,667,was,281.8,5.64119759946458,there,where,5.29162837839724
7,668,nothing,289.36486486486484,5.667688400002047,was,there,5.705447753975262
7,669,but,284.8,5.651787179537821,nothing,was,5.695414224985685
7,670,a,300.22972972972974,5.704547947372958,but,nothing,5.697093486505405
7,671,<UNK>,295.49333333333334,5.68864627595996,a,but,5.294978465282522
7,672,and,320.05405405405406,5.768489900447497,<UNK>,a,4.388947077518456
7,673,her,298.36486486486484,5.698317116306173,and,<UNK>,5.903998521326706
7,674,she,385.4864864864865,5.954506137879198,her,and,5.697093486505405
7,675,heard,339.37333333333333,5.827100779687805,she,her,5.698769932832657
7,676,the,307.3378378378378,5.727947591520244,heard,she,5.0056227522727115
7,677,audience,316.43243243243245,5.757109735167552,the,heard,5.702114417555504
7,678,<UNK>,305.17333333333335,5.720879921193636,audience,the,5.698769932832657
7,679,and,313.75342465753425,5.74860740562956,<UNK>,audience,5.695414224985685
7,680,could,284.9866666666667,5.6524423955485315,and,<UNK>,5.903998521326706
7,681,feel,302.63513513513516,5.712527905437231,could,and,5.697093486505405
7,682,a,292.96,5.6800360809262,feel,could,5.695414224985685
7,683,<UNK>,288.5753424657534,5.664956204248096,a,feel,5.695414224985685
7,684,of,286.31081081081084,5.6570779718201205,<UNK>,a,3.6417326756882344
7,685,<UNK>,299.3378378378378,5.701572827976891,of,<UNK>,2.923444506170187
7,686,<UNK>,322.7945205479452,5.777015961493187,<UNK>,of,3.8239721273054115
7,687,from,367.5,5.906723318652891,<UNK>,<UNK>,5.312220271717028
7,688,the,316.5890410958904,5.75760453249498,from,<UNK>,3.858297606071983
7,689,other,298.5135135135135,5.698815203209993,the,from,5.723585101952381
7,690,<UNK>,312.13698630136986,5.7434421501096695,other,the,5.309916502391388
7,691,of,296.43243243243245,5.691819308597926,<UNK>,other,5.703782474656201
7,692,the,281.7808219178082,5.641129541498612,of,<UNK>,3.1937348359100985
7,693,heavy,278.4594594594595,5.629272481300844,the,of,5.8126368795682835
7,694,<UNK>,362.2328767123288,5.892287310828435,heavy,the,5.695414224985685
7,695,as,353.7972972972973,5.868724142627252,<UNK>,heavy,5.698769932832657
7,696,the,324.4657534246575,5.782179994133049,as,<UNK>,4.8283137373023015
7,697,<UNK>,306.7432432432432,5.726011056431532,the,as,4.327438444389479
7,698,began,319.4931506849315,5.766735835981953,<UNK>,the,6.02707297457535
7,699,to,310.3243243243243,5.737617958083358,began,<UNK>,5.29162837839724
7,700,part,323.35616438356163,5.778754391831996,to,began,5.703782474656201
7,701,she,313.5945945945946,5.748101051703321,part,to,5.695414224985685
7,702,<UNK>,311.05479452054794,5.739969084828886,she,part,5.695414224985685
7,703,a,341.6575342465753,5.8338088735127585,<UNK>,she,5.726847747587197
7,704,<UNK>,305.9864864864865,5.723540939168352,a,<UNK>,3.4420193761824103
7,705,look,309.67123287671234,5.735511195602285,<UNK>,a,5.893024474294729
7,706,at,294.63513513513516,5.685737760783878,look,<UNK>,5.697093486505405
7,707,jill,294.013698630137,5.683626360233274,at,look,5.695414224985685
7,708,in,314.4594594594595,5.750855163092168,jill,at,5.695414224985685
7,709,the,301.85135135135135,5.709934682129387,in,jill,5.697093486505405
7,710,wings,326.2739726027397,5.78773743517955,the,in,5.794536837924666
7,711,who,366.9054054054054,5.905104063892138,wings,the,5.697093486505405
7,712,<UNK>,320.9864864864865,5.771399024070924,who,wings,5.695414224985685
7,713,her,357.32876712328766,5.878656274308102,<UNK>,who,5.700443573390687
7,714,with,285.63513513513516,5.654715245080667,her,<UNK>,5.734958092124651
7,715,a,301.5342465753425,5.708883597031258,with,her,5.697093486505405
7,716,<UNK>,314.5405405405405,5.751112972572391,a,with,4.456007047671872
7,717,<UNK>,313.82191780821915,5.748825684284957,<UNK>,a,2.8249715391611123
7,718,up,354.1095890410959,5.869606438788184,<UNK>,<UNK>,5.312220271717028
7,719,lucy,369.2083333333333,5.911361073699357,up,<UNK>,5.715381610499553
7,720,thought,316.05479452054794,5.7559155989362845,lucy,up,5.695414224985685
7,721,to,319.8082191780822,5.7677215010642175,thought,lucy,5.695414224985685
7,722,herself,300.56756756756755,5.7056725791746175,to,thought,5.697093486505405
7,723,that,300.4864864864865,5.70540278286919,herself,to,5.697093486505405
7,724,she,307.56756756756755,5.728694795036097,that,herself,5.695414224985685
7,725,could,288.86301369863014,5.665952574695624,she,that,5.713732805509369
7,726,not,287.7260273972603,5.662008733609359,could,she,5.0106352940962555
7,727,go,288.3378378378378,5.664132840700714,not,could,5.707110264748875
7,728,through,293.73972602739724,5.682694089620839,go,not,5.697093486505405
7,729,with,293.06756756756755,5.680403188464237,through,go,5.695414224985685
7,730,this,277.6575342465753,5.626388463089573,with,through,5.695414224985685
7,731,and,295.77027027027026,5.689583039039915,this,with,5.697093486505405
7,732,that,296.9178082191781,5.6934553605003515,and,this,5.695414224985685
7,733,she,284.3918918918919,5.650353188000501,that,and,5.70877001616724
7,734,<UNK>,291.67123287671234,5.675627253144257,she,that,5.020585624949423
7,735,her,312.8378378378378,5.74568496631021,<UNK>,she,5.033700567027251
7,736,older,278.0,5.627621113690637,her,<UNK>,5.734958092124651
7,737,sister,294.63013698630135,5.685720796781178,older,her,5.695414224985685
7,738,was,291.22222222222223,5.674086625987187,sister,older,5.697093486505405
7,739,not,286.54794520547944,5.6579058701658225,was,sister,5.695414224985685
7,740,<UNK>,290.36486486486484,5.671138286873559,not,was,4.79081953287472
7,741,enough,295.2027027027027,5.687662248181367,<UNK>,not,5.720311776607412
7,742,to,291.93243243243245,5.676522379712806,enough,<UNK>,5.697093486505405
7,743,put,275.52054794520546,5.61866221000483,to,enough,5.695414224985685
7,744,herself,282.47297297297297,5.6435828751176125,put,to,5.697093486505405
7,745,before,293.3013698630137,5.681200646490786,herself,put,5.695414224985685
7,746,the,284.2027027027027,5.649687725479509,before,herself,5.695414224985685
7,747,<UNK>,287.45205479452056,5.6610560803983185,the,before,5.697093486505405
7,748,audience,344.1081081081081,5.840955875757759,<UNK>,the,6.02707297457535
7,749,the,343.3243243243243,5.838675552379236,audience,<UNK>,5.695414224985685
7,750,<UNK>,339.63380281690144,5.82786798663594,the,audience,5.697093486505405
7,751,looked,305.2837837837838,5.721241782653053,<UNK>,the,6.02707297457535
7,752,up,294.68918918918916,5.685921204948575,looked,<UNK>,5.695414224985685
7,753,at,291.75,5.675897271166665,up,looked,5.29162837839724
7,754,her,290.5405405405405,5.671743120911584,at,up,5.700443573390687
7,755,and,289.17808219178085,5.667042699693975,her,at,5.697093486505405
7,756,lucy,292.7972972972973,5.679480551502538,and,her,5.698769932832657
7,757,was,285.4594594594595,5.654100020622654,lucy,and,5.695414224985685
7,758,ready,320.16438356164383,5.768834562525936,was,lucy,5.697093486505405
7,759,to,288.4109589041096,5.664386403662879,ready,was,5.695414224985685
7,760,<UNK>,296.93150684931504,5.693501495537614,to,ready,5.698769932832657
7,761,when,329.3972602739726,5.797264500386463,<UNK>,to,5.820082930352362
7,762,the,305.47297297297297,5.721861306524536,when,<UNK>,5.2999826458670976
7,763,first,313.8082191780822,5.748782032365357,the,when,5.707110264748875
7,764,<UNK>,295.5733333333333,5.688916973006504,first,the,4.618415412738112
7,765,of,306.4054054054054,5.724909079373374,<UNK>,first,5.703782474656201
7,766,the,292.5068493150685,5.678488082859523,of,<UNK>,3.1937348359100985
7,767,<UNK>,289.0945945945946,5.666753951492243,the,of,3.2476875221067463
7,768,<UNK>,301.81081081081084,5.709800366801567,<UNK>,the,2.6426827112295754
7,769,out,290.6575342465753,5.672145715870825,<UNK>,<UNK>,4.975748035095815
7,770,and,300.027397260274,5.703873794687313,out,<UNK>,5.321382639479033
7,771,a,313.55555555555554,5.74797655507654,and,out,5.698769932832657
7,772,<UNK>,307.2739726027397,5.727739768519634,a,and,4.61015772749913
7,773,<UNK>,307.72972972972974,5.729221896866803,<UNK>,a,2.8249715391611123
7,774,<UNK>,307.3611111111111,5.7280233140290395,<UNK>,<UNK>,2.4908413853078146
7,775,over,315.22972972972974,5.753301673744386,<UNK>,<UNK>,5.823045895483019
7,776,her,316.3611111111111,5.756884317818241,over,<UNK>,5.703782474656201
7,777,she,328.4864864864865,5.794495700051076,her,over,5.697093486505405
7,778,<UNK>,307.52054794520546,5.728541907600077,she,her,5.698769932832657
7,779,her,292.4054054054054,5.678141214043349,<UNK>,she,5.033700567027251
7,780,eyes,289.17808219178085,5.667042699693975,her,<UNK>,5.734958092124651
7,781,and,283.02702702702703,5.645542394945512,eyes,her,5.698769932832657
7,782,shut,289.85135135135135,5.669368210018625,and,eyes,5.697093486505405
7,783,<UNK>,300.3888888888889,5.705077931485841,shut,and,5.695414224985685
7,784,out,296.2191780821918,5.691099646807892,<UNK>,shut,5.695414224985685
7,785,including,322.9594594594595,5.777526802835889,out,<UNK>,5.726847747587197
7,786,the,321.73972602739724,5.773742914427633,including,out,5.695414224985685
7,787,audience,302.0405405405405,5.710561248565925,the,including,5.697093486505405
7,788,the,301.4931506849315,5.708747298446281,audience,the,5.698769932832657
7,789,nerves,306.05405405405406,5.7237617335875655,the,audience,5.697093486505405
7,790,that,307.5890410958904,5.728764609870334,nerves,the,5.695414224985685
7,791,<UNK>,284.6756756756757,5.6513505521923175,that,nerves,5.695414224985685
7,792,to,301.28767123287673,5.708065526722489,<UNK>,that,5.728475087246572
7,793,take,303.05479452054794,5.7139136291615955,to,<UNK>,5.414617822244197
7,794,over,278.27027027027026,5.628592836631738,take,to,5.698769932832657
7,795,the,306.94520547945206,5.726669247876785,over,take,5.695414224985685
7,796,text,285.6621621621622,5.6548098614115165,the,over,5.702114417555504
7,797,messages,306.52054794520546,5.725284793733405,text,the,5.697093486505405
7,798,and,333.31081081081084,5.809075420463669,messages,text,5.695414224985685
7,799,the,299.7671232876712,5.703005917505969,and,messages,5.697093486505405
7,800,way,286.68918918918916,5.658398664432255,the,and,5.331107189371028
7,801,they,296.6027397260274,5.692393666768477,way,the,5.700443573390687
7,802,made,292.64383561643837,5.6789562915018434,they,way,5.695414224985685
7,803,her,295.7260273972603,5.6894334425901425,made,they,5.695414224985685
7,804,feel,286.7945205479452,5.658766003061591,her,made,5.695414224985685
7,805,it,306.13698630136986,5.724032669430648,feel,her,5.695414224985685
7,806,was,291.28767123287673,5.674311339804635,it,feel,5.695414224985685
7,807,just,283.8783783783784,5.648545901291511,was,it,5.3706380281276624
7,808,her,279.63013698630135,5.633467790625192,just,was,5.700443573390687
7,809,and,271.3378378378378,5.603364678564582,her,just,5.695414224985685
7,810,the,283.0405405405405,5.6455901401769655,and,her,5.698769932832657
7,811,<UNK>,283.2191780821918,5.646221078743501,the,and,4.031824205240767
7,812,and,280.14864864864865,5.635320350328943,<UNK>,the,4.081162825520036
7,813,it,280.24657534246575,5.635669841868562,and,<UNK>,5.2108513407667605
7,814,was,281.75342465753425,5.641032307797334,it,and,5.0089672369955585
7,815,a,268.43243243243245,5.592599233983833,was,it,4.523340167740459
7,816,love,284.09589041095893,5.649311823464983,a,was,5.713732805509369
7,817,story,290.1081081081081,5.670253640092549,love,a,5.695414224985685
7,818,that,287.63013698630135,5.661675408209258,story,love,5.695414224985685
7,819,had,285.72972972972974,5.655046363079955,that,story,5.695414224985685
7,820,been,277.0,5.6240175061873385,had,that,5.294978465282522
7,821,going,280.22972972972974,5.6356097300936705,been,had,5.715381610499553
7,822,on,271.7808219178082,5.604995939690473,going,been,5.695414224985685
7,823,her,272.3783783783784,5.607192196596319,on,going,5.695414224985685
7,824,whole,317.8082191780822,5.76144811650601,her,on,5.700443573390687
7,825,life,281.52702702702703,5.640228453724212,whole,her,5.695414224985685
7,826,she,310.4246575342466,5.737941223086533,life,whole,5.697093486505405
7,827,began,272.958904109589,5.609321249456411,she,life,5.697093486505405
7,828,to,282.4864864864865,5.643630713996279,began,she,5.695414224985685
7,829,<UNK>,288.4189189189189,5.664414002839398,to,began,4.787491742782046
7,830,and,275.2432432432432,5.617655227593018,<UNK>,to,5.126935749792416
7,831,all,267.94520547945206,5.590782502440417,and,<UNK>,5.903998521326706
7,832,the,270.1756756756757,5.599072398067663,all,and,5.0056227522727115
7,833,<UNK>,271.63013698630135,5.604441350450414,the,all,5.018934096910951
7,834,and,283.0821917808219,5.645737285797441,<UNK>,the,4.081162825520036
7,835,confusion,279.8378378378378,5.634210284817622,and,<UNK>,5.498533413218542
7,836,that,279.93150684931504,5.634544954849987,confusion,and,5.697093486505405
7,837,the,276.5068493150685,5.62223559213865,that,confusion,5.695414224985685
7,838,messages,272.52702702702703,5.607737790935672,the,that,5.746203190540153
7,839,had,289.93150684931504,5.669644711806633,messages,the,5.700443573390687
7,840,been,291.31081081081084,5.674390775569264,had,messages,5.695414224985685
7,841,<UNK>,284.7027027027027,5.65144548739911,been,had,4.462618642004185
7,842,<UNK>,303.63013698630135,5.715810306030763,<UNK>,been,5.306616169362732
7,843,her,315.8918918918919,5.755400040786311,<UNK>,<UNK>,5.823045895483019
7,844,just,296.82191780821915,5.693132355629398,her,<UNK>,5.734958092124651
7,845,<UNK>,284.68918918918916,5.651398020922301,just,her,5.695414224985685
7,846,out,298.31081081081084,5.698135932267991,<UNK>,just,5.695414224985685
7,847,the,331.7837837837838,5.804483503095402,out,<UNK>,4.810557015713042
7,848,words,291.6575342465753,5.675580286044702,the,out,5.700443573390687
7,849,were,293.8767123287671,5.6831603335681145,words,the,5.697093486505405
7,850,not,281.7837837837838,5.641140052683827,were,words,5.695414224985685
7,851,important,291.86301369863014,5.676284561022752,not,were,5.695414224985685
7,852,for,294.2567567567568,5.684452708516534,important,not,5.695414224985685
7,853,it,282.0821917808219,5.642198488687517,for,important,5.695414224985685
7,854,was,280.3918918918919,5.636188238522282,it,for,5.695414224985685
7,855,the,301.7945205479452,5.709746390264174,was,it,4.389808775115936
7,856,<UNK>,282.6216216216216,5.644108976954365,the,was,4.33729074083249
7,857,behind,283.4109589041096,5.646897995895352,<UNK>,the,6.02707297457535
7,858,them,282.55405405405406,5.643869874067254,behind,<UNK>,5.702114417555504
7,859,that,299.041095890411,5.700581008395599,them,behind,5.695414224985685
7,860,she,278.3972602739726,5.629049087441916,that,them,5.695414224985685
7,861,<UNK>,276.7837837837838,5.623236637431213,she,that,5.020585624949423
7,862,onto,309.2739726027397,5.7342275267895815,<UNK>,she,5.726847747587197
7,863,lucy,302.6621621621622,5.712617207098301,onto,<UNK>,5.697093486505405
7,864,was,305.5890410958904,5.722241196361053,lucy,onto,5.695414224985685
7,865,in,314.0135135135135,5.749436021649443,was,lucy,5.697093486505405
7,866,the,296.02777777777777,5.690453293764846,in,was,5.29162837839724
7,867,heart,272.97297297297297,5.609372790185127,the,in,5.794536837924666
7,868,of,292.55555555555554,5.67865458216009,heart,the,5.697093486505405
7,869,the,296.4583333333333,5.691906680176007,of,heart,5.695414224985685
7,870,<UNK>,306.3972602739726,5.724882496161879,the,of,3.2476875221067463
7,871,with,300.31944444444446,5.70484672295784,<UNK>,the,5.333925794015404
7,872,the,295.52054794520546,5.688738370622213,with,<UNK>,4.243721963296701
7,873,rest,285.86301369863014,5.655512722993892,the,with,5.713732805509369
7,874,of,279.55555555555554,5.633201040484112,rest,the,5.0056227522727115
7,875,the,256.86301369863014,5.548542922161327,of,rest,5.698769932832657
7,876,world,269.9861111111111,5.598370517346058,the,of,5.8126368795682835
7,877,<UNK>,292.93055555555554,5.679935569169559,world,the,5.296649309447339
7,878,away,310.4657534246575,5.738073600361961,<UNK>,world,5.697093486505405
7,879,when,312.44444444444446,5.744426675594336,away,<UNK>,5.702114417555504
7,880,the,307.1232876712329,5.727249255477759,when,away,5.29162837839724
7,881,<UNK>,296.8888888888889,5.693357957320317,the,when,5.01396308418893
7,882,<UNK>,292.68055555555554,5.679081760181157,<UNK>,the,2.6426827112295754
7,883,and,303.32394366197184,5.714801355403139,<UNK>,<UNK>,3.487670979665982
7,884,the,280.0945945945946,5.635127383952735,and,<UNK>,3.958088372271393
7,885,last,290.24657534246575,5.670730821516027,the,and,5.736572297479192
7,886,<UNK>,279.6756756756757,5.6336306306616954,last,the,5.697093486505405
7,887,<UNK>,287.7808219178082,5.662199155394187,<UNK>,last,5.29162837839724
7,888,away,290.2432432432432,5.670719341213992,<UNK>,<UNK>,6.2285110035911835
7,889,she,294.013698630137,5.683626360233274,away,<UNK>,5.702114417555504
7,890,opened,289.73972602739724,5.668983023532183,she,away,5.695414224985685
7,891,her,293.05405405405406,5.680357076827957,opened,she,5.695414224985685
7,892,eyes,296.32876712328766,5.691469537694299,her,opened,5.695414224985685
7,893,to,301.5890410958904,5.709065299584679,eyes,her,5.698769932832657
7,894,see,290.986301369863,5.673276191733094,to,eyes,5.695414224985685
7,895,the,292.24657534246575,5.677597882037037,see,to,5.698769932832657
7,896,whole,300.3835616438356,5.70506019683423,the,see,5.697093486505405
7,897,audience,294.2027027027027,5.684268994742077,whole,the,5.698769932832657
7,898,on,292.0135135135135,5.676800080353303,audience,whole,5.695414224985685
7,899,their,284.47945205479454,5.650661026194588,on,audience,5.695414224985685
7,900,feet,280.9054054054054,5.638017977091321,their,on,5.695414224985685
7,901,and,279.13698630136986,5.631702651652545,feet,their,5.695414224985685
7,902,the,297.47297297297297,5.6953233737091615,and,feet,5.697093486505405
7,903,hall,286.5945945945946,5.6580686547646915,the,and,5.736572297479192
7,904,<UNK>,287.2972972972973,5.660517558691769,hall,the,5.697093486505405
7,905,with,291.16438356164383,5.673887999644499,<UNK>,hall,5.695414224985685
7,906,<UNK>,305.6027397260274,5.722286022324258,with,<UNK>,4.138361447638875
7,907,and,284.5068493150685,5.650757328197744,<UNK>,with,5.720311776607412
7,908,<UNK>,276.34722222222223,5.621658126563193,and,<UNK>,2.645901983305224
7,909,was,283.35616438356163,5.646704637747121,<UNK>,and,5.831882477283517
7,910,not,312.1756756756757,5.743566092412018,was,<UNK>,5.728475087246572
7,911,what,305.7808219178082,5.722868577067269,not,was,5.707110264748875
7,912,lucy,297.63013698630135,5.69585156458685,what,not,5.695414224985685
7,913,had,309.13513513513516,5.733778511831037,lucy,what,5.695414224985685
7,914,expected,323.3783783783784,5.77882308769825,had,lucy,5.702114417555504
7,915,lucy,320.72,5.770568468334251,expected,had,5.695414224985685
7,916,<UNK>,303.5135135135135,5.715426135088264,lucy,expected,5.695414224985685
7,917,herself,297.16,5.694270714283606,<UNK>,lucy,5.707110264748875
7,918,to,300.77027027027026,5.706346751653466,herself,<UNK>,5.698769932832657
7,919,<UNK>,290.6533333333333,5.6721312626291045,to,herself,5.695414224985685
7,920,the,287.2162162162162,5.6602352987284705,<UNK>,to,3.9482807534507702
7,921,<UNK>,286.0405405405405,5.6561335509160005,the,<UNK>,2.9055340056358423
7,922,of,283.29333333333335,5.646482874379329,<UNK>,the,3.0826339954089095
7,923,<UNK>,278.8783783783784,5.630775766989954,of,<UNK>,2.923444506170187
7,924,and,294.26666666666665,5.684486385714472,<UNK>,of,4.517119307865356
7,925,<UNK>,284.2054794520548,5.649697495744748,and,<UNK>,2.645901983305224
7,926,that,307.28767123287673,5.727784348685925,<UNK>,and,4.733270188615407
7,927,she,301.06849315068496,5.707337790858478,that,<UNK>,5.084505142662711
7,928,had,297.0135135135135,5.6937776378131035,she,that,5.020585624949423
7,929,not,317.56164383561645,5.7606719533002995,had,she,5.313205979041787
7,930,felt,300.5135135135135,5.705492723059025,not,had,5.702114417555504
7,931,in,313.1232876712329,5.7465970033091525,felt,not,5.695414224985685
7,932,a,271.44594594594594,5.6037630254303785,in,felt,5.695414224985685
7,933,very,268.63013698630135,5.593335478042,a,in,5.707110264748875
7,934,long,263.93243243243245,5.575693132632722,very,a,5.695414224985685
7,935,time,286.35616438356163,5.657236366052057,long,very,5.695414224985685
7,936,then,293.45205479452056,5.681714269176184,time,long,5.695414224985685
7,937,she,291.1621621621622,5.673880370249968,then,time,5.695414224985685
7,938,saw,277.09589041095893,5.624363621051483,she,then,5.703782474656201
7,939,her,271.63513513513516,5.604459750849227,saw,she,5.700443573390687
7,940,mother,289.97222222222223,5.669785132952188,her,saw,5.698769932832657
7,941,who,277.7945205479452,5.626881705676272,mother,her,5.703782474656201
7,942,was,286.5068493150685,5.657762442727908,who,mother,5.695414224985685
7,943,<UNK>,276.2567567567568,5.621330711380838,was,who,4.335655417491759
7,944,the,280.6849315068493,5.637232800084554,<UNK>,was,5.375278407684165
7,945,<UNK>,281.6621621621622,5.640708346237501,the,<UNK>,2.9055340056358423
7,946,of,275.3918918918919,5.618195144655242,<UNK>,the,3.0826339954089095
7,947,all,277.2162162162162,5.624797765663186,of,<UNK>,5.462418377228463
7,948,in,282.0,5.641907070938114,all,of,5.700443573390687
7,949,the,267.8082191780822,5.59027112426512,in,all,5.695414224985685
7,950,<UNK>,272.2054794520548,5.606557220257425,the,in,3.4431615807611875
7,951,and,303.94444444444446,5.716844936167662,<UNK>,the,4.081162825520036
7,952,jill,269.5890410958904,5.596898729457854,and,<UNK>,5.903998521326706
7,953,who,287.6027397260274,5.661580151969902,jill,and,5.695414224985685
7,954,was,289.68055555555554,5.66877878328058,who,jill,5.698769932832657
7,955,<UNK>,281.09589041095893,5.638695858136315,was,who,4.335655417491759
7,956,at,295.3150684931507,5.6880428151931826,<UNK>,was,5.780743515792329
7,957,her,271.56756756756755,5.604210976063755,at,<UNK>,5.72194977861165
7,958,with,291.40277777777777,5.674706426240645,her,at,5.697093486505405
7,959,<UNK>,277.0821917808219,5.624314183404705,with,her,5.697093486505405
7,960,from,284.0,5.648974238161206,<UNK>,with,5.720311776607412
7,961,the,278.6575342465753,5.62998355203715,from,<UNK>,3.858297606071983
7,962,wings,289.8918918918919,5.669508066898646,the,from,5.723585101952381
7,963,she,326.47945205479454,5.788367012753807,wings,the,5.697093486505405
7,964,knew,283.9054054054054,5.648641103119457,she,wings,5.695414224985685
7,965,she,280.4657534246575,5.636451626331325,knew,she,5.695414224985685
7,966,<UNK>,283.7972972972973,5.648260241415258,she,knew,5.695414224985685
7,967,them,293.1506849315069,5.680686759861552,<UNK>,she,5.726847747587197
7,968,big,334.0810810810811,5.811383721243598,them,<UNK>,5.703782474656201
7,969,time,289.36986301369865,5.667705672678433,big,them,5.695414224985685
7,970,for,285.06756756756755,5.652726231354269,time,big,5.695414224985685
7,971,<UNK>,301.85135135135135,5.709934682129387,for,time,5.697093486505405
7,972,her,317.2567567567568,5.759711404261338,<UNK>,for,5.70877001616724
7,973,what,294.3150684931507,5.6846508550607044,her,<UNK>,5.734958092124651
7,974,she,287.7972972972973,5.662256403503326,what,her,5.695414224985685
7,975,was,283.6216216216216,5.647641031602433,she,what,5.695414224985685
7,976,<UNK>,282.2328767123288,5.642732534094068,was,she,4.332376726030061
7,977,of,271.3918918918919,5.603563871832509,<UNK>,was,5.375278407684165
7,978,and,281.05405405405406,5.638547014016009,of,<UNK>,5.867883485336628
7,979,who,278.3783783783784,5.628981261573503,and,of,5.695414224985685
7,980,she,298.13698630136986,5.6975530664574245,who,and,5.695414224985685
7,981,really,294.97297297297297,5.6868837351019526,she,who,5.695414224985685
7,982,was,292.31081081081084,5.6778176567593315,really,she,5.695414224985685
7,983,the,279.47297297297297,5.632905590148507,was,really,5.695414224985685
7,984,next,281.31081081081084,5.639460146363489,the,was,5.723585101952381
7,985,time,281.16438356164383,5.638939493172238,next,the,5.705447753975262
7,986,her,283.5810810810811,5.647498082563522,time,next,5.695414224985685
7,987,phone,272.94594594594594,5.6092737753823325,her,time,5.695414224985685
7,988,<UNK>,297.61842105263156,5.69581219974165,phone,her,5.695414224985685
7,989,she,337.61842105263156,5.82191632596256,<UNK>,phone,5.695414224985685
7,990,would,344.3421052631579,5.8416356552378605,she,<UNK>,5.725217755376266
7,991,<UNK>,340.13157894736844,5.8293325396502444,would,she,5.293304824724492
7,992,the,300.4342105263158,5.70522879664917,<UNK>,would,5.703782474656201
7,993,message,328.75,5.795297583491974,the,<UNK>,5.495801171081669
7,994,straight,350.3333333333333,5.858885082208841,message,the,5.698769932832657
7,995,into,324.5,5.782285536144145,straight,message,5.695414224985685
7,996,<UNK>,350.54794520547944,5.859497488005443,into,straight,5.697093486505405
7,997,where,383.72972972972974,5.949938475955107,<UNK>,into,5.698769932832657
7,998,it,347.0263157894737,5.849400615081313,where,<UNK>,5.700443573390687
7,999,belonged,442.42105263157896,6.092262036398622,it,where,5.697093486505405
8,2,roswell,456.9342105263158,6.124539421070031,the,belonged,5.695414224985685
8,3,ufo,426.2236842105263,6.054964288769344,roswell,the,5.296649309447339
8,4,incident,458.9594594594595,6.1289618825420495,ufo,roswell,5.697093486505405
8,5,was,372.82894736842104,5.921119728317389,incident,ufo,5.695414224985685
8,6,the,387.77027027027026,5.960413077338293,was,incident,5.697093486505405
8,7,<UNK>,411.11842105263156,6.018881302076851,the,was,4.33729074083249
8,8,<UNK>,444.18666666666667,6.096244894500742,<UNK>,the,2.6426827112295754
8,9,of,385.3972602739726,5.9542746471692505,<UNK>,<UNK>,3.9259259105971376
8,10,<UNK>,507.375,6.2292503751590615,of,<UNK>,2.923444506170187
8,11,debris,467.06756756756755,6.146473931501993,<UNK>,of,5.7698822763607245
8,12,including,440.32,6.087501735304924,debris,<UNK>,5.697093486505405
8,13,alien,384.35526315789474,5.9515672893605345,including,debris,5.695414224985685
8,14,<UNK>,404.4594594594595,6.002551507642575,alien,including,5.695414224985685
8,15,from,406.1917808219178,6.006825414628219,<UNK>,alien,5.700443573390687
8,16,an,406.35526315789474,6.007227809392668,from,<UNK>,5.730099782973574
8,17,object,401.81333333333333,5.995987635835567,an,from,5.697093486505405
8,18,that,363.14285714285717,5.894796302694086,object,an,5.695414224985685
8,19,crashed,354.4868421052632,5.870671228513982,that,object,5.293304824724492
8,20,near,351.14666666666665,5.861203989940486,crashed,that,5.697093486505405
8,21,roswell,346.013698630137,5.846478365690586,near,crashed,5.695414224985685
8,22,new,387.6216216216216,5.960029661798296,roswell,near,5.697093486505405
8,23,<UNK>,392.41333333333336,5.972315706046999,new,roswell,5.695414224985685
8,24,on,365.5131578947368,5.901302278253861,<UNK>,new,5.702114417555504
8,25,or,340.06666666666666,5.829141676820717,on,<UNK>,5.739792912179234
8,26,about,347.18666666666667,5.849862579591044,or,on,5.695414224985685
8,27,july,340.38157894736844,5.830067279334103,about,or,5.695414224985685
8,28,<UNK>,393.56756756756755,5.975252762310432,july,about,5.695414224985685
8,29,nineteen,510.49333333333334,6.235377578427056,<UNK>,july,5.293304824724492
8,30,fortyseven,652.0428571428571,6.48011029158061,nineteen,<UNK>,5.293304824724492
8,31,since,621.1369863013699,6.431551647464392,fortyseven,nineteen,5.705447753975262
8,32,the,460.16,6.1315742550926275,since,fortyseven,5.695414224985685
8,33,late,349.7866666666667,5.857323444838781,the,since,5.695414224985685
8,34,nineteen,393.75,5.975716190139843,late,the,5.697093486505405
8,35,<UNK>,488.52,6.1913804123028875,nineteen,late,5.695414224985685
8,36,the,427.2133333333333,6.0572834981452,<UNK>,nineteen,5.703782474656201
8,37,incident,408.96,6.013617351749115,the,<UNK>,5.495801171081669
8,38,has,366.0657894736842,5.902813069908132,incident,the,5.294978465282522
8,39,been,332.0131578947368,5.805174600344216,has,incident,5.697093486505405
8,40,the,328.94666666666666,5.795895630228398,been,has,5.695414224985685
8,41,subject,369.2,5.911338502628697,the,been,5.697093486505405
8,42,of,387.38157894736844,5.959410199370907,subject,the,5.29162837839724
8,43,<UNK>,368.14864864864865,5.908486793153768,of,subject,5.29162837839724
8,44,<UNK>,415.3611111111111,6.0291482891277335,<UNK>,of,3.8239721273054115
8,45,and,357.88,5.880197734679395,<UNK>,<UNK>,3.487670979665982
8,46,the,335.4533333333333,5.815482850860207,and,<UNK>,3.958088372271393
8,47,subject,341.28,5.83270325472304,the,and,5.736572297479192
8,48,of,319.55263157894734,5.766921991327433,subject,the,5.29162837839724
8,49,<UNK>,327.37333333333333,5.791101211813262,of,subject,5.29162837839724
8,50,<UNK>,330.62666666666667,5.80098984355764,<UNK>,of,3.8239721273054115
8,51,as,334.7894736842105,5.813501897512364,<UNK>,<UNK>,5.1298987149230735
8,52,to,356.6666666666667,5.876801638787843,as,<UNK>,5.744604469176456
8,53,the,340.55405405405406,5.830573862047697,to,as,5.695414224985685
8,54,true,366.9054054054054,5.905104063892138,the,to,5.749392985908253
8,55,<UNK>,335.14666666666665,5.814568246959092,true,the,5.0056227522727115
8,56,of,297.72972972972974,5.696186127764267,<UNK>,true,5.293304824724492
8,57,the,297.48,5.6953469958350995,of,<UNK>,3.1937348359100985
8,58,object,320.31081081081084,5.769291808186673,the,of,5.8126368795682835
8,59,that,339.17808219178085,5.826525285650141,object,the,5.695414224985685
8,60,crashed,328.97333333333336,5.7959766937822685,that,object,5.293304824724492
8,61,the,338.16438356164383,5.823532119155483,crashed,that,5.697093486505405
8,62,united,353.5135135135135,5.867921712366965,the,crashed,5.695414224985685
8,63,<UNK>,342.35616438356163,5.835851611491021,united,the,5.0056227522727115
8,64,military,390.0135135135135,5.966181388558043,<UNK>,united,5.698769932832657
8,65,<UNK>,340.7837837837838,5.831248211029002,military,<UNK>,5.695414224985685
8,66,the,359.041095890411,5.883436855169061,<UNK>,military,5.698769932832657
8,67,debris,334.8243243243243,5.813605989274657,the,<UNK>,5.495801171081669
8,68,recovered,397.4054054054054,5.984956931951244,debris,the,5.697093486505405
8,69,was,328.48,5.794475953270624,recovered,debris,5.695414224985685
8,70,from,346.4,5.84759417668828,was,recovered,5.695414224985685
8,71,an,316.08,5.755995346103135,from,was,5.695414224985685
8,72,<UNK>,359.18918918918916,5.883849239063067,an,from,5.697093486505405
8,73,<UNK>,394.5068493150685,5.9776365021505935,<UNK>,an,4.467548808112044
8,74,<UNK>,438.12,6.082492845455546,<UNK>,<UNK>,2.4908413853078146
8,75,balloon,448.06666666666666,6.104942030867756,<UNK>,<UNK>,6.2285110035911835
8,76,that,378.8082191780822,5.937030059012329,balloon,<UNK>,5.695414224985685
8,77,belonged,367.56,5.906886570632684,that,balloon,5.695414224985685
8,78,to,377.2133333333333,5.9328108983141385,belonged,that,5.695414224985685
8,79,a,310.8,5.739149618493492,to,belonged,5.697093486505405
8,80,classified,313.36,5.747352689357576,a,to,5.703782474656201
8,81,<UNK>,338.4594594594595,5.824404319919808,classified,a,5.695414224985685
8,82,named,355.28,5.872906210983847,<UNK>,classified,5.695414224985685
8,83,mogul,477.6478873239437,6.168873823643206,named,<UNK>,5.697093486505405
8,84,however,574.9166666666666,6.354225102758108,mogul,named,5.695414224985685
8,85,many,415.2027027027027,6.028766841230066,however,mogul,5.695414224985685
8,86,ufo,356.31081081081084,5.875803414028585,many,however,5.695414224985685
8,87,<UNK>,407.3918918918919,6.0097756015128985,ufo,many,5.695414224985685
8,88,<UNK>,440.4189189189189,6.08772636241566,<UNK>,ufo,4.785823685681349
8,89,that,403.0810810810811,5.999137735459516,<UNK>,<UNK>,4.213607983048918
8,90,in,379.12,5.937852777659333,that,<UNK>,5.372187215114492
8,91,fact,352.6933333333333,5.865598935258243,in,that,5.29162837839724
8,92,a,313.41333333333336,5.747522873156489,fact,in,5.29162837839724
8,93,crashed,358.4266666666667,5.881724083094783,a,fact,5.697093486505405
8,94,alien,369.44,5.9119883456061855,crashed,a,5.697093486505405
8,95,<UNK>,348.94666666666666,5.8549190929506105,alien,crashed,5.695414224985685
8,96,and,395.62666666666667,5.980471005633116,<UNK>,alien,5.700443573390687
8,97,<UNK>,387.4533333333333,5.959595411433587,and,<UNK>,2.645901983305224
8,98,were,354.08,5.86952287630274,<UNK>,and,5.426417369175352
8,99,recovered,332.9066666666667,5.807862170414305,were,<UNK>,5.313205979041787
8,100,and,336.93333333333334,5.81988508684593,recovered,were,5.29162837839724
8,101,that,321.81333333333333,5.773971667302587,and,recovered,5.29162837839724
8,102,the,327.3466666666667,5.791019752054338,that,and,5.303304908059076
8,103,military,330.6533333333333,5.801070495223141,the,that,5.746203190540153
8,104,then,335.14666666666665,5.814568246959092,military,the,5.695414224985685
8,105,<UNK>,348.37333333333333,5.853274701673936,then,military,5.695414224985685
8,106,in,332.5733333333333,5.806860387156475,<UNK>,then,5.703782474656201
8,107,a,341.25333333333333,5.832625114461231,in,<UNK>,4.864452783918175
8,108,<UNK>,338.6,5.824819469699035,a,in,4.79081953287472
8,109,the,369.86486486486484,5.913137708830555,<UNK>,a,5.199877293734784
8,110,incident,352.4533333333333,5.864918225781442,the,<UNK>,5.495801171081669
8,111,has,337.8918918918919,5.822725997847533,incident,the,5.294978465282522
8,112,turned,309.93243243243245,5.7363543138271025,has,incident,5.697093486505405
8,113,into,364.5,5.898526551448713,turned,has,5.695414224985685
8,114,a,338.44,5.8243468240563,into,turned,5.695414224985685
8,115,<UNK>,312.41333333333336,5.744327097379123,a,into,5.0089672369955585
8,116,known,332.8933333333333,5.807822118346611,<UNK>,a,5.893024474294729
8,117,<UNK>,350.72972972972974,5.8600159260930065,known,<UNK>,5.697093486505405
8,118,<UNK>,343.86486486486484,5.840248745498476,<UNK>,known,5.695414224985685
8,119,<UNK>,326.58666666666664,5.788695355044922,<UNK>,<UNK>,2.4908413853078146
8,120,making,352.1081081081081,5.8639382537519,<UNK>,<UNK>,6.2285110035911835
8,121,the,323.14666666666665,5.778106296528569,making,<UNK>,5.695414224985685
8,122,name,299.2105263157895,5.701147427018196,the,making,5.695414224985685
8,123,roswell,342.04,5.834927689287754,name,the,5.695414224985685
8,124,<UNK>,372.8243243243243,5.921107328333985,roswell,name,5.695414224985685
8,125,with,399.2133333333333,5.989495944013138,<UNK>,roswell,5.703782474656201
8,126,<UNK>,368.8243243243243,5.910320444833741,with,<UNK>,4.138361447638875
8,127,it,406.2162162162162,6.006885570102796,<UNK>,with,5.720311776607412
8,128,<UNK>,380.0810810810811,5.9403846012260235,it,<UNK>,5.321382639479033
8,129,as,327.0135135135135,5.790001495772768,<UNK>,it,5.306616169362732
8,130,one,312.6027397260274,5.744933182267675,as,<UNK>,5.744604469176456
8,131,of,300.5135135135135,5.705492723059025,one,as,5.293304824724492
8,132,the,303.47297297297297,5.715292555374371,of,one,4.104294893075269
8,133,most,332.77027027027026,5.80745237283612,the,of,5.8126368795682835
8,134,<UNK>,326.06756756756755,5.787104622368009,most,the,4.456007047671872
8,135,and,354.56164383561645,5.870882220377342,<UNK>,most,5.012300573415317
8,136,<UNK>,371.0394736842105,5.916308455018211,and,<UNK>,2.645901983305224
8,137,<UNK>,342.43243243243245,5.836074360670961,<UNK>,and,3.7524409356036807
8,138,ufo,372.04,5.9190013753742665,<UNK>,<UNK>,6.2285110035911835
8,139,<UNK>,329.4054054054054,5.797289227461375,ufo,<UNK>,5.695414224985685
8,140,on,380.48,5.941433613502417,<UNK>,ufo,5.702114417555504
8,141,july,335.93243243243245,5.816910045790011,on,<UNK>,5.739792912179234
8,142,<UNK>,378.34722222222223,5.935812351293102,july,on,5.695414224985685
8,143,nineteen,504.3835616438356,6.223337013638678,<UNK>,july,5.293304824724492
8,144,fortyseven,552.6805555555555,6.314780177390894,nineteen,<UNK>,5.293304824724492
8,145,a,424.55555555555554,6.05104287011068,fortyseven,nineteen,5.705447753975262
8,146,<UNK>,438.85135135135135,6.0841607483346305,a,fortyseven,5.695414224985685
8,147,<UNK>,371.972602739726,5.918820203011835,<UNK>,a,2.8249715391611123
8,148,that,362.9189189189189,5.894179445455701,<UNK>,<UNK>,4.213607983048918
8,149,roswell,351.8243243243243,5.8631319723928295,that,<UNK>,5.777652323222656
8,150,<UNK>,349.46666666666664,5.856408182781141,roswell,that,5.695414224985685
8,151,air,367.3333333333333,5.90626970104475,<UNK>,roswell,5.298317366548036
8,152,field,348.3243243243243,5.8531340122125854,air,<UNK>,5.294978465282522
8,153,<UNK>,374.16438356164383,5.924695229089979,field,air,5.697093486505405
8,154,<UNK>,360.8378378378378,5.88842865474587,<UNK>,field,5.695414224985685
8,155,that,386.93243243243245,5.958250084588766,<UNK>,<UNK>,4.213607983048918
8,156,personnel,350.86486486486484,5.860401148949189,that,<UNK>,5.777652323222656
8,157,from,348.5405405405405,5.853754552102185,personnel,that,5.695414224985685
8,158,the,347.4533333333333,5.850630363420845,from,personnel,5.695414224985685
8,159,<UNK>,327.43243243243245,5.791281720606402,the,from,4.470822133457013
8,160,<UNK>,335.75342465753425,5.816377035373767,<UNK>,the,2.6426827112295754
8,161,<UNK>,437.7972972972973,6.0817560116967,<UNK>,<UNK>,2.4908413853078146
8,162,had,358.0821917808219,5.880762546029822,<UNK>,<UNK>,6.2285110035911835
8,163,recovered,341.7027027027027,5.833941068667674,had,<UNK>,5.71042701737487
8,164,a,322.6756756756757,5.776647718701164,recovered,had,5.695414224985685
8,165,crashed,347.6756756756757,5.851270078774523,a,recovered,5.695414224985685
8,166,flying,365.35135135135135,5.900859497016075,crashed,a,5.697093486505405
8,167,<UNK>,409.6081081081081,6.015200868715187,flying,crashed,5.695414224985685
8,168,from,381.77027027027026,5.944819040974003,<UNK>,flying,5.698769932832657
8,169,a,337.8666666666667,5.82265134033882,from,<UNK>,5.730099782973574
8,170,<UNK>,329.49333333333334,5.797556121062107,a,from,5.294978465282522
8,171,near,351.1756756756757,5.861286598757767,<UNK>,a,5.893024474294729
8,172,roswell,349.43243243243245,5.8563102166103285,near,<UNK>,5.698769932832657
8,173,<UNK>,376.8243243243243,5.9317790956194845,roswell,near,5.697093486505405
8,174,<UNK>,373.77027027027026,5.923641358071084,<UNK>,roswell,5.703782474656201
8,175,<UNK>,401.08,5.994160908655725,<UNK>,<UNK>,2.4908413853078146
8,176,<UNK>,404.17333333333335,6.001843828852851,<UNK>,<UNK>,2.4908413853078146
8,177,later,400.61333333333334,5.992996706086059,<UNK>,<UNK>,6.2285110035911835
8,178,the,342.22972972972974,5.835482235912714,later,<UNK>,5.29162837839724
8,179,<UNK>,318.14666666666665,5.7625124923857145,the,later,5.697093486505405
8,180,day,314.32,5.7504115752502045,<UNK>,the,6.02707297457535
8,181,the,324.92,5.783578998182753,day,<UNK>,5.698769932832657
8,182,<UNK>,355.7837837837838,5.874323197419006,the,day,5.695414224985685
8,183,general,410.6666666666667,6.017781855425356,<UNK>,the,6.02707297457535
8,184,of,346.3333333333333,5.847401702431117,general,<UNK>,5.695414224985685
8,185,the,326.7733333333333,5.789266760309235,of,general,5.697093486505405
8,186,<UNK>,318.14666666666665,5.7625124923857145,the,of,3.2476875221067463
8,187,air,377.8378378378378,5.934465103143577,<UNK>,the,5.621607866467185
8,188,<UNK>,367.6,5.906995390481532,air,<UNK>,5.294978465282522
8,189,<UNK>,333.986301369863,5.811099978272924,<UNK>,air,5.700443573390687
8,190,that,360.43243243243245,5.887304511786406,<UNK>,<UNK>,4.213607983048918
8,191,in,348.1066666666667,5.852508946218798,that,<UNK>,5.372187215114492
8,192,fact,329.6666666666667,5.7980820429546025,in,that,5.29162837839724
8,193,a,318.4,5.763308453970228,fact,in,5.29162837839724
8,194,weather,318.6533333333333,5.764103782503748,a,fact,5.697093486505405
8,195,balloon,321.7763157894737,5.773856632687126,weather,a,5.695414224985685
8,196,had,346.2837837837838,5.84725862323654,balloon,weather,5.697093486505405
8,197,been,326.1333333333333,5.787306295704853,had,balloon,5.695414224985685
8,198,recovered,318.26666666666665,5.762889605796565,been,had,5.715381610499553
8,199,by,335.77027027027026,5.816427206686758,recovered,been,5.695414224985685
8,200,the,302.68,5.7126761418263206,by,recovered,5.695414224985685
8,201,roswell,303.04,5.713864809997713,the,by,5.734958092124651
8,202,<UNK>,324.46666666666664,5.782182808731244,roswell,the,5.296649309447339
8,203,air,331.5466666666667,5.803768573976573,<UNK>,roswell,5.298317366548036
8,204,field,321.88,5.774178805277932,air,<UNK>,5.294978465282522
8,205,personnel,377.9864864864865,5.93485844494479,field,air,5.697093486505405
8,206,rather,370.18666666666667,5.914007382923164,personnel,field,5.695414224985685
8,207,than,312.28,5.74390022125209,rather,personnel,5.695414224985685
8,208,a,284.1333333333333,5.649443611556352,than,rather,5.29162837839724
8,209,flying,307.6533333333333,5.728973607950924,a,than,5.697093486505405
8,210,<UNK>,363.013698630137,5.894440570825923,flying,a,5.695414224985685
8,211,a,373.94594594594594,5.924111257412835,<UNK>,flying,5.698769932832657
8,212,<UNK>,366.3243243243243,5.903519073051834,a,<UNK>,3.4420193761824103
8,213,<UNK>,373.45205479452056,5.922789628982398,<UNK>,a,2.8249715391611123
8,214,<UNK>,363.27027027027026,5.895147103426924,<UNK>,<UNK>,2.4908413853078146
8,215,was,341.85135135135135,5.834375997405526,<UNK>,<UNK>,4.975748035095815
8,216,called,322.0405405405405,5.774677439919194,was,<UNK>,5.728475087246572
8,217,<UNK>,337.0,5.820082930352362,called,was,5.697093486505405
8,218,debris,351.41333333333336,5.8619631184974,<UNK>,called,5.697093486505405
8,219,from,359.53333333333336,5.884806894235017,debris,<UNK>,5.697093486505405
8,220,the,346.52,5.847940537021939,from,debris,5.698769932832657
8,221,crashed,316.22972972972974,5.756468942271242,the,from,5.723585101952381
8,222,object,362.68,5.893520902777856,crashed,the,5.695414224985685
8,223,that,324.36,5.781854010076357,object,crashed,5.695414224985685
8,224,<UNK>,335.06756756756755,5.814332205719064,that,object,5.698769932832657
8,225,the,330.17333333333335,5.799617769088956,<UNK>,that,4.812184355372417
8,226,weather,319.35616438356163,5.766306982728961,the,<UNK>,5.901266279189834
8,227,balloon,340.88,5.831530509191657,weather,the,5.695414224985685
8,228,<UNK>,363.85333333333335,5.896750856035544,balloon,weather,5.697093486505405
8,229,the,375.4189189189189,5.928042519576515,<UNK>,balloon,5.695414224985685
8,230,case,348.8,5.8544986920348245,the,<UNK>,5.901266279189834
8,231,was,349.05333333333334,5.855224728101033,case,the,5.697093486505405
8,232,quickly,327.88,5.79264768778483,was,case,5.695414224985685
8,233,<UNK>,299.08,5.700711096131715,quickly,was,5.695414224985685
8,234,and,321.50666666666666,5.773018279595394,<UNK>,quickly,5.695414224985685
8,235,almost,307.82666666666665,5.729536853996014,and,<UNK>,5.903998521326706
8,236,<UNK>,336.81333333333333,5.819528869866445,almost,and,5.695414224985685
8,237,<UNK>,327.88,5.79264768778483,<UNK>,almost,5.697093486505405
8,238,even,316.48,5.757260048434348,<UNK>,<UNK>,6.2285110035911835
8,239,by,330.7763157894737,5.8014423638193575,even,<UNK>,5.697093486505405
8,240,ufo,323.44594594594594,5.77903200862244,by,even,5.695414224985685
8,241,researchers,353.2739726027397,5.867243882256357,ufo,by,5.695414224985685
8,242,for,350.64864864864865,5.859784721128777,researchers,ufo,5.697093486505405
8,243,more,312.82666666666665,5.745649256529355,for,researchers,5.695414224985685
8,244,than,316.9594594594595,5.758773877558388,more,for,5.29162837839724
8,245,<UNK>,318.68918918918916,5.764216299257696,than,more,5.293304824724492
8,246,years,390.4864864864865,5.967393363012542,<UNK>,than,5.29162837839724
8,247,then,367.8,5.907539312170221,years,<UNK>,5.702114417555504
8,248,in,363.72972972972974,5.896411091104039,then,years,5.695414224985685
8,249,nineteen,319.43243243243245,5.7665457723680165,in,then,5.695414224985685
8,250,<UNK>,574.6164383561644,6.35370275448294,nineteen,in,5.01396308418893
8,251,<UNK>,557.4864864864865,6.32343826355437,<UNK>,nineteen,5.298317366548036
8,252,<UNK>,478.28,6.170196335051379,<UNK>,<UNK>,2.4908413853078146
8,253,and,373.93243243243245,5.924075119147829,<UNK>,<UNK>,3.487670979665982
8,254,<UNK>,355.62666666666667,5.873881491454265,and,<UNK>,2.645901983305224
8,255,<UNK>,363.28,5.895173886789696,<UNK>,and,3.7524409356036807
8,256,<UNK>,416.90277777777777,6.032853047799977,<UNK>,<UNK>,2.4908413853078146
8,257,interviewed,412.44,6.022090740649743,<UNK>,<UNK>,6.2285110035911835
8,258,<UNK>,395.06666666666666,5.979054527031301,interviewed,<UNK>,5.695414224985685
8,259,<UNK>,396.8767123287671,5.983625684166825,<UNK>,interviewed,5.695414224985685
8,260,the,387.958904109589,5.960899416770319,<UNK>,<UNK>,3.455922281351402
8,261,only,335.05405405405406,5.8142918741939225,the,<UNK>,5.901266279189834
8,262,person,332.5733333333333,5.806860387156475,only,the,5.695414224985685
8,263,known,340.8666666666667,5.831491393977789,person,only,5.695414224985685
8,264,to,315.02702702702703,5.752658435230816,known,person,5.695414224985685
8,265,have,313.64473684210526,5.748260934048399,to,known,5.697093486505405
8,266,<UNK>,348.9066666666667,5.85480445568191,have,to,5.306616169362732
8,267,the,397.5,5.985194934094387,<UNK>,have,5.303304908059076
8,268,roswell,353.5,5.867883485336628,the,<UNK>,5.495801171081669
8,269,debris,373.88157894736844,5.923939113444891,roswell,the,5.702114417555504
8,270,from,342.0133333333333,5.834849722657433,debris,roswell,5.695414224985685
8,271,where,348.64,5.85403987119631,from,debris,5.698769932832657
8,272,it,328.35526315789474,5.794096141617379,where,from,5.695414224985685
8,273,was,347.17105263157896,5.849817605553437,it,where,5.697093486505405
8,274,recovered,338.94736842105266,5.825844839931959,was,it,5.776103136235827
8,275,to,337.88157894736844,5.822695475949384,recovered,was,5.695414224985685
8,276,<UNK>,325.9078947368421,5.78661480996509,to,recovered,5.695414224985685
8,277,worth,424.05333333333334,6.049859233485064,<UNK>,to,5.820082930352362
8,278,over,408.1506849315069,6.011636432032688,worth,<UNK>,5.695414224985685
8,279,the,362.0933333333333,5.891902005481792,over,worth,5.695414224985685
8,280,next,335.4266666666667,5.815403353284841,the,over,5.702114417555504
8,281,few,325.05333333333334,5.783989271430487,next,the,5.705447753975262
8,282,years,314.3066666666667,5.750369154735637,few,next,5.695414224985685
8,283,the,321.84,5.774054527641533,years,few,5.695414224985685
8,284,accounts,318.94666666666666,5.765023899674477,the,years,5.695414224985685
8,285,he,310.8666666666667,5.739364095706111,accounts,the,5.695414224985685
8,286,and,303.4266666666667,5.715139955822909,he,accounts,5.695414224985685
8,287,others,335.13157894736844,5.814523227687172,and,he,5.697093486505405
8,288,gave,315.52,5.7542220714142704,others,and,5.695414224985685
8,289,<UNK>,326.8783783783784,5.789588170148962,gave,others,5.695414224985685
8,290,roswell,372.02666666666664,5.918965536291743,<UNK>,gave,5.695414224985685
8,291,from,329.2837837837838,5.796919943662583,roswell,<UNK>,5.695414224985685
8,292,a,314.4533333333333,5.750835681452752,from,roswell,5.695414224985685
8,293,<UNK>,312.97333333333336,5.746117989892577,a,from,5.294978465282522
8,294,incident,314.27027027027026,5.750253349034542,<UNK>,a,5.893024474294729
8,295,to,323.74666666666667,5.779961316950447,incident,<UNK>,5.695414224985685
8,296,<UNK>,307.25333333333333,5.727672597315963,to,incident,5.695414224985685
8,297,the,310.2432432432432,5.737356645421272,<UNK>,to,3.9482807534507702
8,298,most,337.8933333333333,5.822730263822543,the,<UNK>,5.208119098629888
8,299,famous,299.6933333333333,5.702759729608517,most,the,5.70877001616724
8,300,ufo,315.04,5.752699614890815,famous,most,5.695414224985685
8,301,case,321.2133333333333,5.772105492211464,ufo,famous,5.695414224985685
8,302,of,318.70666666666665,5.76427113951849,case,ufo,5.695414224985685
8,303,all,294.31081081081084,5.684636388546439,of,case,5.695414224985685
8,304,time,330.06849315068496,5.799300187926042,all,of,5.700443573390687
8,305,by,331.17808219178085,5.8026562433641296,time,all,5.695414224985685
8,306,the,303.4594594594595,5.715248024837549,by,time,5.695414224985685
8,307,early,306.2837837837838,5.72451207017078,the,by,5.734958092124651
8,308,nineteen,331.52702702702703,5.803709335795863,early,the,5.698769932832657
8,309,nineties,364.36486486486484,5.898155741595755,nineteen,early,5.695414224985685
8,310,ufo,419.1232876712329,6.038165119293366,nineties,nineteen,5.700443573390687
8,311,researchers,424.36486486486484,6.05059361552966,ufo,nineties,5.695414224985685
8,312,had,396.7027027027027,5.9831871404607835,researchers,ufo,5.697093486505405
8,313,interviewed,341.4189189189189,5.833110224521839,had,researchers,5.695414224985685
8,314,several,335.958904109589,5.816988843285173,interviewed,had,5.695414224985685
8,315,hundred,361.71830985915494,5.890865759349904,several,interviewed,5.695414224985685
8,316,people,381.56756756756755,5.944287945311193,hundred,several,5.695414224985685
8,317,who,342.6756756756757,5.836784447883724,people,hundred,5.697093486505405
8,318,had,338.1621621621622,5.823525550140868,who,people,5.698769932832657
8,319,or,350.0,5.857933154483459,had,who,5.7120812774708964
8,320,who,340.28,5.8297688081076835,or,had,5.695414224985685
8,321,claimed,315.8783783783784,5.755357260952718,who,or,5.695414224985685
8,322,to,343.8933333333333,5.840331531770044,claimed,who,5.0056227522727115
8,323,have,306.72,5.725935279297334,to,claimed,5.0056227522727115
8,324,had,308.88,5.7329528519559805,have,to,5.7120812774708964
8,325,a,327.29333333333335,5.79085681262671,had,have,5.695414224985685
8,326,<UNK>,316.2133333333333,5.756417091290948,a,had,5.294978465282522
8,327,with,343.56,5.839361768898024,<UNK>,a,5.487559366186565
8,328,the,301.32894736842104,5.708202516424846,with,<UNK>,4.243721963296701
8,329,events,289.49333333333334,5.66813226853834,the,with,5.713732805509369
8,330,at,335.29333333333335,5.815005770582403,events,the,5.697093486505405
8,331,roswell,315.7671232876712,5.755004990283286,at,events,5.695414224985685
8,332,in,314.1216216216216,5.749780240920515,roswell,at,5.697093486505405
8,333,nineteen,326.9864864864865,5.789918844313923,in,roswell,5.695414224985685
8,334,fortyseven,411.5833333333333,6.020011510752624,nineteen,in,4.79081953287472
8,335,<UNK>,524.081081081081,6.261646407238393,fortyseven,nineteen,5.705447753975262
8,336,hundreds,418.2972972972973,6.036192417268535,<UNK>,fortyseven,5.695414224985685
8,337,of,360.3333333333333,5.887029528971098,hundreds,<UNK>,5.695414224985685
8,338,<UNK>,376.0933333333333,5.929837339537037,of,hundreds,5.697093486505405
8,339,were,343.0,5.8377304471659395,<UNK>,of,5.7698822763607245
8,340,<UNK>,330.14864864864865,5.799543003488628,were,<UNK>,4.465908118654584
8,341,by,328.14666666666665,5.7934606629119205,<UNK>,were,5.726847747587197
8,342,<UNK>,322.53333333333336,5.7762064900677625,by,<UNK>,4.48863636973214
8,343,of,351.24,5.8614697504917945,<UNK>,by,5.018934096910951
8,344,<UNK>,320.16,5.768820870835423,of,<UNK>,2.923444506170187
8,345,<UNK>,357.93333333333334,5.88034674932036,<UNK>,of,3.8239721273054115
8,346,<UNK>,354.41333333333336,5.870463840295611,<UNK>,<UNK>,2.4908413853078146
8,347,as,348.88,5.854728023534511,<UNK>,<UNK>,5.1298987149230735
8,348,were,339.28,5.826825725166335,as,<UNK>,5.744604469176456
8,349,some,356.74666666666667,5.877025912701988,were,as,5.695414224985685
8,350,that,311.1081081081081,5.740140466270837,some,were,5.695414224985685
8,351,<UNK>,359.94666666666666,5.885955872326987,that,some,5.695414224985685
8,352,<UNK>,410.28,6.01683985343921,<UNK>,that,5.035327906686628
8,353,<UNK>,387.5466666666667,5.959836271649805,<UNK>,<UNK>,2.4908413853078146
8,354,their,439.64383561643837,6.085964934610914,<UNK>,<UNK>,5.823045895483019
8,355,<UNK>,369.2,5.911338502628697,their,<UNK>,5.012300573415317
8,356,were,345.73333333333335,5.845667764996399,<UNK>,their,5.70877001616724
8,357,that,330.9054054054054,5.801832550259256,were,<UNK>,5.718671087149952
8,358,at,310.9066666666667,5.739492759956926,that,were,5.695414224985685
8,359,least,307.3466666666667,5.727976317895367,at,that,5.697093486505405
8,360,one,303.96,5.716896113801584,least,at,5.293304824724492
8,361,alien,313.46666666666664,5.747693027997805,one,least,5.697093486505405
8,362,<UNK>,324.92,5.783578998182753,alien,one,5.695414224985685
8,363,had,314.16,5.749902410269755,<UNK>,alien,5.700443573390687
8,364,crashed,331.7631578947368,5.804421334504884,had,<UNK>,5.71042701737487
8,365,in,317.4054054054054,5.760179838210073,crashed,had,5.695414224985685
8,366,the,313.5135135135135,5.7478424644502315,in,crashed,5.29162837839724
8,367,roswell,326.2027027027027,5.7875189755686005,the,in,5.794536837924666
8,368,<UNK>,342.44444444444446,5.836109438543842,roswell,the,5.296649309447339
8,369,that,347.2972972972973,5.850181177679142,<UNK>,roswell,5.703782474656201
8,370,aliens,344.027397260274,5.840721297400518,that,<UNK>,5.372187215114492
8,371,some,350.85135135135135,5.860362633340734,aliens,that,5.698769932832657
8,372,<UNK>,337.43835616438355,5.8213828452285075,some,aliens,5.695414224985685
8,373,still,355.2432432432432,5.872802747072879,<UNK>,some,5.702114417555504
8,374,<UNK>,341.9594594594595,5.8346921904440086,still,<UNK>,5.695414224985685
8,375,were,345.8082191780822,5.845884341555739,<UNK>,still,5.702114417555504
8,376,recovered,339.3333333333333,5.826982908442358,were,<UNK>,5.313205979041787
8,377,and,334.47297297297297,5.81255607801685,recovered,were,5.29162837839724
8,378,that,328.36,5.7941105674800655,and,recovered,5.29162837839724
8,379,a,308.4054054054054,5.7314151687904555,that,and,5.70877001616724
8,380,<UNK>,316.72,5.758018102797875,a,that,5.0072963928307415
8,381,<UNK>,323.3918918918919,5.77886487537507,<UNK>,a,2.8249715391611123
8,382,of,319.0945945945946,5.76548759360639,<UNK>,<UNK>,3.9259259105971376
8,383,any,309.3378378378378,5.734434005987835,of,<UNK>,5.462418377228463
8,384,<UNK>,322.16,5.775048316543199,any,of,5.29162837839724
8,385,of,342.32876712328766,5.835771582680607,<UNK>,any,5.698769932832657
8,386,the,314.08,5.749647730528151,of,<UNK>,3.1937348359100985
8,387,incident,309.94594594594594,5.736397914359036,the,of,5.8126368795682835
8,388,was,318.7972972972973,5.764555469142662,incident,the,5.700443573390687
8,389,put,322.4,5.775793010632473,was,incident,5.697093486505405
8,390,in,298.5810810810811,5.699041524360671,put,was,5.695414224985685
8,391,place,318.6621621621622,5.7641314888089985,in,put,5.697093486505405
8,392,<UNK>,374.0405405405405,5.924364188707204,place,in,5.695414224985685
8,393,<UNK>,348.1232876712329,5.8525566919512695,<UNK>,place,5.695414224985685
8,394,<UNK>,364.06944444444446,5.897344630881057,<UNK>,<UNK>,2.4908413853078146
8,395,<UNK>,363.63013698630135,5.896137243869381,<UNK>,<UNK>,2.4908413853078146
8,396,<UNK>,358.0933333333333,5.880793660057379,<UNK>,<UNK>,2.4908413853078146
8,397,and,338.6756756756757,5.825042940521061,<UNK>,<UNK>,3.487670979665982
8,398,even,350.62666666666667,5.859722029682182,and,<UNK>,4.987707789452551
8,399,a,316.1756756756757,5.756297994794438,even,and,5.700443573390687
8,400,<UNK>,335.8933333333333,5.81679364924455,a,even,5.29162837839724
8,401,<UNK>,370.5733333333333,5.915051355874686,<UNK>,a,2.8249715391611123
8,402,<UNK>,341.2,5.832468815617524,<UNK>,<UNK>,2.4908413853078146
8,403,the,339.48,5.827415035101477,<UNK>,<UNK>,3.455922281351402
8,404,nineteen,317.92,5.761799778803507,the,<UNK>,5.901266279189834
8,405,fortyseven,361.44,5.890096052719693,nineteen,the,5.698769932832657
8,406,incident,381.3066666666667,5.943603950756482,fortyseven,nineteen,5.705447753975262
8,407,fame,370.44594594594594,5.914707539209711,incident,fortyseven,5.695414224985685
8,408,and,348.5405405405405,5.853754552102185,fame,incident,5.695414224985685
8,409,<UNK>,357.2266666666667,5.87837050093773,and,fame,5.695414224985685
8,410,so,359.94594594594594,5.885953870026343,<UNK>,and,5.831882477283517
8,411,that,332.13513513513516,5.805541919640373,so,<UNK>,5.707110264748875
8,412,by,319.041095890411,5.765319921729995,that,so,5.700443573390687
8,413,the,303.9864864864865,5.716983248071103,by,that,5.695414224985685
8,414,mid,302.0945945945946,5.710740195463911,the,by,5.734958092124651
8,415,nineteen,351.6081081081081,5.8625172261483955,mid,the,5.293304824724492
8,416,nineties,362.2328767123288,5.892287310828435,nineteen,mid,5.29162837839724
8,417,strong,402.22535211267603,5.9970125089489255,nineties,nineteen,5.700443573390687
8,418,<UNK>,395.7432432432432,5.980765625319713,strong,nineties,5.695414224985685
8,419,in,361.2972972972973,5.889701157631005,<UNK>,strong,5.698769932832657
8,420,<UNK>,319.7567567567568,5.7675605716094385,in,<UNK>,3.9889840465642745
8,421,such,384.2054794520548,5.951177512211034,<UNK>,in,5.332718793265369
8,422,as,341.5405405405405,5.833466385114456,such,<UNK>,5.0056227522727115
8,423,a,297.47945205479454,5.695345153876951,as,such,5.702114417555504
8,424,nineteen,342.13698630136986,5.835211201606822,a,as,5.70877001616724
8,425,ninetyseven,430.55405405405406,6.065072877086821,nineteen,a,5.695414224985685
8,426,<UNK>,503.6216216216216,6.221825235366146,ninetyseven,nineteen,5.0056227522727115
8,427,time,433.43243243243245,6.071735918864585,<UNK>,ninetyseven,5.698769932832657
8,428,<UNK>,386.17808219178085,5.956298615902783,time,<UNK>,5.695414224985685
8,429,believed,389.027397260274,5.96364977111337,<UNK>,time,5.698769932832657
8,430,that,357.986301369863,5.880494721338611,believed,<UNK>,5.695414224985685
8,431,aliens,347.47945205479454,5.850705532478984,that,believed,5.695414224985685
8,432,had,324.90277777777777,5.783525992277712,aliens,that,5.293304824724492
8,433,<UNK>,326.7638888888889,5.7892378577643635,had,aliens,5.29162837839724
8,434,earth,331.5753424657534,5.803855061225404,<UNK>,had,5.733341276897745
8,435,and,315.18918918918916,5.753173059137877,earth,<UNK>,5.695414224985685
8,436,<UNK>,347.3243243243243,5.850258995662917,and,earth,5.695414224985685
8,437,that,325.16438356164383,5.7843308500325605,<UNK>,and,4.733270188615407
8,438,aliens,311.47945205479454,5.7413333715406605,that,<UNK>,5.372187215114492
8,439,had,301.7945205479452,5.709746390264174,aliens,that,5.293304824724492
8,440,<UNK>,312.93055555555554,5.745981298689331,had,aliens,5.29162837839724
8,441,at,313.5890410958904,5.7480833423806015,<UNK>,had,5.733341276897745
8,442,roswell,305.013698630137,5.720356689140262,at,<UNK>,5.72194977861165
8,443,and,342.26027397260276,5.8355714826299145,roswell,at,5.697093486505405
8,444,the,348.8904109589041,5.854757864177627,and,roswell,5.695414224985685
8,445,government,387.52054794520546,5.959768874342891,the,and,5.736572297479192
8,446,was,308.44444444444446,5.7315417442904755,government,the,5.697093486505405
8,447,<UNK>,319.69444444444446,5.767365678512381,was,government,5.695414224985685
8,448,up,316.8333333333333,5.758375873260374,<UNK>,was,5.780743515792329
8,449,the,317.9166666666667,5.7617892939305575,up,<UNK>,5.309916502391388
8,450,fact,313.3943661971831,5.747462353363352,the,up,5.698769932832657
8,451,during,326.92857142857144,5.789741711038383,fact,the,5.702114417555504
8,452,the,375.4142857142857,5.928030178074821,during,fact,5.695414224985685
8,453,nineteen,304.8142857142857,5.719702691855525,the,during,5.697093486505405
8,454,<UNK>,373.90140845070425,5.923992148894144,nineteen,the,5.293304824724492
8,455,and,370.82608695652175,5.91573318438996,<UNK>,nineteen,5.298317366548036
8,456,nineteen,354.14285714285717,5.869700382979877,and,<UNK>,5.903998521326706
8,457,nineties,365.0289855072464,5.899976762778118,nineteen,and,5.695414224985685
8,458,a,341.84507042253523,5.834357623961944,nineties,nineteen,5.700443573390687
8,459,new,329.3943661971831,5.797255714370754,a,nineties,5.695414224985685
8,460,<UNK>,329.46478873239437,5.79746948550819,new,a,5.294978465282522
8,461,<UNK>,333.3333333333333,5.809142990314028,<UNK>,new,5.296649309447339
8,462,which,383.31944444444446,5.948868700148737,<UNK>,<UNK>,5.535363823031238
8,463,was,347.0,5.849324779946859,which,<UNK>,5.713732805509369
8,464,at,330.7464788732394,5.8013521570524995,was,which,5.697093486505405
8,465,strong,326.67605633802816,5.788969026475333,at,was,5.695414224985685
8,466,<UNK>,362.1267605633803,5.891994317833666,strong,at,5.695414224985685
8,467,with,327.8904109589041,5.792679439625813,<UNK>,strong,5.698769932832657
8,468,what,300.72222222222223,5.706186988900813,with,<UNK>,5.7477993600729755
8,469,was,311.55555555555554,5.741577670818261,what,with,5.695414224985685
8,470,reported,306.2083333333333,5.7242656981809255,was,what,5.695414224985685
8,471,in,331.97222222222223,5.805051297410771,reported,was,5.695414224985685
8,472,nineteen,313.1267605633803,5.746608094381024,in,reported,5.695414224985685
8,473,fortyseven,450.43055555555554,6.110203915455906,nineteen,in,4.79081953287472
8,474,this,385.0810810810811,5.953453912325273,fortyseven,nineteen,5.705447753975262
8,475,<UNK>,362.06849315068496,5.891833401526848,this,fortyseven,5.695414224985685
8,476,<UNK>,327.0138888888889,5.7900026436616,<UNK>,this,5.304961909266705
8,477,over,356.6901408450704,5.876867452075569,<UNK>,<UNK>,5.823045895483019
8,478,the,322.30555555555554,5.775500025891436,over,<UNK>,5.298317366548036
8,479,years,319.77464788732397,5.767616522358509,the,over,5.702114417555504
8,480,from,322.3943661971831,5.775775535905297,years,the,5.697093486505405
8,481,the,307.17808219178085,5.7274276516962335,from,years,5.695414224985685
8,482,time,306.34722222222223,5.724719171796533,the,from,5.723585101952381
8,483,the,314.2054794520548,5.7500471650458245,time,the,5.697093486505405
8,484,first,311.83561643835617,5.7424761785746234,the,time,5.697093486505405
8,485,book,318.8767123287671,5.76480454635353,first,the,5.717027701406222
8,486,on,297.1506849315069,5.69423936681256,book,first,5.695414224985685
8,487,roswell,308.36986301369865,5.7312999164657725,on,book,5.695414224985685
8,488,was,311.94444444444446,5.742825109276379,roswell,on,5.695414224985685
8,489,<UNK>,336.30555555555554,5.81802013825163,was,roswell,5.695414224985685
8,490,in,318.0821917808219,5.762309814103491,<UNK>,was,4.68213122712422
8,491,nineteen,309.26027397260276,5.734183232944204,in,<UNK>,4.864452783918175
8,492,<UNK>,362.1111111111111,5.891951101501342,nineteen,in,5.01396308418893
8,493,as,417.16901408450707,6.033491449238244,<UNK>,nineteen,5.703782474656201
8,494,many,352.5753424657534,5.865264336905219,as,<UNK>,5.744604469176456
8,495,new,317.6027397260274,5.76080135567717,many,as,5.697093486505405
8,496,witnesses,343.31081081081084,5.838636190823663,new,many,5.695414224985685
8,497,and,334.2112676056338,5.811773330750442,witnesses,new,5.695414224985685
8,498,accounts,335.73972602739724,5.816336234867835,and,witnesses,5.697093486505405
8,499,<UNK>,333.16438356164383,5.808636012507426,accounts,and,5.695414224985685
8,500,<UNK>,339.24657534246575,5.826727203873947,<UNK>,accounts,5.697093486505405
8,501,out,339.4583333333333,5.827351209962696,<UNK>,<UNK>,4.975748035095815
8,502,in,323.63013698630135,5.779601311213552,out,<UNK>,5.726847747587197
8,503,part,287.6575342465753,5.661770655375727,in,out,5.697093486505405
8,504,by,301.82191780821915,5.709837167315798,part,in,5.697093486505405
8,505,the,299.28767123287673,5.70140522200515,by,part,5.695414224985685
8,506,<UNK>,304.40277777777777,5.718351751365664,the,by,4.230880695348377
8,507,on,327.0,5.7899601708972535,<UNK>,the,6.02707297457535
8,508,the,306.09722222222223,5.7239027711706365,on,<UNK>,3.948033442951179
8,509,incident,318.09589041095893,5.7623528794983,the,on,5.7430031878094825
8,510,of,362.3888888888889,5.892717913899931,incident,the,5.700443573390687
8,511,the,310.3783783783784,5.73779212859673,of,incident,5.695414224985685
8,512,hundreds,317.7945205479452,5.761405012128754,the,of,5.8126368795682835
8,513,of,320.6756756756757,5.770430256225639,hundreds,the,5.695414224985685
8,514,witnesses,337.8918918918919,5.822725997847533,of,hundreds,5.697093486505405
8,515,that,335.6164383561644,5.815968955384427,witnesses,of,5.695414224985685
8,516,the,346.24657534246575,5.847151166744955,that,witnesses,5.695414224985685
8,517,<UNK>,327.5945945945946,5.791776851826287,the,that,3.874401013638562
8,518,researchers,344.5890410958904,5.842352521777028,<UNK>,the,6.02707297457535
8,519,interviewed,357.3835616438356,5.878809607386181,researchers,<UNK>,5.697093486505405
8,520,a,424.05479452054794,6.049862679241959,interviewed,researchers,5.695414224985685
8,521,<UNK>,367.35616438356163,5.906331852607571,a,interviewed,5.695414224985685
8,522,<UNK>,342.4109589041096,5.836011649900581,<UNK>,a,2.8249715391611123
8,523,<UNK>,354.43835616438355,5.870534441329456,<UNK>,<UNK>,2.4908413853078146
8,524,a,352.81944444444446,5.865956437252328,<UNK>,<UNK>,4.975748035095815
8,525,<UNK>,401.36986301369865,5.994883353856768,a,<UNK>,3.4420193761824103
8,526,few,356.90410958904107,5.877467145109118,<UNK>,a,5.893024474294729
8,527,were,343.09589041095893,5.838009971975587,few,<UNK>,5.695414224985685
8,528,true,346.6986301369863,5.848455901535166,were,few,5.695414224985685
8,529,witnesses,421.3835616438356,6.043543491695685,true,were,5.695414224985685
8,530,who,398.2916666666667,5.987184567715817,witnesses,true,5.695414224985685
8,531,claimed,378.5138888888889,5.936252766758803,who,witnesses,5.695414224985685
8,532,to,319.83098591549293,5.767792687249301,claimed,who,5.0056227522727115
8,533,have,329.77464788732397,5.798409535998302,to,claimed,5.0056227522727115
8,534,actually,305.0,5.720311776607412,have,to,5.7120812774708964
8,535,seen,306.6027397260274,5.725552902229581,actually,have,5.695414224985685
8,536,debris,322.5342465753425,5.776209321529264,seen,actually,5.695414224985685
8,537,or,327.24657534246575,5.790713939777163,debris,seen,5.695414224985685
8,538,aliens,319.5753424657534,5.766993059682248,or,debris,5.695414224985685
8,539,most,356.64383561643837,5.876737624448609,aliens,or,5.695414224985685
8,540,of,305.7260273972603,5.7226893655972555,most,aliens,5.695414224985685
8,541,these,303.3611111111111,5.714923881741618,of,most,5.29162837839724
8,542,<UNK>,334.2638888888889,5.811930767516349,these,of,5.700443573390687
8,543,witnesses,329.38028169014086,5.797212954658948,<UNK>,these,5.698769932832657
8,544,were,314.75,5.751778672924456,witnesses,<UNK>,5.698769932832657
8,545,<UNK>,312.2361111111111,5.743759667987954,were,witnesses,5.695414224985685
8,546,the,340.125,5.82931319710341,<UNK>,were,5.321382639479033
8,547,claims,315.986301369863,5.755698862551899,the,<UNK>,5.901266279189834
8,548,of,323.2739726027397,5.778500176086198,claims,the,5.695414224985685
8,549,others,338.07042253521126,5.823254224476918,of,claims,5.695414224985685
8,550,and,314.98571428571427,5.752527286323301,others,of,5.698769932832657
8,551,their,320.28985507246375,5.769226382908585,and,others,5.695414224985685
8,552,<UNK>,368.65714285714284,5.909867059962433,their,and,5.695414224985685
8,553,would,322.3142857142857,5.7755271121155065,<UNK>,their,5.70877001616724
8,554,be,313.7887323943662,5.748719932689208,would,<UNK>,5.0072963928307415
8,555,<UNK>,350.77142857142854,5.860134810691426,be,would,4.454347296253507
8,556,<UNK>,405.65277777777777,6.005497566538022,<UNK>,be,5.0369526024136295
8,557,in,399.4166666666667,5.990005149371631,<UNK>,<UNK>,4.28260085453587
8,558,an,349.1666666666667,5.855549363128183,in,<UNK>,5.375278407684165
8,559,<UNK>,346.49295774647885,5.847862494459437,an,in,4.785823685681349
8,560,<UNK>,334.35714285714283,5.812209711684812,<UNK>,an,4.467548808112044
8,561,as,368.6619718309859,5.909880158697423,<UNK>,<UNK>,5.1298987149230735
8,562,for,318.74285714285713,5.764384687257966,as,<UNK>,5.744604469176456
8,563,the,312.8,5.745564008671156,for,as,5.695414224985685
8,564,several,331.2957746478873,5.803011555369666,the,for,5.717027701406222
8,565,accounts,355.0,5.872117789475416,several,the,5.695414224985685
8,566,from,315.3098591549296,5.7535558351865665,accounts,several,5.695414224985685
8,567,those,308.1267605633803,5.730511258576591,from,accounts,5.697093486505405
8,568,who,302.5633802816901,5.712290777116677,those,from,5.695414224985685
8,569,claimed,297.32394366197184,5.694822263801051,who,those,5.695414224985685
8,570,to,308.25714285714287,5.730934314061926,claimed,who,5.0056227522727115
8,571,have,309.14084507042253,5.7337969823376405,to,claimed,5.0056227522727115
8,572,seen,323.7361111111111,5.779928712050614,have,to,5.7120812774708964
8,573,aliens,356.55555555555554,5.8764900637736375,seen,have,5.695414224985685
8,574,<UNK>,349.07042253521126,5.855273685615335,aliens,seen,5.695414224985685
8,575,<UNK>,375.6111111111111,5.9285543291945135,<UNK>,aliens,5.695414224985685
8,576,a,338.15277777777777,5.823497798619111,<UNK>,<UNK>,4.975748035095815
8,577,<UNK>,333.40277777777777,5.809351301948985,a,<UNK>,3.4420193761824103
8,578,of,312.5211267605634,5.744672072525101,<UNK>,a,3.6417326756882344
8,579,problems,307.11267605633805,5.727214703235552,of,<UNK>,5.867883485336628
8,580,with,319.6666666666667,5.7672787862153285,problems,of,5.695414224985685
8,581,them,373.6056338028169,5.923200786012983,with,problems,5.698769932832657
8,582,these,380.2535211267606,5.940838191127457,them,with,5.695414224985685
8,583,problems,314.34722222222223,5.750498178213671,these,them,5.695414224985685
8,584,<UNK>,322.16438356164383,5.77506192323497,problems,these,5.695414224985685
8,585,from,339.44444444444446,5.827310294269476,<UNK>,problems,5.695414224985685
8,586,the,325.75,5.786130216004954,from,<UNK>,3.858297606071983
8,587,<UNK>,350.2083333333333,5.85852821549477,the,from,4.470822133457013
8,588,of,363.5138888888889,5.895817505016372,<UNK>,the,3.0826339954089095
8,589,<UNK>,346.94444444444446,5.849164664663514,of,<UNK>,2.923444506170187
8,590,accounts,427.0422535211268,6.056882962714993,<UNK>,of,5.7698822763607245
8,591,to,338.0833333333333,5.8232924134184465,accounts,<UNK>,5.697093486505405
8,592,<UNK>,315.1111111111111,5.752925310315798,to,accounts,5.695414224985685
8,593,<UNK>,349.3150684931507,5.855974289998127,<UNK>,to,4.115334838113936
8,594,problems,378.83561643835617,5.937102381280387,<UNK>,<UNK>,5.823045895483019
8,595,with,377.3835616438356,5.933262075133241,problems,<UNK>,5.700443573390687
8,596,witnesses,331.83561643835617,5.8046397150887845,with,problems,5.698769932832657
8,597,making,342.625,5.83663655462295,witnesses,with,5.695414224985685
8,598,<UNK>,373.2191780821918,5.9221658558688075,making,witnesses,5.695414224985685
8,599,<UNK>,400.2916666666667,5.992193448061793,<UNK>,making,5.695414224985685
8,600,or,343.3972602739726,5.838887970196175,<UNK>,<UNK>,4.724433606814909
8,601,<UNK>,562.7260273972603,6.332792879851953,or,<UNK>,3.532875205637355
8,602,claims,641.7083333333334,6.46413389101052,<UNK>,or,5.739792912179234
8,603,to,413.67123287671234,6.025071534856024,claims,<UNK>,5.695414224985685
8,604,<UNK>,361.5416666666667,5.8903772954455444,to,claims,5.695414224985685
8,605,<UNK>,413.63013698630135,6.024972185593611,<UNK>,to,4.115334838113936
8,606,<UNK>,530.3472222222222,6.273531928306429,<UNK>,<UNK>,2.4908413853078146
8,607,or,383.958904109589,5.950535526312674,<UNK>,<UNK>,4.724433606814909
8,608,accounts,344.24657534246575,5.841358189389247,or,<UNK>,5.730099782973574
8,609,from,351.6666666666667,5.862683757242057,accounts,or,5.695414224985685
8,610,<UNK>,350.34722222222223,5.858924726205754,from,accounts,5.697093486505405
8,611,or,339.0416666666667,5.826123010348712,<UNK>,from,5.707110264748875
8,612,<UNK>,339.77777777777777,5.828291809152788,or,<UNK>,3.532875205637355
8,613,<UNK>,350.6388888888889,5.859756887296752,<UNK>,or,4.035044819940809
8,614,witnesses,402.6056338028169,5.997957506656756,<UNK>,<UNK>,6.2285110035911835
8,615,a,374.27777777777777,5.924998243064495,witnesses,<UNK>,5.698769932832657
8,616,<UNK>,341.90140845070425,5.83452241611821,a,witnesses,5.695414224985685
8,617,problem,324.32394366197184,5.781742842416304,<UNK>,a,5.893024474294729
8,618,with,332.943661971831,5.8079732923995655,problem,<UNK>,5.695414224985685
8,619,all,302.5633802816901,5.712290777116677,with,problem,5.695414224985685
8,620,the,308.5,5.731721843345443,all,with,5.698769932832657
8,621,<UNK>,314.375,5.750586540854004,the,all,5.018934096910951
8,622,accounts,353.7083333333333,5.868472656390022,<UNK>,the,6.02707297457535
8,623,<UNK>,387.2142857142857,5.95897824964508,accounts,<UNK>,5.697093486505405
8,624,to,343.9718309859155,5.840559767351651,<UNK>,accounts,5.697093486505405
8,625,the,301.9166666666667,5.710151041107077,to,<UNK>,3.8741727812970486
8,626,<UNK>,310.27777777777777,5.737467953607136,the,to,3.6699514442284173
8,627,is,315.9583333333333,5.75561034835299,<UNK>,the,5.621607866467185
8,628,that,303.84722222222223,5.716525016601851,is,<UNK>,5.303304908059076
8,629,they,310.19444444444446,5.737199340989682,that,is,5.697093486505405
8,630,all,312.3333333333333,5.744070993570312,they,that,5.698769932832657
8,631,came,294.1111111111111,5.683957624890882,all,they,5.695414224985685
8,632,a,290.6849315068493,5.672239971019583,came,all,5.695414224985685
8,633,<UNK>,334.5,5.8126368795682835,a,came,5.695414224985685
8,634,of,331.8611111111111,5.804716541361114,<UNK>,a,3.6417326756882344
8,635,<UNK>,359.5833333333333,5.884945953729528,of,<UNK>,2.923444506170187
8,636,years,376.65714285714284,5.931335338268556,<UNK>,of,5.7698822763607245
8,637,after,382.32394366197184,5.946268269298236,years,<UNK>,5.296649309447339
8,638,the,333.09859154929575,5.808438516878764,after,years,5.29162837839724
8,639,events,319.77464788732397,5.767616522358509,the,after,5.698769932832657
8,640,in,324.2676056338028,5.781569118203055,events,the,5.697093486505405
8,641,question,363.71830985915494,5.89637969402836,in,events,5.695414224985685
8,642,and,324.59154929577466,5.782567620532644,question,in,5.697093486505405
8,643,in,326.9154929577465,5.789701706176249,and,question,5.695414224985685
8,644,many,325.0845070422535,5.784085170198435,in,and,5.697093486505405
8,645,<UNK>,327.56164383561645,5.791676262815383,many,in,5.695414224985685
8,646,were,320.7916666666667,5.770791898930104,<UNK>,many,5.702114417555504
8,647,<UNK>,313.02777777777777,5.74629193349624,were,<UNK>,4.465908118654584
8,648,more,350.25,5.858647185217117,<UNK>,were,5.726847747587197
8,649,than,338.19718309859155,5.823629107330419,more,<UNK>,5.697093486505405
8,650,<UNK>,327.0845070422535,5.7902185688315075,than,more,5.293304824724492
8,651,years,355.40277777777777,5.8732517316094714,<UNK>,than,5.29162837839724
8,652,after,342.72222222222223,5.836920271313474,years,<UNK>,5.296649309447339
8,653,the,316.9861111111111,5.7588579593878215,after,years,5.29162837839724
8,654,fact,313.2054794520548,5.746859459021257,the,after,5.698769932832657
8,655,not,372.4861111111111,5.9201997515167335,fact,the,5.702114417555504
8,656,only,340.44444444444446,5.830251953524263,not,fact,5.695414224985685
8,657,are,316.15277777777777,5.756225570731333,only,not,5.695414224985685
8,658,memories,340.80555555555554,5.831312096335073,are,only,5.695414224985685
8,659,this,351.25,5.861498220647955,memories,are,5.695414224985685
8,660,old,316.68055555555554,5.757893554613793,this,memories,5.695414224985685
8,661,of,320.34722222222223,5.769405476975866,old,this,5.695414224985685
8,662,<UNK>,330.2857142857143,5.799958080736955,of,old,5.695414224985685
8,663,<UNK>,357.98591549295776,5.880493643428334,<UNK>,of,3.8239721273054115
8,664,they,358.71830985915494,5.882537428284702,<UNK>,<UNK>,5.312220271717028
8,665,were,339.09859154929575,5.826290895626346,they,<UNK>,4.792479284293085
8,666,also,335.1666666666667,5.814627920544597,were,they,5.71042701737487
8,667,subject,311.34722222222223,5.740908759557841,also,were,5.695414224985685
8,668,to,319.056338028169,5.7653676954302195,subject,also,5.695414224985685
8,669,<UNK>,354.47945205479454,5.870650381118189,to,subject,5.695414224985685
8,670,from,370.2191780821918,5.91409520344964,<UNK>,to,5.820082930352362
8,671,other,341.97222222222223,5.834729512191505,from,<UNK>,5.730099782973574
8,672,accounts,311.68055555555554,5.741978802907521,other,from,5.695414224985685
8,673,the,328.09859154929575,5.793314147209582,accounts,other,5.695414224985685
8,674,witnesses,368.5138888888889,5.909478401255326,the,accounts,5.695414224985685
8,675,may,328.5492957746479,5.794686889907241,witnesses,the,5.695414224985685
8,676,have,311.0416666666667,5.7399268796253455,may,witnesses,5.695414224985685
8,677,been,324.3333333333333,5.781771793517895,have,may,5.695414224985685
8,678,<UNK>,315.3380281690141,5.753645168758181,been,have,5.293304824724492
8,679,to,317.36619718309856,5.760056303312806,<UNK>,been,5.7120812774708964
8,680,though,396.09859154929575,5.981663148825779,to,<UNK>,5.820082930352362
8,681,there,375.76056338028167,5.928952141026434,though,to,5.695414224985685
8,682,had,360.0281690140845,5.886182275650344,there,though,5.695414224985685
8,683,always,343.30555555555554,5.8386208831336255,had,there,5.695414224985685
8,684,been,326.7361111111111,5.789152845437525,always,had,5.0072963928307415
8,685,<UNK>,326.93055555555554,5.789747780012272,been,always,5.293304824724492
8,686,who,321.5416666666667,5.773127136109657,<UNK>,been,5.7120812774708964
8,687,had,319.0416666666667,5.7653217107651775,who,<UNK>,4.802380355275797
8,688,many,312.92957746478874,5.745978173100352,had,who,5.7120812774708964
8,689,<UNK>,348.88732394366195,5.854749016044223,many,had,5.695414224985685
8,690,to,334.6619718309859,5.8131209830916974,<UNK>,many,5.702114417555504
8,691,the,311.97222222222223,5.742914152506926,to,<UNK>,3.8741727812970486
8,692,<UNK>,327.8611111111111,5.792590076972959,the,to,3.6699514442284173
8,693,of,328.63380281690144,5.7949440695057435,<UNK>,the,3.0826339954089095
8,694,these,324.98591549295776,5.78378184444592,of,<UNK>,5.867883485336628
8,695,accounts,353.04285714285714,5.866589457900607,these,of,5.700443573390687
8,696,it,365.4366197183099,5.901092857089642,accounts,these,5.695414224985685
8,697,was,293.23943661971833,5.680989465127644,it,accounts,5.695414224985685
8,698,not,287.43055555555554,5.660981285166778,was,it,5.082955955675882
8,699,until,298.2191780821918,5.697828713080202,not,was,5.707110264748875
8,700,the,296.5416666666667,5.692187736951325,until,not,5.695414224985685
8,701,mid,297.85714285714283,5.6966139851775885,the,until,5.697093486505405
8,702,nineteen,307.71014492753625,5.729158251974729,mid,the,5.293304824724492
8,703,nineties,385.98571428571427,5.955800359157456,nineteen,mid,5.29162837839724
8,704,that,352.4428571428571,5.864888501715349,nineties,nineteen,5.700443573390687
8,705,a,322.85714285714283,5.777209943211018,that,nineties,5.695414224985685
8,706,strong,314.55555555555554,5.75116070777568,a,that,5.700443573390687
8,707,<UNK>,384.59154929577466,5.952181860203382,strong,a,5.695414224985685
8,708,to,407.84507042253523,6.0108873729321814,<UNK>,strong,5.698769932832657
8,709,the,332.3333333333333,5.806138481293728,to,<UNK>,3.8741727812970486
8,710,<UNK>,315.34722222222223,5.7536743245159965,the,to,3.6699514442284173
8,711,of,319.4246575342466,5.766521432344845,<UNK>,the,3.0826339954089095
8,712,aliens,317.8904109589041,5.761706703759099,of,<UNK>,5.867883485336628
8,713,was,315.0,5.752572638825633,aliens,of,5.695414224985685
8,714,<UNK>,313.05555555555554,5.746380668577712,was,aliens,5.695414224985685
8,715,<UNK>,350.6478873239437,5.859782549936803,<UNK>,was,4.075995423553904
8,716,the,345.8611111111111,5.846037281496303,<UNK>,<UNK>,3.455922281351402
8,717,general,349.75,5.857218613545591,the,<UNK>,5.901266279189834
8,718,<UNK>,330.43835616438355,5.800420124994797,general,the,5.29162837839724
8,719,office,340.88732394366195,5.831551994362345,<UNK>,general,5.697093486505405
8,720,<UNK>,345.972602739726,5.846359589089436,office,<UNK>,5.695414224985685
8,721,an,367.65277777777777,5.907138954108801,<UNK>,office,5.697093486505405
8,722,<UNK>,363.1917808219178,5.894931016575478,an,<UNK>,4.787491742782046
8,723,and,338.90140845070425,5.825709234552154,<UNK>,an,5.720311776607412
8,724,<UNK>,310.7361111111111,5.73894403465702,and,<UNK>,2.645901983305224
8,725,the,299.94444444444446,5.703597272322122,<UNK>,and,4.445588116163626
8,726,office,319.22222222222223,5.7658874816430705,the,<UNK>,5.495801171081669
8,727,of,307.59722222222223,5.72879120710379,office,the,5.697093486505405
8,728,the,301.7916666666667,5.70973693384738,of,office,5.695414224985685
8,729,<UNK>,312.55555555555554,5.744782231153637,the,of,3.2476875221067463
8,730,of,307.22535211267603,5.727581524276851,<UNK>,the,3.0826339954089095
8,731,the,362.6027397260274,5.893307854072756,of,<UNK>,3.1937348359100985
8,732,air,335.0,5.814130531825066,the,of,5.8126368795682835
8,733,<UNK>,368.54285714285714,5.909557006475723,air,the,5.298317366548036
8,734,to,331.4788732394366,5.803564076793927,<UNK>,air,5.700443573390687
8,735,<UNK>,328.9,5.795753753195012,to,<UNK>,3.145934280925833
8,736,an,341.0,5.831882477283517,<UNK>,to,5.414617822244197
8,737,<UNK>,305.34285714285716,5.721435267035483,an,<UNK>,4.787491742782046
8,738,<UNK>,331.3142857142857,5.803067428552132,<UNK>,an,4.467548808112044
8,739,the,346.1617647058824,5.84690619385222,<UNK>,<UNK>,3.455922281351402
8,740,result,346.0422535211268,5.84656088760494,the,<UNK>,5.901266279189834
8,741,was,318.5072463768116,5.7636452263289515,result,the,5.697093486505405
8,742,<UNK>,355.22058823529414,5.8727389718124,was,result,5.695414224985685
8,743,in,331.82608695652175,5.8046109971989726,<UNK>,was,4.68213122712422
8,744,two,311.3768115942029,5.741003791611836,in,<UNK>,5.780743515792329
8,745,<UNK>,303.536231884058,5.715500983552422,two,in,5.695414224985685
8,746,the,337.7916666666667,5.822429334639762,<UNK>,two,5.702114417555504
8,747,first,319.6666666666667,5.7672787862153285,the,<UNK>,4.802653990521724
8,748,<UNK>,299.7083333333333,5.70280977951941,first,the,4.618415412738112
8,749,in,304.05555555555554,5.717210433247754,<UNK>,first,5.703782474656201
8,750,nineteen,306.82191780821915,5.7262675069942475,in,<UNK>,4.864452783918175
8,751,<UNK>,398.2857142857143,5.9871696228251015,nineteen,in,5.01396308418893
8,752,<UNK>,434.2112676056338,6.0735312073738035,<UNK>,nineteen,5.298317366548036
8,753,that,352.7808219178082,5.8658469630116965,<UNK>,<UNK>,4.213607983048918
8,754,the,305.8333333333333,5.723040291260616,that,<UNK>,4.391357962102766
8,755,reported,303.88732394366195,5.716656987778251,the,that,5.746203190540153
8,756,recovered,340.59154929577466,5.8306839566928765,reported,the,5.695414224985685
8,757,<UNK>,397.40845070422534,5.984964594874572,recovered,reported,5.695414224985685
8,758,in,368.28169014084506,5.908848107691305,<UNK>,recovered,5.695414224985685
8,759,nineteen,339.7916666666667,5.828332684707169,in,<UNK>,4.864452783918175
8,760,fortyseven,344.2463768115942,5.841357612677834,nineteen,in,4.79081953287472
8,761,was,361.92857142857144,5.891446875860651,fortyseven,nineteen,5.705447753975262
8,762,likely,328.2028985507246,5.793632010276726,was,fortyseven,5.695414224985685
8,763,debris,362.6478873239437,5.893432356131191,likely,was,5.695414224985685
8,764,from,321.6714285714286,5.7735306164103015,debris,likely,5.695414224985685
8,765,a,309.59154929577466,5.735253845786758,from,debris,5.698769932832657
8,766,secret,334.6142857142857,5.812978482543551,a,from,5.700443573390687
8,767,government,359.32394366197184,5.8842243316485785,secret,a,5.695414224985685
8,768,<UNK>,343.05797101449275,5.837899444589131,government,secret,5.695414224985685
8,769,called,337.0,5.820082930352362,<UNK>,government,5.695414224985685
8,770,<UNK>,338.07246376811594,5.823260262351297,called,<UNK>,5.695414224985685
8,771,mogul,397.3188405797101,5.984739083240889,<UNK>,called,5.697093486505405
8,772,which,368.27536231884056,5.908830925527388,mogul,<UNK>,5.697093486505405
8,773,<UNK>,337.8857142857143,5.8227077148913615,which,mogul,5.695414224985685
8,774,high,330.3333333333333,5.800102245661878,<UNK>,which,5.71042701737487
8,775,<UNK>,330.3,5.800001332396744,high,<UNK>,5.29162837839724
8,776,<UNK>,350.0857142857143,5.858178022460033,<UNK>,high,5.697093486505405
8,777,<UNK>,329.3623188405797,5.797158417880695,<UNK>,<UNK>,2.4908413853078146
8,778,to,330.5857142857143,5.800865972976313,<UNK>,<UNK>,4.213607983048918
8,779,<UNK>,304.77142857142854,5.719562081136069,to,<UNK>,3.145934280925833
8,780,<UNK>,317.4,5.760162808092309,<UNK>,to,4.115334838113936
8,781,waves,334.11267605633805,5.811478289547906,<UNK>,<UNK>,6.2285110035911835
8,782,<UNK>,348.8285714285714,5.854580602179442,waves,<UNK>,5.695414224985685
8,783,by,338.2957746478873,5.823920585752669,<UNK>,waves,5.695414224985685
8,784,<UNK>,320.6619718309859,5.770387521030707,by,<UNK>,4.48863636973214
8,785,<UNK>,322.67605633802816,5.776648898406226,<UNK>,by,5.7120812774708964
8,786,<UNK>,363.4714285714286,5.8957006929804505,<UNK>,<UNK>,2.4908413853078146
8,787,tests,359.8169014084507,5.885595294866894,<UNK>,<UNK>,6.2285110035911835
8,788,and,349.9154929577465,5.857691676637878,tests,<UNK>,5.698769932832657
8,789,<UNK>,336.24285714285713,5.8178336879925965,and,tests,5.695414224985685
8,790,<UNK>,370.92857142857144,5.91600951422906,<UNK>,and,3.7524409356036807
8,791,the,368.90140845070425,5.910529422569601,<UNK>,<UNK>,3.455922281351402
8,792,second,372.2112676056338,5.91946161673659,the,<UNK>,5.495801171081669
8,793,<UNK>,348.92957746478874,5.85487011807283,second,the,5.702114417555504
8,794,<UNK>,341.6521739130435,5.833793184189256,<UNK>,second,5.697093486505405
8,795,two,328.0571428571429,5.793187809238169,<UNK>,<UNK>,6.2285110035911835
8,796,years,323.53521126760563,5.779307952739917,two,<UNK>,5.700443573390687
8,797,later,316.8142857142857,5.75831575271867,years,two,5.695414224985685
8,798,in,316.19718309859155,5.756366016129085,later,years,5.695414224985685
8,799,nineteen,314.07142857142856,5.749620439565551,in,later,5.695414224985685
8,800,ninetyseven,356.15714285714284,5.8753720459782475,nineteen,in,5.707110264748875
8,801,<UNK>,466.98591549295776,6.146299097670101,ninetyseven,nineteen,5.0056227522727115
8,802,that,362.3333333333333,5.8925645984531,<UNK>,ninetyseven,5.698769932832657
8,803,<UNK>,315.27142857142854,5.7534339457988,that,<UNK>,3.905850146321065
8,804,of,360.5774647887324,5.887706815163419,<UNK>,that,5.3230099791384085
8,805,recovered,342.3285714285714,5.835771011023209,of,<UNK>,5.867883485336628
8,806,alien,353.8169014084507,5.868779551665663,recovered,of,5.695414224985685
8,807,<UNK>,338.943661971831,5.8258339046958945,alien,recovered,5.695414224985685
8,808,were,347.07042253521126,5.849527706143298,<UNK>,alien,5.700443573390687
8,809,likely,326.3,5.787817203599275,were,<UNK>,5.718671087149952
8,810,a,335.48571428571427,5.815579375134718,likely,were,5.695414224985685
8,811,<UNK>,350.7042253521127,5.859943205411484,a,likely,5.695414224985685
8,812,of,329.35714285714283,5.797142702591447,<UNK>,a,3.6417326756882344
8,813,<UNK>,355.55555555555554,5.873681511451599,of,<UNK>,2.923444506170187
8,814,<UNK>,364.9154929577465,5.8996658006330165,<UNK>,of,3.8239721273054115
8,815,memories,402.3188405797101,5.997244910023482,<UNK>,<UNK>,5.823045895483019
8,816,of,382.2,5.945944031806173,memories,<UNK>,5.29162837839724
8,817,military,340.36619718309856,5.830022088545938,of,memories,5.697093486505405
8,818,<UNK>,369.1,5.911067610035953,military,of,5.695414224985685
8,819,<UNK>,399.2957746478873,5.989702432114583,<UNK>,military,5.698769932832657
8,820,<UNK>,389.056338028169,5.963724160967818,<UNK>,<UNK>,2.4908413853078146
8,821,or,347.35714285714283,5.850353480788527,<UNK>,<UNK>,4.724433606814909
8,822,<UNK>,338.65714285714284,5.824988217590087,or,<UNK>,3.532875205637355
8,823,personnel,338.82608695652175,5.8254869579144115,<UNK>,or,5.739792912179234
8,824,<UNK>,364.5285714285714,5.898604933640319,personnel,<UNK>,5.695414224985685
8,825,<UNK>,412.11267605633805,6.0212967975328,<UNK>,personnel,5.695414224985685
8,826,memories,386.6,5.95739056677423,<UNK>,<UNK>,5.823045895483019
8,827,of,401.2676056338028,5.9946285504506385,memories,<UNK>,5.29162837839724
8,828,the,330.53521126760563,5.800713193004435,of,memories,5.697093486505405
8,829,<UNK>,321.49295774647885,5.7729756390722295,the,of,3.2476875221067463
8,830,of,336.1857142857143,5.817663728357601,<UNK>,the,3.0826339954089095
8,831,<UNK>,490.6478873239437,6.195726736771315,of,<UNK>,2.923444506170187
8,832,<UNK>,528.1739130434783,6.26942561023649,<UNK>,of,3.8239721273054115
8,833,in,401.48571428571427,5.995171951896304,<UNK>,<UNK>,4.28260085453587
8,834,military,366.35714285714283,5.90360865777401,in,<UNK>,5.780743515792329
8,835,<UNK>,364.12857142857143,5.897507023480236,military,in,5.695414224985685
8,836,us,373.07142857142856,5.92176989882104,<UNK>,military,5.698769932832657
8,837,<UNK>,413.82608695652175,6.0254458057519065,us,<UNK>,5.695414224985685
8,838,in,338.7857142857143,5.825367796262323,<UNK>,us,5.695414224985685
8,839,the,324.84285714285716,5.783341548914432,in,<UNK>,3.338396480423125
8,840,nineteen,326.7323943661972,5.789141470000506,the,in,5.794536837924666
8,841,<UNK>,373.0285714285714,5.9216550157144745,nineteen,the,5.293304824724492
8,842,and,375.23943661971833,5.9275643198700925,<UNK>,nineteen,5.298317366548036
8,843,<UNK>,344.95714285714286,5.843420185712485,and,<UNK>,2.645901983305224
8,844,that,375.6,5.928524747334108,<UNK>,and,4.733270188615407
8,845,<UNK>,326.0857142857143,5.7871602740641865,that,<UNK>,3.905850146321065
8,846,witnesses,339.7142857142857,5.828104928195414,<UNK>,that,5.728475087246572
8,847,and,312.4714285714286,5.744513036425181,witnesses,<UNK>,5.698769932832657
8,848,ufo,302.0869565217391,5.710714911431846,and,witnesses,5.697093486505405
8,849,<UNK>,331.28169014084506,5.8029690410742285,ufo,and,5.695414224985685
8,850,<UNK>,407.056338028169,6.008951598536695,<UNK>,ufo,4.785823685681349
8,851,the,402.9154929577465,5.998726845063706,<UNK>,<UNK>,3.455922281351402
8,852,<UNK>,408.056338028169,6.011405248273901,the,<UNK>,2.9055340056358423
8,853,effects,379.07042253521126,5.937721999260171,<UNK>,the,6.02707297457535
8,854,of,319.76056338028167,5.767572476286309,effects,<UNK>,5.698769932832657
8,855,time,307.50704225352115,5.728497988621801,of,effects,5.695414224985685
8,856,<UNK>,341.54285714285714,5.833473167894786,time,of,5.697093486505405
8,857,and,391.9577464788732,5.971154044386036,<UNK>,time,5.698769932832657
8,858,confusion,353.15492957746477,5.866906854634655,and,<UNK>,5.498533413218542
8,859,about,377.34285714285716,5.933154209554391,confusion,and,5.697093486505405
8,860,when,316.5211267605634,5.757389990574677,about,confusion,5.695414224985685
8,861,events,336.38028169014086,5.818242310715372,when,about,5.695414224985685
8,862,<UNK>,324.8142857142857,5.78325359043078,events,when,5.695414224985685
8,863,<UNK>,329.90277777777777,5.798797998259038,<UNK>,events,5.695414224985685
8,864,the,326.94444444444446,5.789790261798212,<UNK>,<UNK>,3.455922281351402
8,865,<UNK>,325.7887323943662,5.786249111144985,the,<UNK>,2.9055340056358423
8,866,with,345.97222222222223,5.8463584892401705,<UNK>,the,5.333925794015404
8,867,the,315.2535211267606,5.753377144098309,with,<UNK>,4.243721963296701
8,868,years,306.5068493150685,5.725240101994665,the,with,5.713732805509369
8,869,in,365.4714285714286,5.901188105331132,years,the,5.697093486505405
8,870,question,353.8888888888889,5.868982990670045,in,years,5.695414224985685
8,871,in,376.84507042253523,5.931834149196983,question,in,5.697093486505405
8,872,<UNK>,326.5833333333333,5.7886851484116315,in,question,5.695414224985685
8,873,nineteen,357.59722222222223,5.87940727543424,<UNK>,in,5.738183901373533
8,874,ninetyseven,474.59154929577466,6.162454537892387,nineteen,<UNK>,5.698769932832657
8,875,<UNK>,434.72222222222223,6.074707257512189,ninetyseven,nineteen,5.0056227522727115
8,876,<UNK>,444.3382352941176,6.096586063619553,<UNK>,ninetyseven,5.698769932832657
8,877,one,401.75,5.995830004617622,<UNK>,<UNK>,5.823045895483019
8,878,of,347.38028169014086,5.850420092524671,one,<UNK>,5.012300573415317
8,879,the,300.7887323943662,5.706408132578762,of,one,4.104294893075269
8,880,more,299.52777777777777,5.702207160425963,the,of,5.407171771460119
8,881,<UNK>,330.98571428571427,5.802075215188014,more,the,5.29162837839724
8,882,<UNK>,365.9166666666667,5.902405620773717,<UNK>,more,5.705447753975262
8,883,researchers,446.36764705882354,6.101142933213995,<UNK>,<UNK>,6.2285110035911835
8,884,said,419.1142857142857,6.038143640998349,researchers,<UNK>,5.697093486505405
8,885,<UNK>,352.6478873239437,5.865470072778292,said,researchers,5.695414224985685
8,886,on,351.98571428571427,5.863590590358943,<UNK>,said,5.700443573390687
8,887,my,308.2676056338028,5.73096825520277,on,<UNK>,5.0466457316192885
8,888,research,308.9154929577465,5.7330677539201105,my,on,5.698769932832657
8,889,and,323.8169014084507,5.780178236942621,research,my,5.695414224985685
8,890,that,337.72857142857146,5.822242529760439,and,research,5.695414224985685
8,891,of,322.6714285714286,5.776634556468873,that,and,5.70877001616724
8,892,others,316.1267605633803,5.756143274174717,of,that,5.697093486505405
8,893,im,327.14285714285717,5.790396947492972,others,of,5.698769932832657
8,894,as,307.0281690140845,5.7269394991241,im,others,5.695414224985685
8,895,certain,327.40845070422534,5.791208476162338,as,im,5.695414224985685
8,896,as,307.32394366197184,5.7279023823457464,certain,as,5.697093486505405
8,897,its,307.2957746478873,5.727810719116387,as,certain,5.695414224985685
8,898,<UNK>,333.16901408450707,5.808649911023933,its,as,5.29162837839724
8,899,to,319.3943661971831,5.766426596918971,<UNK>,its,5.298317366548036
8,900,be,306.90140845070425,5.726526550897351,to,<UNK>,4.721470641684252
8,901,without,328.3380281690141,5.794043651393671,be,to,5.718671087149952
8,902,<UNK>,356.3857142857143,5.876013611419878,without,be,5.695414224985685
8,903,proof,331.1857142857143,5.8026792883855345,<UNK>,without,5.695414224985685
8,904,that,351.51428571428573,5.862250352570755,proof,<UNK>,5.695414224985685
8,905,no,308.98591549295776,5.733295694929964,that,proof,5.695414224985685
8,906,flying,325.05555555555554,5.783996107892071,no,that,5.695414224985685
8,907,<UNK>,321.7916666666667,5.773904338221318,flying,no,5.695414224985685
8,908,or,316.8857142857143,5.758541186115328,<UNK>,flying,5.698769932832657
8,909,<UNK>,322.50704225352115,5.776124972442442,or,<UNK>,3.532875205637355
8,910,crashed,334.67605633802816,5.813163067976917,<UNK>,or,5.739792912179234
8,911,in,327.7042253521127,5.792111449585978,crashed,<UNK>,5.695414224985685
8,912,the,305.7323943661972,5.722710191114447,in,crashed,5.29162837839724
8,913,general,337.2112676056338,5.82070964077,the,in,5.794536837924666
8,914,<UNK>,316.74285714285713,5.758090268490336,general,the,5.29162837839724
8,915,of,320.72857142857146,5.770595193558856,<UNK>,general,5.697093486505405
8,916,roswell,310.4927536231884,5.738160563333694,of,<UNK>,5.867883485336628
8,917,or,334.9,5.813831979800159,roswell,of,5.697093486505405
8,918,on,296.49295774647885,5.692023466879083,or,roswell,5.695414224985685
8,919,the,316.3142857142857,5.756736294370053,on,or,5.695414224985685
8,920,<UNK>,296.3521126760563,5.691548317197997,the,on,3.951243718581427
8,921,of,332.0285714285714,5.80522102373346,<UNK>,the,3.0826339954089095
8,922,<UNK>,318.7464788732394,5.764396049739431,of,<UNK>,2.923444506170187
8,923,<UNK>,338.2142857142857,5.82367967600492,<UNK>,of,3.8239721273054115
8,924,in,394.4366197183099,5.9774584676026175,<UNK>,<UNK>,4.28260085453587
8,925,nineteen,360.37142857142857,5.887135245597779,in,<UNK>,4.864452783918175
8,926,fortyseven,378.7647058823529,5.936915183481967,nineteen,in,4.79081953287472
8,927,he,388.61971830985914,5.962601277575361,fortyseven,nineteen,5.705447753975262
8,928,then,340.056338028169,5.8291113039663145,he,fortyseven,5.695414224985685
8,929,<UNK>,309.8285714285714,5.736019149129143,then,he,5.695414224985685
8,930,the,326.1142857142857,5.787247889607239,<UNK>,then,5.703782474656201
8,931,debris,356.14084507042253,5.875326284830527,the,<UNK>,5.495801171081669
8,932,found,312.1470588235294,5.743474419145661,debris,the,5.697093486505405
8,933,was,324.3943661971831,5.781959955250697,found,debris,5.695414224985685
8,934,the,305.4428571428571,5.721762714120621,was,found,5.695414224985685
8,935,<UNK>,309.85915492957747,5.736117855299137,the,was,4.33729074083249
8,936,of,299.2857142857143,5.7013986833009245,<UNK>,the,3.0826339954089095
8,937,something,292.7887323943662,5.679451299087017,of,<UNK>,5.867883485336628
8,938,very,316.2,5.756374924775372,something,of,5.695414224985685
8,939,<UNK>,310.943661971831,5.739611744553393,very,something,5.695414224985685
8,940,all,355.7,5.874087678954409,<UNK>,very,5.707110264748875
8,941,but,348.23943661971833,5.852890279449597,all,<UNK>,5.703782474656201
8,942,<UNK>,356.1714285714286,5.875412155879382,but,all,5.697093486505405
8,943,something,345.3521126760563,5.844564513008832,<UNK>,but,5.700443573390687
8,944,from,352.2676056338028,5.864391130037408,something,<UNK>,5.697093486505405
8,945,the,315.27142857142854,5.7534339457988,from,something,5.695414224985685
8,946,top,291.4225352112676,5.674774225058085,the,from,5.723585101952381
8,947,secret,319.46478873239437,5.766647060333961,top,the,5.698769932832657
8,948,<UNK>,316.87142857142857,5.758496103501431,secret,top,5.695414224985685
8,949,mogul,343.0144927536232,5.837772699199325,<UNK>,secret,5.695414224985685
8,950,although,407.77142857142854,6.010706793330377,mogul,<UNK>,5.697093486505405
8,951,most,371.7391304347826,5.918192346001656,although,mogul,5.695414224985685
8,952,now,327.9142857142857,5.7927522501912545,most,although,5.695414224985685
8,953,<UNK>,335.82608695652175,5.816593427619256,now,most,5.695414224985685
8,954,with,322.5285714285714,5.776191725888614,<UNK>,now,5.700443573390687
8,955,this,300.3,5.7047819749892845,with,<UNK>,5.7477993600729755
8,956,<UNK>,320.3188405797101,5.769316876551468,this,with,5.697093486505405
8,957,each,342.84285714285716,5.8372721997459776,<UNK>,this,5.71042701737487
8,958,year,354.6231884057971,5.871055784637425,each,<UNK>,5.697093486505405
8,959,during,330.7,5.801211619987747,year,each,5.695414224985685
8,960,july,327.1014492753623,5.790270365214322,during,year,5.695414224985685
8,961,<UNK>,326.4,5.788123623089952,july,during,5.695414224985685
8,962,<UNK>,370.1764705882353,5.913979839470717,<UNK>,july,5.698769932832657
8,963,the,376.8285714285714,5.931790366336471,<UNK>,<UNK>,3.455922281351402
8,964,city,312.6714285714286,5.745152890194726,the,<UNK>,5.901266279189834
8,965,of,314.25714285714287,5.750211577067703,city,the,5.0072963928307415
8,966,roswell,329.4492753623188,5.797422397819752,of,city,5.698769932832657
8,967,<UNK>,314.7971014492754,5.751928308906434,roswell,of,5.697093486505405
8,968,the,352.9428571428571,5.8663061660474,<UNK>,roswell,5.703782474656201
8,969,roswell,323.768115942029,5.7800275680259325,the,<UNK>,5.495801171081669
8,970,ufo,302.54285714285714,5.712222943941041,roswell,the,5.296649309447339
8,971,<UNK>,322.2647058823529,5.7753732757892315,ufo,roswell,5.697093486505405
8,972,<UNK>,339.3098591549296,5.826913728706459,<UNK>,ufo,4.785823685681349
8,973,all,345.4507042253521,5.844849953506621,<UNK>,<UNK>,6.2285110035911835
8,974,things,315.69444444444446,5.7547747978305335,all,<UNK>,5.703782474656201
8,975,ufo,333.4861111111111,5.809601218644722,things,all,5.695414224985685
8,976,<UNK>,347.56164383561645,5.850942041605396,ufo,things,5.695414224985685
8,977,<UNK>,339.013698630137,5.826040515502489,<UNK>,ufo,4.785823685681349
8,978,<UNK>,407.15714285714284,6.009199211311121,<UNK>,<UNK>,2.4908413853078146
8,979,and,403.7260273972603,6.000736497906642,<UNK>,<UNK>,3.487670979665982
8,980,<UNK>,476.3611111111111,6.166176203400037,and,<UNK>,2.645901983305224
9,2,mania,495.51807228915663,6.205603825938742,tulip,<UNK>,5.301645156640712
9,3,was,463.9277108433735,6.139728744492683,mania,tulip,5.296649309447339
9,4,a,346.64285714285717,5.8482950197899575,was,mania,5.698769932832657
9,5,<UNK>,343.3614457831325,5.838783670125257,a,was,4.209655408733095
9,6,in,350.9166666666667,5.860548778373928,<UNK>,a,5.199877293734784
9,7,the,322.07142857142856,5.774773348805826,in,<UNK>,3.338396480423125
9,8,dutch,358.9,5.883043798153562,the,in,5.794536837924666
9,9,golden,387.7261904761905,5.9602993958546024,dutch,the,5.293304824724492
9,10,<UNK>,391.0722891566265,5.968892425650176,golden,dutch,5.29162837839724
9,11,during,431.81481481481484,6.067996826928963,<UNK>,golden,5.698769932832657
9,12,which,407.1566265060241,6.009197943123997,during,<UNK>,5.697093486505405
9,13,contract,425.5061728395062,6.053279455169084,which,during,5.695414224985685
9,14,prices,449.5243902439024,6.108190113271427,contract,which,5.695414224985685
9,15,for,448.109756097561,6.105038193698719,prices,contract,5.695414224985685
9,16,bulbs,384.325,5.951488548798663,for,prices,5.294978465282522
9,17,of,366.890243902439,5.905062740390199,bulbs,for,5.697093486505405
9,18,the,329.3703703703704,5.797182863395311,of,bulbs,5.697093486505405
9,19,<UNK>,383.7654320987654,5.950031512030999,the,of,3.2476875221067463
9,20,<UNK>,406.97435897435895,6.008750183395008,<UNK>,the,2.6426827112295754
9,21,tulip,406.7875,6.008290936072017,<UNK>,<UNK>,5.823045895483019
9,22,<UNK>,397.4,5.984943330117717,tulip,<UNK>,4.79081953287472
9,23,<UNK>,408.7088607594937,6.013003070686314,<UNK>,tulip,5.296649309447339
9,24,high,388.65,5.962679195676229,<UNK>,<UNK>,6.2285110035911835
9,25,<UNK>,381.37179487179486,5.943774738863321,high,<UNK>,5.29162837839724
9,26,and,373.1794871794872,5.922059502777385,<UNK>,high,5.697093486505405
9,27,then,376.5875,5.931150423956847,and,<UNK>,5.903998521326706
9,28,suddenly,343.875,5.8402782192447384,then,and,5.703782474656201
9,29,<UNK>,413.8101265822785,6.0254072371779746,suddenly,then,5.695414224985685
9,30,at,417.525,6.034344422737681,<UNK>,suddenly,5.700443573390687
9,31,the,346.27848101265823,5.847243309750965,at,<UNK>,4.469186810116282
9,32,<UNK>,354.7901234567901,5.8715264131167135,the,at,4.470822133457013
9,33,of,342.2926829268293,5.835666169107927,<UNK>,the,3.0826339954089095
9,34,tulip,316.125,5.756137704990129,of,<UNK>,5.462418377228463
9,35,mania,340.5,5.830415125589567,tulip,of,5.697093486505405
9,36,in,364.4,5.898252165385803,mania,tulip,5.702114417555504
9,37,<UNK>,375.54545454545456,5.928379514598394,in,mania,5.695414224985685
9,38,sixteen,465.55696202531647,6.143234456632166,<UNK>,in,5.332718793265369
9,39,<UNK>,862.1111111111111,6.75938416155773,sixteen,<UNK>,5.29162837839724
9,40,tulip,800.1728395061729,6.684827753715337,<UNK>,sixteen,5.296649309447339
9,41,contracts,584.2207792207793,6.370278957997535,tulip,<UNK>,5.707110264748875
9,42,<UNK>,466.2875,6.144802396678214,contracts,tulip,5.695414224985685
9,43,for,366.53164556962025,5.904084862946011,<UNK>,contracts,5.695414224985685
9,44,more,393.44303797468353,5.974936300008536,for,<UNK>,5.7430031878094825
9,45,than,364.77777777777777,5.8992883401653735,more,for,5.29162837839724
9,46,ten,383.6125,5.949632928505482,than,more,5.698769932832657
9,47,times,381.3375,5.943684809785365,ten,than,5.695414224985685
9,48,the,371.65,5.917952551171302,times,ten,5.697093486505405
9,49,<UNK>,374.9240506329114,5.926723473812538,the,times,5.695414224985685
9,50,<UNK>,346.43589743589746,5.8476978013303125,<UNK>,the,2.6426827112295754
9,51,of,348.39240506329116,5.85332944526683,<UNK>,<UNK>,3.9259259105971376
9,52,a,370.46753246753246,5.914765809229683,of,<UNK>,4.61512051684126
9,53,<UNK>,362.43037974683546,5.892832399978841,a,of,4.608497976080766
9,54,<UNK>,429.89473684210526,6.063540380678061,<UNK>,a,2.8249715391611123
9,55,it,439.20512820512823,6.0849665663683385,<UNK>,<UNK>,5.535363823031238
9,56,is,359.3,5.884157694119473,it,<UNK>,5.033700567027251
9,57,generally,368.6875,5.909949401763294,is,it,5.70877001616724
9,58,<UNK>,410.875,6.018289031984383,generally,is,5.697093486505405
9,59,the,358.34177215189874,5.881487201807698,<UNK>,generally,5.695414224985685
9,60,first,349.1375,5.855465827419603,the,<UNK>,4.802653990521724
9,61,<UNK>,378.0379746835443,5.934994652699385,first,the,4.618415412738112
9,62,economic,413.95,6.0257451935848145,<UNK>,first,5.703782474656201
9,63,bubble,408.24050632911394,6.011856477028105,economic,<UNK>,5.695414224985685
9,64,the,472.1948051948052,6.157391623309249,bubble,economic,5.293304824724492
9,65,tulip,467.8375,6.148121013399831,the,bubble,5.697093486505405
9,66,<UNK>,465.2564102564103,6.142588673517524,tulip,the,5.700443573390687
9,67,to,372.9875,5.921544907017931,<UNK>,tulip,5.702114417555504
9,68,<UNK>,351.4,5.861925175752996,to,<UNK>,3.145934280925833
9,69,in,358.60759493670884,5.882228740357541,<UNK>,to,5.414617822244197
9,70,the,337.1875,5.8206391554524535,in,<UNK>,3.338396480423125
9,71,mid,359.4375,5.884540309473973,the,in,5.794536837924666
9,72,<UNK>,388.126582278481,5.961331529403378,mid,the,5.698769932832657
9,73,<UNK>,455.31168831168833,6.120982213681965,<UNK>,mid,5.695414224985685
9,74,from,410.37974683544303,6.017082942822646,<UNK>,<UNK>,5.312220271717028
9,75,the,406.1375,6.006691772216748,from,<UNK>,3.858297606071983
9,76,<UNK>,415.9113924050633,6.030472238547459,the,from,4.470822133457013
9,77,<UNK>,423.94871794871796,6.049612499682975,<UNK>,the,2.6426827112295754
9,78,became,414.7848101265823,6.027759855932159,<UNK>,<UNK>,5.823045895483019
9,79,very,404.0375,6.001507695435653,became,<UNK>,5.697093486505405
9,80,popular,363.7875,5.896569905955512,very,became,5.697093486505405
9,81,in,374.65384615384613,5.9260025227494735,popular,very,5.695414224985685
9,82,the,324.7974683544304,5.78320181378187,in,popular,5.695414224985685
9,83,united,327.1625,5.790456989358545,the,in,5.389071729816501
9,84,<UNK>,394.0875,5.976572965859824,united,the,5.0056227522727115
9,85,which,536.2051282051282,6.284516789734357,<UNK>,united,5.698769932832657
9,86,we,359.55,5.884853249548503,which,<UNK>,5.713732805509369
9,87,now,331.175,5.8026469365703255,we,which,5.695414224985685
9,88,know,337.8125,5.822491007833527,now,we,5.695414224985685
9,89,as,338.62025316455697,5.824879282335968,know,now,5.695414224985685
9,90,the,331.9875,5.805097317605277,as,know,5.695414224985685
9,91,<UNK>,399.45569620253167,5.990102860940363,the,as,4.327438444389479
9,92,tulip,520.3552631578947,6.254511776682269,<UNK>,the,5.333925794015404
9,93,<UNK>,527.0875,6.267366568914815,tulip,<UNK>,4.79081953287472
9,94,in,418.8625,6.037542703773941,<UNK>,tulip,5.702114417555504
9,95,the,348.41975308641975,5.853407939945267,in,<UNK>,3.338396480423125
9,96,united,341.3625,5.832944962499517,the,in,5.389071729816501
9,97,<UNK>,390.925,5.968515725729574,united,the,5.0056227522727115
9,98,is,373.5,5.922918004572872,<UNK>,united,5.698769932832657
9,99,generally,364.6125,5.8988351458038855,is,<UNK>,5.70877001616724
9,100,thought,371.2875,5.916976695116743,generally,is,5.697093486505405
9,101,to,342.35,5.835833605567072,thought,generally,5.695414224985685
9,102,have,328.875,5.795677739360457,to,thought,5.697093486505405
9,103,started,336.05128205128204,5.817263773469795,have,to,5.7120812774708964
9,104,in,347.375,5.850404888062668,started,have,5.695414224985685
9,105,<UNK>,405.325,6.004689214436133,in,started,5.695414224985685
9,106,around,393.3625,5.97473157858481,<UNK>,in,5.738183901373533
9,107,<UNK>,384.71794871794873,5.952510465072131,around,<UNK>,5.705447753975262
9,108,<UNK>,639.7179487179487,6.461027374086466,<UNK>,around,5.698769932832657
9,109,after,526.2658227848101,6.2658064515941065,<UNK>,<UNK>,5.823045895483019
9,110,the,438.825,6.084100700342409,after,<UNK>,5.698769932832657
9,111,<UNK>,398.0,5.986452005284438,the,after,5.698769932832657
9,112,<UNK>,455.9493670886076,6.122381766262926,<UNK>,the,2.6426827112295754
9,113,<UNK>,451.3246753246753,6.1121869814399234,<UNK>,<UNK>,2.4908413853078146
9,114,de,406.4567901234568,6.00747762597863,<UNK>,<UNK>,5.823045895483019
9,115,<UNK>,502.1578947368421,6.218914601585405,de,<UNK>,5.29162837839724
9,116,had,467.4177215189873,6.147223336488667,<UNK>,de,5.698769932832657
9,117,taken,380.2125,5.940730306946808,had,<UNK>,5.71042701737487
9,118,up,341.0632911392405,5.832068064575032,taken,had,5.698769932832657
9,119,a,332.3,5.806038175360548,up,taken,5.695414224985685
9,120,<UNK>,380.725,5.942077329737755,a,up,5.695414224985685
9,121,at,324.675,5.782824681996154,<UNK>,a,5.893024474294729
9,122,the,311.59493670886076,5.741704064534856,at,<UNK>,4.469186810116282
9,123,<UNK>,357.1111111111111,5.878046968961239,the,at,4.470822133457013
9,124,of,354.1375,5.869685255798096,<UNK>,the,3.0826339954089095
9,125,<UNK>,364.05194805194805,5.897296571882434,of,<UNK>,2.923444506170187
9,126,and,382.1645569620253,5.945851293236135,<UNK>,of,4.517119307865356
9,127,<UNK>,391.775,5.970687695409279,and,<UNK>,2.645901983305224
9,128,a,337.15,5.820527935180591,<UNK>,and,5.1387352967235715
9,129,<UNK>,363.62025316455697,5.8961100625247465,a,<UNK>,3.4420193761824103
9,130,<UNK>,401.94871794871796,5.996324513189876,<UNK>,a,2.8249715391611123
9,131,which,432.11392405063293,6.0686892665580965,<UNK>,<UNK>,5.535363823031238
9,132,is,340.7,5.831002324666921,which,<UNK>,5.713732805509369
9,133,famous,343.55,5.839332661477085,is,which,5.695414224985685
9,134,as,347.6875,5.851304087835512,famous,is,5.695414224985685
9,135,one,323.63291139240505,5.779609883944873,as,famous,5.695414224985685
9,136,of,319.975,5.768242867741855,one,as,5.293304824724492
9,137,the,325.8375,5.786398790833434,of,one,4.104294893075269
9,138,<UNK>,306.253164556962,5.724412095052772,the,of,3.2476875221067463
9,139,in,325.15,5.78428661431516,<UNK>,the,5.333925794015404
9,140,the,325.0375,5.78394056028883,in,<UNK>,3.338396480423125
9,141,world,348.61538461538464,5.85396926468636,the,in,5.794536837924666
9,142,there,395.126582278481,5.979206175028823,world,the,5.702114417555504
9,143,he,364.3375,5.898080635856574,there,world,5.695414224985685
9,144,<UNK>,361.7564102564103,5.890971085482888,he,there,5.695414224985685
9,145,his,306.2625,5.724442577352503,<UNK>,he,5.045036720813588
9,146,<UNK>,317.5375,5.760595921594502,his,<UNK>,4.467548808112044
9,147,of,307.1898734177215,5.727466036595167,<UNK>,his,5.728475087246572
9,148,tulip,320.4,5.769570215194204,of,<UNK>,5.462418377228463
9,149,bulbs,326.45,5.788276797632642,tulip,of,5.697093486505405
9,150,that,346.8205128205128,5.848807392005239,bulbs,tulip,5.697093486505405
9,151,the,321.625,5.773386270601908,that,bulbs,5.695414224985685
9,152,<UNK>,330.525,5.80068229939616,the,that,3.874401013638562
9,153,<UNK>,399.5897435897436,5.99043837975267,<UNK>,the,2.6426827112295754
9,154,<UNK>,420.36708860759495,6.041128350038188,<UNK>,<UNK>,2.4908413853078146
9,155,to,341.075,5.832102394448937,<UNK>,<UNK>,4.213607983048918
9,156,him,333.7721518987342,5.810458580242177,to,<UNK>,5.414617822244197
9,157,from,326.9113924050633,5.789689162939576,him,to,5.697093486505405
9,158,<UNK>,375.2307692307692,5.927541221314329,from,him,5.695414224985685
9,159,which,421.1794871794872,6.043059078170491,<UNK>,from,5.707110264748875
9,160,were,350.9873417721519,5.860750159488366,which,<UNK>,5.713732805509369
9,161,able,323.425,5.7789672478039655,were,which,5.698769932832657
9,162,to,344.3333333333333,5.841610180451529,able,were,5.695414224985685
9,163,<UNK>,347.8625,5.85180728675347,to,able,5.0072963928307415
9,164,the,334.6835443037975,5.813185441498601,<UNK>,to,3.9482807534507702
9,165,<UNK>,336.9125,5.81982325272213,the,<UNK>,2.9055340056358423
9,166,conditions,355.87179487179486,5.874570539226194,<UNK>,the,6.02707297457535
9,167,of,320.5875,5.770155250020462,conditions,<UNK>,5.697093486505405
9,168,the,311.325,5.7408373826072125,of,conditions,5.695414224985685
9,169,<UNK>,331.25,5.802873377300432,the,of,3.2476875221067463
9,170,<UNK>,351.09090909090907,5.861045190190089,<UNK>,the,2.6426827112295754
9,171,it,391.6625,5.97040049955569,<UNK>,<UNK>,5.535363823031238
9,172,was,347.1875,5.849864979833949,it,<UNK>,4.474084779091829
9,173,<UNK>,340.8333333333333,5.831393599248847,was,it,4.523340167740459
9,174,thereafter,358.1392405063291,5.880921850744973,<UNK>,was,5.780743515792329
9,175,that,351.06410256410254,5.860968835179088,thereafter,<UNK>,5.697093486505405
9,176,the,359.63291139240505,5.885083820635383,that,thereafter,5.695414224985685
9,177,tulips,335.45569620253167,5.81548989464437,the,that,5.746203190540153
9,178,began,362.3333333333333,5.8925645984531,tulips,the,5.695414224985685
9,179,to,313.9873417721519,5.749352672268127,began,tulips,5.695414224985685
9,180,grow,311.85897435897436,5.742551080364614,to,began,5.703782474656201
9,181,in,332.43037974683546,5.806430453951929,grow,to,5.695414224985685
9,182,<UNK>,381.0632911392405,5.942965479806252,in,grow,5.695414224985685
9,183,the,393.8076923076923,5.975862699553335,<UNK>,in,5.332718793265369
9,184,<UNK>,342.7974683544304,5.8371398014992435,the,<UNK>,2.9055340056358423
9,185,<UNK>,334.62025316455697,5.812996316202529,<UNK>,the,2.6426827112295754
9,186,became,343.9493670886076,5.840494457844171,<UNK>,<UNK>,5.823045895483019
9,187,a,321.30379746835445,5.772387085125589,became,<UNK>,5.697093486505405
9,188,<UNK>,329.0632911392405,5.796250106547218,a,became,5.695414224985685
9,189,<UNK>,346.2692307692308,5.847216596086994,<UNK>,a,2.8249715391611123
9,190,<UNK>,382.44303797468353,5.946579721849233,<UNK>,<UNK>,2.4908413853078146
9,191,and,337.17721518987344,5.820608653233415,<UNK>,<UNK>,3.487670979665982
9,192,a,330.5189873417722,5.800664107994852,and,<UNK>,5.2108513407667605
9,193,<UNK>,333.0759493670886,5.8083705401524695,a,and,4.61015772749913
9,194,<UNK>,331.5974025974026,5.803921590291387,<UNK>,a,2.8249715391611123
9,195,and,326.82278481012656,5.789418081516674,<UNK>,<UNK>,3.487670979665982
9,196,a,314.6923076923077,5.751595360467862,and,<UNK>,5.2108513407667605
9,197,<UNK>,326.60759493670884,5.78875943481806,a,and,4.61015772749913
9,198,of,353.7974683544304,5.868724626116224,<UNK>,a,3.6417326756882344
9,199,varieties,343.5822784810127,5.839426612764333,of,<UNK>,5.867883485336628
9,200,<UNK>,377.12820512820514,5.932585196291516,varieties,of,5.695414224985685
9,201,they,401.7435897435897,5.995814048656076,<UNK>,varieties,5.697093486505405
9,202,were,322.1898734177215,5.775141040757093,they,<UNK>,4.792479284293085
9,203,classified,330.40506329113924,5.800319366260451,were,they,5.71042701737487
9,204,in,317.67088607594934,5.761015897403492,classified,were,5.695414224985685
9,205,groups,340.7974683544304,5.831288366390099,in,classified,5.695414224985685
9,206,<UNK>,440.4805194805195,6.087866220744582,groups,in,5.695414224985685
9,207,tulips,484.37974683544303,6.182869199977927,<UNK>,groups,5.695414224985685
9,208,of,427.97435897435895,6.059063284848771,tulips,<UNK>,5.700443573390687
9,209,red,409.67088607594934,6.015354120460708,of,tulips,5.695414224985685
9,210,<UNK>,425.59493670886076,6.053488041125982,red,of,5.695414224985685
9,211,or,383.26582278481015,5.948728802704803,<UNK>,red,5.695414224985685
9,212,white,438.1818181818182,6.082633934246275,or,<UNK>,5.730099782973574
9,213,were,401.9102564102564,5.996228820936091,white,or,5.695414224985685
9,214,known,347.3333333333333,5.850284933645202,were,white,5.695414224985685
9,215,as,324.70512820512823,5.782917472655558,known,were,5.695414224985685
9,216,<UNK>,561.6578947368421,6.330892936317182,as,known,5.697093486505405
9,217,but,534.6315789473684,6.28157787219475,<UNK>,as,5.723585101952381
9,218,it,357.0769230769231,5.8779512293728455,but,<UNK>,5.0369526024136295
9,219,was,323.78205128205127,5.7800706082125615,it,but,4.606835465307152
9,220,the,321.79487179487177,5.773914298430284,was,it,4.389808775115936
9,221,<UNK>,388.40506329113924,5.962048772612166,the,was,4.33729074083249
9,222,<UNK>,406.5064935064935,6.007599903045995,<UNK>,the,2.6426827112295754
9,223,red,486.7922077922078,6.187837353984864,<UNK>,<UNK>,6.2285110035911835
9,224,or,396.0759493670886,5.981605984195906,red,<UNK>,5.698769932832657
9,225,<UNK>,381.11538461538464,5.943102176037417,or,red,5.695414224985685
9,226,on,375.15384615384613,5.927336198248516,<UNK>,or,5.0466457316192885
9,227,white,387.75949367088606,5.960385285756626,on,<UNK>,5.334327804071069
9,228,background,494.35064935064935,6.203245081886629,white,on,5.29162837839724
9,229,<UNK>,569.2467532467532,6.344314001364568,background,white,5.697093486505405
9,230,<UNK>,533.7051282051282,6.279843492072315,<UNK>,background,5.695414224985685
9,231,or,366.46835443037975,5.903912172251883,<UNK>,<UNK>,4.724433606814909
9,232,<UNK>,345.85897435897436,5.846031103413053,or,<UNK>,3.532875205637355
9,233,on,345.6923076923077,5.8455490952837375,<UNK>,or,5.0466457316192885
9,234,white,376.45569620253167,5.930800367547125,on,<UNK>,5.334327804071069
9,235,background,430.4025974025974,6.064721043686701,white,on,5.29162837839724
9,236,and,400.40506329113924,5.992476692943376,background,white,5.697093486505405
9,237,to,334.575,5.812861069682438,and,background,5.695414224985685
9,238,a,368.0126582278481,5.908117334935638,to,and,5.695414224985685
9,239,<UNK>,350.54430379746833,5.85948710019124,a,to,5.703782474656201
9,240,<UNK>,320.36708860759495,5.7694674902165355,<UNK>,a,2.8249715391611123
9,241,the,329.46835443037975,5.797480308147853,<UNK>,<UNK>,3.455922281351402
9,242,<UNK>,382.9871794871795,5.948001514696569,the,<UNK>,2.9055340056358423
9,243,red,468.82278481012656,6.150224839492424,<UNK>,the,6.02707297457535
9,244,brown,409.50632911392404,6.014952358885344,red,<UNK>,5.698769932832657
9,245,or,377.7974683544304,5.934358254024392,brown,red,5.695414224985685
9,246,<UNK>,371.62820512820514,5.9178939059112885,or,brown,5.695414224985685
9,247,on,355.52564102564105,5.873597373296699,<UNK>,or,5.0466457316192885
9,248,<UNK>,347.85,5.85177135236965,on,<UNK>,5.0466457316192885
9,249,background,412.47435897435895,6.022174043780558,<UNK>,on,5.700443573390687
9,250,that,396.93589743589746,5.983774800234048,background,<UNK>,5.695414224985685
9,251,were,345.3544303797468,5.844571224118532,that,background,5.695414224985685
9,252,the,313.0506329113924,5.746364943947437,were,that,5.298317366548036
9,253,most,313.72151898734177,5.748505710189629,the,were,5.29162837839724
9,254,popular,356.8101265822785,5.877203781979891,most,the,5.70877001616724
9,255,these,350.47435897435895,5.859287548233336,popular,most,5.695414224985685
9,256,<UNK>,399.7692307692308,5.990887457546905,these,popular,5.695414224985685
9,257,and,387.30379746835445,5.959209391451607,<UNK>,these,5.698769932832657
9,258,<UNK>,362.1794871794872,5.892139909884995,and,<UNK>,2.645901983305224
9,259,<UNK>,362.126582278481,5.891993825506219,<UNK>,and,3.7524409356036807
9,260,tulip,383.0769230769231,5.9482358125571615,<UNK>,<UNK>,5.823045895483019
9,261,bulbs,351.8607594936709,5.863235527719543,tulip,<UNK>,5.707110264748875
9,262,would,356.1898734177215,5.875463940967218,bulbs,tulip,5.697093486505405
9,263,grow,354.0506329113924,5.869439933728984,would,bulbs,5.695414224985685
9,264,flowers,348.3544303797468,5.853220439580259,grow,would,5.697093486505405
9,265,with,354.61538461538464,5.871033778529157,flowers,grow,5.695414224985685
9,266,<UNK>,358.2278481012658,5.881169231164307,with,flowers,5.695414224985685
9,267,<UNK>,384.5128205128205,5.9519771317261565,<UNK>,with,4.804021044733257
9,268,<UNK>,383.9746835443038,5.950576622144321,<UNK>,<UNK>,2.4908413853078146
9,269,and,366.28205128205127,5.903403668535227,<UNK>,<UNK>,3.487670979665982
9,270,<UNK>,399.11392405063293,5.989246900072085,and,<UNK>,2.645901983305224
9,271,on,334.2911392405063,5.812012287661994,<UNK>,and,5.426417369175352
9,272,the,321.0379746835443,5.771559417327824,on,<UNK>,3.948033442951179
9,273,<UNK>,362.72151898734177,5.893635374518817,the,on,3.951243718581427
9,274,as,354.2857142857143,5.870103690103715,<UNK>,the,5.333925794015404
9,275,a,323.32911392405066,5.7786707330247395,as,<UNK>,5.051457288616511
9,276,result,317.126582278481,5.759301007354318,a,as,5.303304908059076
9,277,it,330.59493670886076,5.80089386980945,result,a,5.697093486505405
9,278,is,307.82278481012656,5.729524243389342,it,result,5.695414224985685
9,279,now,296.5128205128205,5.69209045700659,is,it,5.70877001616724
9,280,understood,332.78205128205127,5.807487775046887,now,is,5.695414224985685
9,281,of,337.4177215189873,5.821321692499548,understood,now,5.695414224985685
9,282,being,351.73417721518985,5.862875711941338,of,understood,5.695414224985685
9,283,<UNK>,346.375,5.847522003183142,being,of,5.697093486505405
9,284,with,386.35,5.956743694379593,<UNK>,being,5.695414224985685
9,285,<UNK>,440.0,6.0867747269123065,with,<UNK>,4.138361447638875
9,286,virus,452.7875,6.115422920500853,<UNK>,with,5.720311776607412
9,287,known,401.8987341772152,5.996200151853817,virus,<UNK>,5.695414224985685
9,288,as,346.3205128205128,5.84736468390334,known,virus,5.695414224985685
9,289,the,345.3333333333333,5.844510134151319,as,known,5.697093486505405
9,290,tulip,390.63157894736844,5.967764862454103,the,as,5.713732805509369
9,291,breaking,406.44736842105266,6.007454445626296,tulip,the,5.294978465282522
9,292,virus,446.42105263157896,6.101262570868095,breaking,tulip,5.29162837839724
9,293,the,419.45454545454544,6.038955165935328,virus,breaking,5.697093486505405
9,294,dutch,361.87179487179486,5.891289991284361,the,virus,5.695414224985685
9,295,golden,350.126582278481,5.8582947527517275,dutch,the,5.293304824724492
9,296,<UNK>,349.425,5.85628894637097,golden,dutch,5.29162837839724
9,297,growers,359.34615384615387,5.884286140771474,<UNK>,golden,5.698769932832657
9,298,named,387.69620253164555,5.960222049765992,growers,<UNK>,5.697093486505405
9,299,their,364.75949367088606,5.899238214948716,named,growers,5.695414224985685
9,300,new,348.8101265822785,5.854527724246065,their,named,5.695414224985685
9,301,varieties,354.36708860759495,5.870333349315972,new,their,5.695414224985685
9,302,with,340.32911392405066,5.829913131547177,varieties,new,5.695414224985685
9,303,<UNK>,367.47435897435895,5.906653544720404,with,varieties,5.697093486505405
9,304,<UNK>,392.0,5.971261839790462,<UNK>,with,4.804021044733257
9,305,many,370.2692307692308,5.914230391756485,<UNK>,<UNK>,6.2285110035911835
9,306,early,347.15584415584414,5.849773797728023,many,<UNK>,5.697093486505405
9,307,forms,369.0769230769231,5.911005085938103,early,many,5.695414224985685
9,308,were,338.93589743589746,5.825810996390647,forms,early,5.695414224985685
9,309,<UNK>,337.0,5.820082930352362,were,forms,5.695414224985685
9,310,with,375.8076923076923,5.929077555922861,<UNK>,were,5.726847747587197
9,311,<UNK>,431.7894736842105,6.067938140025831,with,<UNK>,4.138361447638875
9,312,often,419.62820512820514,6.039369093348372,<UNK>,with,5.720311776607412
9,313,<UNK>,390.3333333333333,5.967001074929607,often,<UNK>,5.695414224985685
9,314,with,343.88461538461536,5.840306180713836,<UNK>,often,5.700443573390687
9,315,the,341.3376623376623,5.832872199480789,with,<UNK>,4.243721963296701
9,316,growers,353.7368421052632,5.868553252803525,the,with,5.713732805509369
9,317,names,380.30263157894734,5.940967334655072,growers,the,5.695414224985685
9,318,general,438.3333333333333,6.082979655943755,names,growers,5.695414224985685
9,319,was,412.97402597402595,6.023384699879251,general,names,5.695414224985685
9,320,another,373.53333333333336,5.923007246463075,was,general,5.695414224985685
9,321,<UNK>,359.2077922077922,5.88390102942157,another,was,5.695414224985685
9,322,that,363.57142857142856,5.8959757799293095,<UNK>,another,5.697093486505405
9,323,found,338.6233766233766,5.8248885063690405,that,<UNK>,5.777652323222656
9,324,its,324.9736842105263,5.783744207391437,found,that,5.695414224985685
9,325,way,336.0,5.817111159963204,its,found,5.695414224985685
9,326,into,311.19736842105266,5.740427336037932,way,its,5.695414224985685
9,327,the,295.4935064935065,5.688646861963443,into,way,5.695414224985685
9,328,names,309.4736842105263,5.7348730617262325,the,into,5.71042701737487
9,329,of,303.7142857142857,5.71608740984658,names,the,5.695414224985685
9,330,around,302.94805194805195,5.713561345094872,of,names,5.695414224985685
9,331,<UNK>,347.5974025974026,5.851044920973798,around,of,5.695414224985685
9,332,varieties,394.7368421052632,5.978219320357962,<UNK>,around,5.698769932832657
9,333,later,463.92,6.139712123568185,varieties,<UNK>,5.697093486505405
9,334,came,357.36,5.878743677043864,later,varieties,5.695414224985685
9,335,varieties,359.05263157894734,5.8834689838121506,came,later,5.695414224985685
9,336,with,352.0128205128205,5.863667596846257,varieties,came,5.695414224985685
9,337,even,357.76623376623377,5.879879794810905,with,varieties,5.697093486505405
9,338,more,328.8961038961039,5.7957419072632,even,with,5.695414224985685
9,339,<UNK>,320.06493506493507,5.768523897285794,more,even,5.0056227522727115
9,340,names,342.1168831168831,5.835152442174421,<UNK>,more,5.705447753975262
9,341,such,343.0263157894737,5.837807166641216,names,<UNK>,5.695414224985685
9,342,as,313.1948051948052,5.746825377755612,such,names,5.695414224985685
9,343,even,337.038961038961,5.820198535061455,as,such,5.702114417555504
9,344,<UNK>,460.2207792207792,6.131706329169443,even,as,5.695414224985685
9,345,of,426.0921052631579,6.054655532437386,<UNK>,even,5.698769932832657
9,346,<UNK>,453.84,6.117744713018312,of,<UNK>,2.923444506170187
9,347,and,408.54545454545456,6.012603179946904,<UNK>,of,4.517119307865356
9,348,general,371.4415584415584,5.917391539377962,and,<UNK>,5.903998521326706
9,349,of,354.57142857142856,5.870909816709239,general,and,5.695414224985685
9,350,<UNK>,349.1578947368421,5.855524240340557,of,general,5.697093486505405
9,351,most,369.54545454545456,5.912273749183541,<UNK>,of,5.7698822763607245
9,352,of,366.46753246753246,5.903909929319419,most,<UNK>,5.695414224985685
9,353,these,316.3636363636364,5.75689229997015,of,most,5.29162837839724
9,354,varieties,343.57142857142856,5.839395033484548,these,of,5.700443573390687
9,355,have,327.83116883116884,5.792498746692341,varieties,these,5.695414224985685
9,356,now,329.7402597402597,5.79830525284504,have,varieties,5.695414224985685
9,357,<UNK>,300.48,5.705381196019898,now,have,5.695414224985685
9,358,out,315.02597402597405,5.752655092651537,<UNK>,now,5.700443573390687
9,359,though,344.2597402597403,5.8413964313544335,out,<UNK>,5.726847747587197
9,360,<UNK>,364.76623376623377,5.899256692968323,though,out,5.695414224985685
9,361,<UNK>,362.64,5.893410606632594,<UNK>,though,5.695414224985685
9,362,tulips,406.4266666666667,6.0074035109094845,<UNK>,<UNK>,6.2285110035911835
9,363,<UNK>,411.6233766233766,6.020108796864583,tulips,<UNK>,5.700443573390687
9,364,in,342.2631578947368,5.835579908702711,<UNK>,tulips,5.293304824724492
9,365,the,333.71794871794873,5.8102961712990195,in,<UNK>,3.338396480423125
9,366,<UNK>,342.75,5.837001318442423,the,in,3.4431615807611875
9,367,tulips,364.24,5.897812991026527,<UNK>,the,6.02707297457535
9,368,grow,331.2077922077922,5.802745949431785,tulips,<UNK>,5.700443573390687
9,369,from,355.46753246753246,5.873433915867277,grow,tulips,5.695414224985685
9,370,bulbs,336.84415584415586,5.819620377825131,from,grow,5.695414224985685
9,371,and,356.82894736842104,5.877256527931827,bulbs,from,5.695414224985685
9,372,can,342.961038961039,5.837616851679345,and,bulbs,5.695414224985685
9,373,be,303.90909090909093,5.716728613621728,can,and,5.695414224985685
9,374,<UNK>,349.961038961039,5.85782183103306,be,can,5.29162837839724
9,375,through,392.7894736842105,5.9732737779649465,<UNK>,be,5.730099782973574
9,376,both,351.27272727272725,5.861562922534038,through,<UNK>,5.700443573390687
9,377,seeds,349.2763157894737,5.855863344731441,both,through,5.695414224985685
9,378,and,325.44,5.785178112860195,seeds,both,5.695414224985685
9,379,buds,363.90410958904107,5.8968903977366525,and,seeds,5.697093486505405
9,380,seeds,494.80263157894734,6.204158958974173,buds,and,5.695414224985685
9,381,from,431.94736842105266,6.068303748463271,seeds,buds,5.695414224985685
9,382,a,343.14666666666665,5.838157955382552,from,seeds,5.695414224985685
9,383,tulip,347.4736842105263,5.850688933246698,a,from,5.700443573390687
9,384,will,350.35526315789474,5.858947677275118,tulip,a,5.695414224985685
9,385,<UNK>,379.30263157894734,5.938334386659046,will,tulip,5.695414224985685
9,386,a,314.2133333333333,5.750072160736975,<UNK>,will,5.697093486505405
9,387,<UNK>,331.8831168831169,5.804782849348696,a,<UNK>,3.4420193761824103
9,388,bulb,337.57142857142856,5.821777128131594,<UNK>,a,5.487559366186565
9,389,after,397.68831168831167,5.985668562011356,bulb,<UNK>,5.700443573390687
9,390,<UNK>,584.9864864864865,6.3715887469419465,after,bulb,5.695414224985685
9,391,years,873.1142857142858,6.772066458742561,<UNK>,after,5.697093486505405
9,392,when,597.7466666666667,6.393167029855578,years,<UNK>,5.702114417555504
9,393,a,424.92,6.051900915911813,when,years,5.695414224985685
9,394,bulb,380.7894736842105,5.942246659899144,a,when,5.698769932832657
9,395,<UNK>,372.8181818181818,5.9210908525936885,bulb,a,5.695414224985685
9,396,into,344.2857142857143,5.841471877429387,<UNK>,bulb,5.695414224985685
9,397,the,327.72727272727275,5.792181776920679,into,<UNK>,4.469186810116282
9,398,<UNK>,363.7012987012987,5.896332922790249,the,into,5.017279836814924
9,399,the,393.0131578947368,5.973843091956982,<UNK>,the,4.3223248823369245
9,400,<UNK>,372.2207792207792,5.919487170755083,the,<UNK>,2.9055340056358423
9,401,bulb,357.0263157894737,5.877809492758923,<UNK>,the,6.02707297457535
9,402,will,336.7894736842105,5.8194580279730195,bulb,<UNK>,5.700443573390687
9,403,disappear,407.2236842105263,6.00936262712672,will,bulb,5.695414224985685
9,404,but,402.11842105263156,5.996746624971845,disappear,will,5.695414224985685
9,405,a,382.32894736842104,5.946281356822021,but,disappear,5.697093486505405
9,406,<UNK>,346.60526315789474,5.8481865622726605,a,but,5.294978465282522
9,407,bulb,380.6753246753247,5.941946845620173,<UNK>,a,5.487559366186565
9,408,forms,357.4805194805195,5.879080869685794,bulb,<UNK>,5.700443573390687
9,409,in,354.5921052631579,5.8709681296109855,forms,bulb,5.695414224985685
9,410,its,347.4415584415584,5.85059647371489,in,forms,5.695414224985685
9,411,place,357.0657894736842,5.877920049041396,its,in,5.697093486505405
9,412,as,363.72727272727275,5.896404336058865,place,its,5.695414224985685
9,413,do,353.06493506493507,5.8666519920415094,as,place,5.695414224985685
9,414,several,359.2077922077922,5.88390102942157,do,as,5.695414224985685
9,415,buds,352.8181818181818,5.865952858570536,several,do,5.695414224985685
9,416,<UNK>,517.0933333333334,6.248223386906253,buds,several,5.695414224985685
9,417,<UNK>,448.14285714285717,6.105112059135365,<UNK>,buds,5.695414224985685
9,418,these,410.13157894736844,6.016478032475051,<UNK>,<UNK>,6.2285110035911835
9,419,buds,337.7012987012987,5.822161773109027,these,<UNK>,5.698769932832657
9,420,will,361.9736842105263,5.8915715136322895,buds,these,5.695414224985685
9,421,<UNK>,318.2631578947368,5.762878581106772,will,buds,5.695414224985685
9,422,bulbs,330.03846153846155,5.799209197785639,<UNK>,will,5.697093486505405
9,423,of,353.84415584415586,5.868856578472323,bulbs,<UNK>,5.698769932832657
9,424,their,336.4155844155844,5.818347254063733,of,bulbs,5.697093486505405
9,425,own,406.0394736842105,6.006450380698787,their,of,5.698769932832657
9,426,the,423.10526315789474,6.047620997161521,own,their,5.697093486505405
9,427,tulip,385.52564102564105,5.954607704476638,the,own,5.695414224985685
9,428,breaking,365.93589743589746,5.902458174444165,tulip,the,5.294978465282522
9,429,virus,398.5584415584416,5.98785414132568,breaking,tulip,5.29162837839724
9,430,which,387.92105263157896,5.9608018463208925,virus,breaking,5.697093486505405
9,431,many,357.83116883116884,5.880061279720933,which,virus,5.695414224985685
9,432,<UNK>,353.38157894736844,5.867548433307359,many,which,5.695414224985685
9,433,have,355.2763157894737,5.872895841051318,<UNK>,many,5.702114417555504
9,434,<UNK>,338.72,5.825173807386555,have,<UNK>,5.294978465282522
9,435,<UNK>,412.0,6.021023349349527,<UNK>,have,5.303304908059076
9,436,only,344.57894736842104,5.842323229274651,<UNK>,<UNK>,6.2285110035911835
9,437,through,351.2857142857143,5.8615998931608795,only,<UNK>,5.695414224985685
9,438,buds,356.31168831168833,5.875805876765528,through,only,5.695414224985685
9,439,not,408.4868421052632,6.012459703512662,buds,through,5.695414224985685
9,440,seeds,424.5394736842105,6.051004990083609,not,buds,5.695414224985685
9,441,and,378.9866666666667,5.937501024164552,seeds,not,5.695414224985685
9,442,so,376.5657894736842,5.931092771612695,and,seeds,5.697093486505405
9,443,<UNK>,374.64935064935065,5.925990523589415,so,and,5.0072963928307415
9,444,the,388.9605263157895,5.963477863702926,<UNK>,so,5.01396308418893
9,445,most,333.2207792207792,5.8088052709556015,the,<UNK>,5.208119098629888
9,446,<UNK>,352.45454545454544,5.864921664872559,most,the,4.456007047671872
9,447,varieties,387.1168831168831,5.958726670987686,<UNK>,most,5.705447753975262
9,448,<UNK>,386.7792207792208,5.957854041296467,varieties,<UNK>,5.697093486505405
9,449,years,396.82894736842104,5.983505324787199,<UNK>,varieties,5.697093486505405
9,450,<UNK>,512.2236842105264,6.238761412857503,years,<UNK>,5.702114417555504
9,451,is,405.45454545454544,6.0050087722157395,<UNK>,years,5.695414224985685
9,452,<UNK>,372.7012987012987,5.920777291054668,is,<UNK>,5.015622835607295
9,453,<UNK>,405.97402597402595,6.006289182121784,<UNK>,is,5.017279836814924
9,454,down,375.5064935064935,5.928275764014704,<UNK>,<UNK>,5.823045895483019
9,455,by,330.13157894736844,5.799491299074137,down,<UNK>,5.705447753975262
9,456,the,322.1038961038961,5.774874152209033,by,down,5.695414224985685
9,457,virus,329.6233766233766,5.797950719741722,the,by,5.734958092124651
9,458,tulips,480.5064935064935,6.174840742380414,virus,the,5.697093486505405
9,459,<UNK>,410.57142857142856,6.017549917583657,tulips,virus,5.695414224985685
9,460,in,386.7763157894737,5.957846530550024,<UNK>,tulips,5.293304824724492
9,461,<UNK>,346.24675324675326,5.847151680552901,in,<UNK>,3.9889840465642745
9,462,and,393.38961038961037,5.974800495818747,<UNK>,in,5.332718793265369
9,463,may,327.2368421052632,5.790684196511119,and,<UNK>,5.903998521326706
9,464,for,338.2597402597403,5.823814062673965,may,and,5.697093486505405
9,465,about,352.2236842105263,5.86426644028193,for,may,5.695414224985685
9,466,a,326.06493506493507,5.7870965488473,about,for,5.695414224985685
9,467,<UNK>,330.88157894736844,5.8017605438323825,a,about,5.29162837839724
9,468,and,345.9342105263158,5.846248613990728,<UNK>,a,4.388947077518456
9,469,the,331.7792207792208,5.804469750054525,and,<UNK>,3.958088372271393
9,470,<UNK>,347.68831168831167,5.851306422366849,the,and,4.031824205240767
9,471,buds,345.05194805194805,5.8436949797598405,<UNK>,the,6.02707297457535
9,472,appear,383.5974025974026,5.949593571863843,buds,<UNK>,5.695414224985685
9,473,<UNK>,397.0,5.983936280687191,appear,buds,5.695414224985685
9,474,thereafter,393.4230769230769,5.974885564435525,<UNK>,appear,5.697093486505405
9,475,bulbs,479.0,6.171700597410915,thereafter,<UNK>,5.697093486505405
9,476,can,373.7763157894737,5.9236575323652785,bulbs,thereafter,5.695414224985685
9,477,be,366.05194805194805,5.902775257897773,can,bulbs,5.695414224985685
9,478,<UNK>,354.88157894736844,5.87178415339514,be,can,5.29162837839724
9,479,and,362.46153846153845,5.8929183678698855,<UNK>,be,5.0369526024136295
9,480,<UNK>,349.9871794871795,5.857896523775933,and,<UNK>,2.645901983305224
9,481,about,335.35897435897436,5.815201523359506,<UNK>,and,5.426417369175352
9,482,from,359.88461538461536,5.885783467254431,about,<UNK>,5.71042701737487
9,483,<UNK>,355.53246753246754,5.873616574278291,from,about,5.695414224985685
9,484,to,362.45569620253167,5.892902249453251,<UNK>,from,5.707110264748875
9,485,<UNK>,386.6753246753247,5.957585386583319,to,<UNK>,3.145934280925833
9,486,and,386.5394736842105,5.957233993948826,<UNK>,to,5.126935749792416
9,487,thus,354.72727272727275,5.871349248384686,and,<UNK>,5.498533413218542
9,488,<UNK>,349.1818181818182,5.8555927555475344,thus,and,5.697093486505405
9,489,<UNK>,388.97402597402595,5.963512570114148,<UNK>,thus,5.697093486505405
9,490,<UNK>,415.31168831168833,6.029029294501894,<UNK>,<UNK>,2.4908413853078146
9,491,during,393.4805194805195,5.975031560864585,<UNK>,<UNK>,6.2285110035911835
9,492,these,357.63157894736844,5.879503347418804,during,<UNK>,5.697093486505405
9,493,months,324.5128205128205,5.782325043877789,these,during,5.695414224985685
9,494,as,407.4736842105263,6.009976351971153,months,these,5.695414224985685
9,495,the,391.2857142857143,5.969438020207765,as,months,5.695414224985685
9,496,flowers,386.35064935064935,5.95674537510977,the,as,5.713732805509369
9,497,grew,339.2105263157895,5.826620936206847,flowers,the,5.697093486505405
9,498,in,345.2857142857143,5.84437223164817,grew,flowers,5.695414224985685
9,499,<UNK>,337.72727272727275,5.822238684353489,in,grew,5.695414224985685
9,500,<UNK>,388.9078947368421,5.96334254112753,<UNK>,in,4.485420932878165
9,501,growers,343.17105263157896,5.838229018577445,<UNK>,<UNK>,6.2285110035911835
9,502,<UNK>,352.3636363636364,5.864663700212287,growers,<UNK>,5.697093486505405
9,503,higher,354.72727272727275,5.871349248384686,<UNK>,growers,5.695414224985685
9,504,and,338.27272727272725,5.823852455548252,higher,<UNK>,5.695414224985685
9,505,higher,335.8831168831169,5.816763233024351,and,higher,4.603502128887395
9,506,prices,335.9871794871795,5.817073002947079,higher,and,5.296649309447339
9,507,for,320.8333333333333,5.77092177749383,prices,higher,5.697093486505405
9,508,bulbs,307.4533333333333,5.728323314212013,for,prices,5.294978465282522
9,509,with,312.961038961039,5.746078706629538,bulbs,for,5.697093486505405
9,510,the,301.90909090909093,5.710125948578376,with,bulbs,5.695414224985685
9,511,virus,309.2857142857143,5.734265491381277,the,with,5.713732805509369
9,512,by,358.5844155844156,5.882164101175951,virus,the,5.697093486505405
9,513,sixteen,392.97402597402595,5.973743518015965,by,virus,5.695414224985685
9,514,<UNK>,592.1466666666666,6.383754351947348,sixteen,by,5.695414224985685
9,515,in,442.2857142857143,6.091956085654305,<UNK>,sixteen,5.702114417555504
9,516,part,428.53846153846155,6.060380492559279,in,<UNK>,5.780743515792329
9,517,as,362.4871794871795,5.892989106737386,part,in,5.697093486505405
9,518,a,338.53246753246754,5.8246200036536315,as,part,5.695414224985685
9,519,result,320.5974025974026,5.77018613845019,a,as,5.303304908059076
9,520,of,313.9078947368421,5.749099614015368,result,a,5.697093486505405
9,521,<UNK>,321.7142857142857,5.773663840204268,of,result,5.697093486505405
9,522,from,336.08,5.817349226861126,<UNK>,of,5.7698822763607245
9,523,the,308.3636363636364,5.731279724113423,from,<UNK>,3.858297606071983
9,524,french,341.83116883116884,5.834316956784791,the,from,5.723585101952381
9,525,<UNK>,406.4155844155844,6.007376243008319,french,the,5.695414224985685
9,526,began,395.0131578947368,5.978919075472235,<UNK>,french,5.698769932832657
9,527,to,338.92105263157896,5.825767197166285,began,<UNK>,5.29162837839724
9,528,<UNK>,316.83116883116884,5.758369041562663,to,began,4.787491742782046
9,529,the,317.7142857142857,5.76115250631516,<UNK>,to,3.9482807534507702
9,530,<UNK>,301.0394736842105,5.707241397958549,the,<UNK>,2.9055340056358423
9,531,in,338.6533333333333,5.824976968616555,<UNK>,the,5.333925794015404
9,532,sixteen,343.0133333333333,5.8377693191023505,in,<UNK>,5.780743515792329
9,533,<UNK>,449.7368421052632,6.108662616383251,sixteen,in,5.695414224985685
9,534,the,435.89473684210526,6.077400784939072,<UNK>,sixteen,5.702114417555504
9,535,dutch,347.5844155844156,5.851007558049024,the,<UNK>,5.901266279189834
9,536,<UNK>,333.987012987013,5.81110210894831,dutch,the,5.698769932832657
9,537,a,315.5897435897436,5.754443090312286,<UNK>,dutch,5.697093486505405
9,538,<UNK>,306.47435897435895,5.7251340943706115,a,<UNK>,3.4420193761824103
9,539,of,298.1948051948052,5.697746981638339,<UNK>,a,3.6417326756882344
9,540,<UNK>,306.85897435897436,5.726388275137018,of,<UNK>,2.923444506170187
9,541,<UNK>,327.1645569620253,5.790463276618115,<UNK>,of,3.8239721273054115
9,542,<UNK>,410.56410256410254,6.017532073982817,<UNK>,<UNK>,2.4908413853078146
9,543,which,419.5,6.0390635259072605,<UNK>,<UNK>,5.535363823031238
9,544,<UNK>,350.70512820512823,5.859945779808335,which,<UNK>,4.797442073635215
9,545,used,330.0769230769231,5.799325727529988,<UNK>,which,5.71042701737487
9,546,to,326.42857142857144,5.788211154272992,used,<UNK>,5.695414224985685
9,547,<UNK>,324.53246753246754,5.7823855851682495,to,used,5.0056227522727115
9,548,and,319.96153846153845,5.768200796262406,<UNK>,to,5.126935749792416
9,549,buy,317.1025641025641,5.75922526761241,and,<UNK>,5.498533413218542
9,550,contracts,332.15384615384613,5.805598253613216,buy,and,5.697093486505405
9,551,to,349.1794871794872,5.855586079913266,contracts,buy,5.695414224985685
9,552,buy,335.7435897435897,5.816347742871391,to,contracts,5.698769932832657
9,553,bulbs,350.3466666666667,5.858923140476053,buy,to,5.698769932832657
9,554,at,324.75324675324674,5.783065653201261,bulbs,buy,5.695414224985685
9,555,the,316.61038961038963,5.757671963113114,at,bulbs,5.697093486505405
9,556,end,311.5194805194805,5.7414618740553465,the,at,5.318119993844216
9,557,of,305.1038961038961,5.720652361565364,end,the,5.293304824724492
9,558,the,290.15584415584414,5.67041817227711,of,end,5.29162837839724
9,559,<UNK>,308.2987012987013,5.731069122423619,the,of,3.2476875221067463
9,560,<UNK>,401.0128205128205,5.993993398149163,<UNK>,the,2.6426827112295754
9,561,<UNK>,377.78205128205127,5.934317445421245,<UNK>,<UNK>,2.4908413853078146
9,562,at,362.92,5.8941824243014285,<UNK>,<UNK>,5.535363823031238
9,563,<UNK>,373.6623376623377,5.923352549133563,at,<UNK>,5.72194977861165
9,564,and,353.54545454545456,5.868012061357377,<UNK>,at,5.698769932832657
9,565,buyers,345.97402597402595,5.846363702800642,and,<UNK>,5.903998521326706
9,566,were,325.42105263157896,5.785119890392128,buyers,and,5.695414224985685
9,567,<UNK>,322.7142857142857,5.77676736741269,were,buyers,5.695414224985685
9,568,to,322.24675324675326,5.775317566506332,<UNK>,were,5.321382639479033
9,569,pay,309.24675324675326,5.734139512419597,to,<UNK>,5.126935749792416
9,570,a,333.14102564102564,5.80856590075295,pay,to,5.698769932832657
9,571,<UNK>,312.29487179487177,5.7439478433885105,a,pay,5.695414224985685
9,572,<UNK>,308.64935064935065,5.732205844996288,<UNK>,a,2.8249715391611123
9,573,<UNK>,355.2105263157895,5.872710645576966,<UNK>,<UNK>,2.4908413853078146
9,574,people,395.15584415584414,5.9792802292565215,<UNK>,<UNK>,6.2285110035911835
9,575,were,370.5844155844156,5.915081261117124,people,<UNK>,5.697093486505405
9,576,<UNK>,352.7402597402597,5.865731977992403,were,people,5.695414224985685
9,577,bulbs,370.57142857142856,5.915046215821076,<UNK>,were,5.726847747587197
9,578,at,359.5,5.884714177161102,bulbs,<UNK>,5.698769932832657
9,579,higher,309.3333333333333,5.734419444118091,at,bulbs,5.697093486505405
9,580,and,297.1794871794872,5.694336290204151,higher,at,5.695414224985685
9,581,higher,303.3974358974359,5.715043615650757,and,higher,4.603502128887395
9,582,prices,348.0769230769231,5.85242349867249,higher,and,5.296649309447339
9,583,<UNK>,368.35897435897436,5.909057936505101,prices,higher,5.697093486505405
9,584,to,339.43589743589746,5.8272851145492215,<UNK>,prices,5.698769932832657
9,585,<UNK>,311.62820512820514,5.741810826999671,to,<UNK>,3.145934280925833
9,586,them,328.15584415584414,5.793488630164907,<UNK>,to,5.414617822244197
9,587,for,319.52564102564105,5.766837524198822,them,<UNK>,5.703782474656201
9,588,a,302.79487179487177,5.713055585471635,for,them,5.695414224985685
9,589,<UNK>,322.56410256410254,5.776301884124785,a,for,4.789157022101107
9,590,however,371.0769230769231,5.916409380945485,<UNK>,a,5.893024474294729
9,591,such,344.76623376623377,5.842866604081776,however,<UNK>,5.700443573390687
9,592,a,310.5064935064935,5.73820481421925,such,however,5.695414224985685
9,593,<UNK>,342.8974358974359,5.8374313817431505,a,such,5.697093486505405
9,594,could,311.20512820512823,5.740452270976715,<UNK>,a,5.487559366186565
9,595,not,301.2435897435897,5.707919205719014,could,<UNK>,5.703782474656201
9,596,last,290.97435897435895,5.673235149799096,not,could,5.707110264748875
9,597,<UNK>,310.20512820512823,5.7372337825372135,last,not,5.695414224985685
9,598,<UNK>,294.9230769230769,5.686714566144053,<UNK>,last,5.29162837839724
9,599,was,319.8974358974359,5.768000431598048,<UNK>,<UNK>,4.975748035095815
9,600,<UNK>,321.7402597402597,5.773744573260461,was,<UNK>,4.342180726126682
9,601,<UNK>,355.97435897435895,5.874858702905156,<UNK>,was,4.075995423553904
9,602,to,315.7088607594937,5.754820462194128,<UNK>,<UNK>,4.213607983048918
9,603,pay,284.7564102564103,5.6516341139489175,to,<UNK>,5.126935749792416
9,604,such,293.8205128205128,5.682969080296802,pay,to,5.698769932832657
9,605,high,296.1666666666667,5.6909223589265965,such,pay,5.695414224985685
9,606,prices,309.59493670886076,5.7352647872822935,high,such,5.695414224985685
9,607,and,300.4871794871795,5.705405089128956,prices,high,5.698769932832657
9,608,take,299.6578947368421,5.702641473084219,and,prices,5.695414224985685
9,609,<UNK>,314.37179487179486,5.750576345563208,take,and,5.695414224985685
9,610,of,346.55128205128204,5.8480308078270165,<UNK>,take,5.695414224985685
9,611,the,310.0769230769231,5.736820405655629,of,<UNK>,3.1937348359100985
9,612,bulbs,313.05128205128204,5.746367017539209,the,of,5.8126368795682835
9,613,in,350.05128205128204,5.858079663896951,bulbs,the,5.697093486505405
9,614,<UNK>,313.46153846153845,5.747676668213426,in,bulbs,5.697093486505405
9,615,sixteen,380.24675324675326,5.940820392632872,<UNK>,in,5.332718793265369
9,616,<UNK>,486.50666666666666,6.187250604855226,sixteen,<UNK>,5.29162837839724
9,617,tulip,476.55128205128204,6.16657533965655,<UNK>,sixteen,5.296649309447339
9,618,<UNK>,377.76623376623377,5.934275575123522,tulip,<UNK>,4.79081953287472
9,619,could,345.5,5.844992643207725,<UNK>,tulip,5.702114417555504
9,620,no,354.85897435897436,5.871720455221782,could,<UNK>,5.703782474656201
9,621,longer,337.5844155844156,5.8218155992878495,no,could,5.695414224985685
9,622,find,307.7402597402597,5.7292561146538965,longer,no,5.700443573390687
9,623,new,321.61538461538464,5.773356373895028,find,longer,5.695414224985685
9,624,buyers,328.7402597402597,5.795267954886541,new,find,5.695414224985685
9,625,<UNK>,314.4871794871795,5.750943310562944,buyers,new,5.695414224985685
9,626,to,341.987012987013,5.834772762619401,<UNK>,buyers,5.697093486505405
9,627,pay,302.8333333333333,5.713182599168116,to,<UNK>,5.126935749792416
9,628,<UNK>,339.84615384615387,5.828493026518526,pay,to,5.698769932832657
9,629,<UNK>,337.31168831168833,5.821007394036706,<UNK>,pay,5.695414224985685
9,630,prices,330.62820512820514,5.800994496715156,<UNK>,<UNK>,6.2285110035911835
9,631,for,319.14102564102564,5.765633091742316,prices,<UNK>,5.697093486505405
9,632,their,310.15384615384613,5.737068452289668,for,prices,5.700443573390687
9,633,bulbs,307.92105263157896,5.729843427492572,their,for,5.695414224985685
9,634,as,332.0263157894737,5.805214230201355,bulbs,their,5.695414224985685
9,635,this,317.6363636363636,5.760907217895631,as,bulbs,5.695414224985685
9,636,<UNK>,312.21794871794873,5.743701497517663,this,as,5.695414224985685
9,637,<UNK>,330.987012987013,5.802079138918541,<UNK>,this,5.304961909266705
9,638,in,312.8333333333333,5.745670567358454,<UNK>,<UNK>,4.28260085453587
9,639,the,317.8076923076923,5.7614464586797025,in,<UNK>,3.338396480423125
9,640,<UNK>,335.2207792207792,5.814789357202047,the,in,3.4431615807611875
9,641,for,339.15384615384613,5.826453827896401,<UNK>,the,5.110782242701195
9,642,tulips,306.64935064935065,5.725704914506896,for,<UNK>,5.7430031878094825
9,643,<UNK>,300.62820512820514,5.705874302352314,tulips,for,5.695414224985685
9,644,and,367.61538461538464,5.907037241116622,<UNK>,tulips,5.698769932832657
9,645,prices,313.64102564102564,5.748249101479252,and,<UNK>,5.903998521326706
9,646,<UNK>,308.75324675324674,5.732542403686886,prices,and,5.695414224985685
9,647,the,361.52564102564105,5.89033296861495,<UNK>,prices,5.698769932832657
9,648,<UNK>,341.1818181818182,5.83241552633665,the,<UNK>,2.9055340056358423
9,649,bubble,379.38961038961037,5.938563672807587,<UNK>,the,6.02707297457535
9,650,burst,333.02597402597405,5.808220487016596,bubble,<UNK>,5.695414224985685
9,651,some,345.7368421052632,5.845677913726033,burst,bubble,5.695414224985685
9,652,were,344.7142857142857,5.842715916569719,some,burst,5.695414224985685
9,653,left,331.97435897435895,5.805057733929001,were,some,5.695414224985685
9,654,<UNK>,320.3076923076923,5.769282072273323,left,were,5.695414224985685
9,655,contracts,326.8076923076923,5.78937190098206,<UNK>,left,5.695414224985685
9,656,to,327.11538461538464,5.7903129668084805,contracts,<UNK>,5.29162837839724
9,657,<UNK>,320.3246753246753,5.769335091814154,to,contracts,5.293304824724492
9,658,tulips,321.34615384615387,5.772518903008012,<UNK>,to,5.820082930352362
9,659,at,315.5,5.754158681981268,tulips,<UNK>,5.700443573390687
9,660,prices,315.6923076923077,5.754768029389068,at,tulips,5.695414224985685
9,661,now,303.70512820512823,5.716057257668536,prices,at,5.695414224985685
9,662,ten,309.34615384615387,5.734460888882587,now,prices,5.695414224985685
9,663,times,333.96153846153845,5.811025832039163,ten,now,5.695414224985685
9,664,<UNK>,314.71794871794873,5.751676836819396,times,ten,5.697093486505405
9,665,than,315.8181818181818,5.7551666740026794,<UNK>,times,5.695414224985685
9,666,those,307.93589743589746,5.729891636104393,than,<UNK>,5.698769932832657
9,667,on,293.52564102564105,5.681964998401604,those,than,5.695414224985685
9,668,the,298.12820512820514,5.697523612538962,on,those,5.695414224985685
9,669,open,296.03846153846155,5.690489383512835,the,on,5.7430031878094825
9,670,<UNK>,358.14285714285717,5.880931949102981,open,the,5.695414224985685
9,671,while,344.4342105263158,5.841903101320415,<UNK>,open,5.697093486505405
9,672,others,347.8961038961039,5.851903883176257,while,<UNK>,5.697093486505405
9,673,found,322.2435897435897,5.775307749437084,others,while,5.695414224985685
9,674,themselves,295.7307692307692,5.689449477010699,found,others,5.695414224985685
9,675,in,324.8333333333333,5.783312230279506,themselves,found,5.695414224985685
9,676,<UNK>,323.6923076923077,5.779793396956009,in,themselves,5.697093486505405
9,677,of,310.46153846153845,5.738060024011963,<UNK>,in,5.045036720813588
9,678,bulbs,297.55128205128204,5.695586586773503,of,<UNK>,5.867883485336628
9,679,now,312.6794871794872,5.74517866326983,bulbs,of,5.695414224985685
9,680,worth,301.5921052631579,5.7090754596080355,now,bulbs,5.695414224985685
9,681,a,306.79487179487177,5.726179354212827,worth,now,5.695414224985685
9,682,<UNK>,319.4230769230769,5.766516484025913,a,worth,5.29162837839724
9,683,of,301.62820512820514,5.709195150090827,<UNK>,a,3.6417326756882344
9,684,the,292.1666666666667,5.67732441569318,of,<UNK>,3.1937348359100985
9,685,<UNK>,302.97435897435895,5.713648178081569,the,of,3.2476875221067463
9,686,they,292.1666666666667,5.67732441569318,<UNK>,the,6.02707297457535
9,687,had,305.6666666666667,5.7224951835883555,they,<UNK>,5.303304908059076
9,688,<UNK>,318.61538461538464,5.763984684493993,had,they,5.700443573390687
9,689,the,339.8666666666667,5.82855338383385,<UNK>,had,5.0401940963378005
9,690,<UNK>,304.05263157894734,5.717200816614825,the,<UNK>,2.9055340056358423
9,691,was,324.65384615384613,5.782759525962238,<UNK>,the,4.522995577799075
9,692,<UNK>,334.8333333333333,5.8136328955868795,was,<UNK>,4.342180726126682
9,693,in,341.8051948051948,5.83424096894281,<UNK>,was,4.68213122712422
9,694,<UNK>,337.65384615384613,5.822021246904726,in,<UNK>,3.9889840465642745
9,695,<UNK>,359.62820512820514,5.885070734249668,<UNK>,in,4.485420932878165
9,696,by,420.02597402597405,6.040316552284206,<UNK>,<UNK>,4.975748035095815
9,697,the,330.84615384615387,5.801653475322199,by,<UNK>,3.661957796547672
9,698,book,306.78205128205127,5.726137564789724,the,by,5.734958092124651
9,699,<UNK>,415.6666666666667,6.0298836570119265,book,the,5.698769932832657
9,700,popular,404.71794871794873,6.003190401572805,<UNK>,book,5.695414224985685
9,701,<UNK>,440.9342105263158,6.088895681838023,popular,<UNK>,5.695414224985685
9,702,and,400.15384615384613,5.99184908854706,<UNK>,popular,5.695414224985685
9,703,the,352.3974358974359,5.86475961792158,and,<UNK>,3.958088372271393
9,704,<UNK>,339.3376623376623,5.826995665741128,the,and,4.031824205240767
9,705,of,338.46753246753246,5.824428171851167,<UNK>,the,3.0826339954089095
9,706,<UNK>,381.49333333333334,5.944093375691964,of,<UNK>,2.923444506170187
9,707,that,399.61538461538464,5.990502546071791,<UNK>,of,4.853591544486569
9,708,a,345.0,5.84354441703136,that,<UNK>,5.777652323222656
9,709,<UNK>,320.75,5.770662003495746,a,that,5.0072963928307415
9,710,<UNK>,329.90909090909093,5.7988171344146995,<UNK>,a,2.8249715391611123
9,711,<UNK>,345.2236842105263,5.844192566967313,<UNK>,<UNK>,2.4908413853078146
9,712,mackay,369.5405405405405,5.912260451664857,<UNK>,<UNK>,6.2285110035911835
9,713,<UNK>,396.5769230769231,5.982870027496461,mackay,<UNK>,5.695414224985685
9,714,that,389.2987012987013,5.96434691861984,<UNK>,mackay,5.698769932832657
9,715,<UNK>,354.2857142857143,5.870103690103715,that,<UNK>,3.905850146321065
9,716,of,378.4805194805195,5.936164603866126,<UNK>,that,5.3230099791384085
9,717,people,331.7432432432432,5.804361305991321,of,<UNK>,5.462418377228463
9,718,often,323.46753246753246,5.779098745589019,people,of,5.697093486505405
9,719,<UNK>,311.88461538461536,5.742633296923075,often,people,5.695414224985685
9,720,<UNK>,347.6666666666667,5.851244166332663,<UNK>,often,5.294978465282522
9,721,was,341.83116883116884,5.834316956784791,<UNK>,<UNK>,4.975748035095815
9,722,the,305.35897435897436,5.721488049638349,was,<UNK>,5.3230099791384085
9,723,<UNK>,317.0,5.75890177387728,the,was,4.33729074083249
9,724,<UNK>,326.3766233766234,5.788052000968236,<UNK>,the,2.6426827112295754
9,725,of,324.3076923076923,5.7816927327596614,<UNK>,<UNK>,3.9259259105971376
9,726,the,311.4230769230769,5.741152363664632,of,<UNK>,3.1937348359100985
9,727,book,281.7564102564103,5.6410429042366195,the,of,5.8126368795682835
9,728,and,322.65384615384613,5.776580064824812,book,the,5.698769932832657
9,729,tulip,300.126582278481,5.704204326592429,and,book,5.695414224985685
9,730,mania,343.0921052631579,5.837998939582643,tulip,and,5.695414224985685
9,731,was,309.97402597402595,5.736488506788288,mania,tulip,5.296649309447339
9,732,one,294.35064935064935,5.684771741521266,was,mania,5.698769932832657
9,733,of,279.56410256410254,5.6332316135767355,one,was,5.293304824724492
9,734,the,272.84615384615387,5.608908097312085,of,one,4.104294893075269
9,735,<UNK>,303.52564102564105,5.7154660913646875,the,of,3.2476875221067463
9,736,<UNK>,319.1392405063291,5.765627498165979,<UNK>,the,2.6426827112295754
9,737,<UNK>,339.26582278481015,5.826783938113152,<UNK>,<UNK>,2.4908413853078146
9,738,to,321.5657894736842,5.773202155631818,<UNK>,<UNK>,4.213607983048918
9,739,mackay,320.37179487179486,5.769482180332342,to,<UNK>,5.820082930352362
9,740,at,337.2597402597403,5.820853376093312,mackay,to,5.695414224985685
9,741,one,317.05128205128204,5.75906353382587,at,mackay,5.695414224985685
9,742,point,340.78205128205127,5.83124312714233,one,at,5.29162837839724
9,743,<UNK>,315.2025316455696,5.75321538982193,point,one,5.697093486505405
9,744,<UNK>,326.4025974025974,5.788131580786835,<UNK>,point,5.695414224985685
9,745,of,335.5128205128205,5.8156601688346,<UNK>,<UNK>,3.9259259105971376
9,746,land,303.9230769230769,5.716774632949854,of,<UNK>,5.462418377228463
9,747,were,298.4415584415584,5.698574129549063,land,of,5.697093486505405
9,748,<UNK>,301.9102564102564,5.710129809008389,were,land,5.695414224985685
9,749,for,317.27848101265823,5.759779877230582,<UNK>,were,5.726847747587197
9,750,a,309.71794871794873,5.735662040475632,for,<UNK>,4.490240219314114
9,751,<UNK>,305.87012987012986,5.723160599674919,a,for,4.789157022101107
9,752,<UNK>,439.7631578947368,6.086236304476997,<UNK>,a,2.8249715391611123
9,753,bulb,455.9868421052632,6.122463954065754,<UNK>,<UNK>,6.2285110035911835
9,754,he,468.02564102564105,6.148523082933138,bulb,<UNK>,5.700443573390687
9,755,claims,377.47435897435895,5.93350264313546,he,bulb,5.695414224985685
9,756,that,334.7307692307692,5.813326534768032,claims,he,5.695414224985685
9,757,many,323.29487179487177,5.778564822542088,that,claims,5.695414224985685
9,758,such,345.30263157894734,5.844421225504894,many,that,5.698769932832657
9,759,<UNK>,345.7402597402597,5.84568779875328,such,many,5.695414224985685
9,760,<UNK>,331.1038961038961,5.802432211635573,<UNK>,such,5.695414224985685
9,761,by,332.6842105263158,5.807193723305859,<UNK>,<UNK>,4.975748035095815
9,762,the,355.961038961039,5.874821283742237,by,<UNK>,3.661957796547672
9,763,fall,310.9220779220779,5.7395423274802955,the,by,5.734958092124651
9,764,in,304.13157894736844,5.717460433249055,fall,the,5.695414224985685
9,765,prices,323.0394736842105,5.777774525304317,in,fall,5.29162837839724
9,766,were,320.8243243243243,5.770893697071498,prices,in,5.697093486505405
9,767,<UNK>,326.6842105263158,5.7889939872472125,were,prices,5.695414224985685
9,768,and,337.4736842105263,5.821487534563003,<UNK>,were,5.321382639479033
9,769,dutch,317.6578947368421,5.760975000974741,and,<UNK>,5.903998521326706
9,770,<UNK>,323.87012987012986,5.780342601702848,dutch,and,5.695414224985685
9,771,<UNK>,354.88461538461536,5.871792709557074,<UNK>,dutch,5.697093486505405
9,772,a,318.4025974025974,5.7633166116084285,<UNK>,<UNK>,4.975748035095815
9,773,<UNK>,308.24675324675326,5.7309006091317345,a,<UNK>,3.4420193761824103
9,774,<UNK>,340.16883116883116,5.829442056625234,<UNK>,a,2.8249715391611123
9,775,in,356.3246753246753,5.875842324563174,<UNK>,<UNK>,4.28260085453587
9,776,<UNK>,337.85897435897436,5.822628572791681,in,<UNK>,3.9889840465642745
9,777,account,356.09090909090907,5.875186060867461,<UNK>,in,5.738183901373533
9,778,the,357.38961038961037,5.878826532324081,account,<UNK>,5.695414224985685
9,779,<UNK>,332.987012987013,5.8081034891809225,the,account,5.695414224985685
9,780,tulip,344.15584415584414,5.84109459012063,<UNK>,the,5.333925794015404
9,781,<UNK>,344.94736842105266,5.84339185009232,tulip,<UNK>,4.79081953287472
9,782,<UNK>,371.12,5.916525460443488,<UNK>,tulip,5.296649309447339
9,783,help,350.3376623376623,5.858897438947898,<UNK>,<UNK>,6.2285110035911835
9,784,from,326.35064935064935,5.787972414816184,help,<UNK>,5.695414224985685
9,785,the,301.64935064935065,5.709265252221933,from,help,5.695414224985685
9,786,government,311.6842105263158,5.741990529495096,the,from,5.723585101952381
9,787,of,330.2236842105263,5.79977025577788,government,the,5.697093486505405
9,788,the,320.0394736842105,5.768444343449295,of,government,5.695414224985685
9,789,<UNK>,371.8666666666667,5.918535367085224,the,of,3.2476875221067463
9,790,which,334.67105263157896,5.813148116970535,<UNK>,the,6.02707297457535
9,791,<UNK>,317.0657894736842,5.759109290116171,which,<UNK>,4.797442073635215
9,792,by,320.94805194805195,5.771279278096282,<UNK>,which,5.71042701737487
9,793,<UNK>,313.72727272727275,5.748524050299633,by,<UNK>,4.48863636973214
9,794,that,310.64473684210526,5.738649933961882,<UNK>,by,5.7120812774708964
9,795,<UNK>,304.4415584415584,5.718479142429442,that,<UNK>,3.905850146321065
9,796,who,305.61842105263156,5.7223373337892856,<UNK>,that,5.728475087246572
9,797,had,303.7922077922078,5.716343940695821,who,<UNK>,4.802380355275797
9,798,<UNK>,282.31168831168833,5.643011738269449,had,who,5.018934096910951
9,799,contracts,298.2987012987013,5.698095337836071,<UNK>,had,5.733341276897745
9,800,to,342.5897435897436,5.836533648459247,contracts,<UNK>,5.29162837839724
9,801,<UNK>,315.7402597402597,5.754919912742945,to,contracts,5.293304824724492
9,802,bulbs,305.6363636363636,5.722396041170191,<UNK>,to,5.820082930352362
9,803,in,295.961038961039,5.6902278205290875,bulbs,<UNK>,5.698769932832657
9,804,the,284.7012987012987,5.651440555921985,in,bulbs,5.697093486505405
9,805,<UNK>,301.5064935064935,5.708791553270285,the,in,3.4431615807611875
9,806,could,316.88157894736844,5.758528136094003,<UNK>,the,6.02707297457535
9,807,<UNK>,312.3333333333333,5.744070993570312,could,<UNK>,5.298317366548036
9,808,their,305.7402597402597,5.722735917118742,<UNK>,could,5.707110264748875
9,809,contract,300.94871794871796,5.706939877970478,their,<UNK>,5.705447753975262
9,810,by,319.2207792207792,5.765882961266342,contract,their,5.695414224985685
9,811,<UNK>,312.06493506493507,5.743211291362561,by,contract,5.695414224985685
9,812,of,317.5974025974026,5.760784551119774,<UNK>,by,5.018934096910951
9,813,a,296.76623376623377,5.692944737187214,of,<UNK>,4.61512051684126
9,814,ten,325.30263157894734,5.784755923145162,a,of,5.707110264748875
9,815,<UNK>,372.4736842105263,5.920166388909344,ten,a,5.695414224985685
9,816,<UNK>,350.24675324675326,5.858637915357601,<UNK>,ten,5.697093486505405
9,817,<UNK>,384.986301369863,5.9532077527972715,<UNK>,<UNK>,2.4908413853078146
9,818,that,383.48,5.949287468208796,<UNK>,<UNK>,4.213607983048918
9,819,were,339.4025974025974,5.827187005695407,that,<UNK>,4.861361591348501
9,820,made,327.1168831168831,5.79031754775495,were,that,5.703782474656201
9,821,to,320.3376623376623,5.769375634272249,made,were,5.695414224985685
9,822,<UNK>,301.12987012987014,5.707541633921297,to,made,5.695414224985685
9,823,the,316.2207792207792,5.7564406380519415,<UNK>,to,3.9482807534507702
9,824,<UNK>,299.35064935064935,5.701615626571111,the,<UNK>,2.9055340056358423
9,825,to,323.6623376623377,5.779700804649129,<UNK>,the,5.333925794015404
9,826,the,330.82894736842104,5.801601466480685,to,<UNK>,3.8741727812970486
9,827,<UNK>,339.5194805194805,5.827531325380505,the,to,3.6699514442284173
9,828,of,324.1168831168831,5.781104201098313,<UNK>,the,3.0826339954089095
9,829,all,284.961038961039,5.6523524655237525,of,<UNK>,5.462418377228463
9,830,<UNK>,288.20512820512823,5.663672477318036,all,of,5.700443573390687
9,831,were,301.4805194805195,5.708705402074884,<UNK>,all,5.700443573390687
9,832,<UNK>,353.0263157894737,5.866542603133339,were,<UNK>,4.465908118654584
9,833,the,357.6578947368421,5.879576928228961,<UNK>,were,5.321382639479033
9,834,mania,348.3157894736842,5.853109509315117,the,<UNK>,5.495801171081669
9,835,finally,340.1948051948052,5.829518409988636,mania,the,5.697093486505405
9,836,ended,333.15584415584414,5.808610380970381,finally,mania,5.695414224985685
9,837,mackay,320.3636363636364,5.7694567142577,ended,finally,5.695414224985685
9,838,<UNK>,349.38157894736844,5.856164674350656,mackay,ended,5.695414224985685
9,839,with,313.038961038961,5.746327658956453,<UNK>,mackay,5.293304824724492
9,840,<UNK>,313.6623376623377,5.748317049532991,with,<UNK>,4.138361447638875
9,841,<UNK>,316.2987012987013,5.7566870243869595,<UNK>,with,4.804021044733257
9,842,with,325.2987012987013,5.784743841152558,<UNK>,<UNK>,4.619073091157083
9,843,the,347.038961038961,5.849437053295156,with,<UNK>,4.243721963296701
9,844,bulbs,317.10526315789474,5.7592337791924155,the,with,5.713732805509369
9,845,they,311.4868421052632,5.741357096902814,bulbs,the,5.697093486505405
9,846,held,308.76623376623377,5.732584465559907,they,bulbs,5.695414224985685
9,847,at,312.09090909090907,5.743294520659322,held,they,5.695414224985685
9,848,the,313.038961038961,5.746327658956453,at,held,5.695414224985685
9,849,end,309.4025974025974,5.734643333070107,the,at,5.318119993844216
9,850,of,300.68831168831167,5.706074218897514,end,the,5.293304824724492
9,851,the,283.3157894736842,5.646562139394517,of,end,5.29162837839724
9,852,<UNK>,306.24675324675326,5.724391160159485,the,of,3.2476875221067463
9,853,no,383.37333333333333,5.949009275071417,<UNK>,the,6.02707297457535
9,854,<UNK>,321.27272727272725,5.772290380081271,no,<UNK>,5.294978465282522
9,855,would,326.2207792207792,5.787574389018857,<UNK>,no,5.71042701737487
9,856,<UNK>,329.3766233766234,5.797201847941161,would,<UNK>,5.700443573390687
9,857,<UNK>,329.2077922077922,5.7966891386558075,<UNK>,would,5.298317366548036
9,858,of,310.12987012987014,5.736991145652855,<UNK>,<UNK>,3.9259259105971376
9,859,a,297.63157894736844,5.69585640938378,of,<UNK>,4.61512051684126
9,860,contract,303.88157894736844,5.716638082578375,a,of,5.707110264748875
9,861,since,364.4868421052632,5.898490452320503,contract,a,5.695414224985685
9,862,<UNK>,317.97435897435895,5.761970747373126,since,contract,5.695414224985685
9,863,<UNK>,314.92,5.752318638316266,<UNK>,since,5.695414224985685
9,864,the,338.49333333333334,5.824504397426726,<UNK>,<UNK>,3.455922281351402
9,865,<UNK>,314.2972972972973,5.750339344648819,the,<UNK>,2.9055340056358423
9,866,as,316.06666666666666,5.7559531617999085,<UNK>,the,5.333925794015404
9,867,<UNK>,344.85526315789474,5.843124801926688,as,<UNK>,5.339139361068292
9,868,through,372.4078947368421,5.919989744793783,<UNK>,as,5.723585101952381
9,869,<UNK>,358.5131578947368,5.881965362001399,through,<UNK>,5.700443573390687
9,870,and,365.8918918918919,5.902337912424328,<UNK>,through,5.695414224985685
9,871,thus,342.2368421052632,5.835503018156366,and,<UNK>,5.498533413218542
9,872,not,326.76623376623377,5.789245033798838,thus,and,5.697093486505405
9,873,<UNK>,324.68831168831167,5.782865681196675,not,thus,5.695414224985685
9,874,by,319.6756756756757,5.7673069683281435,<UNK>,not,5.720311776607412
9,875,<UNK>,372.1232876712329,5.919225217837233,by,<UNK>,4.48863636973214
9,876,although,363.94594594594594,5.897005356461002,<UNK>,by,5.7120812774708964
9,877,<UNK>,339.4054054054054,5.82719527902983,although,<UNK>,5.695414224985685
9,878,book,338.72,5.825173807386555,<UNK>,although,5.695414224985685
9,879,is,313.7866666666667,5.748713349487564,book,<UNK>,5.695414224985685
9,880,a,290.68,5.672223005748435,is,book,5.695414224985685
9,881,<UNK>,290.0921052631579,5.67019847691065,a,is,5.296649309447339
9,882,that,308.4736842105263,5.7316365373099885,<UNK>,a,5.893024474294729
9,883,many,299.92,5.703515772427656,that,<UNK>,5.372187215114492
9,884,<UNK>,313.0,5.746203190540153,many,that,5.698769932832657
9,885,<UNK>,317.2631578947368,5.759731580579945,<UNK>,many,5.296649309447339
9,886,<UNK>,338.81081081081084,5.825441871391632,<UNK>,<UNK>,2.4908413853078146
9,887,<UNK>,308.7763157894737,5.732617117636264,<UNK>,<UNK>,2.4908413853078146
9,888,<UNK>,374.97333333333336,5.926854912330785,<UNK>,<UNK>,2.4908413853078146
9,889,his,355.3066666666667,5.872981266337205,<UNK>,<UNK>,5.535363823031238
9,890,account,322.88,5.777280737165244,his,<UNK>,5.720311776607412
9,891,is,302.5394736842105,5.71221176047567,account,his,5.695414224985685
9,892,<UNK>,320.49333333333334,5.769861475312351,is,account,5.695414224985685
9,893,many,416.46666666666664,6.03180642639136,<UNK>,is,5.71042701737487
9,894,<UNK>,342.8157894736842,5.837193245971179,many,<UNK>,5.697093486505405
9,895,<UNK>,317.5657894736842,5.760685007808262,<UNK>,many,5.296649309447339
9,896,<UNK>,312.3333333333333,5.744070993570312,<UNK>,<UNK>,2.4908413853078146
9,897,the,324.24,5.7814839823200534,<UNK>,<UNK>,3.455922281351402
9,898,mania,301.10526315789474,5.707459915102088,the,<UNK>,5.495801171081669
9,899,was,303.2266666666667,5.714480600648358,mania,the,5.697093486505405
9,900,not,297.4805194805195,5.6953487421039775,was,mania,5.698769932832657
9,901,as,291.9868421052632,5.676708739969646,not,was,5.707110264748875
9,902,<UNK>,300.6933333333333,5.706090919257638,as,not,5.695414224985685
9,903,as,305.55263157894734,5.722122043900621,<UNK>,as,4.807294370078226
9,904,mackay,292.9866666666667,5.680127101724516,as,<UNK>,5.744604469176456
9,905,<UNK>,336.44736842105266,5.818441727998901,mackay,as,5.695414224985685
9,906,with,324.5263157894737,5.782366629279656,<UNK>,mackay,5.293304824724492
9,907,some,318.84,5.764689409559723,with,<UNK>,5.7477993600729755
9,908,<UNK>,305.2266666666667,5.721054669992682,some,with,5.695414224985685
9,909,that,325.80263157894734,5.786291773418772,<UNK>,some,5.702114417555504
9,910,the,284.84,5.651927619113924,that,<UNK>,4.391357962102766
9,911,<UNK>,277.9866666666667,5.627573150909746,the,that,3.874401013638562
9,912,<UNK>,277.2763157894737,5.625014538910881,<UNK>,the,2.6426827112295754
9,913,may,301.57894736842104,5.709031830542345,<UNK>,<UNK>,5.535363823031238
9,914,not,295.32894736842104,5.688089810929702,may,<UNK>,5.702114417555504
9,915,have,298.2236842105263,5.697843823088618,not,may,5.697093486505405
9,916,<UNK>,314.1081081081081,5.749737219990826,have,not,5.698769932832657
9,917,a,362.80263157894734,5.893858971739888,<UNK>,have,5.70877001616724
9,918,bubble,323.26666666666665,5.778477576003143,a,<UNK>,5.744604469176456
9,919,research,363.9605263157895,5.897045417568853,bubble,a,5.695414224985685
9,920,on,377.2133333333333,5.9328108983141385,research,bubble,5.695414224985685
9,921,the,316.60526315789474,5.757655771307139,on,research,5.695414224985685
9,922,tulip,289.8831168831169,5.669477796505328,the,on,5.7430031878094825
9,923,mania,316.43243243243245,5.757109735167552,tulip,the,5.700443573390687
9,924,is,311.5921052631579,5.741694977549691,mania,tulip,5.296649309447339
9,925,<UNK>,309.4342105263158,5.734745502570501,is,mania,5.697093486505405
9,926,because,312.3766233766234,5.744209586025561,<UNK>,is,5.71042701737487
9,927,of,304.15584415584414,5.717540215298024,because,<UNK>,5.71042701737487
9,928,the,302.5,5.7120812774708964,of,because,5.695414224985685
9,929,<UNK>,290.2894736842105,5.670878610242996,the,of,3.2476875221067463
9,930,<UNK>,287.12,5.659900246839352,<UNK>,the,2.6426827112295754
9,931,from,298.39473684210526,5.698417230245454,<UNK>,<UNK>,5.312220271717028
9,932,the,294.2631578947368,5.684474461860205,from,<UNK>,3.858297606071983
9,933,sixteen,297.25,5.694573535570891,the,from,5.723585101952381
9,934,<UNK>,306.0263157894737,5.723671097566657,sixteen,the,5.695414224985685
9,935,however,413.4054054054054,6.024428722646958,<UNK>,sixteen,5.702114417555504
9,936,some,358.14473684210526,5.8809371975514075,however,<UNK>,5.700443573390687
9,937,<UNK>,349.29333333333335,5.855912065840021,some,however,5.695414224985685
9,938,<UNK>,386.80263157894734,5.957914567017597,<UNK>,some,5.702114417555504
9,939,have,341.13157894736844,5.832268264873657,<UNK>,<UNK>,5.823045895483019
9,940,<UNK>,308.69736842105266,5.732361406758635,have,<UNK>,5.294978465282522
9,941,<UNK>,331.85526315789474,5.804698919517075,<UNK>,have,5.303304908059076
9,942,<UNK>,397.7922077922078,5.985929777973137,<UNK>,<UNK>,2.4908413853078146
9,943,rather,355.0,5.872117789475416,<UNK>,<UNK>,6.2285110035911835
9,944,than,333.67105263157896,5.810155635310706,rather,<UNK>,5.697093486505405
9,945,a,314.3421052631579,5.750481900033524,than,rather,5.29162837839724
9,946,<UNK>,322.0394736842105,5.77467412711238,a,than,5.697093486505405
9,947,mania,359.60526315789474,5.885006938635783,<UNK>,a,5.893024474294729
9,948,for,333.9736842105263,5.811062200083779,mania,<UNK>,5.695414224985685
9,949,the,329.53333333333336,5.797677512204749,for,mania,5.695414224985685
9,950,<UNK>,302.7631578947368,5.712950842743081,the,for,4.618415412738112
9,951,and,293.61038961038963,5.682253683070625,<UNK>,the,4.081162825520036
9,952,fall,284.5733333333333,5.650990982507258,and,<UNK>,5.903998521326706
9,953,in,305.3378378378378,5.721418828641211,fall,and,5.695414224985685
9,954,prices,319.4605263157895,5.766633717877481,in,fall,5.29162837839724
9,955,for,351.4736842105263,5.862134841337159,prices,in,5.697093486505405
9,956,example,305.7866666666667,5.722887691061939,for,prices,5.700443573390687
9,957,other,317.57894736842104,5.760726440552566,example,for,5.698769932832657
9,958,flowers,318.04,5.762177161033283,other,example,5.695414224985685
9,959,such,354.7631578947368,5.871450405964678,flowers,other,5.695414224985685
9,960,as,290.22972972972974,5.670672780860125,such,flowers,5.695414224985685
9,961,the,277.2763157894737,5.625014538910881,as,such,5.702114417555504
9,962,<UNK>,291.0131578947368,5.67336848228239,the,as,4.327438444389479
9,963,also,371.8421052631579,5.918469315952187,<UNK>,the,6.02707297457535
9,964,had,320.89473684210526,5.771113146741375,also,<UNK>,5.695414224985685
9,965,high,302.6575342465753,5.7126019162838295,had,also,5.695414224985685
9,966,prices,296.32894736842104,5.6914701459547805,high,had,5.695414224985685
9,967,on,307.2894736842105,5.727790214349329,prices,high,5.698769932832657
9,968,the,291.41333333333336,5.674742648834206,on,prices,5.695414224985685
9,969,flowers,301.6533333333333,5.709278455159989,the,on,5.7430031878094825
9,970,<UNK>,365.6621621621622,5.901709852922756,flowers,the,5.697093486505405
9,971,which,348.3066666666667,5.853083317776393,<UNK>,flowers,5.695414224985685
9,972,then,321.64864864864865,5.773459796538216,which,<UNK>,5.713732805509369
9,973,fell,305.2266666666667,5.721054669992682,then,which,5.695414224985685
9,974,<UNK>,311.8243243243243,5.7424399661668835,fell,then,5.695414224985685
9,975,the,329.75,5.798334791597424,<UNK>,fell,5.695414224985685
9,976,high,322.81333333333333,5.777074240788521,the,<UNK>,5.901266279189834
9,977,prices,331.72972972972974,5.804320570304818,high,the,5.695414224985685
9,978,may,311.47297297297297,5.741312570331575,prices,high,5.698769932832657
9,979,also,285.2432432432432,5.653342301321389,may,prices,5.695414224985685
9,980,have,287.35135135135135,5.660705687748857,also,may,5.695414224985685
9,981,been,293.61333333333334,5.682263708969882,have,also,5.695414224985685
9,982,<UNK>,298.7567567567568,5.699629719748984,been,have,5.293304824724492
9,983,by,280.1333333333333,5.6352656803027354,<UNK>,been,5.7120812774708964
9,984,<UNK>,316.3013698630137,5.75669546120015,by,<UNK>,4.48863636973214
9,985,of,325.1081081081081,5.784157767349848,<UNK>,by,5.018934096910951
9,986,a,296.94594594594594,5.6935501220566564,of,<UNK>,4.61512051684126
9,987,<UNK>,323.62666666666667,5.779590588052003,a,of,4.608497976080766
9,988,<UNK>,386.4864864864865,5.957096903603774,<UNK>,a,2.8249715391611123
9,989,that,394.5263157894737,5.977685844751818,<UNK>,<UNK>,4.213607983048918
9,990,contracts,334.14473684210526,5.811574242949014,that,<UNK>,5.777652323222656
9,991,could,335.1842105263158,5.814680262863374,contracts,that,5.695414224985685
9,992,be,317.0933333333333,5.759196157461213,could,contracts,5.695414224985685
9,993,<UNK>,300.7894736842105,5.706410597062471,be,could,5.697093486505405
9,994,for,313.43243243243245,5.747583810312479,<UNK>,be,5.32463467486541
9,995,a,311.3066666666667,5.7407784927873715,for,<UNK>,4.490240219314114
9,996,small,303.32,5.714788353832735,a,for,5.705447753975262
9,997,<UNK>,335.92,5.816873036375938,small,a,5.695414224985685
9,998,thus,307.55263157894734,5.7286462322067715,<UNK>,small,5.698769932832657
9,999,<UNK>,348.28,5.853006753960415,thus,<UNK>,5.695414224985685
9,1000,the,356.8,5.8771754007058545,<UNK>,thus,5.697093486505405
9,1001,<UNK>,299.38666666666666,5.701735937482415,the,<UNK>,2.9055340056358423
9,1002,to,306.7763157894737,5.72611886895609,<UNK>,the,5.333925794015404
9,1003,buyers,320.94666666666666,5.771274961870131,to,<UNK>,5.820082930352362
9,1004,<UNK>,387.92105263157896,5.9608018463208925,buyers,to,5.695414224985685
9,1005,these,337.5405405405405,5.821685623218861,<UNK>,buyers,5.697093486505405
9,1006,<UNK>,317.30263157894734,5.759855992216741,these,<UNK>,5.698769932832657
9,1007,about,368.50666666666666,5.909458802827119,<UNK>,these,5.698769932832657
9,1008,<UNK>,329.8157894736842,5.798534284885137,about,<UNK>,5.304961909266705
9,1009,the,336.7368421052632,5.819301741343023,<UNK>,about,5.293304824724492
9,1010,<UNK>,307.56,5.72867019016398,the,<UNK>,2.9055340056358423
9,1011,<UNK>,339.3333333333333,5.826982908442358,<UNK>,the,2.6426827112295754
9,1012,<UNK>,379.11842105263156,5.937848612881277,<UNK>,<UNK>,2.4908413853078146
9,1013,an,367.16883116883116,5.905821772705794,<UNK>,<UNK>,6.2285110035911835
9,1014,economic,333.70666666666665,5.810262363581944,an,<UNK>,5.703782474656201
9,1015,bubble,331.5394736842105,5.803746878507406,economic,an,5.695414224985685
9,1016,the,364.68918918918916,5.899045454351387,bubble,economic,5.293304824724492
9,1017,<UNK>,333.11842105263156,5.8084980455397455,the,bubble,5.697093486505405
9,1018,tulip,308.89473684210526,5.733000561391894,<UNK>,the,5.333925794015404
9,1019,mania,340.14666666666665,5.8293768971448365,tulip,<UNK>,5.301645156640712
9,1020,is,345.16,5.844008077640106,mania,tulip,5.296649309447339
9,1021,still,309.7837837837838,5.735874582467458,is,mania,5.697093486505405
9,1022,often,294.60526315789474,5.6856363693064695,still,is,5.695414224985685
9,1023,used,302.9736842105263,5.713645950947279,often,still,5.695414224985685
9,1024,<UNK>,335.93506493506493,5.816917882164423,used,often,5.695414224985685
9,1025,to,349.36486486486484,5.85611683415725,<UNK>,used,5.695414224985685
9,1026,<UNK>,315.1578947368421,5.753073766373078,to,<UNK>,3.145934280925833
9,1027,to,292.4078947368421,5.678149727295137,<UNK>,to,5.126935749792416
9,1028,any,286.2133333333333,5.656737453505159,to,<UNK>,5.820082930352362
9,1029,large,314.1818181818182,5.749971857125575,any,to,5.695414224985685
9,1030,economic,320.23376623376623,5.769051248574814,large,any,5.695414224985685
9,1031,bubble,315.3766233766234,5.7537675543966404,economic,large,5.695414224985685
9,1032,when,390.1012658227848,5.966406361374777,bubble,economic,5.698769932832657
9,1033,<UNK>,307.12820512820514,5.727265266694761,when,bubble,5.695414224985685
9,1034,prices,328.0657894736842,5.793214165934805,<UNK>,when,5.697093486505405
9,1035,<UNK>,342.6623376623377,5.836745523986084,prices,<UNK>,5.697093486505405
9,1036,from,367.32911392405066,5.9062582143836355,<UNK>,prices,5.698769932832657
9,1037,<UNK>,397.3766233766234,5.984884504473641,from,<UNK>,5.0369526024136295
9,1038,<UNK>,516.5064935064935,6.247087860613275,<UNK>,from,5.301645156640712
10,2,<UNK>,522.8181818181819,6.259233758915384,tourettes,<UNK>,5.294978465282522
10,3,a,464.75,6.141499626601553,<UNK>,tourettes,5.703782474656201
10,4,<UNK>,447.6623376623377,6.1040392376572274,a,<UNK>,3.4420193761824103
10,5,disorder,427.23376623376623,6.057331325331803,<UNK>,a,5.893024474294729
10,6,<UNK>,463.63513513513516,6.139097896202004,disorder,<UNK>,5.700443573390687
10,7,by,394.92105263157896,5.978685878169604,<UNK>,disorder,5.697093486505405
10,8,repetitive,421.44736842105266,6.043694902316873,by,<UNK>,5.741399338227508
10,9,<UNK>,437.7027027027027,6.081539918961205,repetitive,by,5.695414224985685
10,10,movements,427.4657534246575,6.0578741762197525,<UNK>,repetitive,5.697093486505405
10,11,was,487.68918918918916,6.189678295542265,movements,<UNK>,5.695414224985685
10,12,named,359.63513513513516,5.885090003984527,was,movements,5.695414224985685
10,13,for,365.6216216216216,5.901598977934192,named,was,5.695414224985685
10,14,<UNK>,337.97222222222223,5.822963709331339,for,named,5.695414224985685
10,15,<UNK>,427.125,6.057076710435456,<UNK>,for,5.70877001616724
10,16,<UNK>,473.7638888888889,6.1607090728827645,<UNK>,<UNK>,2.4908413853078146
10,17,de,470.25,6.15326446818114,<UNK>,<UNK>,5.823045895483019
10,18,<UNK>,413.44444444444446,6.024523151010404,de,<UNK>,5.29162837839724
10,19,<UNK>,486.38028169014086,6.186990790541857,<UNK>,de,5.698769932832657
10,20,the,440.8082191780822,6.0886099037131505,<UNK>,<UNK>,3.455922281351402
10,21,<UNK>,432.1621621621622,6.068800893183775,the,<UNK>,2.9055340056358423
10,22,french,393.5890410958904,5.9753073220463016,<UNK>,the,6.02707297457535
10,23,<UNK>,398.6666666666667,5.988125645842468,french,<UNK>,5.29162837839724
10,24,who,414.40845070422534,6.026852083363373,<UNK>,french,5.698769932832657
10,25,first,381.1,5.943061807879815,who,<UNK>,5.718671087149952
10,26,<UNK>,371.43055555555554,5.917361916820334,first,who,5.695414224985685
10,27,the,387.6986301369863,5.960228311363926,<UNK>,first,5.703782474656201
10,28,condition,383.027397260274,5.948106519938903,the,<UNK>,5.495801171081669
10,29,in,346.3918918918919,5.847570769635734,condition,the,5.697093486505405
10,30,an,335.54794520547944,5.815764852924284,in,condition,5.695414224985685
10,31,<UNK>,687.3661971830986,6.532867188320224,an,in,4.785823685681349
10,32,french,596.4444444444445,6.390986101315298,<UNK>,an,5.720311776607412
10,33,<UNK>,694.7916666666666,6.543612040435879,french,<UNK>,5.29162837839724
10,34,it,559.6849315068494,6.327374003088676,<UNK>,french,5.698769932832657
10,35,is,390.6164383561644,5.967726102442248,it,<UNK>,5.033700567027251
10,36,almost,379.7027027027027,5.939388585207427,is,it,5.70877001616724
10,37,always,407.36,6.009697315369042,almost,is,5.695414224985685
10,38,in,410.8082191780822,6.018126485590575,always,almost,5.695414224985685
10,39,<UNK>,356.72972972972974,5.87697843548473,in,always,5.695414224985685
10,40,that,370.06756756756755,5.913685604013652,<UNK>,in,5.738183901373533
10,41,the,341.8082191780822,5.8342498171392485,that,<UNK>,4.391357962102766
10,42,early,372.71232876712327,5.92080688553864,the,that,5.746203190540153
10,43,symptoms,456.4109589041096,6.123393629321271,early,the,5.698769932832657
10,44,of,349.55405405405406,5.856658210813937,symptoms,early,5.695414224985685
10,45,tourettes,337.64383561643837,5.821991599128113,of,symptoms,5.29162837839724
10,46,are,339.1232876712329,5.8263637217108615,tourettes,of,5.2999826458670976
10,47,first,365.375,5.90092422343141,are,tourettes,5.697093486505405
10,48,noticed,354.43835616438355,5.870534441329456,first,are,5.695414224985685
10,49,with,350.8904109589041,5.860473955224911,noticed,first,5.695414224985685
10,50,the,357.958904109589,5.8804181868215055,with,noticed,5.695414224985685
10,51,<UNK>,377.16438356164383,5.932681123081753,the,with,5.308267697401205
10,52,<UNK>,375.38028169014086,5.927939596641113,<UNK>,the,2.6426827112295754
10,53,<UNK>,374.875,5.926592637069173,<UNK>,<UNK>,2.4908413853078146
10,54,the,338.02777777777777,5.82312807488069,<UNK>,<UNK>,3.455922281351402
10,55,<UNK>,331.36986301369865,5.803235162455682,the,<UNK>,2.9055340056358423
10,56,of,375.027397260274,5.926999082662436,<UNK>,the,3.0826339954089095
10,57,<UNK>,382.7671232876712,5.947426771062041,of,<UNK>,2.923444506170187
10,58,and,373.3424657534247,5.922496137161375,<UNK>,of,4.517119307865356
10,59,ten,374.6111111111111,5.925888450838417,and,<UNK>,5.903998521326706
10,60,years,381.72222222222223,5.944693177134911,ten,and,5.695414224985685
10,61,it,431.2739726027397,6.066743555444612,years,ten,5.697093486505405
10,62,is,357.6575342465753,5.879575920309232,it,years,5.695414224985685
10,63,<UNK>,365.43835616438355,5.901097608780782,is,it,5.70877001616724
10,64,that,355.8904109589041,5.874622849076199,<UNK>,is,5.71042701737487
10,65,two,366.35135135135135,5.9035928492885414,that,<UNK>,5.777652323222656
10,66,hundred,354.9166666666667,5.871883020135213,two,that,5.695414224985685
10,67,<UNK>,366.5416666666667,5.904112202904729,hundred,two,5.695414224985685
10,68,<UNK>,422.056338028169,6.0451388075617745,<UNK>,hundred,5.695414224985685
10,69,have,432.93150684931504,6.070579532694233,<UNK>,<UNK>,5.823045895483019
10,70,the,397.5068493150685,5.98521216492724,have,<UNK>,5.700443573390687
10,71,most,369.6164383561644,5.912465814850371,the,have,5.695414224985685
10,72,<UNK>,352.16901408450707,5.8641112140103875,most,the,4.456007047671872
10,73,<UNK>,398.8888888888889,5.988682904146105,<UNK>,most,5.2999826458670976
10,74,of,358.71232876712327,5.882520754639307,<UNK>,<UNK>,3.9259259105971376
10,75,tourettes,375.2191780821918,5.927510330117334,of,<UNK>,5.174736304776682
10,76,and,360.47945205479454,5.887434956639488,tourettes,of,5.705447753975262
10,77,as,341.84722222222223,5.834363918605631,and,tourettes,5.697093486505405
10,78,many,379.4246575342466,5.938656046254272,as,and,5.695414224985685
10,79,as,340.0135135135135,5.828985362448352,many,as,5.697093486505405
10,80,one,330.7027027027027,5.801219792626569,as,many,5.695414224985685
10,81,in,327.47297297297297,5.791405526396544,one,as,5.698769932832657
10,82,a,368.3150684931507,5.908938736252827,in,one,5.695414224985685
10,83,hundred,375.4054054054054,5.928006523104165,a,in,5.707110264748875
10,84,people,413.0405405405405,6.023545749258656,hundred,a,5.695414224985685
10,85,<UNK>,415.8243243243243,6.030262873771351,people,hundred,5.697093486505405
10,86,<UNK>,349.0,5.855071922202427,<UNK>,people,5.700443573390687
10,87,and,442.4189189189189,6.09225721357703,<UNK>,<UNK>,3.487670979665982
10,88,<UNK>,364.8378378378378,5.8994529749646025,and,<UNK>,2.645901983305224
10,89,complex,356.31081081081084,5.875803414028585,<UNK>,and,5.831882477283517
10,90,symptoms,365.97297297297297,5.9025594863386,complex,<UNK>,5.698769932832657
10,91,that,365.2328767123288,5.900535168525232,symptoms,complex,5.695414224985685
10,92,include,392.8918918918919,5.9735344897821,that,symptoms,5.695414224985685
10,93,<UNK>,365.14864864864865,5.900304527247683,include,that,5.29162837839724
10,94,motor,360.36486486486484,5.887117031705615,<UNK>,include,5.702114417555504
10,95,and,383.22972972972974,5.948634625889325,motor,<UNK>,5.695414224985685
10,96,vocal,407.72972972972974,6.010604527769352,and,motor,5.29162837839724
10,97,tics,373.7260273972603,5.923522981904674,vocal,and,5.29162837839724
10,98,or,427.54794520547944,6.058066434615628,tics,vocal,5.700443573390687
10,99,<UNK>,449.56756756756755,6.1082861597844085,or,tics,5.29162837839724
10,100,tics,372.4109589041096,5.919997972746802,<UNK>,or,5.334327804071069
10,101,of,409.72972972972974,6.015497746552138,tics,<UNK>,5.705447753975262
10,102,<UNK>,445.0821917808219,6.0982589657422395,of,tics,5.695414224985685
10,103,for,433.5138888888889,6.071923834666735,<UNK>,of,5.7698822763607245
10,104,the,361.8783783783784,5.891308184044313,for,<UNK>,4.490240219314114
10,105,<UNK>,396.81081081081084,5.983459620026502,the,for,4.618415412738112
10,106,of,355.64864864864865,5.873943301505916,<UNK>,the,3.0826339954089095
10,107,people,367.94594594594594,5.907936041363672,of,<UNK>,5.462418377228463
10,108,<UNK>,383.24657534246575,5.948678581880206,people,of,5.697093486505405
10,109,with,380.7808219178082,5.942223939038174,<UNK>,people,5.700443573390687
10,110,the,339.2739726027397,5.82680795974898,with,<UNK>,4.243721963296701
10,111,disorder,399.7945205479452,5.9909507164895,the,with,5.713732805509369
10,112,tourettes,385.7945205479452,5.9553048975401435,disorder,the,5.697093486505405
10,113,is,387.05479452054794,5.9585662709155525,tourettes,disorder,5.695414224985685
10,114,not,358.47945205479454,5.881871341952937,is,tourettes,5.702114417555504
10,115,a,375.5068493150685,5.928276711557324,not,is,5.697093486505405
10,116,<UNK>,351.8243243243243,5.8631319723928295,a,not,5.29162837839724
10,117,condition,404.013698630137,6.001448784886643,<UNK>,a,5.893024474294729
10,118,with,401.3013698630137,5.9947126908304975,condition,<UNK>,5.695414224985685
10,119,symptoms,373.88,5.923934890314382,with,condition,5.695414224985685
10,120,<UNK>,372.4594594594595,5.920128198230921,symptoms,with,5.695414224985685
10,121,a,349.2432432432432,5.855768651473887,<UNK>,symptoms,5.695414224985685
10,122,<UNK>,371.77027027027026,5.91827611047182,a,<UNK>,3.4420193761824103
10,123,rather,399.8918918918919,5.99119424030812,<UNK>,a,5.893024474294729
10,124,it,341.5405405405405,5.833466385114456,rather,<UNK>,5.697093486505405
10,125,is,319.36486486486484,5.766334226176117,it,rather,5.695414224985685
10,126,a,348.13698630136986,5.852596041116088,is,it,5.70877001616724
10,127,condition,378.1111111111111,5.935188097164686,a,is,5.702114417555504
10,128,<UNK>,348.3013698630137,5.853068110361677,condition,a,5.695414224985685
10,129,severity,349.83561643835617,5.857463376836235,<UNK>,condition,5.695414224985685
10,130,<UNK>,368.18918918918916,5.9085969071218365,severity,<UNK>,5.695414224985685
10,131,in,334.3783783783784,5.812273221160736,<UNK>,severity,5.695414224985685
10,132,the,342.3783783783784,5.835916495014306,in,<UNK>,3.338396480423125
10,133,early,333.0945945945946,5.808426517492446,the,in,5.794536837924666
10,134,<UNK>,322.7027027027027,5.776731474302369,early,the,5.698769932832657
10,135,with,358.3013698630137,5.881374447532775,<UNK>,early,5.695414224985685
10,136,<UNK>,393.67123287671234,5.975516126640761,with,<UNK>,4.138361447638875
10,137,<UNK>,369.9054054054054,5.913247311884937,<UNK>,with,4.804021044733257
10,138,in,396.3783783783784,5.9823692560095205,<UNK>,<UNK>,4.28260085453587
10,139,the,318.0405405405405,5.762178860631073,in,<UNK>,3.338396480423125
10,140,late,315.35135135135135,5.753687418343388,the,in,5.794536837924666
10,141,<UNK>,328.1917808219178,5.793598135142886,late,the,5.697093486505405
10,142,and,332.2328767123288,5.805836158905827,<UNK>,late,5.695414224985685
10,143,<UNK>,324.31081081081084,5.781702348591167,and,<UNK>,2.645901983305224
10,144,into,346.22972972972974,5.8471025134910715,<UNK>,and,5.1387352967235715
10,145,adulthood,358.70666666666665,5.882504969998831,into,<UNK>,5.316484670503486
10,146,however,375.5,5.928258471204189,adulthood,into,5.697093486505405
10,147,<UNK>,363.0810810810811,5.894626173182585,however,adulthood,5.695414224985685
10,148,ten,391.45205479452056,5.969863042527835,<UNK>,however,5.698769932832657
10,149,<UNK>,388.3835616438356,5.961993412256416,ten,<UNK>,5.695414224985685
10,150,of,350.6027397260274,5.85965378684915,<UNK>,ten,5.697093486505405
10,151,those,339.5135135135135,5.827513750370102,of,<UNK>,5.867883485336628
10,152,affected,355.4246575342466,5.873313292982567,those,of,5.697093486505405
10,153,have,340.8767123287671,5.831520864486519,affected,those,5.695414224985685
10,154,a,327.1095890410959,5.79029524943442,have,affected,5.695414224985685
10,155,<UNK>,340.375,5.830047950993924,a,have,5.0072963928307415
10,156,or,356.5890410958904,5.876583973313208,<UNK>,a,5.893024474294729
10,157,<UNK>,345.5753424657534,5.845210687352616,or,<UNK>,3.532875205637355
10,158,<UNK>,357.75342465753425,5.879843991158133,<UNK>,or,4.035044819940809
10,159,that,370.2,5.914043400139397,<UNK>,<UNK>,4.213607983048918
10,160,<UNK>,355.97297297297297,5.874854809354822,that,<UNK>,3.905850146321065
10,161,into,333.2027027027027,5.80875102161244,<UNK>,that,5.728475087246572
10,162,adulthood,390.0,5.966146739123692,into,<UNK>,5.316484670503486
10,163,it,360.3424657534247,5.887054873016517,adulthood,into,5.697093486505405
10,164,is,335.0,5.814130531825066,it,adulthood,5.695414224985685
10,165,not,315.8378378378378,5.755228910470158,is,it,5.70877001616724
10,166,<UNK>,326.5810810810811,5.788678251978811,not,is,5.697093486505405
10,167,for,335.18918918918916,5.814695116265598,<UNK>,not,5.720311776607412
10,168,symptoms,352.6027397260274,5.865342040001726,for,<UNK>,5.7430031878094825
10,169,to,348.63013698630135,5.854011580830278,symptoms,for,5.695414224985685
10,170,be,341.958904109589,5.834690566420148,to,symptoms,5.695414224985685
10,171,<UNK>,369.05479452054794,5.910945127651922,be,to,4.620058798481842
10,172,for,332.85135135135135,5.807695997979439,<UNK>,be,5.32463467486541
10,173,an,347.80281690140845,5.851635701086374,for,<UNK>,5.7430031878094825
10,174,<UNK>,346.2972972972973,5.847297646865352,an,for,5.695414224985685
10,175,<UNK>,345.5753424657534,5.845210687352616,<UNK>,an,4.467548808112044
10,176,of,318.05555555555554,5.762226070526276,<UNK>,<UNK>,3.9259259105971376
10,177,time,312.7837837837838,5.745512165203853,of,<UNK>,5.867883485336628
10,178,before,322.1081081081081,5.7748872286627,time,of,5.697093486505405
10,179,a,326.7432432432432,5.789174673616441,before,time,5.695414224985685
10,180,<UNK>,332.1232876712329,5.805506248391062,a,before,5.695414224985685
10,181,diagnosis,336.6575342465753,5.819066194799007,<UNK>,a,5.893024474294729
10,182,of,326.9594594594595,5.7898361860232495,diagnosis,<UNK>,5.695414224985685
10,183,tourettes,340.2432432432432,5.829660783122034,of,diagnosis,5.29162837839724
10,184,is,364.52702702702703,5.898600696922165,tourettes,of,5.2999826458670976
10,185,<UNK>,360.27027027027026,5.88685450052853,is,tourettes,5.702114417555504
10,186,the,368.3150684931507,5.908938736252827,<UNK>,is,5.71042701737487
10,187,<UNK>,348.05405405405406,5.852357795453904,the,<UNK>,2.9055340056358423
10,188,for,327.56164383561645,5.791676262815383,<UNK>,the,5.110782242701195
10,189,this,340.8783783783784,5.83152575201764,for,<UNK>,5.337538079701318
10,190,are,356.56944444444446,5.876529015959834,this,for,5.697093486505405
10,191,many,369.77027027027026,5.912881921644098,are,this,5.695414224985685
10,192,and,320.6164383561644,5.77024551258578,many,are,5.697093486505405
10,193,may,336.041095890411,5.817233461681696,and,many,5.695414224985685
10,194,include,406.2739726027397,6.007027741386623,may,and,5.697093486505405
10,195,the,343.1756756756757,5.838242490031176,include,may,5.695414224985685
10,196,fact,340.8493150684931,5.831440488326045,the,include,5.695414224985685
10,197,that,323.46666666666664,5.779096068961731,fact,the,5.0089672369955585
10,198,for,314.97333333333336,5.752487979157449,that,fact,5.700443573390687
10,199,<UNK>,338.958904109589,5.8258788732165145,for,that,5.695414224985685
10,200,and,331.73972602739724,5.80435070371211,<UNK>,for,5.303304908059076
10,201,<UNK>,351.81081081081084,5.863093561822236,and,<UNK>,2.645901983305224
10,202,<UNK>,352.7027027027027,5.865625500106615,<UNK>,and,3.7524409356036807
10,203,with,349.4583333333333,5.856384336636466,<UNK>,<UNK>,4.619073091157083
10,204,tourettes,348.64383561643837,5.854050872789183,with,<UNK>,5.7477993600729755
10,205,<UNK>,376.32876712328766,5.930463141988866,tourettes,with,5.293304824724492
10,206,and,339.44594594594594,5.827314717668372,<UNK>,tourettes,5.703782474656201
10,207,even,351.3783783783784,5.861863643917944,and,<UNK>,4.987707789452551
10,208,<UNK>,352.90410958904107,5.866196375807642,even,and,5.294978465282522
10,209,<UNK>,330.13698630136986,5.799507678330356,<UNK>,even,5.698769932832657
10,210,symptoms,333.2972972972973,5.8090348763618165,<UNK>,<UNK>,6.2285110035911835
10,211,may,346.3150684931507,5.847348963292072,symptoms,<UNK>,5.698769932832657
10,212,be,335.2432432432432,5.814856367576115,may,symptoms,5.695414224985685
10,213,<UNK>,324.94520547945206,5.7836565695906454,be,may,5.698769932832657
10,214,<UNK>,431.35135135135135,6.066922958359576,<UNK>,be,5.0369526024136295
10,215,part,438.94444444444446,6.084372854826569,<UNK>,<UNK>,6.2285110035911835
10,216,of,360.1232876712329,5.886446438575569,part,<UNK>,5.695414224985685
10,217,a,335.1111111111111,5.814462151791627,of,part,5.697093486505405
10,218,<UNK>,397.85135135135135,5.986078446453068,a,of,4.608497976080766
10,219,<UNK>,393.31081081081084,5.974600166501666,<UNK>,a,2.8249715391611123
10,220,or,339.36486486486484,5.8270758261239965,<UNK>,<UNK>,4.724433606814909
10,221,the,350.5416666666667,5.859479577202868,or,<UNK>,5.730099782973574
10,222,result,327.63513513513516,5.7919005963352825,the,or,5.695414224985685
10,223,of,312.2837837837838,5.743912337816906,result,the,5.697093486505405
10,224,another,313.1095890410959,5.746553253992728,of,result,5.697093486505405
10,225,condition,382.52054794520546,5.946782371941901,another,of,5.695414224985685
10,226,for,372.7945205479452,5.921027384602413,condition,another,5.695414224985685
10,227,example,347.63013698630135,5.851139089823733,for,condition,5.695414224985685
10,228,parents,331.7916666666667,5.8045072619094995,example,for,5.698769932832657
10,229,may,319.2191780821918,5.7658779454819475,parents,example,5.695414224985685
10,230,think,350.86301369863014,5.860395872926129,may,parents,5.695414224985685
10,231,that,314.93055555555554,5.752352155967282,think,may,5.695414224985685
10,232,eye,318.77777777777777,5.764494238645145,that,think,5.695414224985685
10,233,<UNK>,333.0,5.808142489980444,eye,that,5.695414224985685
10,234,is,358.0416666666667,5.880649366965278,<UNK>,eye,5.697093486505405
10,235,related,336.7323943661972,5.81928853290283,is,<UNK>,5.70877001616724
10,236,to,313.1388888888889,5.746646826588421,related,is,5.29162837839724
10,237,<UNK>,334.8888888888889,5.813798801850221,to,related,5.293304824724492
10,238,problems,319.0138888888889,5.765234640673699,<UNK>,to,5.820082930352362
10,239,or,333.45205479452056,5.809499091286111,problems,<UNK>,5.700443573390687
10,240,that,323.0138888888889,5.777695321954201,or,problems,5.695414224985685
10,241,sniffing,319.986301369863,5.768278186658296,that,or,5.695414224985685
10,242,is,374.59722222222223,5.925851374665416,sniffing,that,5.695414224985685
10,243,related,343.27777777777777,5.838539967164815,is,sniffing,5.695414224985685
10,244,to,323.55555555555554,5.779370831980357,related,is,5.29162837839724
10,245,<UNK>,384.75,5.952593772718989,to,related,5.293304824724492
10,246,<UNK>,345.4492753623188,5.8448458172696105,<UNK>,to,4.115334838113936
10,247,there,403.01408450704224,5.998971510484964,<UNK>,<UNK>,6.2285110035911835
10,248,are,336.61971830985914,5.8189538608782865,there,<UNK>,5.700443573390687
10,249,many,321.8888888888889,5.774206420433131,are,there,5.698769932832657
10,250,patients,354.7323943661972,5.871363686524476,many,are,5.697093486505405
10,251,who,346.4788732394366,5.847821844879139,patients,many,5.695414224985685
10,252,are,319.07042253521126,5.765411838719343,who,patients,5.695414224985685
10,253,<UNK>,378.55555555555554,5.9363628403247475,are,who,5.29162837839724
10,254,after,378.7323943661972,5.936829872221595,<UNK>,are,5.705447753975262
10,255,they,349.27777777777777,5.855867530486896,after,<UNK>,5.698769932832657
10,256,their,374.1666666666667,5.9247013309483,they,after,5.695414224985685
10,257,parents,380.8169014084507,5.942318685883035,their,they,5.695414224985685
10,258,other,365.958904109589,5.902521043243481,parents,their,5.697093486505405
10,259,<UNK>,355.24657534246575,5.872812126796939,other,parents,5.695414224985685
10,260,or,349.9189189189189,5.857701467414423,<UNK>,other,5.298317366548036
10,261,<UNK>,322.31081081081084,5.775516330954507,or,<UNK>,3.532875205637355
10,262,<UNK>,324.47945205479454,5.782222212274191,<UNK>,or,4.035044819940809
10,263,or,316.09589041095893,5.756045618222662,<UNK>,<UNK>,4.724433606814909
10,264,hear,315.43835616438355,5.753963278309228,or,<UNK>,5.730099782973574
10,265,about,302.6621621621622,5.712617207098301,hear,or,5.695414224985685
10,266,tourettes,335.6575342465753,5.816091396867755,about,hear,5.695414224985685
10,267,from,331.93150684931504,5.804928642962015,tourettes,about,5.695414224985685
10,268,others,344.47222222222223,5.842013455046662,from,tourettes,5.695414224985685
10,269,tics,361.8918918918919,5.891345526040993,others,from,5.695414224985685
10,270,are,343.3835616438356,5.838848077905355,tics,others,5.29162837839724
10,271,classified,344.6756756756757,5.842603904382675,are,tics,5.700443573390687
10,272,as,347.6111111111111,5.851084358102199,classified,are,5.695414224985685
10,273,<UNK>,324.0,5.780743515792329,as,classified,5.695414224985685
10,274,simple,308.0,5.730099782973574,<UNK>,as,5.723585101952381
10,275,or,357.94520547945206,5.880379917366267,simple,<UNK>,5.698769932832657
10,276,complex,327.041095890411,5.7900858385065925,or,simple,5.695414224985685
10,277,simple,365.958904109589,5.902521043243481,complex,or,5.695414224985685
10,278,motor,356.24657534246575,5.875623118462874,simple,complex,5.695414224985685
10,279,tics,370.16438356164383,5.913947186871513,motor,simple,5.695414224985685
10,280,are,330.3835616438356,5.800254287515147,tics,motor,5.700443573390687
10,281,<UNK>,331.7361111111111,5.804339806808007,are,tics,5.294978465282522
10,282,<UNK>,400.1506849315069,5.991841188498475,<UNK>,are,5.012300573415317
10,283,repetitive,347.55555555555554,5.850924524328982,<UNK>,<UNK>,6.2285110035911835
10,284,movements,384.83561643835617,5.952816272820032,repetitive,<UNK>,5.695414224985685
10,285,that,352.43835616438355,5.864875730830302,movements,repetitive,5.695414224985685
10,286,<UNK>,326.875,5.7895778348191875,that,movements,5.697093486505405
10,287,a,333.68918918918916,5.810209988436584,<UNK>,that,5.728475087246572
10,288,<UNK>,340.09589041095893,5.829227608467515,a,<UNK>,3.4420193761824103
10,289,number,338.63013698630135,5.824908470423236,<UNK>,a,5.893024474294729
10,290,of,316.6164383561644,5.757691067628298,number,<UNK>,5.695414224985685
10,291,<UNK>,328.17808219178085,5.793556394560598,of,number,5.695414224985685
10,292,groups,355.5753424657534,5.873737160588088,<UNK>,of,5.7698822763607245
10,293,some,347.1917808219178,5.8498773097580585,groups,<UNK>,5.697093486505405
10,294,of,317.59722222222223,5.76078398318304,some,groups,5.695414224985685
10,295,the,313.93055555555554,5.749171800797533,of,some,5.0056227522727115
10,296,more,326.2676056338028,5.787717920809433,the,of,5.407171771460119
10,297,<UNK>,312.40277777777777,5.744293309660243,more,the,5.29162837839724
10,298,simple,313.31944444444446,5.747223259372368,<UNK>,more,5.705447753975262
10,299,tics,342.8082191780822,5.8371711630350305,simple,<UNK>,5.698769932832657
10,300,include,308.18055555555554,5.730685830550361,tics,simple,5.695414224985685
10,301,eye,358.875,5.882974138441228,include,tics,5.698769932832657
10,302,<UNK>,367.7042253521127,5.907278879544201,eye,include,5.695414224985685
10,303,<UNK>,352.6575342465753,5.865497428083773,<UNK>,eye,5.697093486505405
10,304,<UNK>,397.8888888888889,5.986172792662213,<UNK>,<UNK>,2.4908413853078146
10,305,shoulder,472.94444444444446,6.158977927987892,<UNK>,<UNK>,6.2285110035911835
10,306,<UNK>,465.68055555555554,6.143499895961298,shoulder,<UNK>,5.695414224985685
10,307,and,406.55555555555554,6.007720587682988,<UNK>,shoulder,5.698769932832657
10,308,head,353.90277777777777,5.86902223636774,and,<UNK>,5.903998521326706
10,309,or,363.68055555555554,5.8962758876975325,head,and,5.695414224985685
10,310,shoulder,364.22222222222223,5.897764181967555,or,head,5.695414224985685
10,311,<UNK>,374.2112676056338,5.924820524572209,shoulder,or,5.695414224985685
10,312,simple,372.5,5.920237037819614,<UNK>,shoulder,5.698769932832657
10,313,<UNK>,476.05555555555554,6.165534560772954,simple,<UNK>,5.698769932832657
10,314,which,382.34722222222223,5.946329154450694,<UNK>,simple,5.695414224985685
10,315,motor,373.28169014084506,5.922333336072677,which,<UNK>,5.713732805509369
10,316,tics,389.3888888888889,5.96457855860416,motor,which,5.695414224985685
10,317,<UNK>,366.72222222222223,5.904604673792607,tics,motor,5.700443573390687
10,318,<UNK>,376.40277777777777,5.9306597875399385,<UNK>,tics,5.695414224985685
10,319,might,510.0833333333333,6.234574111063069,<UNK>,<UNK>,6.2285110035911835
10,320,include,416.4246575342466,6.031705550968036,might,<UNK>,5.695414224985685
10,321,repetitive,402.83561643835617,5.9985285790763045,include,might,5.697093486505405
10,322,<UNK>,484.8169014084507,6.183771296788611,repetitive,include,5.695414224985685
10,323,sniffing,523.8356164383562,6.261177926016947,<UNK>,repetitive,5.697093486505405
10,324,or,402.27777777777777,5.997142839492656,sniffing,<UNK>,5.695414224985685
10,325,<UNK>,375.83561643835617,5.929151857470821,or,sniffing,5.29162837839724
10,326,<UNK>,400.6849315068493,5.993175411511611,<UNK>,or,4.035044819940809
10,327,complex,431.63013698630135,6.067569057142494,<UNK>,<UNK>,6.2285110035911835
10,328,tics,395.4246575342466,5.979960269779117,complex,<UNK>,5.698769932832657
10,329,are,375.22222222222223,5.927518443049348,tics,complex,5.695414224985685
10,330,<UNK>,366.40277777777777,5.903733214042465,are,tics,5.294978465282522
10,331,<UNK>,404.76056338028167,6.003295690747836,<UNK>,are,5.012300573415317
10,332,<UNK>,394.7323943661972,5.9782080526888475,<UNK>,<UNK>,2.4908413853078146
10,333,of,353.8169014084507,5.868779551665663,<UNK>,<UNK>,3.9259259105971376
10,334,<UNK>,343.25,5.83845904464808,of,<UNK>,2.923444506170187
10,335,that,351.2328767123288,5.861449469886216,<UNK>,of,4.853591544486569
10,336,<UNK>,321.2054794520548,5.772081041242338,that,<UNK>,3.905850146321065
10,337,several,327.22222222222223,5.790639518749468,<UNK>,that,5.728475087246572
10,338,<UNK>,350.5,5.859360706474645,several,<UNK>,5.697093486505405
10,339,groups,347.35616438356163,5.850350663875216,<UNK>,several,5.697093486505405
10,340,complex,345.5068493150685,5.845012467367429,groups,<UNK>,5.697093486505405
10,341,motor,344.05555555555554,5.840803143041896,complex,groups,5.695414224985685
10,342,tics,329.52054794520546,5.7976387129851625,motor,complex,5.29162837839724
10,343,might,345.5,5.844992643207725,tics,motor,5.700443573390687
10,344,include,327.5774647887324,5.791724560811673,might,tics,5.695414224985685
10,345,<UNK>,320.67605633802816,5.770431443288318,include,might,5.697093486505405
10,346,<UNK>,352.6478873239437,5.865470072778292,<UNK>,include,5.0089672369955585
10,347,<UNK>,394.81944444444446,5.978428557725556,<UNK>,<UNK>,2.4908413853078146
10,348,with,337.013698630137,5.820123578280339,<UNK>,<UNK>,4.619073091157083
10,349,a,315.63013698630135,5.754571075497341,with,<UNK>,4.6491870714048655
10,350,head,326.8493150684931,5.789499254503516,a,with,5.70877001616724
10,351,<UNK>,340.98591549295776,5.831841172890789,head,a,5.697093486505405
10,352,and,351.3521126760563,5.861788890644339,<UNK>,head,5.695414224985685
10,353,a,364.9577464788732,5.89978158380985,and,<UNK>,5.2108513407667605
10,354,shoulder,335.88732394366195,5.8167757583165915,a,and,5.70877001616724
10,355,<UNK>,349.69444444444446,5.857059757310149,shoulder,a,5.695414224985685
10,356,other,361.92957746478874,5.891449655510832,<UNK>,shoulder,5.698769932832657
10,357,complex,344.8611111111111,5.843141759486157,other,<UNK>,5.695414224985685
10,358,motor,338.80555555555554,5.825426360387128,complex,other,5.695414224985685
10,359,tics,316.30555555555554,5.756708694354495,motor,complex,5.29162837839724
10,360,may,317.7887323943662,5.761386798453198,tics,motor,5.700443573390687
10,361,actually,323.43055555555554,5.77898442491718,may,tics,5.695414224985685
10,362,appear,323.40277777777777,5.778898536400423,actually,may,5.695414224985685
10,363,<UNK>,320.4861111111111,5.7698389403549974,appear,actually,5.695414224985685
10,364,including,401.28169014084506,5.9946636498697465,<UNK>,appear,5.697093486505405
10,365,sniffing,371.625,5.917885281318262,including,<UNK>,5.698769932832657
10,366,or,368.84722222222223,5.91038252638755,sniffing,including,5.695414224985685
10,367,<UNK>,352.8888888888889,5.866153245030807,or,sniffing,5.29162837839724
10,368,<UNK>,389.01408450704224,5.963615549921967,<UNK>,or,4.035044819940809
10,369,<UNK>,405.0422535211268,6.0039913913463705,<UNK>,<UNK>,2.4908413853078146
10,370,<UNK>,438.80281690140845,6.084050147937007,<UNK>,<UNK>,2.4908413853078146
10,371,<UNK>,437.5211267605634,6.081124994370188,<UNK>,<UNK>,2.4908413853078146
10,372,or,400.3521126760563,5.992344441577421,<UNK>,<UNK>,4.724433606814909
10,373,<UNK>,383.40277777777777,5.949086075702089,or,<UNK>,3.532875205637355
10,374,complex,397.68055555555554,5.985649058776881,<UNK>,or,5.739792912179234
10,375,vocal,412.92957746478874,6.023277063808661,complex,<UNK>,5.698769932832657
10,376,tics,338.6619718309859,5.825002476670448,vocal,complex,5.695414224985685
10,377,include,354.77777777777777,5.871491615378563,tics,vocal,5.700443573390687
10,378,words,349.15492957746477,5.855515747987921,include,tics,5.698769932832657
10,379,or,341.2112676056338,5.832501838535432,words,include,5.695414224985685
10,380,<UNK>,341.16901408450707,5.8323779969699165,or,words,5.0056227522727115
10,381,<UNK>,352.7083333333333,5.86564146421929,<UNK>,or,4.035044819940809
10,382,the,344.2083333333333,5.84124709421456,<UNK>,<UNK>,3.455922281351402
10,383,most,313.93055555555554,5.749171800797533,the,<UNK>,5.208119098629888
10,384,<UNK>,354.06944444444446,5.869493064641827,most,the,4.456007047671872
10,385,and,330.2083333333333,5.799723768397536,<UNK>,most,5.012300573415317
10,386,<UNK>,323.69444444444446,5.779799998117153,and,<UNK>,2.645901983305224
10,387,tics,329.97222222222223,5.799008475833429,<UNK>,and,5.831882477283517
10,388,include,324.6666666666667,5.782799014974425,tics,<UNK>,5.705447753975262
10,389,motor,326.55555555555554,5.788600089082698,include,tics,5.698769932832657
10,390,movements,348.0138888888889,5.852242389578323,motor,include,5.695414224985685
10,391,that,355.5774647887324,5.8737431292714914,movements,motor,5.695414224985685
10,392,result,329.01408450704224,5.7961005599008475,that,movements,5.697093486505405
10,393,in,322.80281690140845,5.777041662818092,result,that,5.695414224985685
10,394,<UNK>,342.90140845070425,5.837442966928227,in,result,5.695414224985685
10,395,such,346.3380281690141,5.8474152581689225,<UNK>,in,5.332718793265369
10,396,as,346.92957746478874,5.849121812563021,such,<UNK>,5.0056227522727115
10,397,<UNK>,336.1267605633803,5.817488352398682,as,such,5.296649309447339
10,398,<UNK>,344.3380281690141,5.841623814924931,<UNK>,as,4.624972813284271
10,399,in,367.4225352112676,5.906512507893096,<UNK>,<UNK>,4.28260085453587
10,400,the,320.8611111111111,5.7710083538325705,in,<UNK>,3.338396480423125
10,401,face,326.59722222222223,5.788727675363093,the,in,5.10138965736472
10,402,or,328.80555555555554,5.795466559497783,face,the,5.698769932832657
10,403,vocal,321.5492957746479,5.773150862482526,or,face,5.695414224985685
10,404,tics,359.6901408450704,5.885242940943311,vocal,or,5.695414224985685
10,405,including,334.2957746478873,5.812026153944103,tics,vocal,5.700443573390687
10,406,<UNK>,485.4142857142857,6.185002723667593,including,tics,5.695414224985685
10,407,which,504.9577464788732,6.224474755435937,<UNK>,including,5.695414224985685
10,408,<UNK>,439.68055555555554,6.0860484531383365,which,<UNK>,4.797442073635215
10,409,<UNK>,375.30555555555554,5.927740509003849,<UNK>,which,4.794136285500715
10,410,<UNK>,385.06944444444446,5.953423693202512,<UNK>,<UNK>,2.4908413853078146
10,411,words,392.47222222222223,5.972465763309698,<UNK>,<UNK>,6.2285110035911835
10,412,or,388.80555555555554,5.963079361464536,words,<UNK>,5.695414224985685
10,413,<UNK>,600.0555555555555,6.39702224352231,or,words,5.0056227522727115
10,414,which,430.47222222222223,6.064882797331225,<UNK>,or,5.739792912179234
10,415,<UNK>,358.2083333333333,5.881114753826498,which,<UNK>,4.797442073635215
10,416,<UNK>,402.3888888888889,5.997419006299161,<UNK>,which,4.794136285500715
10,417,the,355.09722222222223,5.872391617395839,<UNK>,<UNK>,3.455922281351402
10,418,words,346.2638888888889,5.8472011690115515,the,<UNK>,5.901266279189834
10,419,or,358.95714285714286,5.883203002133997,words,the,5.697093486505405
10,420,<UNK>,368.5211267605634,5.9094980417649925,or,words,5.0056227522727115
10,421,of,366.50704225352115,5.904017736022106,<UNK>,or,5.739792912179234
10,422,others,352.6901408450704,5.865589883477531,of,<UNK>,5.867883485336628
10,423,tics,406.1142857142857,6.006634611897427,others,of,5.698769932832657
10,424,are,412.6901408450704,6.022697047074272,tics,others,5.29162837839724
10,425,often,341.0,5.831882477283517,are,tics,5.700443573390687
10,426,worse,336.55555555555554,5.818763233691018,often,are,5.695414224985685
10,427,with,342.59722222222223,5.836555477924349,worse,often,5.695414224985685
10,428,<UNK>,347.8888888888889,5.851883143990186,with,worse,5.695414224985685
10,429,or,361.30555555555554,5.889724014607631,<UNK>,with,5.314846668499247
10,430,<UNK>,368.83098591549293,5.910338506362144,or,<UNK>,3.532875205637355
10,431,and,340.02777777777777,5.829027313619402,<UNK>,or,5.739792912179234
10,432,better,333.47222222222223,5.8095595701992435,and,<UNK>,5.498533413218542
10,433,during,321.55555555555554,5.77317032985521,better,and,5.697093486505405
10,434,<UNK>,316.6388888888889,5.757761972780669,during,better,5.695414224985685
10,435,<UNK>,326.75,5.789195352504331,<UNK>,during,5.695414224985685
10,436,<UNK>,373.5833333333333,5.923141094367439,<UNK>,<UNK>,2.4908413853078146
10,437,certain,399.93055555555554,5.991290920924717,<UNK>,<UNK>,6.2285110035911835
10,438,<UNK>,359.77777777777777,5.885486556901361,certain,<UNK>,5.695414224985685
10,439,<UNK>,385.09859154929575,5.953499383450622,<UNK>,certain,5.697093486505405
10,440,can,366.125,5.902974805147897,<UNK>,<UNK>,6.2285110035911835
10,441,trigger,323.625,5.7795854380717016,can,<UNK>,5.697093486505405
10,442,or,344.05555555555554,5.840803143041896,trigger,can,5.695414224985685
10,443,<UNK>,345.1388888888889,5.843946912508719,or,trigger,5.695414224985685
10,444,tics,343.4507042253521,5.839043591102838,<UNK>,or,5.334327804071069
10,445,for,320.84507042253523,5.770958359959858,tics,<UNK>,5.705447753975262
10,446,example,339.28169014084506,5.826830706705581,for,tics,5.697093486505405
10,447,<UNK>,387.85915492957747,5.960642270963002,example,for,5.698769932832657
10,448,<UNK>,377.61971830985914,5.9338876530081865,<UNK>,example,5.695414224985685
10,449,may,394.3521126760563,5.977244197192541,<UNK>,<UNK>,5.535363823031238
10,450,trigger,351.19718309859155,5.861347840938907,may,<UNK>,5.296649309447339
10,451,<UNK>,349.19718309859155,5.8556367572049375,trigger,may,5.697093486505405
10,452,tics,346.19444444444446,5.847000595370267,<UNK>,trigger,5.695414224985685
10,453,or,340.0416666666667,5.829068159121297,tics,<UNK>,5.705447753975262
10,454,<UNK>,342.9718309859155,5.83764831838797,or,tics,5.29162837839724
10,455,another,327.0138888888889,5.7900026436616,<UNK>,or,5.739792912179234
10,456,person,357.80555555555554,5.879989697939978,another,<UNK>,5.695414224985685
10,457,<UNK>,322.34722222222223,5.7756292944470395,person,another,5.695414224985685
10,458,or,332.30555555555554,5.806054893714794,<UNK>,person,5.695414224985685
10,459,<UNK>,345.5416666666667,5.845113234103258,or,<UNK>,3.532875205637355
10,460,may,339.6901408450704,5.828033851622222,<UNK>,or,5.739792912179234
10,461,trigger,336.40277777777777,5.818309185430271,may,<UNK>,5.296649309447339
10,462,the,321.375,5.772608665586054,trigger,may,5.697093486505405
10,463,<UNK>,308.80555555555554,5.732711808777505,the,trigger,5.695414224985685
10,464,of,302.2916666666667,5.711392334970343,<UNK>,the,3.0826339954089095
10,465,<UNK>,311.1666666666667,5.740328674313668,of,<UNK>,2.923444506170187
10,466,<UNK>,326.6666666666667,5.788940282996508,<UNK>,of,3.8239721273054115
10,467,tics,349.7857142857143,5.857320722087059,<UNK>,<UNK>,5.823045895483019
10,468,come,366.6478873239437,5.904401952417504,tics,<UNK>,5.705447753975262
10,469,and,330.14084507042253,5.799519366649633,come,tics,5.695414224985685
10,470,go,333.5633802816901,5.809832893121418,and,come,5.695414224985685
10,471,over,320.8169014084507,5.770870559792981,go,and,5.695414224985685
10,472,time,319.40277777777777,5.766452932605267,over,go,5.695414224985685
10,473,<UNK>,314.09722222222223,5.749702562895888,time,over,5.695414224985685
10,474,in,326.6111111111111,5.78877020050609,<UNK>,time,5.698769932832657
10,475,<UNK>,309.5,5.734958092124651,in,<UNK>,3.9889840465642745
10,476,<UNK>,321.7916666666667,5.773904338221318,<UNK>,in,4.485420932878165
10,477,<UNK>,334.9583333333333,5.814006145980015,<UNK>,<UNK>,2.4908413853078146
10,478,and,324.7857142857143,5.783165624209752,<UNK>,<UNK>,3.487670979665982
10,479,severity,348.5492957746479,5.853779671487526,and,<UNK>,5.903998521326706
10,480,the,340.14084507042253,5.829359782039403,severity,and,5.695414224985685
10,481,first,321.0571428571429,5.771619122418489,the,severity,5.695414224985685
10,482,symptoms,328.84057971014494,5.795573073176628,first,the,5.717027701406222
10,483,tourettes,362.75714285714287,5.893733582424034,symptoms,first,5.695414224985685
10,484,patients,381.5774647887324,5.9443138832934785,tourettes,symptoms,5.695414224985685
10,485,<UNK>,423.5633802816901,6.048703161174686,patients,tourettes,5.695414224985685
10,486,<UNK>,356.9154929577465,5.877499039354291,<UNK>,patients,5.695414224985685
10,487,<UNK>,348.14084507042253,5.852607125108365,<UNK>,<UNK>,2.4908413853078146
10,488,in,316.63380281690144,5.757745909962694,<UNK>,<UNK>,4.28260085453587
10,489,the,311.9166666666667,5.742736058116429,in,<UNK>,3.338396480423125
10,490,head,310.4428571428571,5.737999849470377,the,in,5.794536837924666
10,491,and,322.0857142857143,5.774817703555118,head,the,5.700443573390687
10,492,<UNK>,330.27142857142854,5.799914827206378,and,head,5.294978465282522
10,493,<UNK>,359.2,5.883879336428045,<UNK>,and,3.7524409356036807
10,494,though,341.35714285714283,5.832929268962899,<UNK>,<UNK>,6.2285110035911835
10,495,they,336.1830985915493,5.817655947823718,though,<UNK>,5.698769932832657
10,496,may,315.9718309859155,5.755653067163854,they,though,5.697093486505405
10,497,<UNK>,320.71830985915494,5.770563198487349,may,they,5.695414224985685
10,498,to,324.93055555555554,5.783611484284261,<UNK>,may,5.697093486505405
10,499,include,328.56944444444446,5.794748214196352,to,<UNK>,5.820082930352362
10,500,<UNK>,326.2638888888889,5.78770652903771,include,to,5.695414224985685
10,501,of,340.7887323943662,5.83126273218549,<UNK>,include,5.702114417555504
10,502,the,302.375,5.7116679689301915,of,<UNK>,3.1937348359100985
10,503,<UNK>,298.5833333333333,5.699049067516953,the,of,3.2476875221067463
10,504,and,355.59722222222223,5.87379869208568,<UNK>,the,4.081162825520036
10,505,<UNK>,347.7916666666667,5.851603641502791,and,<UNK>,2.645901983305224
10,506,the,391.6478873239437,5.970363189502627,<UNK>,and,4.445588116163626
10,507,symptoms,356.4507042253521,5.8761959532254595,the,<UNK>,5.901266279189834
10,508,of,349.14084507042253,5.855475408327979,symptoms,the,5.695414224985685
10,509,tourettes,318.2957746478873,5.762981059452489,of,symptoms,5.29162837839724
10,510,are,315.34722222222223,5.7536743245159965,tourettes,of,5.2999826458670976
10,511,<UNK>,340.15277777777777,5.829394863089573,are,tourettes,5.697093486505405
10,512,but,332.40277777777777,5.806347419678559,<UNK>,are,5.705447753975262
10,513,there,334.27777777777777,5.811972317324187,but,<UNK>,5.730099782973574
10,514,are,317.3333333333333,5.759952746123256,there,but,5.698769932832657
10,515,some,328.80555555555554,5.795466559497783,are,there,5.698769932832657
10,516,people,316.90277777777777,5.758595032129515,some,are,5.695414224985685
10,517,who,307.5492957746479,5.728635385860333,people,some,5.695414224985685
10,518,can,298.2957746478873,5.6980855266462855,who,people,5.698769932832657
10,519,<UNK>,305.49295774647885,5.721926726779604,can,who,5.695414224985685
10,520,<UNK>,336.8611111111111,5.819670712200682,<UNK>,can,5.700443573390687
10,521,<UNK>,357.34722222222223,5.8787079203664945,<UNK>,<UNK>,2.4908413853078146
10,522,or,363.9166666666667,5.896924903697561,<UNK>,<UNK>,4.724433606814909
10,523,<UNK>,362.40277777777777,5.892756239089167,or,<UNK>,3.532875205637355
10,524,<UNK>,348.3333333333333,5.853159875730801,<UNK>,or,4.035044819940809
10,525,their,321.84722222222223,5.774076967801825,<UNK>,<UNK>,5.823045895483019
10,526,tics,307.1666666666667,5.727390488441769,their,<UNK>,5.2999826458670976
10,527,in,321.98591549295776,5.774507803882655,tics,their,5.697093486505405
10,528,an,314.875,5.752175734672774,in,tics,5.697093486505405
10,529,<UNK>,327.80555555555554,5.792420614169639,an,in,4.785823685681349
10,530,to,300.625,5.705863640860025,<UNK>,an,5.314846668499247
10,531,<UNK>,291.55555555555554,5.67523057272776,to,<UNK>,3.145934280925833
10,532,their,301.8732394366197,5.710007192295817,<UNK>,to,5.414617822244197
10,533,<UNK>,315.84722222222223,5.755258622695374,their,<UNK>,5.012300573415317
10,534,on,304.25,5.717849731867637,<UNK>,their,5.70877001616724
10,535,<UNK>,329.25714285714287,5.796839034715005,on,<UNK>,5.0466457316192885
10,536,however,417.55555555555554,6.034417602637191,<UNK>,on,5.700443573390687
10,537,people,351.46478873239437,5.862109531929652,however,<UNK>,5.700443573390687
10,538,affected,331.84507042253523,5.804668204645184,people,however,5.695414224985685
10,539,by,328.0281690140845,5.793099485837071,affected,people,5.695414224985685
10,540,tourettes,326.0571428571429,5.787072650843977,by,affected,5.697093486505405
10,541,often,338.83098591549293,5.825501416433823,tourettes,by,5.695414224985685
10,542,<UNK>,321.8732394366197,5.774157801691569,often,tourettes,5.695414224985685
10,543,a,314.92957746478874,5.75234905022772,<UNK>,often,5.700443573390687
10,544,<UNK>,326.95714285714286,5.78982910070898,a,<UNK>,3.4420193761824103
10,545,<UNK>,320.65714285714284,5.770372461526842,<UNK>,a,2.8249715391611123
10,546,in,319.4714285714286,5.766667844377358,<UNK>,<UNK>,4.28260085453587
10,547,<UNK>,360.9714285714286,5.888798809969232,in,<UNK>,3.9889840465642745
10,548,when,324.72857142857146,5.782989668550124,<UNK>,in,5.738183901373533
10,549,<UNK>,332.7857142857143,5.807498782201538,when,<UNK>,5.705447753975262
10,550,their,341.07246376811594,5.832094958426615,<UNK>,when,5.697093486505405
10,551,tics,328.65714285714284,5.795015088406597,their,<UNK>,5.2999826458670976
10,552,to,303.3521126760563,5.714894218847511,tics,their,5.697093486505405
10,553,the,314.943661971831,5.7523937719468305,to,tics,5.695414224985685
10,554,point,303.6714285714286,5.7159462898237665,the,to,5.749392985908253
10,555,where,299.95714285714286,5.703639607308291,point,the,5.695414224985685
10,556,they,306.5571428571429,5.725404174727134,where,point,5.695414224985685
10,557,often,316.8985507246377,5.75858169339717,they,where,5.698769932832657
10,558,feel,317.51428571428573,5.760522811696233,often,they,5.695414224985685
10,559,that,306.5211267605634,5.725286682072752,feel,often,5.695414224985685
10,560,the,298.19718309859155,5.697754955936563,that,feel,5.695414224985685
10,561,<UNK>,289.07042253521126,5.66667033502054,the,that,3.874401013638562
10,562,must,305.5492957746479,5.722111126558848,<UNK>,the,6.02707297457535
10,563,be,302.6714285714286,5.712647822974931,must,<UNK>,5.695414224985685
10,564,<UNK>,323.45714285714286,5.779066625588696,be,must,5.296649309447339
10,565,tics,379.8550724637681,5.939789791720193,<UNK>,be,5.730099782973574
10,566,in,376.37142857142857,5.930576497740414,tics,<UNK>,5.705447753975262
10,567,<UNK>,327.0,5.7899601708972535,in,tics,5.697093486505405
10,568,to,304.6857142857143,5.719280800369131,<UNK>,in,5.738183901373533
10,569,an,318.2142857142857,5.7627250102896515,to,<UNK>,5.820082930352362
10,570,<UNK>,336.77464788732397,5.819414006041287,an,to,5.695414224985685
10,571,trigger,335.9428571428571,5.816941077472786,<UNK>,an,5.720311776607412
10,572,can,323.2957746478873,5.778567615199298,trigger,<UNK>,5.695414224985685
10,573,appear,320.2112676056338,5.768980989217796,can,trigger,5.695414224985685
10,574,to,363.83098591549293,5.896689435396795,appear,can,5.695414224985685
10,575,be,297.3285714285714,5.694837828408892,to,appear,5.695414224985685
10,576,<UNK>,312.85714285714283,5.745746673755233,be,to,4.620058798481842
10,577,or,325.22857142857146,5.784528231835803,<UNK>,be,5.32463467486541
10,578,<UNK>,363.42857142857144,5.8955827754047,or,<UNK>,3.532875205637355
10,579,but,336.6521739130435,5.819050272457574,<UNK>,or,5.739792912179234
10,580,are,331.77142857142854,5.804446263655107,but,<UNK>,5.730099782973574
10,581,not,363.14285714285717,5.894796302694086,are,but,5.695414224985685
10,582,many,328.7042253521127,5.795158335324738,not,are,5.695414224985685
10,583,people,330.6901408450704,5.801181806555942,many,not,5.695414224985685
10,584,with,336.76056338028167,5.819372183411055,people,many,5.695414224985685
10,585,tourettes,320.80281690140845,5.770826656818548,with,people,5.29162837839724
10,586,<UNK>,316.2112676056338,5.7564105585669,tourettes,with,5.293304824724492
10,587,<UNK>,352.7042253521127,5.865629817187577,<UNK>,tourettes,5.0106352940962555
10,588,<UNK>,417.76056338028167,6.0349084535239275,<UNK>,<UNK>,2.4908413853078146
10,589,problems,480.8169014084507,6.175486535282963,<UNK>,<UNK>,5.823045895483019
10,590,that,372.85915492957747,5.921200747609717,problems,<UNK>,5.294978465282522
10,591,include,345.15492957746477,5.8439933874680765,that,problems,5.697093486505405
10,592,<UNK>,379.7464788732394,5.939503869209694,include,that,5.29162837839724
10,593,<UNK>,566.2394366197183,6.339017021647023,<UNK>,include,5.0089672369955585
10,594,and,438.38028169014086,6.083086756725693,<UNK>,<UNK>,3.487670979665982
10,595,<UNK>,380.37142857142857,5.941148218942503,and,<UNK>,2.645901983305224
10,596,people,415.22535211267603,6.028821389989221,<UNK>,and,5.831882477283517
10,597,with,368.07042253521126,5.908274285445686,people,<UNK>,5.697093486505405
10,598,tourettes,342.8732394366197,5.837360814535492,with,people,5.29162837839724
10,599,have,341.38028169014086,5.8329970514871174,tourettes,with,5.698769932832657
10,600,also,345.3098591549296,5.844442156420797,have,tourettes,5.695414224985685
10,601,reported,335.0422535211268,5.8142566537851685,also,have,5.695414224985685
10,602,problems,314.3098591549296,5.750379311924104,reported,also,5.695414224985685
10,603,with,317.9718309859155,5.76196279705128,problems,reported,5.695414224985685
10,604,<UNK>,332.3380281690141,5.806152608081651,with,problems,5.698769932832657
10,605,or,341.943661971831,5.834645992416434,<UNK>,with,5.314846668499247
10,606,<UNK>,338.6619718309859,5.825002476670448,or,<UNK>,3.532875205637355
10,607,<UNK>,390.875,5.968387815778005,<UNK>,or,4.035044819940809
10,608,as,350.9718309859155,5.860705966643993,<UNK>,<UNK>,5.1298987149230735
10,609,well,327.12857142857143,5.790353278417221,as,<UNK>,5.339139361068292
10,610,as,329.8732394366197,5.798708457747085,well,as,5.0072963928307415
10,611,other,338.5774647887324,5.824752913404865,as,well,5.698769932832657
10,612,<UNK>,344.4366197183099,5.841910095932143,other,as,5.695414224985685
10,613,tourettes,357.4507042253521,5.878997462347589,<UNK>,other,5.703782474656201
10,614,<UNK>,389.4788732394366,5.964809623119405,tourettes,<UNK>,5.294978465282522
10,615,may,326.0281690140845,5.786983785652414,<UNK>,tourettes,5.703782474656201
10,616,or,309.2957746478873,5.734298018582152,may,<UNK>,5.702114417555504
10,617,may,322.15492957746477,5.775032577586044,or,may,5.695414224985685
10,618,not,312.7464788732394,5.7453928906848875,may,or,5.695414224985685
10,619,<UNK>,322.27142857142854,5.775394136339065,not,may,5.697093486505405
10,620,<UNK>,327.7887323943662,5.792369292303349,<UNK>,not,5.720311776607412
10,621,tourettes,389.80281690140845,5.965641013577386,<UNK>,<UNK>,5.823045895483019
10,622,is,407.28169014084506,6.009505059410762,tourettes,<UNK>,5.700443573390687
10,623,a,396.9577464788732,5.983829842979758,is,tourettes,5.702114417555504
10,624,diagnosis,342.75714285714287,5.837022158071062,a,is,5.702114417555504
10,625,<UNK>,355.5857142857143,5.873766329283036,diagnosis,a,5.695414224985685
10,626,make,433.8732394366197,6.072752416407356,<UNK>,diagnosis,5.695414224985685
10,627,after,373.2676056338028,5.922295603783266,make,<UNK>,5.695414224985685
10,628,<UNK>,320.056338028169,5.7684970366357025,after,make,5.695414224985685
10,629,that,332.4366197183099,5.806449224537563,<UNK>,after,5.697093486505405
10,630,the,310.92957746478874,5.739566447518077,that,<UNK>,4.391357962102766
10,631,<UNK>,317.4788732394366,5.760411275140645,the,that,3.874401013638562
10,632,has,326.2,5.787510690186913,<UNK>,the,6.02707297457535
10,633,had,300.77464788732397,5.7063613062342515,has,<UNK>,5.698769932832657
10,634,both,317.9154929577465,5.761785602047715,had,has,5.695414224985685
10,635,motor,318.4366197183099,5.763423459035001,both,had,5.695414224985685
10,636,and,323.92957746478874,5.780526138663895,motor,both,5.695414224985685
10,637,vocal,322.7,5.776723099057916,and,motor,5.29162837839724
10,638,tics,324.2857142857143,5.781624961420135,vocal,and,5.29162837839724
10,639,for,321.74285714285713,5.773752646207612,tics,vocal,5.700443573390687
10,640,at,302.0289855072464,5.710522991270044,for,tics,5.697093486505405
10,641,least,315.24285714285713,5.753343316833722,at,for,5.695414224985685
10,642,one,298.98571428571427,5.7003957939406185,least,at,5.293304824724492
10,643,year,332.6521739130435,5.807097421302703,one,least,5.697093486505405
10,644,the,378.7391304347826,5.936847657889742,year,one,5.695414224985685
10,645,<UNK>,342.9130434782609,5.837476897468841,the,year,5.695414224985685
10,646,of,324.95522388059703,5.783687400163124,<UNK>,the,3.0826339954089095
10,647,other,309.92753623188406,5.73633851606375,of,<UNK>,5.867883485336628
10,648,<UNK>,328.75,5.795297583491974,other,of,5.695414224985685
10,649,or,366.5652173913044,5.904176451993526,<UNK>,other,5.298317366548036
10,650,<UNK>,341.42028985507244,5.83311423992147,or,<UNK>,3.532875205637355
10,651,conditions,349.60869565217394,5.856814516618999,<UNK>,or,5.739792912179234
10,652,can,324.75714285714287,5.783077650249988,conditions,<UNK>,5.697093486505405
10,653,also,314.98571428571427,5.752527286323301,can,conditions,5.695414224985685
10,654,help,303.42028985507244,5.715118939612722,also,can,5.695414224985685
10,655,<UNK>,297.9,5.696757859719236,help,also,5.695414224985685
10,656,<UNK>,313.3857142857143,5.747434745876329,<UNK>,help,5.695414224985685
10,657,the,314.1142857142857,5.749756886931192,<UNK>,<UNK>,3.455922281351402
10,658,diagnosis,299.48571428571427,5.702066717872698,the,<UNK>,5.901266279189834
10,659,of,305.536231884058,5.722068370217875,diagnosis,the,5.695414224985685
10,660,tourettes,312.74285714285713,5.74538131021445,of,diagnosis,5.29162837839724
10,661,is,355.51428571428573,5.873565433286218,tourettes,of,5.2999826458670976
10,662,the,333.25714285714287,5.808914392759026,is,tourettes,5.702114417555504
10,663,<UNK>,336.9154929577465,5.819832136169472,the,is,5.697093486505405
10,664,one,357.3285714285714,5.87865572664783,<UNK>,the,6.02707297457535
10,665,<UNK>,446.63380281690144,6.10173902578696,one,<UNK>,5.2999826458670976
10,666,<UNK>,409.5211267605634,6.0149884935632105,<UNK>,one,5.705447753975262
10,667,<UNK>,458.8169014084507,6.128651222868879,<UNK>,<UNK>,2.4908413853078146
10,668,by,387.57142857142856,5.959900163603618,<UNK>,<UNK>,4.975748035095815
10,669,patients,326.76056338028167,5.789227680613086,by,<UNK>,5.741399338227508
10,670,do,334.5652173913044,5.81283183034383,patients,by,5.695414224985685
10,671,not,339.3380281690141,5.826996743815257,do,patients,5.695414224985685
10,672,often,320.7857142857143,5.770773343472479,not,do,5.695414224985685
10,673,<UNK>,321.2142857142857,5.772108457155449,often,not,5.695414224985685
10,674,<UNK>,423.7464788732394,6.049135349216454,<UNK>,often,5.294978465282522
10,675,tics,359.19718309859155,5.883871494244153,<UNK>,<UNK>,5.823045895483019
10,676,however,371.6478873239437,5.917946866570035,tics,<UNK>,5.705447753975262
10,677,<UNK>,385.09859154929575,5.953499383450622,however,tics,5.695414224985685
10,678,symptoms,412.1830985915493,6.021467664684006,<UNK>,however,5.698769932832657
10,679,or,363.01408450704224,5.894441633807021,symptoms,<UNK>,5.698769932832657
10,680,<UNK>,329.7323943661972,5.798281399319003,or,symptoms,5.695414224985685
10,681,<UNK>,376.36619718309856,5.930562598107524,<UNK>,or,4.035044819940809
10,682,such,328.6056338028169,5.7948583503217375,<UNK>,<UNK>,6.2285110035911835
10,683,as,316.95714285714286,5.758766568703224,such,<UNK>,5.0056227522727115
10,684,<UNK>,318.63380281690144,5.764042489829442,as,such,5.296649309447339
10,685,of,322.3521126760563,5.775644465717024,<UNK>,as,5.723585101952381
10,686,symptoms,318.7464788732394,5.764396049739431,of,<UNK>,5.867883485336628
10,687,in,317.59154929577466,5.760766121008196,symptoms,of,5.695414224985685
10,688,adulthood,308.01408450704224,5.730145510847008,in,symptoms,5.695414224985685
10,689,may,344.71830985915494,5.842727590357396,adulthood,in,5.695414224985685
10,690,<UNK>,330.6478873239437,5.80105402463691,may,adulthood,5.695414224985685
10,691,<UNK>,348.0281690140845,5.85228342194134,<UNK>,may,5.697093486505405
10,692,<UNK>,346.1830985915493,5.846967821768609,<UNK>,<UNK>,2.4908413853078146
10,693,for,340.8169014084507,5.831345387060107,<UNK>,<UNK>,4.975748035095815
10,694,diagnosis,355.943661971831,5.874772465440605,for,<UNK>,5.7430031878094825
10,695,there,354.6714285714286,5.8711918075665475,diagnosis,for,5.697093486505405
10,696,are,327.9428571428571,5.792839377178894,there,diagnosis,5.695414224985685
10,697,no,313.8857142857143,5.749028952413152,are,there,5.698769932832657
10,698,<UNK>,339.7857142857143,5.828315166817023,no,are,5.695414224985685
10,699,or,317.07042253521126,5.759123902312854,<UNK>,no,5.71042701737487
10,700,<UNK>,345.01408450704224,5.843585240856149,or,<UNK>,3.532875205637355
10,701,tests,311.9130434782609,5.7427244421630785,<UNK>,or,5.739792912179234
10,702,needed,318.74285714285713,5.764384687257966,tests,<UNK>,5.698769932832657
10,703,for,318.34285714285716,5.763128969091347,needed,tests,5.695414224985685
10,704,diagnosis,330.3142857142857,5.800044582185908,for,needed,5.695414224985685
10,705,however,358.45714285714286,5.881809107167275,diagnosis,for,5.697093486505405
10,706,<UNK>,418.84722222222223,6.037506228662397,however,diagnosis,5.695414224985685
10,707,studies,476.875,6.167254402038721,<UNK>,however,5.698769932832657
10,708,which,420.6388888888889,6.041774719500546,studies,<UNK>,5.697093486505405
10,709,include,378.1830985915493,5.9353784661500155,which,studies,5.695414224985685
10,710,<UNK>,353.1267605633803,5.866827087554487,include,which,5.695414224985685
10,711,<UNK>,366.9142857142857,5.90512826686458,<UNK>,include,5.0089672369955585
10,712,<UNK>,380.75,5.942142991775271,<UNK>,<UNK>,2.4908413853078146
10,713,<UNK>,405.15277777777777,6.00426422505447,<UNK>,<UNK>,2.4908413853078146
10,714,<UNK>,450.34722222222223,6.11001889016859,<UNK>,<UNK>,2.4908413853078146
10,715,and,438.3611111111111,6.083043025292023,<UNK>,<UNK>,3.487670979665982
10,716,<UNK>,569.8823529411765,6.345429941176712,and,<UNK>,2.645901983305224
10,717,as,432.9718309859155,6.070672670426513,<UNK>,and,5.1387352967235715
10,718,well,353.9166666666667,5.8690614805252705,as,<UNK>,5.339139361068292
10,719,as,307.76056338028167,5.729322089025551,well,as,5.0072963928307415
10,720,certain,318.2112676056338,5.762715525728146,as,well,5.698769932832657
10,721,<UNK>,323.5633802816901,5.779395015250856,certain,as,5.697093486505405
10,722,tests,339.4225352112676,5.827245747800607,<UNK>,certain,5.697093486505405
10,723,may,329.3521126760563,5.797127429749766,tests,<UNK>,5.698769932832657
10,724,be,322.01408450704224,5.774595285292912,may,tests,5.695414224985685
10,725,used,316.01408450704224,5.755786783818462,be,may,5.698769932832657
10,726,to,309.80281690140845,5.73593602058639,used,be,5.695414224985685
10,727,<UNK>,309.6478873239437,5.735435804573595,to,used,5.0056227522727115
10,728,out,301.04285714285714,5.707252637147854,<UNK>,to,5.414617822244197
10,729,other,299.60869565217394,5.702477275428058,out,<UNK>,5.726847747587197
10,730,conditions,315.3333333333333,5.753630280383769,other,out,5.695414224985685
10,731,that,330.07246376811594,5.7993122175308995,conditions,other,5.695414224985685
10,732,tourettes,335.0144927536232,5.81417379284041,that,conditions,5.695414224985685
10,733,might,374.2463768115942,5.92491434205473,tourettes,that,5.698769932832657
10,734,be,319.3333333333333,5.766235489302751,might,tourettes,5.695414224985685
10,735,<UNK>,316.92753623188406,5.758673155417631,be,might,5.293304824724492
10,736,with,326.95652173913044,5.789827201014736,<UNK>,be,5.32463467486541
10,737,in,341.25,5.8326153464991695,with,<UNK>,5.7477993600729755
10,738,<UNK>,329.5735294117647,5.797799483559482,in,with,5.695414224985685
10,739,of,302.3235294117647,5.711497733396761,<UNK>,in,5.045036720813588
10,740,the,284.7391304347826,5.651573429288904,of,<UNK>,3.1937348359100985
10,741,role,283.7536231884058,5.648106337660014,the,of,5.8126368795682835
10,742,of,281.95652173913044,5.641752880821395,role,the,5.695414224985685
10,743,genes,302.4492753623188,5.711913578657571,of,role,5.695414224985685
10,744,in,314.2463768115942,5.750177317766958,genes,of,5.695414224985685
10,745,the,328.40579710144925,5.794250029984738,in,genes,5.695414224985685
10,746,disorder,325.44117647058823,5.785181727868989,the,in,5.794536837924666
10,747,<UNK>,355.20588235294116,5.872697571659214,disorder,the,5.697093486505405
10,748,from,336.75,5.819340815290474,<UNK>,disorder,5.697093486505405
10,749,<UNK>,301.8695652173913,5.709995020824124,from,<UNK>,5.0369526024136295
10,750,and,326.1159420289855,5.787252968533758,<UNK>,from,5.707110264748875
10,751,family,332.71014492753625,5.807271675278312,and,<UNK>,5.903998521326706
10,752,studies,320.3623188405797,5.769452601663084,family,and,5.695414224985685
10,753,<UNK>,356.7391304347826,5.877004787595042,studies,family,5.697093486505405
10,754,that,314.59420289855075,5.751283563558503,<UNK>,studies,5.695414224985685
10,755,tourettes,311.64179104477614,5.741854422605609,that,<UNK>,5.777652323222656
10,756,is,320.55882352941177,5.77006579627315,tourettes,that,5.698769932832657
10,757,an,298.54411764705884,5.6989177197242284,is,tourettes,5.702114417555504
10,758,<UNK>,320.38235294117646,5.769515135466284,an,is,5.695414224985685
10,759,disorder,377.74626865671644,5.934222723292591,<UNK>,an,5.720311776607412
10,760,although,404.9850746268657,6.003850213654288,disorder,<UNK>,5.700443573390687
10,761,early,329.97058823529414,5.799003523928803,although,disorder,5.695414224985685
10,762,family,337.94117647058823,5.82287184622664,early,although,5.695414224985685
10,763,studies,357.20588235294116,5.878312316820112,family,early,5.695414224985685
10,764,suggested,318.0735294117647,5.762282580617195,studies,family,5.697093486505405
10,765,an,319.8840579710145,5.767958611299862,suggested,studies,5.695414224985685
10,766,<UNK>,379.4347826086956,5.938682731234161,an,suggested,5.695414224985685
10,767,<UNK>,507.92753623188406,6.230338792190859,<UNK>,an,4.467548808112044
10,768,<UNK>,441.0869565217391,6.0892420363307656,<UNK>,<UNK>,2.4908413853078146
10,769,of,364.8840579710145,5.8995796537267555,<UNK>,<UNK>,3.9259259105971376
10,770,<UNK>,371.3478260869565,5.917139160016998,of,<UNK>,2.923444506170187
10,771,<UNK>,403.77941176470586,6.000868718359742,<UNK>,of,3.8239721273054115
10,772,the,365.1304347826087,5.9002546453149884,<UNK>,<UNK>,3.455922281351402
10,773,condition,374.6666666666667,5.926036741785527,the,<UNK>,5.495801171081669
10,774,more,368.3333333333333,5.908988325283744,condition,the,5.697093486505405
10,775,<UNK>,352.15942028985506,5.864083971621229,more,condition,5.695414224985685
10,776,studies,336.80882352941177,5.819515480152714,<UNK>,more,5.705447753975262
10,777,discovered,331.27941176470586,5.802962163591887,studies,<UNK>,5.697093486505405
10,778,the,353.7536231884058,5.868600691133705,discovered,studies,5.695414224985685
10,779,<UNK>,345.0735294117647,5.843757523052411,the,discovered,5.697093486505405
10,780,of,322.9852941176471,5.777606793138646,<UNK>,the,3.0826339954089095
10,781,<UNK>,346.0,5.846438775057725,of,<UNK>,2.923444506170187
10,782,was,348.42424242424244,5.853420824716756,<UNK>,of,5.7698822763607245
10,783,much,340.04477611940297,5.829077303408084,was,<UNK>,5.728475087246572
10,784,more,358.8059701492537,5.882781769258178,much,was,5.695414224985685
10,785,complex,351.44776119402985,5.862061083403957,more,much,5.695414224985685
10,786,although,362.55223880597015,5.893168570963258,complex,more,5.695414224985685
10,787,there,364.7910447761194,5.899324709587785,although,complex,5.695414224985685
10,788,may,323.25373134328356,5.778437560797359,there,although,5.695414224985685
10,789,be,324.94029850746267,5.78364146855528,may,there,5.695414224985685
10,790,a,322.9852941176471,5.777606793138646,be,may,5.698769932832657
10,791,few,319.5507246376812,5.7669160237754005,a,be,5.697093486505405
10,792,genes,302.38235294117646,5.711692285926557,few,a,5.705447753975262
10,793,that,338.54411764705884,5.82465441664279,genes,few,5.695414224985685
10,794,have,317.4927536231884,5.76045499483824,that,genes,5.695414224985685
10,795,<UNK>,317.7971014492754,5.761413133385362,have,that,5.29162837839724
10,796,effects,331.8695652173913,5.804742015869321,<UNK>,have,5.70877001616724
10,797,its,340.84057971014494,5.8314148597861015,effects,<UNK>,5.698769932832657
10,798,also,360.3333333333333,5.887029528971098,its,effects,5.695414224985685
10,799,<UNK>,301.3768115942029,5.7083613475797526,also,its,5.695414224985685
10,800,that,322.0,5.7745515455444085,<UNK>,also,5.293304824724492
10,801,many,325.60869565217394,5.785696340320217,that,<UNK>,5.372187215114492
10,802,genes,311.5072463768116,5.74142260080384,many,that,5.698769932832657
10,803,with,311.4492753623188,5.7412364850392965,genes,many,5.695414224985685
10,804,<UNK>,312.463768115942,5.744488520425674,with,genes,5.695414224985685
10,805,effects,323.4927536231884,5.7791767137617525,<UNK>,with,5.720311776607412
10,806,and,335.2173913043478,5.814779250628225,effects,<UNK>,5.698769932832657
10,807,<UNK>,327.3529411764706,5.791038919653429,and,effects,5.695414224985685
10,808,<UNK>,351.8695652173913,5.863260553566552,<UNK>,and,3.7524409356036807
10,809,may,335.0882352941176,5.814393886081954,<UNK>,<UNK>,5.535363823031238
10,810,play,318.94202898550725,5.765009358952276,may,<UNK>,5.702114417555504
10,811,a,311.39130434782606,5.741050334629228,play,may,5.695414224985685
10,812,role,292.40579710144925,5.678142553607441,a,play,5.695414224985685
10,813,in,297.8840579710145,5.696704343587759,role,a,5.695414224985685
10,814,the,289.27536231884056,5.667379045268196,in,role,5.697093486505405
10,815,<UNK>,301.3623188405797,5.708313257940656,the,in,3.4431615807611875
10,816,of,309.7536231884058,5.735777217578551,<UNK>,the,3.0826339954089095
10,817,tourettes,351.6617647058824,5.862669817919926,of,<UNK>,5.174736304776682
10,818,genetic,386.75,5.957778489453175,tourettes,of,5.705447753975262
10,819,studies,346.6521739130435,5.848321896573346,genetic,tourettes,5.695414224985685
10,820,also,327.71014492753625,5.7921295131979225,studies,genetic,5.695414224985685
10,821,<UNK>,321.11764705882354,5.771807557725541,also,studies,5.695414224985685
10,822,that,306.1449275362319,5.724058609229564,<UNK>,also,5.293304824724492
10,823,some,309.0285714285714,5.733433736793332,that,<UNK>,5.777652323222656
10,824,forms,304.4852941176471,5.718622790803561,some,that,5.695414224985685
10,825,of,294.6764705882353,5.685878044643101,forms,some,5.695414224985685
10,826,<UNK>,324.5,5.782285536144145,of,forms,5.695414224985685
10,827,<UNK>,351.6376811594203,5.862601330601721,<UNK>,of,3.8239721273054115
10,828,<UNK>,386.7826086956522,5.957862800561214,<UNK>,<UNK>,2.4908413853078146
10,829,disorder,380.3970588235294,5.941215598842001,<UNK>,<UNK>,5.823045895483019
10,830,and,385.2173913043478,5.953807827669977,disorder,<UNK>,5.700443573390687
10,831,<UNK>,327.2173913043478,5.790624755224233,and,disorder,5.695414224985685
10,832,<UNK>,329.82608695652175,5.798565506319695,<UNK>,and,3.7524409356036807
10,833,disorder,341.0144927536232,5.831924977124149,<UNK>,<UNK>,5.823045895483019
10,834,are,339.0289855072464,5.826085606696508,disorder,<UNK>,5.700443573390687
10,835,<UNK>,314.54411764705884,5.751124344989352,are,disorder,5.695414224985685
10,836,related,316.9130434782609,5.758627425453064,<UNK>,are,5.705447753975262
10,837,to,322.0869565217391,5.774821560396866,related,<UNK>,5.695414224985685
10,838,tourettes,313.57971014492756,5.748053586590171,to,related,5.698769932832657
10,839,but,329.9710144927536,5.799004815732374,tourettes,to,5.695414224985685
10,840,there,314.15942028985506,5.749900564997664,but,tourettes,5.695414224985685
10,841,is,291.9855072463768,5.67670416831865,there,but,5.698769932832657
10,842,<UNK>,308.39130434782606,5.731369445272937,is,there,5.695414224985685
10,843,<UNK>,304.1159420289855,5.71740901694945,<UNK>,is,5.017279836814924
10,844,for,294.3333333333333,5.684712911935851,<UNK>,<UNK>,4.975748035095815
10,845,a,295.4492753623188,5.688497165131099,for,<UNK>,4.490240219314114
10,846,genetic,308.7391304347826,5.732496682252944,a,for,5.705447753975262
10,847,<UNK>,303.5507246376812,5.715548728783876,genetic,a,5.29162837839724
10,848,<UNK>,319.3188405797101,5.766190103866929,<UNK>,genetic,5.698769932832657
10,849,tourettes,319.40579710144925,5.766462385589432,<UNK>,<UNK>,5.823045895483019
10,850,and,320.4492753623188,5.769723996634896,tourettes,<UNK>,5.700443573390687
10,851,other,301.40579710144925,5.708457519920661,and,tourettes,5.697093486505405
10,852,<UNK>,320.1304347826087,5.768728521439567,other,and,5.695414224985685
10,853,problems,375.1304347826087,5.927273791579897,<UNK>,other,5.703782474656201
10,854,that,321.4927536231884,5.772975004148974,problems,<UNK>,5.294978465282522
10,855,tourettes,326.5652173913044,5.788629675756862,that,problems,5.697093486505405
10,856,<UNK>,335.3333333333333,5.815125061991575,tourettes,that,5.698769932832657
10,857,<UNK>,364.01428571428573,5.897193113334436,<UNK>,tourettes,5.0106352940962555
10,858,with,400.04285714285714,5.991571684225739,<UNK>,<UNK>,4.619073091157083
10,859,an,363.1304347826087,5.89476209419327,with,<UNK>,5.7477993600729755
10,860,important,322.3,5.775482788821392,an,with,5.695414224985685
10,861,role,365.6231884057971,5.901603263186282,important,an,5.695414224985685
10,862,in,324.39130434782606,5.781950516542365,role,important,5.695414224985685
10,863,tourettes,316.0,5.755742213586912,in,role,5.697093486505405
10,864,<UNK>,364.7857142857143,5.8993100970323855,tourettes,in,5.695414224985685
10,865,<UNK>,347.6376811594203,5.851160791311771,<UNK>,tourettes,5.0106352940962555
10,866,is,339.2857142857143,5.826842567413428,<UNK>,<UNK>,6.2285110035911835
10,867,<UNK>,324.0289855072464,5.780832973233012,is,<UNK>,5.015622835607295
10,868,by,309.0144927536232,5.733388177913161,<UNK>,is,5.71042701737487
10,869,the,297.2173913043478,5.694463828306332,by,<UNK>,3.661957796547672
10,870,<UNK>,313.07142857142856,5.746431370803551,the,by,4.230880695348377
10,871,of,307.0,5.726847747587197,<UNK>,the,3.0826339954089095
10,872,the,335.42857142857144,5.815409031892674,of,<UNK>,3.1937348359100985
10,873,person,322.4507042253521,5.775950269437106,the,of,5.8126368795682835
10,874,in,325.15492957746477,5.784301775133542,person,the,5.697093486505405
10,875,<UNK>,309.9583333333333,5.736437879843396,in,person,5.695414224985685
10,876,<UNK>,302.5774647887324,5.712337326633734,<UNK>,in,4.485420932878165
10,877,affected,322.44444444444446,5.775930856107914,<UNK>,<UNK>,6.2285110035911835
10,878,by,308.63380281690144,5.732155469954088,affected,<UNK>,5.695414224985685
10,879,the,299.55555555555554,5.702299894695979,by,affected,5.697093486505405
10,880,<UNK>,293.22222222222223,5.680930759167104,the,by,4.230880695348377
10,881,are,301.1267605633803,5.707531307537721,<UNK>,the,6.02707297457535
10,882,more,306.1388888888889,5.724038884235432,are,<UNK>,5.29162837839724
10,883,likely,289.84507042253523,5.669346540301233,more,are,5.29162837839724
10,884,to,285.85915492957747,5.655499224237802,likely,more,5.29162837839724
10,885,have,293.056338028169,5.680364870493267,to,likely,5.29162837839724
10,886,tics,301.67605633802816,5.709353780529827,have,to,5.7120812774708964
10,887,and,308.7536231884058,5.732543622896509,tics,have,5.695414224985685
10,888,<UNK>,315.92957746478874,5.75551933262671,and,tics,5.695414224985685
10,889,who,310.55555555555554,5.7383628082529805,<UNK>,and,5.831882477283517
10,890,have,288.7638888888889,5.665609360727333,who,<UNK>,5.718671087149952
10,891,a,294.0571428571429,5.683774111912221,have,who,5.695414224985685
10,892,genetic,317.28169014084506,5.759789991726678,a,have,5.700443573390687
10,893,<UNK>,343.1142857142857,5.83806358617127,genetic,a,5.29162837839724
10,894,are,350.34285714285716,5.85891226683322,<UNK>,genetic,5.698769932832657
10,895,more,317.50704225352115,5.760499998412818,are,<UNK>,5.29162837839724
10,896,likely,298.2957746478873,5.6980855266462855,more,are,5.29162837839724
10,897,to,300.49295774647885,5.705424318580785,likely,more,5.29162837839724
10,898,have,300.12857142857143,5.704210954274268,to,likely,5.29162837839724
10,899,<UNK>,423.4428571428571,6.048418574983177,have,to,5.306616169362732
10,900,symptoms,510.6212121212121,6.23562804746428,<UNK>,have,5.70877001616724
10,901,much,422.1159420289855,6.045280020445266,symptoms,<UNK>,5.698769932832657
10,902,<UNK>,357.27142857142854,5.878495797016527,much,symptoms,5.695414224985685
10,903,research,469.4714285714286,6.151607441783645,<UNK>,much,5.697093486505405
10,904,is,372.7,5.9207738064852125,research,<UNK>,5.695414224985685
10,905,<UNK>,323.3142857142857,5.7786248709320445,is,research,5.695414224985685
10,906,at,316.62857142857143,5.757729387937881,<UNK>,is,5.71042701737487
10,907,better,305.34285714285716,5.721435267035483,at,<UNK>,5.72194977861165
10,908,<UNK>,337.34285714285716,5.821099793417696,better,at,5.695414224985685
10,909,the,338.4428571428571,5.824355266116331,<UNK>,better,5.698769932832657
10,910,genetic,311.74285714285713,5.742178672165685,the,<UNK>,5.901266279189834
10,911,<UNK>,320.72857142857146,5.770595193558856,genetic,the,5.695414224985685
10,912,and,304.6857142857143,5.719280800369131,<UNK>,genetic,5.698769932832657
10,913,<UNK>,357.84285714285716,5.88009394350714,and,<UNK>,2.645901983305224
10,914,of,394.4,5.97736562272848,<UNK>,and,5.831882477283517
10,915,tourettes,417.8857142857143,6.035207984341483,of,<UNK>,5.174736304776682
10,916,as,359.76056338028167,5.885438708450446,tourettes,of,5.705447753975262
10,917,well,315.0281690140845,5.752662060268955,as,tourettes,5.695414224985685
10,918,as,299.7,5.702781974322617,well,as,5.0072963928307415
10,919,its,309.9714285714286,5.736480127333037,as,well,5.698769932832657
10,920,<UNK>,338.04347826086956,5.823174521118285,its,as,5.29162837839724
10,921,to,330.12857142857143,5.799482188971717,<UNK>,its,5.298317366548036
10,922,related,316.9142857142857,5.758631345246255,to,<UNK>,5.820082930352362
10,923,<UNK>,311.14285714285717,5.740252154437592,related,to,5.695414224985685
10,924,the,338.4492753623188,5.824374229904367,<UNK>,related,5.695414224985685
10,925,<UNK>,317.3098591549296,5.759878770135828,the,<UNK>,2.9055340056358423
10,926,is,313.80281690140845,5.748764816999905,<UNK>,the,5.621607866467185
10,927,that,321.3380281690141,5.772493616320188,is,<UNK>,5.303304908059076
10,928,this,296.9577464788732,5.693589860933782,that,is,5.697093486505405
10,929,research,313.0422535211268,5.746338176704277,this,that,5.697093486505405
10,930,<UNK>,316.14084507042253,5.756187826534886,research,this,5.695414224985685
10,931,to,313.09859154929575,5.746518129916927,<UNK>,research,5.695414224985685
10,932,better,301.2957746478873,5.708092422300409,to,<UNK>,5.820082930352362
10,933,<UNK>,304.8550724637681,5.719836491427362,better,to,5.695414224985685
10,934,<UNK>,351.50704225352115,5.862229745910682,<UNK>,better,5.698769932832657
10,935,and,323.5857142857143,5.7794640379976085,<UNK>,<UNK>,3.487670979665982
10,936,better,317.4142857142857,5.760207815631079,and,<UNK>,5.498533413218542
10,937,<UNK>,335.2676056338028,5.814929035723427,better,and,5.697093486505405
10,938,for,359.8611111111111,5.8857181545401005,<UNK>,better,5.698769932832657
10,939,tourettes,506.72857142857146,6.227975498159917,for,<UNK>,5.7430031878094825
